state_fk,market_fk,time_fk,foursquare_crowd_0_1km,foursquare_crowd_1_2km,foursquare_crowd_2_3km,foursquare_crowd_3_5km,foursquare_crowd_5km_plus,foursquare_crowd_total,foursquare_lat_0_1km,foursquare_lat_1_2km,foursquare_lat_2_3km,foursquare_lat_3_5km,foursquare_lat_5km_plus,foursquare_lon_0_1km,foursquare_lon_1_2km,foursquare_lon_2_3km,foursquare_lon_3_5km,foursquare_lon_5km_plus
TX,Dallas / Houston,2020-01-01,679.0,2319.0,2065.5,655.0,84.5,5803.0,30.127329717680265,31.93975234561537,30.57958873030677,32.07222244543353,29.57849330631566,-95.49182665409478,-96.36019082969086,-95.68404105400676,-96.35396138946368,-95.40381472897492
TX,Dallas / Houston,2020-01-02,7929.1,1201.9,618.0,1730.0,2656.0,14135.0,31.56620057364351,32.73108528740031,29.701784515840558,29.881536724397044,29.5826273527076,-96.26729209064987,-96.79307545246286,-95.29394779015652,-95.38495504924123,-95.39015056297868
TX,Dallas / Houston,2020-01-03,7781.25,3112.5,0.0,0.0,1556.25,12450.0,30.901806953702444,32.771847538621564,,,29.58313933882349,-96.00652545797283,-96.60049799387771,,,-95.38976994137528
TX,Dallas / Houston,2020-01-04,9682.745454545455,4432.809090909091,974.2727272727273,616.6727272727272,2037.5,17744.0,32.052285150417426,31.547824404844693,31.10619205396201,29.793341559655588,29.5804966057719,-96.51112324231836,-96.22363673681673,-95.96591001248467,-95.37812432727029,-95.39349723709935
TX,Dallas / Houston,2020-01-05,5085.75,2164.5,217.0,0.0,973.75,8441.0,30.86110896634041,32.48024381485992,29.903268535136863,,29.58313933882349,-95.97776638741827,-96.4860045861713,-95.31547300897144,,-95.38976994137528
TX,Dallas / Houston,2020-01-06,3343.0,1325.5,0.0,0.0,1210.5,5879.0,31.694746530912532,32.692805295502104,,,29.59910474511242,-96.28777855565059,-96.77901647572492,,,-95.36744540101678
TX,Dallas / Houston,2020-01-07,1931.6,293.2,0.0,293.2,0.0,2517.9999999999995,29.771639819539626,29.76396012356901,,29.918265693568827,,-95.21149242030337,-95.46774223597075,,-95.35407847589786,
TX,Dallas / Houston,2020-01-08,3818.5333333333333,1651.2666666666667,0.0,281.0,1579.2,7330.0,31.559477944889892,31.72107384021024,,29.626839978434557,29.593858687664078,-96.22220062614315,-96.36093326115424,,-95.3887735244042,-95.37538911289195
TX,Dallas / Houston,2020-01-09,5013.8,3778.0,4598.5,3355.95,761.75,17508.0,30.516010949229955,31.557220069111402,32.127720751069866,31.161947083620774,29.579543848524864,-95.73952961625719,-96.26154983863205,-96.46614909703881,-95.94805663766778,-95.39602663276818
TX,Dallas / Houston,2020-01-10,0.0,3046.0,3046.0,0.0,0.0,6092.0,,29.938649540648132,32.78596307569304,,,,-95.31487078537985,-96.62537190528091,,
TX,Dallas / Houston,2020-01-11,5192.666666666667,907.6666666666667,4741.0,0.0,451.6666666666667,11293.0,29.769246626445288,30.8090206075391,32.79130171649204,,29.592099915926156,-95.48831561807211,-95.87284975631692,-96.63400533052597,,-95.38061851934508
TX,Dallas / Houston,2020-01-12,47.5,1974.5,0.0,291.0,0.0,2313.0,32.92596755815977,31.142516879171822,,29.626839978434553,,-96.83941959782652,-96.07101410319304,,-95.3887735244042,
TX,Dallas / Houston,2020-01-13,8603.166666666668,381.1666666666667,153.33333333333334,0.0,153.33333333333334,9291.000000000002,32.86445002614204,31.555335068549304,32.6026307254389,,29.580245261347233,-96.81842659218545,-96.16712547786352,-96.78783244900674,,-95.39563538455086
TX,Dallas / Houston,2020-01-14,6687.25,666.0,361.25,0.0,166.5,7881.0,30.021805970895294,31.274767057129345,32.60479721732983,,29.578493306315664,-95.61334910162448,-96.07722870033602,-96.78779915237693,,-95.40381472897492
TX,Dallas / Houston,2020-01-15,2583.366666666667,1948.0166666666669,850.0833333333333,0.0,870.5333333333333,6252.0,31.10401741614367,30.932399827875358,31.09945352988075,,29.592723595428716,-96.02595954401075,-95.97784280314178,-95.99385860081864,,-95.37762075869597
TX,Dallas / Houston,2020-01-16,540.3333333333333,442.8333333333333,270.16666666666663,0.0,172.66666666666666,1425.9999999999998,31.77415656800978,30.950718404634205,31.60383881426855,,29.580245261347233,-96.3920611585984,-95.89864037687438,-96.24556953307058,,-95.39563538455084
TX,Dallas / Houston,2020-01-17,3746.3,1094.2,1180.75,585.0,432.75,7039.0,32.03690098794147,30.82922525582134,29.78620008072193,29.626839978434557,29.57998274618186,-96.4885473686644,-95.82388920552495,-95.28844053483567,-95.3887735244042,-95.3987360698811
TX,Dallas / Houston,2020-01-18,847.4,593.8,367.0,977.8,0.0,2786.0,32.23690227849973,29.850241964181983,29.83503809636687,29.69443596144995,,-96.59361262599431,-95.43481776660812,-95.28525435202806,-95.38072603309593,
TX,Dallas / Houston,2020-01-20,2946.666666666667,782.3333333333334,326.33333333333337,858.3333333333334,326.33333333333337,5240.0,30.017303568388044,31.597022571330957,32.60419419857221,29.682894952322883,29.57853418448258,-95.61967598187475,-96.25087858734439,-96.78766046814482,-95.37741729879157,-95.40112368710328
TX,Dallas / Houston,2020-01-21,4342.991883116883,3137.7959956709956,874.6060606060606,495.93939393939394,1295.6666666666667,10147.0,31.45387739096015,32.53236294299172,29.77912950073581,29.661381812217435,29.59403863403137,-96.18117306481122,-96.72385222207932,-95.37017354020341,-95.38771104069781,-95.37366230921197
TX,Dallas / Houston,2020-01-22,2310.5,3828.166666666667,61.333333333333336,349.0,266.0,6815.0,31.240225002091247,31.312121338584493,29.69949137075084,29.626839978434557,29.580976493647356,-96.2116212373142,-96.13270802012221,-95.3016846555107,-95.3887735244042,-95.39402713061827
TX,Dallas / Houston,2020-01-24,420.4,573.8,50.0,390.8,50.0,1484.9999999999998,30.088416025860806,30.960030030142246,32.6035858445378,29.91629051022849,29.57856982586713,-95.51892481879605,-96.0321548771915,-96.78900617984895,-95.35136384762549,-95.39877738673334
TX,Dallas / Houston,2020-01-25,10519.583333333334,4701.333333333333,1419.1666666666667,251.0,7277.916666666667,24169.000000000004,31.312278259846124,31.89786678007582,30.24392024873006,29.626839978434553,29.58140537394498,-96.19657942184104,-96.2449627345106,-95.5072441636545,-95.3887735244042,-95.39332153374451
TX,Dallas / Houston,2020-01-26,6432.9,888.3333333333333,1621.1666666666667,1425.6,0.0,10368.0,31.297252518149108,31.9671393253688,32.25986679590004,29.823481090685252,,-96.18378228663586,-96.50747054828226,-96.59876374602645,-95.36935022851388,
TX,Dallas / Houston,2020-01-27,731.8333333333334,1031.8333333333333,0.0,0.0,91.33333333333333,1854.9999999999998,32.539747672034245,31.65591852518881,,,29.5990016,-96.63685961634128,-96.18717461488853,,,-95.3688527
TX,Dallas / Houston,2020-01-28,631.8333333333334,165.33333333333334,933.0,233.25,398.58333333333337,2362.0,29.764022222577598,29.864057844410507,32.605256662083185,29.90285406390539,29.585889708440497,-95.40660183238636,-95.4581810200646,-96.78893553016783,-95.33106466427998,-95.3904187051313
TX,Dallas / Houston,2020-01-29,2945.366666666667,2202.7666666666664,1814.6666666666667,868.0,681.2,8512.0,30.658668322847678,30.9233280210458,32.35541512649437,32.36804213080076,29.580976493647356,-95.8042356441982,-95.95916764153037,-96.50516402272326,-96.44763464724399,-95.39402713061827
TX,Dallas / Houston,2020-01-30,4374.5,1400.5,351.5,0.0,1573.5,7700.0,31.65210829125427,31.927472801748777,29.835038096366866,,29.599104745112417,-96.2861163546048,-96.4700187592386,-95.28525435202806,,-95.3674454010168
TX,Dallas / Houston,2020-01-31,16199.72380952381,1563.742857142857,314.6666666666667,157.33333333333334,588.5333333333333,18824.0,32.77485195911358,32.30991820523582,29.770430938914142,29.626225000000005,29.581188692483504,-96.77662203938394,-96.61148671010334,-95.38493284703843,-95.388248,-95.39260770476103
TX,Dallas / Houston,2020-02-01,1063.0,1617.6666666666667,855.0,617.6666666666666,242.66666666666666,4396.000000000001,30.4369754590251,32.07481258184919,29.82786442593597,29.62659836791089,29.58177026115818,-95.60567306258635,-96.4957658688015,-95.35490128352332,-95.38856705825943,-95.38871751558962
TX,Dallas / Houston,2020-02-02,4356.0,0.0,3367.5,1029.5,0.0,8753.0,31.17002718086262,,29.75062075709886,29.9335,,-96.1501960819008,,-95.2491741349248,-95.3776,
TX,Dallas / Houston,2020-02-03,4032.633333333333,687.5333333333334,839.5833333333334,0.0,760.25,6320.0,31.611227810210618,32.49143221323932,29.701567833545234,,29.579982746181855,-96.26127289016979,-96.55247484965474,-95.29467885673887,,-95.3987360698811
TX,Dallas / Houston,2020-02-04,2426.0666666666666,2573.3333333333335,633.0,759.6,0.0,6392.0,31.308477820384592,31.2611288817481,32.604077156919644,29.823481090685245,,-96.27283192249253,-96.10857854779199,-96.78569233701216,-95.36935022851388,
TX,Dallas / Houston,2020-02-06,2369.714285714286,2914.285714285714,1219.0,750.5,813.5,8067.0,31.182160543503088,31.950538773876072,29.791418990063672,29.626502785062378,29.59028531735291,-96.01273292848448,-96.4288332399642,-95.35255164603424,-95.38848537877819,-95.37890109780592
TX,Dallas / Houston,2020-02-07,2970.9523809523807,6811.880952380952,4167.5,1081.1666666666667,729.5,15760.999999999998,30.942827343229784,31.465848167448126,31.540843982824374,29.6672917410205,29.581770261158177,-95.91158028736693,-96.13337573240585,-96.10508827445406,-95.37837432542007,-95.3887175155896
TX,Dallas / Houston,2020-02-08,3016.0,5051.0,327.0,521.0,0.0,8915.0,31.513701409393835,31.173240516816602,29.83503809636687,29.626839978434553,,-96.35326060339021,-96.063642263146,-95.28525435202806,-95.3887735244042,
TX,Dallas / Houston,2020-02-09,9823.5,2946.5,4463.0,0.0,0.0,17233.0,29.858022587180745,32.22009978169067,30.958337692704095,,,-95.54001609661879,-96.62014167207327,-95.80418958473635,,
TX,Dallas / Houston,2020-02-11,3982.6833333333334,858.3333333333334,588.25,440.4,1218.3333333333333,7087.999999999999,31.615346166146693,32.16379837547237,32.60431752477939,29.823481090685245,29.599093033697464,-96.27791394412618,-96.60363680012348,-96.78702564113517,-95.36935022851388,-95.36760519009422
TX,Dallas / Houston,2020-02-13,5487.181818181818,3613.8863636363635,789.8409090909091,105.0909090909091,932.0,10928.000000000002,31.805920081994408,31.34534652148468,32.23555036745986,29.77490106944459,29.580084720554634,-96.38555409736567,-96.10918814508646,-96.58728195389664,-95.38597723102329,-95.39722970241134
TX,Dallas / Houston,2020-02-14,17906.0,2521.5,7545.5,1894.0,0.0,29867.0,30.085334275508064,29.879166452825505,31.477740993863712,32.21695453607926,,-95.6226726301885,-95.45494857059435,-96.06856396665069,-96.4110868737023,
TX,Dallas / Houston,2020-02-16,6599.104545454546,3161.840909090909,2509.2272727272725,2488.8272727272724,585.0,15343.999999999998,31.542184493364193,30.197950451226937,32.24011366610921,30.935759734699584,29.580920680883594,-96.27523722803058,-95.57956521870231,-96.49005834985682,-95.8470210245405,-95.39090161799264
TX,Dallas / Houston,2020-02-17,2970.6,1017.4,1202.0,485.0,2340.0,8015.0,31.387017835690855,31.586709645948307,31.64324230448333,29.68416254818069,29.580707944010193,-96.16277693685504,-96.17256645429993,-96.29033973265207,-95.37691073512246,-95.39516905900408
TX,Dallas / Houston,2020-02-18,139.0,281.0,972.0,0.0,0.0,1392.0,32.93407232792019,32.76610293747054,29.82041314500975,,,-96.8398136968076,-96.78460798862518,-95.33376108363832,,
TX,Dallas / Houston,2020-02-19,2112.833333333333,603.6666666666666,0.0,0.0,905.5,3621.9999999999995,31.46711858982271,32.605646671949536,,,29.599104745112417,-96.18642197137635,-96.82371279490332,,,-95.36744540101678
TX,Dallas / Houston,2020-02-20,5164.4,1180.6,2773.0,454.0,1186.0,10758.0,31.402733191859166,31.30657756710346,31.614041087494016,29.90285406390539,29.57868617854074,-96.18218933638732,-96.04467514416311,-96.27228955441242,-95.33106466427996,-95.40140385571752
TX,Dallas / Houston,2020-02-21,843.8333333333334,0.0,1687.6666666666667,382.25,382.25,3296.0,29.760152597779385,,32.55317212864108,29.902854063905394,29.576595677410115,-95.47250376899885,,-96.74171144201524,-95.33106466427998,-95.40570521966522
TX,Dallas / Houston,2020-02-22,5917.766666666666,353.8333333333333,3512.333333333333,2395.7333333333336,52.333333333333336,12232.0,30.949152847400438,30.207768107957367,32.686524830668176,29.79656854712825,29.57856982586713,-96.07267845756019,-95.4602975980223,-96.68317516088355,-95.37138264346099,-95.39877738673334
TX,Dallas / Houston,2020-02-23,4110.045454545454,1023.409090909091,207.27272727272728,207.27272727272728,0.0,5547.999999999999,30.870033776716554,31.790600795645958,29.835303779042558,29.774901069444585,,-96.0042420148206,-96.35215570021387,-95.27485969099912,-95.3859772310233,
TX,Dallas / Houston,2020-02-24,2492.666666666667,2169.666666666667,3472.333333333333,1398.0,287.33333333333337,9820.000000000002,30.705033848445133,30.075591179065825,31.14144789460537,32.76747824487442,29.588470198714685,-95.7679280002851,-95.55144545845106,-95.9142326637959,-96.62837754717668,-95.3838907734601
TX,Dallas / Houston,2020-02-25,2122.9,948.2,2484.5,0.0,428.4,5984.0,32.216659370198016,31.450092681454723,30.705736980114505,,29.580976493647356,-96.56338637996878,-96.19851432553585,-95.66021434045217,,-95.39402713061827
TX,Dallas / Houston,2020-02-28,13566.5,7700.0,2496.0,2496.0,2047.5,28306.0,30.905502956633754,31.34890566287566,32.77712609201614,32.76747824487442,29.58129146251933,-95.95324946427665,-96.11007164122827,-96.61893154920664,-96.62837754717668,-95.39391839838763
TX,Dallas / Houston,2020-02-29,32.5,97.5,0.0,0.0,0.0,130.0,32.92596755815977,30.691713814729408,,,,-96.83941959782652,-95.78552402096595,,,
TX,Dallas / Houston,2020-03-01,83.2,2145.4,0.0,166.4,0.0,2395.0,29.768639973877388,29.702011684226424,,29.918265693568827,,-95.21383926692674,-95.31123713518396,,-95.35407847589786,
TX,Dallas / Houston,2020-03-02,2340.5,2058.5,121.25,328.0,645.75,5494.0,31.310977805358903,31.60977658535104,32.60489193795817,29.62683997843455,29.579735455718446,-96.16479799540232,-96.24118598836354,-96.78611703125613,-95.3887735244042,-95.39896717335468
TX,Dallas / Houston,2020-03-03,2089.5333333333333,1614.4333333333334,99.33333333333333,0.0,654.7,4458.0,31.308848413552617,31.658654285012958,29.69949137075084,,29.580545955026533,-96.15807425312065,-96.2787165221256,-95.3016846555107,,-95.39575103300903
TX,Dallas / Houston,2020-03-04,2473.4333333333334,1664.6333333333334,2397.8333333333335,1549.5,645.6,8731.0,30.285644141889648,30.538687461449186,32.44053313263953,31.505698994948766,29.578777942747628,-95.60537780789691,-95.79037866394432,-96.60028496109703,-96.09550895117465,-95.39988788162697
TX,Dallas / Houston,2020-03-05,1894.5,3452.0,1052.5,1496.0,0.0,7895.0,31.42208607725892,29.69680288164603,32.604077156919644,29.792854500341388,,-96.32381089777013,-95.29807773711883,-96.78569233701216,-95.3723753808818,
TX,Dallas / Houston,2020-03-06,2859.6666666666665,4362.833333333333,97.5,0.0,0.0,7320.0,31.62800156480727,31.230790179905192,29.83503809636687,,,-96.37421874376659,-96.09306672728121,-95.28525435202805,,
TX,Dallas / Houston,2020-03-07,4529.038095238095,3564.5619047619048,3263.6666666666665,2211.0666666666666,637.6666666666666,14205.999999999998,30.942239785713962,32.49440228520411,31.36350555570921,29.77099493597795,29.58177026115818,-95.98181745672962,-96.68981314404023,-96.16476552168103,-95.37269830980236,-95.3887175155896
TX,Dallas / Houston,2020-03-08,3350.0666666666666,4198.633333333333,719.0,143.8,356.5,8768.0,31.070846232619118,31.32225478588296,32.60530777381819,29.902101823255126,29.580022606557502,-96.09024425041044,-96.12738660103695,-96.78105987309402,-95.33180864518005,-95.39784655158356
TX,Dallas / Houston,2020-03-09,2734.1666666666665,579.6666666666666,1396.5,1512.0,130.66666666666666,6353.0,31.735981802166137,29.894657661743338,31.713781032187676,29.77471097355958,29.5990016,-96.42934508012279,-95.424323964186,-96.30327439554573,-95.37416751420096,-95.3688527
TX,Dallas / Houston,2020-03-10,4635.380952380952,2726.285714285714,820.6666666666666,410.3333333333333,2830.3333333333335,11423.0,30.304625403612512,32.5332567629723,29.77043093891414,29.626225,29.581085231853642,-95.72580268503769,-96.71333953959355,-95.38493284703844,-95.388248,-95.39339836949975
TX,Dallas / Houston,2020-03-11,207.33333333333334,207.33333333333334,98.66666666666667,277.0,108.66666666666667,899.0,29.72407115784467,29.784225667144895,29.76986064687229,29.62683997843455,29.5990016,-95.33000699571765,-95.38161169258386,-95.22966142216023,-95.3887735244042,-95.3688527
TX,Dallas / Houston,2020-03-12,1004.2857142857142,1807.7142857142858,703.0,351.5,351.5,4218.0,30.69769305155344,32.729907946695775,29.77043093891414,29.626225,29.581770261158184,-95.75131647108691,-96.803021678172,-95.38493284703844,-95.38824800000002,-95.3887175155896
TX,Dallas / Houston,2020-03-13,0.0,1420.0,1420.0,0.0,0.0,2840.0,,32.8121566450693,29.70135475646699,,,,-96.73043820607651,-95.29660422693028,,
TX,Dallas / Houston,2020-03-14,1546.0,773.0,773.0,0.0,0.0,3092.0,32.61823871629833,29.90356273107851,29.835038096366866,,,-96.8067819705696,-95.41447098281672,-95.28525435202806,,
TX,Dallas / Houston,2020-03-15,836.0,418.0,418.0,0.0,0.0,1672.0,32.61823871629833,29.903562731078505,29.835038096366866,,,-96.80678197056962,-95.41447098281671,-95.28525435202806,,
TX,Dallas / Houston,2020-03-16,3473.3,2720.2,827.5,947.4,1107.6,9076.0,31.643531825055046,31.661147536754775,31.92312673816344,29.93562719939904,29.580790318576362,-96.30377652902342,-96.29919793352593,-96.41551720586799,-95.3803293290377,-95.39443659938769
TX,Dallas / Houston,2020-03-17,2958.621212121212,835.9242424242424,80.72727272727273,421.72727272727275,0.0,4297.0,31.3096496535001,32.21667704092347,29.835303779042555,29.655181916097177,,-96.17088401527263,-96.59980009910234,-95.27485969099912,-95.38823825634594,
TX,Dallas / Houston,2020-03-18,947.2878787878788,573.9242424242425,168.3939393939394,80.72727272727273,87.66666666666667,1858.0000000000002,31.99885892026529,31.62433818810055,31.275987035462315,29.774901069444592,29.580245261347233,-96.50665164324562,-96.25536842027,-96.06252033323702,-95.3859772310233,-95.39563538455084
TX,Dallas / Houston,2020-03-19,152.1,118.3,0.0,0.0,67.6,338.0,31.491612438929703,31.859571399808303,,,29.580976493647356,-96.24245729132171,-96.40610750084565,,,-95.39402713061827
TX,Dallas / Houston,2020-03-20,477.0,954.0,0.0,0.0,0.0,1431.0,31.652160115542223,31.717849822604343,,,,-96.39790458826154,-96.2987765093763,,,
TX,Dallas / Houston,2020-03-21,0.0,0.0,410.0,0.0,0.0,410.0,,,29.771313740784112,,,,,-95.22852347472949,,
TX,Dallas / Houston,2020-03-22,8944.333333333332,184.66666666666669,98.0,98.0,0.0,9324.999999999998,31.43895096781752,31.150489425514632,32.77712609201614,32.76747824487442,,-96.2069522637099,-96.11136577259639,-96.61893154920664,-96.62837754717668,
TX,Dallas / Houston,2020-03-23,137.0,274.0,3850.0,108.0,137.0,4506.0,32.83589001168096,31.28029817174864,31.251232603526386,29.626839978434553,29.579927516469706,-96.91630718018847,-96.07902630721748,-95.96439392169151,-95.3887735244042,-95.39698043860176
TX,Dallas / Houston,2020-03-24,967.0871212121212,545.2007575757575,89.27272727272728,89.27272727272728,337.16666666666663,2028.0,30.79158277196177,31.11549772673593,31.943934109990046,29.872344134790648,29.591981989115208,-95.88360112714,-96.04102198684318,-96.42820141570346,-95.34551797980406,-95.37931655186681
TX,Dallas / Houston,2020-03-25,668.5454545454545,226.9090909090909,691.2727272727273,190.27272727272728,279.0,2056.0,30.56092536477238,30.839678954331028,32.5120020673885,29.88720381709126,29.585590169632574,-95.80100273687013,-95.91089896706326,-96.73796190907011,-95.33778115596,-95.39091137664549
TX,Dallas / Houston,2020-03-26,131.8,108.4,0.0,0.0,46.8,287.0,31.78163661994828,32.096109374835635,,,29.580976493647352,-96.36256309363867,-96.4803015483835,,,-95.39402713061827
TX,Dallas / Houston,2020-03-27,0.0,0.0,0.0,0.0,0.0,0.0,,,,,,,,,,
TX,Dallas / Houston,2020-03-28,407.3333333333333,814.6666666666666,0.0,0.0,0.0,1222.0,31.207872705449915,31.2611288817481,,,,-96.22768779469617,-96.10857854779198,,,
TX,Dallas / Houston,2020-03-29,0.0,0.0,0.0,0.0,0.0,0.0,,,,,,,,,,
TX,Dallas / Houston,2020-03-30,114.66666666666667,207.33333333333334,0.0,0.0,8.0,330.0,31.25241324500779,31.30153818361068,,,29.580976493647356,-96.23000626218972,-96.12866892725864,,,-95.39402713061827
TX,Dallas / Houston,2020-03-31,1106.857142857143,481.7142857142857,227.35714285714286,22.857142857142858,254.21428571428572,2093.0,32.12882170834853,30.771368002412444,32.312811535999344,29.614625620318147,29.597157976014955,-96.5024539675845,-95.86726510734832,-96.63880426880517,-95.38417024002926,-95.37241799475945
TX,Dallas / Houston,2020-04-01,263.0,0.0,0.0,0.0,0.0,263.0,32.92403412867165,,,,,-96.83880960313036,,,,
TX,Dallas / Houston,2020-04-02,20.0,20.0,10.0,0.0,10.0,60.0,31.297527169603597,31.246368051849494,32.6026307254389,,29.580245261347233,-96.15788000512043,-96.03533878204992,-96.78783244900674,,-95.39563538455086
TX,Dallas / Houston,2020-04-03,388.4,0.0,515.5,224.35,103.75,1232.0,30.535187543901863,,32.60502671005809,29.86018688953343,29.576595677410115,-95.87047566657499,,-96.78830324905795,-95.35164518153698,-95.40570521966522
TX,Dallas / Houston,2020-04-04,404.25,0.0,134.75,26.0,0.0,565.0,32.755090002646114,,32.604716236664274,29.626839978434553,,-96.80155716007647,,-96.7892372687652,-95.38877352440421,
TX,Dallas / Houston,2020-04-05,0.0,0.0,0.0,0.0,0.0,0.0,,,,,,,,,,
TX,Dallas / Houston,2020-04-06,6291.5,2384.0,176.25,0.0,1126.25,9978.0,31.100051208456588,32.77497025257497,32.604716236664274,,29.583139338823493,-96.0907602930442,-96.60650775137287,-96.7892372687652,,-95.38976994137528
TX,Dallas / Houston,2020-04-07,128.6590909090909,66.43181818181819,13.454545454545455,13.454545454545455,0.0,222.00000000000003,32.158151762492956,31.79060079564596,29.835303779042555,29.774901069444585,,-96.58586782798692,-96.35215570021387,-95.27485969099912,-95.3859772310233,
TX,Dallas / Houston,2020-04-08,347.97727272727275,577.2954545454545,8.363636363636363,8.363636363636363,0.0,942.0,31.42627986381543,31.29900339328514,29.835303779042555,29.77490106944459,,-96.31001001644198,-96.1260022589038,-95.27485969099912,-95.3859772310233,
TX,Dallas / Houston,2020-04-09,688.25,4399.0,188.75,0.0,0.0,5276.0,32.50397131091213,29.69849741326255,32.604716236664274,,,-96.69319757681713,-95.29486105367232,-96.78923726876522,,
TX,Dallas / Houston,2020-04-10,539.0,154.0,0.0,0.0,231.0,924.0,31.467118589822707,32.605646671949536,,,29.599104745112417,-96.18642197137635,-96.82371279490332,,,-95.36744540101678
TX,Dallas / Houston,2020-04-11,315.625,203.375,164.0,10.0,0.0,693.0,31.316530366173136,31.529561400744925,31.409449203319184,29.77490106944459,,-96.18585425830443,-96.28762085212533,-96.16694361165085,-95.3859772310233,
TX,Dallas / Houston,2020-04-12,15.75,0.0,55.25,0.0,0.0,71.0,32.755090002646114,,29.974153669547288,,,-96.80155716007647,,-95.44123666354783,,
TX,Dallas / Houston,2020-04-13,372.6,518.2,124.0,148.8,66.4,1230.0000000000002,31.4499637971559,30.181777219373654,32.604077156919644,29.82348109068525,29.580976493647356,-96.29119085267244,-95.54653983388658,-96.78569233701216,-95.36935022851388,-95.39402713061827
TX,Dallas / Houston,2020-04-14,799.452380952381,912.3571428571429,433.3809523809524,127.04761904761904,185.76190476190476,2458.0,31.266673884952677,31.999600349612155,30.717283428834143,29.620864417111047,29.585987352667836,-96.14256964193399,-96.47913251676248,-95.83373340490414,-95.38636348798956,-95.39134956288378
TX,Dallas / Houston,2020-04-15,140.82954545454544,72.7159090909091,14.727272727272727,14.727272727272727,0.0,242.99999999999997,32.15815176249295,31.790600795645965,29.835303779042555,29.77490106944459,,-96.58586782798693,-96.35215570021387,-95.27485969099912,-95.3859772310233,
TX,Dallas / Houston,2020-04-16,7770.0,0.0,0.0,0.0,0.0,7770.0,29.67645996907825,,,,,-95.45756722086917,,,,
TX,Dallas / Houston,2020-04-17,335.0,658.0,1952.0,0.0,323.0,3268.0,32.72261875156104,31.251410710698487,29.698386706845525,,29.579927516469702,-96.86410480955486,-96.06476957140725,-95.29926605587394,,-95.39698043860176
TX,Dallas / Houston,2020-04-18,90.0,18.0,18.0,18.0,18.0,162.0,30.306375382892696,32.720911783384025,32.6035858445378,29.902827660580733,29.578569825867127,-95.72687113095017,-96.85649501928172,-96.78900617984895,-95.33286094132104,-95.39877738673334
TX,Dallas / Houston,2020-04-19,0.0,470.0,0.0,0.0,0.0,470.0,,29.69680288164603,,,,,-95.29807773711882,,,
TX,Dallas / Houston,2020-04-20,0.0,0.0,0.0,0.0,0.0,0.0,,,,,,,,,,
TX,Dallas / Houston,2020-04-21,1820.6666666666667,2096.6666666666665,164.66666666666666,172.0,0.0,4254.0,32.20615658541368,30.171432349820645,32.24191375348802,32.07361630228887,,-96.61638861725196,-95.47524318127347,-96.37618218543814,-96.35451154214556,
TX,Dallas / Houston,2020-04-23,8342.5,375.25,375.25,0.0,0.0,9093.0,29.80905666044033,31.282785974698047,31.345933232524672,,,-95.51649646216899,-96.18362379944962,-96.13116455839351,,
TX,Dallas / Houston,2020-04-24,9404.0,0.0,200.0,97.0,0.0,9701.0,29.676459969078252,,29.82041314500975,29.626839978434553,,-95.45756722086917,,-95.33376108363832,-95.3887735244042,
TX,Dallas / Houston,2020-04-25,293.0,0.0,0.0,0.0,0.0,293.0,32.744018023476194,,,,,-97.00292610922642,,,,
TX,Dallas / Houston,2020-04-26,311.5,89.0,0.0,0.0,133.5,534.0,31.46711858982271,32.605646671949536,,,29.599104745112417,-96.18642197137635,-96.82371279490332,,,-95.36744540101678
TX,Dallas / Houston,2020-04-27,359.1,0.0,199.5,239.4,0.0,798.0,31.422086077258914,,32.604077156919644,29.82348109068525,,-96.32381089777013,,-96.78569233701216,-95.36935022851388,
TX,Dallas / Houston,2020-04-28,760.530303030303,419.93939393939394,74.43181818181819,58.18181818181818,135.91666666666669,1449.0000000000002,31.72593800862263,31.273761878603274,29.80615377196181,29.77490106944459,29.596727733357117,-96.33551624670662,-96.10843773875223,-95.27902701646401,-95.3859772310233,-95.3724255124628
TX,Dallas / Houston,2020-04-29,849.475,361.025,108.25,54.0,105.25,1478.0,31.84615179883838,31.643303670854085,29.768389968153794,29.77490106944459,29.58919853283008,-96.40086226701817,-96.26870359283627,-95.28442578226274,-95.3859772310233,-95.38425576713585
TX,Dallas / Houston,2020-04-30,861.0,246.0,0.0,0.0,369.0,1476.0,31.467118589822707,32.605646671949536,,,29.599104745112417,-96.18642197137633,-96.82371279490332,,,-95.36744540101678
TX,Dallas / Houston,2020-05-01,1425.3522727272727,692.4204545454545,502.1136363636364,102.36363636363636,46.75,2769.0,32.23130584505991,31.6512910619872,32.03965780266855,29.77490106944459,29.57849330631566,-96.62298193651512,-96.27790695634782,-96.47728721333158,-95.3859772310233,-95.40381472897492
TX,Dallas / Houston,2020-05-02,2595.022727272727,750.7045454545455,1357.6363636363637,738.1363636363636,206.5,5648.0,30.21574288805939,30.569113436485367,32.55200215362652,31.740512168338398,29.576595677410115,-95.65324493611242,-95.79902847358156,-96.66728324291164,-96.17179829882569,-95.40570521966522
TX,Dallas / Houston,2020-05-03,180.0,0.0,0.0,0.0,0.0,180.0,29.7804496,,,,,-95.539566,,,,
TX,Dallas / Houston,2020-05-04,865.5,1198.5,177.5,0.0,510.5,2752.0,32.746616516752205,31.076401183247217,29.83503809636687,,29.579927516469706,-96.87138349513394,-95.9806044715219,-95.28525435202806,,-95.39698043860176
TX,Dallas / Houston,2020-05-05,78.33333333333333,107.0,57.333333333333336,48.0,78.33333333333333,368.99999999999994,29.769776061899947,29.83874949798294,29.724390550000003,29.62683997843455,29.5990016,-95.21289268508092,-95.39354777529498,-95.33145825,-95.3887735244042,-95.3688527
TX,Dallas / Houston,2020-05-06,2777.725,3761.775,590.0,82.0,305.5,7517.0,31.93486273531684,30.138107129449228,29.766076769466224,29.77490106944459,29.579982746181862,-96.44142546952651,-95.50693681483291,-95.28831110311937,-95.3859772310233,-95.3987360698811
TX,Dallas / Houston,2020-05-07,439.875,227.125,46.0,46.0,0.0,759.0,32.15815176249295,31.79060079564596,29.835303779042555,29.774901069444585,,-96.58586782798692,-96.35215570021387,-95.27485969099912,-95.3859772310233,
TX,Dallas / Houston,2020-05-08,162.0,162.0,162.0,0.0,0.0,486.0,29.947983040216307,29.863201178796324,29.90326853513686,,,-95.3325095912778,-95.45846582346056,-95.31547300897144,,
TX,Dallas / Houston,2020-05-09,963.0,0.0,481.5,481.5,0.0,1926.0,32.843147242202804,,29.703626880599472,29.9335,,-96.91737347178238,,-95.29607189455244,-95.3776,
TX,Dallas / Houston,2020-05-10,87.33333333333334,87.33333333333334,40.0,0.0,47.333333333333336,262.0,29.85139757868606,29.863665478480346,29.903268535136863,,29.5990016,-95.2676790543314,-95.45831146436808,-95.31547300897144,,-95.36885270000002
TX,Dallas / Houston,2020-05-11,2320.5,834.1666666666666,294.8333333333333,36.0,525.5,4011.0,31.994418355589346,32.41021519569715,31.76786301991073,29.62683997843455,29.599104745112417,-96.42518282864559,-96.62046745746584,-96.3326952595131,-95.3887735244042,-95.36744540101678
TX,Dallas / Houston,2020-05-12,2066.0,846.0,0.0,0.0,33.0,2945.0,31.404017889106402,30.797090128108707,,,29.5990016,-96.21579115863904,-95.80921174599821,,,-95.3688527
TX,Dallas / Houston,2020-05-13,631.0,3335.0,118.0,0.0,0.0,4084.0,29.777646633374204,29.734087870969287,29.90326853513686,,,-95.46170012239342,-95.31611738926323,-95.31547300897144,,
TX,Dallas / Houston,2020-05-14,1154.4545454545455,596.0909090909091,120.72727272727273,120.72727272727273,0.0,1992.0,32.15815176249295,31.79060079564596,29.835303779042555,29.77490106944459,,-96.58586782798692,-96.35215570021386,-95.27485969099912,-95.3859772310233,
TX,Dallas / Houston,2020-05-15,121.0,242.0,60.5,79.0,60.5,563.0,31.21017003976599,31.274767057129342,32.60489193795817,29.62683997843455,29.57849330631566,-96.22791635029577,-96.07722870033604,-96.78611703125613,-95.3887735244042,-95.40381472897492
TX,Dallas / Houston,2020-05-16,2702.6,1166.0,387.0,464.4,0.0,4720.0,32.43795396500446,29.772237929147785,32.604077156919644,29.82348109068525,,-96.71408957191863,-95.22183812839934,-96.78569233701216,-95.36935022851388,
TX,Dallas / Houston,2020-05-17,2093.2743506493507,1936.219155844156,361.46753246753246,361.46753246753246,538.5714285714286,5291.0,32.12084462720123,31.65470533119493,29.735381899860595,29.655499228549367,29.58844133738655,-96.5938884017093,-96.29929699173873,-95.28829861365467,-95.38463106071247,-95.39288118813403
TX,Dallas / Houston,2020-05-18,74.16666666666667,172.5,33.333333333333336,0.0,0.0,280.0,32.21058471622268,30.691713814729408,32.051256677172745,,,-96.52629023558671,-95.78552402096594,-96.28663393706574,,
TX,Dallas / Houston,2020-05-19,6399.07196969697,2516.8977272727275,290.8484848484849,128.1818181818182,660.0,9995.0,30.764166209243474,31.629316030795856,30.092873280741486,29.77490106944459,29.599104745112417,-95.93955385035515,-96.29484694075539,-95.42137659243778,-95.3859772310233,-95.36744540101678
TX,Dallas / Houston,2020-05-20,537.0,0.0,208.0,0.0,0.0,745.0,32.744557817163184,,32.60402323571779,,,-96.81139923194284,,-96.78506925203328,,
TX,Dallas / Houston,2020-05-21,3962.0,1242.5,2406.0,360.75,176.75,8148.0,31.28137812784834,31.28334066400368,32.103214615180896,29.837591829724413,29.576595677410115,-96.18761878550721,-96.10009397336425,-96.38588385828416,-95.35907273713033,-95.40570521966522
TX,Dallas / Houston,2020-05-22,867.5795454545455,447.9659090909091,90.72727272727273,90.72727272727273,0.0,1497.0,32.15815176249295,31.79060079564596,29.835303779042555,29.77490106944459,,-96.58586782798692,-96.35215570021387,-95.27485969099912,-95.3859772310233,
TX,Dallas / Houston,2020-05-23,690.3,2220.9,0.0,0.0,306.8,3218.0,31.49161243892971,30.22093454387465,,,29.58097649364736,-96.24245729132173,-95.56350359385303,,,-95.39402713061827
TX,Dallas / Houston,2020-05-25,883.0,1368.0,532.0,266.0,266.0,3315.0,31.011328623900926,32.729907946695775,29.77043093891414,29.626225,29.58177026115818,-95.8978242530385,-96.803021678172,-95.38493284703843,-95.388248,-95.3887175155896
TX,Dallas / Houston,2020-05-26,0.0,0.0,0.0,0.0,0.0,0.0,,,,,,,,,,
TX,Dallas / Houston,2020-05-27,454.4,306.2,85.0,0.0,1035.4,1881.0,31.913105544459345,31.316590547940137,29.835038096366866,,29.580968875980105,-96.45358228135726,-96.13083283058941,-95.28525435202806,,-95.39419656289425
TX,Dallas / Houston,2020-05-28,671.3,1064.9,456.0,781.0,124.8,3098.0,32.19707561716027,31.331454938634348,32.78596307569304,29.938236,29.580976493647356,-96.51437278318947,-96.10240942376119,-96.62537190528091,-95.384105,-95.39402713061827
TX,Dallas / Houston,2020-05-29,1921.6666666666667,384.3333333333333,39.333333333333336,39.333333333333336,39.333333333333336,2424.0000000000005,30.938083794252748,32.616869884958945,32.6035858445378,29.90282766058073,29.578569825867127,-95.9939352254911,-96.82867765847422,-96.78900617984895,-95.33286094132104,-95.39877738673334
TX,Dallas / Houston,2020-05-30,1783.1666666666665,2040.8333333333333,136.5,0.0,693.5,4654.0,31.515576610888512,31.460832846380605,31.00403251261612,,29.599104745112417,-96.21635244933726,-96.23725566886182,-95.81345457270727,,-95.36744540101678
TX,Dallas / Houston,2020-05-31,427.0,427.0,1406.0,427.0,0.0,2687.0,29.768506159969505,29.864180390736035,32.79062485758857,32.76747824487442,,-95.2479067351576,-95.47981300431564,-96.62456453100037,-96.62837754717667,
TX,Dallas / Houston,2020-06-01,2429.366666666667,2510.3333333333335,658.5,670.8,0.0,6269.000000000001,31.432756471448677,31.128952744765133,31.922855702387302,29.815542786717753,,-96.31780239065313,-96.0371666284146,-96.416564085581,-95.36806915421671,
TX,Dallas / Houston,2020-06-02,125.0,197.0,836.0,0.0,0.0,1158.0,30.61037726475001,30.242010176521994,32.4462737269642,,,-95.85655443617405,-95.56494765852898,-96.44100820176459,,
TX,Dallas / Houston,2020-06-04,1972.5,3480.0,154.25,0.0,154.25,5761.0,31.246533038648217,31.33869771719129,32.60489193795817,,29.578493306315664,-96.22913580026534,-96.13186252854106,-96.78611703125613,,-95.40381472897492
TX,Dallas / Houston,2020-06-05,1816.2954545454545,857.1590909090909,214.27272727272728,214.27272727272728,51.0,3153.0000000000005,31.898170394584813,31.84595325107442,30.494194843422207,29.805349443490993,29.57856982586713,-96.46526841934104,-96.38216332137225,-95.63524839708515,-95.37333478786549,-95.39877738673334
TX,Dallas / Houston,2020-06-06,5232.666666666667,2232.3333333333335,0.0,0.0,539.0,8004.0,31.13887345661752,31.958904803453063,,,29.580022606557502,-96.07923184630417,-96.43885778259795,,,-95.39784655158356
TX,Dallas / Houston,2020-06-07,947.6666666666666,1021.8333333333334,728.5833333333334,630.8333333333334,128.08333333333334,3457.0000000000005,30.15199766961801,30.488737792925008,32.74679333291833,32.629732827082755,29.578511428057194,-95.5267334813286,-95.74927856451589,-96.64844267078938,-96.5660832216111,-95.40262176048049
TX,Dallas / Houston,2020-06-09,11944.5,1041.5,2978.5,1108.25,484.25,17557.0,29.893853005536545,29.879967358660164,32.252958617124854,31.51578028896713,29.57659567741012,-95.54236746619142,-95.45361973117518,-96.54254661763026,-96.06151649277314,-95.40570521966522
TX,Dallas / Houston,2020-06-10,1568.6666666666667,697.6666666666667,697.6666666666667,0.0,0.0,2964.0,31.60462467786038,31.445867763581035,31.51166643866182,,,-96.37332246652353,-96.26692989027875,-96.22487113896587,,
TX,Dallas / Houston,2020-06-11,2024.2,1991.0,571.5,685.8,995.5,6268.0,32.117393762624566,31.280298171748637,32.604077156919644,29.823481090685245,29.579927516469706,-96.61520011284149,-96.07902630721745,-96.78569233701216,-95.36935022851388,-95.39698043860174
TX,Dallas / Houston,2020-06-12,2370.8333333333335,1518.8333333333333,1640.5,1670.5,162.33333333333334,7363.0,30.841873716260753,29.86416729295034,32.74727885097992,32.17713977396025,29.5990016,-95.80384046362231,-95.47750097176211,-96.64841452656391,-96.39537206190248,-95.3688527
TX,Dallas / Houston,2020-06-13,123.33333333333334,219.66666666666666,24.666666666666668,24.666666666666668,24.666666666666668,417.00000000000006,30.306375382892696,32.707985075075115,32.6035858445378,29.90282766058073,29.57856982586713,-95.72687113095017,-96.8578560513745,-96.78900617984895,-95.33286094132104,-95.39877738673333
TX,Dallas / Houston,2020-06-15,2549.0333333333333,4511.766666666666,0.0,0.0,225.2,7285.999999999999,31.286517441268842,31.300908001102528,,,29.580976493647356,-96.23854322490244,-96.12747885193953,,,-95.39402713061827
TX,Dallas / Houston,2020-06-16,1487.5,1839.0,1249.0,312.25,1175.25,6063.0,31.545365686110326,31.18306301298066,32.605256662083185,29.90285406390539,29.579042286309015,-96.31130734685429,-96.03094915266284,-96.78893553016783,-95.33106466427998,-95.39929850955437
TX,Dallas / Houston,2020-06-17,105.5,1191.5,1033.0,0.0,0.0,2330.0,32.93203653267231,30.18041185624894,32.78596307569304,,,-96.8397147051204,-95.43874891310512,-96.62537190528091,,
TX,Dallas / Houston,2020-06-18,1805.3333333333335,1462.6666666666667,0.0,0.0,0.0,3268.0,30.359405345228417,31.2611288817481,,,,-95.82034704275542,-96.108578547792,,,
TX,Dallas / Houston,2020-06-19,0.0,0.0,0.0,181.0,0.0,181.0,,,,29.62683997843455,,,,,-95.3887735244042,
TX,Dallas / Houston,2020-06-20,139.66666666666666,139.66666666666666,139.66666666666666,0.0,0.0,419.0,29.947983040216304,29.863201178796324,29.903268535136867,,,-95.3325095912778,-95.45846582346056,-95.31547300897144,,
TX,Dallas / Houston,2020-06-21,253.33333333333334,253.33333333333334,0.0,253.33333333333334,0.0,760.0,29.84686,29.7693896,,29.7524809,,-95.49955,-95.2176146,,-95.3578923,
TX,Dallas / Houston,2020-06-23,223.5,447.0,111.75,0.0,111.75,894.0,31.21017003976599,31.274767057129342,32.60489193795817,,29.57849330631566,-96.22791635029576,-96.07722870033604,-96.78611703125613,,-95.40381472897492
TX,Dallas / Houston,2020-06-24,581.0,290.5,290.5,0.0,0.0,1162.0,32.61823871629833,29.90356273107851,29.835038096366873,,,-96.8067819705696,-95.41447098281671,-95.28525435202806,,
TX,Dallas / Houston,2020-06-25,11239.666666666668,661.3333333333334,0.0,0.0,992.0,12893.000000000002,30.045223380284078,32.605646671949536,,,29.599104745112417,-95.60766560419968,-96.82371279490332,,,-95.36744540101678
TX,Dallas / Houston,2020-06-26,2634.034090909091,1360.0568181818182,275.45454545454544,275.45454545454544,0.0,4544.999999999999,32.15815176249295,31.790600795645958,29.835303779042555,29.774901069444592,,-96.58586782798692,-96.35215570021386,-95.27485969099912,-95.3859772310233,
TX,Dallas / Houston,2020-06-27,918.0,474.0,96.0,96.0,0.0,1584.0,32.15815176249295,31.79060079564596,29.83530377904255,29.774901069444592,,-96.58586782798692,-96.35215570021388,-95.27485969099912,-95.38597723102332,
TX,Dallas / Houston,2020-06-28,186.5,373.0,93.25,0.0,93.25,746.0,31.210170039765988,31.274767057129345,32.60489193795817,,29.57849330631566,-96.22791635029576,-96.07722870033604,-96.78611703125613,,-95.40381472897492
TX,Dallas / Houston,2020-06-29,0.0,2530.0,0.0,0.0,0.0,2530.0,,29.698497413262555,,,,,-95.29486105367232,,,
TX,Dallas / Houston,2020-06-30,2858.0714285714284,2451.6428571428573,369.57142857142856,449.57142857142856,851.1428571428571,6980.0,31.650043978917502,31.667324913929853,31.005045129771148,29.621309168038664,29.58404969330856,-96.33833399655144,-96.28776324479605,-95.96313551512287,-95.3866891010695,-95.39547137772804
TX,Dallas / Houston,2020-07-01,1905.0,1576.0,1576.0,1641.0,0.0,6698.0,30.752823231919304,29.87240170417047,32.16294655485331,32.013418843913236,,-95.78635287946264,-95.466172442721,-96.34051797187685,-96.33075171843058,
TX,Dallas / Houston,2020-07-02,2008.8,4953.4,2359.75,232.0,654.05,10208.0,31.39688984995149,30.13969212328427,31.14339677558055,29.90285406390539,29.578635709393048,-96.24400491240745,-95.5179389659457,-95.98675044404531,-95.33106466427998,-95.40127091384328
TX,Dallas / Houston,2020-07-03,2315.5333333333333,56.666666666666664,1931.6666666666665,1411.4666666666667,56.666666666666664,5772.000000000001,31.285565464266767,32.720911783384025,32.666268367181,29.826666646344194,29.57856982586713,-96.2507681427825,-96.85649501928172,-96.70841138402055,-95.36788527980266,-95.39877738673334
TX,Dallas / Houston,2020-07-04,0.0,0.0,1462.0,0.0,0.0,1462.0,,,29.771313740784112,,,,,-95.22852347472949,,
TX,Dallas / Houston,2020-07-06,862.2,704.6,248.0,0.0,468.2,2283.0,31.186067361586222,31.426256648210426,29.82041314500975,,29.58686679965324,-96.05975793530823,-96.2002704989162,-95.33376108363832,,-95.3858005439361
TX,Dallas / Houston,2020-07-07,3411.1666666666665,2125.6666666666665,1055.25,515.0,601.9166666666666,7709.0,31.193106355182756,31.04630396465645,31.2024678426452,32.76747824487442,29.58584928450483,-96.0558119271904,-95.99341246863723,-95.94083697846482,-96.62837754717668,-95.38951827283068
TX,Dallas / Houston,2020-07-08,1576.3,1231.0,1759.5,1259.2,0.0,5826.0,30.766444734680807,31.315418091894408,31.66580253899466,31.284724913245785,,-95.89721691081787,-96.09547415156754,-96.2135906677379,-95.99426451866974,
TX,Dallas / Houston,2020-07-09,545.5,0.0,1091.0,272.75,272.75,2182.0,29.76198299120648,,32.605256662083185,29.90285406390539,29.576595677410115,-95.47525473489691,,-96.78893553016783,-95.33106466427998,-95.40570521966522
TX,Dallas / Houston,2020-07-10,83.66666666666667,83.66666666666667,0.0,0.0,83.66666666666667,251.0,29.76977606189995,29.864057844410507,,,29.5990016,-95.21289268508092,-95.4581810200646,,,-95.3688527
TX,Dallas / Houston,2020-07-11,961.0,961.0,961.0,961.0,0.0,3844.0,29.768506159969505,29.864180390736035,32.77712609201614,32.76747824487442,,-95.2479067351576,-95.47981300431564,-96.61893154920664,-96.62837754717668,
TX,Dallas / Houston,2020-07-12,5059.443181818182,655.7386363636364,2983.409090909091,1375.409090909091,0.0,10074.0,31.667149824230645,32.28995311096112,31.51522784602856,29.895231624863815,,-96.36607960155669,-96.52406340951735,-96.07474731222038,-95.37912454037638,
TX,Dallas / Houston,2020-07-13,818.8977272727273,422.8295454545455,85.63636363636364,85.63636363636364,0.0,1413.0000000000002,32.15815176249295,31.79060079564596,29.835303779042555,29.774901069444592,,-96.58586782798692,-96.35215570021387,-95.27485969099912,-95.3859772310233,
TX,Dallas / Houston,2020-07-14,7426.5,3442.25,464.0,68.0,1355.25,12756.0,31.011810079255,32.68077594655221,29.720985216672027,29.77490106944459,29.58313933882349,-96.05725155722573,-96.59122365265704,-95.29341752769899,-95.3859772310233,-95.38976994137528
TX,Dallas / Houston,2020-07-15,2462.3333333333335,1107.1666666666667,1300.8333333333333,0.0,659.6666666666666,5530.0,31.81100112426846,31.061427723118086,30.03987427037285,,29.59596943932225,-96.37616290461264,-96.00745840586966,-95.38462997213257,,-95.37213186113942
TX,Dallas / Houston,2020-07-16,2335.0,2245.75,323.0,0.0,382.25,5286.0,31.567619219224383,30.756092401514117,29.835038096366866,,29.580022606557502,-96.28951608669271,-95.82220429223204,-95.28525435202806,,-95.39784655158357
TX,Dallas / Houston,2020-07-17,1593.0,1593.0,0.0,0.0,0.0,3186.0,32.69269438488149,29.77223792914779,,,,-96.85554100084322,-95.22183812839934,,,
TX,Dallas / Houston,2020-07-18,3581.5,1225.25,471.25,0.0,754.0,6032.0,31.54691245128475,32.05647531953116,29.70178451584056,,29.579997693822726,-96.2392535957765,-96.41995516714714,-95.29394779015652,,-95.39840250051952
TX,Dallas / Houston,2020-07-19,427.5,0.0,142.5,0.0,0.0,570.0,32.755090002646114,,32.604716236664274,,,-96.80155716007647,,-96.7892372687652,,
TX,Dallas / Houston,2020-07-20,1009.8333333333333,229.0,1069.3333333333333,320.0833333333333,478.75,3107.0,29.95278790121772,30.741490422464963,32.60514676728828,29.902848262185522,29.584311440318537,-95.52165544858688,-95.88764863845589,-96.78894017701408,-95.33145936821715,-95.39247383786591
TX,Dallas / Houston,2020-07-21,3398.0,4658.0,1676.5,707.0,517.5,10957.0,31.25886825054414,30.304042253389532,30.99857678731046,32.76747824487442,29.57998274618186,-96.06287124719081,-95.58787941883062,-95.85342540845069,-96.62837754717667,-95.3987360698811
TX,Dallas / Houston,2020-07-22,526.5,0.0,1053.0,263.25,263.25,2106.0,29.76198299120648,,32.605256662083185,29.90285406390539,29.576595677410115,-95.47525473489691,,-96.78893553016783,-95.33106466427998,-95.40570521966522
TX,Dallas / Houston,2020-07-23,0.0,0.0,0.0,262.0,0.0,262.0,,,,29.626839978434553,,,,,-95.3887735244042,
TX,Dallas / Houston,2020-07-24,1459.5,388.0,2143.0,535.75,923.75,5450.0,29.764054735933488,29.864057844410507,32.605256662083185,29.90285406390539,29.586006771282783,-95.40550723552822,-95.4581810200646,-96.78893553016783,-95.33106466427998,-95.390226164044
TX,Dallas / Houston,2020-07-25,711.3333333333334,1422.6666666666667,0.0,0.0,0.0,2134.0,31.207872705449915,31.261128881748093,,,,-96.22768779469618,-96.10857854779199,,,
TX,Dallas / Houston,2020-07-26,808.2,628.6,0.0,0.0,359.2,1796.0000000000002,31.491612438929703,31.859571399808303,,,29.580976493647356,-96.24245729132171,-96.40610750084565,,,-95.39402713061826
TX,Dallas / Houston,2020-07-27,1338.0,1085.5,0.0,0.0,252.5,2676.0,31.717825016488813,32.05007842211731,,,29.580022606557502,-96.32478986872052,-96.41794529364691,,,-95.39784655158356
TX,Dallas / Houston,2020-07-28,1854.3333333333333,518.3333333333334,0.0,0.0,228.33333333333334,2601.0,31.041425544264097,31.397579854208736,,,29.5990016,-95.99836813588037,-96.22317967970729,,,-95.3688527
TX,Dallas / Houston,2020-07-29,4781.7,1751.2,671.75,339.0,995.35,8539.0,31.77977531736361,32.38930023889845,29.701784515840558,29.62683997843455,29.583456845930886,-96.3274238775368,-96.53947655637232,-95.29394779015652,-95.3887735244042,-95.3928043235878
TX,Dallas / Houston,2020-07-30,1613.8333333333333,626.8333333333333,676.6666666666666,178.0,210.66666666666666,3305.9999999999995,32.3397028174695,30.806144983380836,31.762930711251574,29.62683997843455,29.580245261347233,-96.6348390494648,-95.8317945128517,-96.33204844400865,-95.38877352440419,-95.39563538455086
TX,Dallas / Houston,2020-07-31,974.3333333333333,644.8333333333333,487.16666666666663,0.0,157.66666666666666,2263.9999999999995,32.19080350481245,30.560215009935767,30.730742039952965,,29.580245261347237,-96.59677127631203,-95.71808480451463,-95.7715488712692,,-95.39563538455086
TX,Dallas / Houston,2020-08-01,1882.0,1636.0,1255.75,686.0,70.25,5530.0,31.483614113147855,30.204225163122622,31.597215757037535,32.76747824487442,29.578493306315664,-96.19632766387402,-95.59414887727728,-96.0977872291774,-96.62837754717668,-95.40381472897492
TX,Dallas / Houston,2020-08-02,782.0,0.0,0.0,0.0,0.0,782.0,32.769801273964426,,,,,-96.79929831876451,,,,
TX,Dallas / Houston,2020-08-03,2997.2651515151515,1697.219696969697,798.7575757575758,185.0909090909091,169.66666666666666,5848.0,32.19702673592214,31.188132409522932,30.422972916350833,29.77490106944459,29.580245261347233,-96.60286372974366,-96.04351059295016,-95.60201311280878,-95.38597723102329,-95.39563538455086
TX,Dallas / Houston,2020-08-04,36.5,109.5,0.0,228.0,874.0,1248.0,32.92596755815977,30.691713814729408,,29.626839978434553,29.580967816713727,-96.83941959782652,-95.78552402096594,,-95.3887735244042,-95.39422012311391
TX,Dallas / Houston,2020-08-05,2382.094696969697,1034.935606060606,311.1515151515151,183.8181818181818,0.0,3912.0,32.162243699343534,31.553463125976805,29.863117170658086,29.77490106944459,,-96.60588537124232,-96.24220053942237,-95.29147998337541,-95.3859772310233,
TX,Dallas / Houston,2020-08-06,1992.8666666666668,1297.3333333333333,1163.0,925.9666666666666,360.8333333333333,5739.999999999999,31.209648910377343,32.323573535620206,31.711286058734693,29.784461607683145,29.581019383653114,-96.14388606897118,-96.59275704115603,-96.34479408542488,-95.3730884211888,-95.39212372728139
TX,Dallas / Houston,2020-08-07,76.0,0.0,152.0,235.0,0.0,463.0,29.74251391153972,,32.051256677172745,29.626839978434553,,-95.4459939358594,,-96.28663393706574,-95.3887735244042,
TX,Dallas / Houston,2020-08-08,5589.681818181818,3966.3863636363635,101.0909090909091,101.0909090909091,1155.75,10914.000000000002,31.467125303067647,31.72279739505982,29.835303779042558,29.77490106944459,29.580022606557502,-96.23158407260634,-96.29932755642177,-95.27485969099912,-95.3859772310233,-95.39784655158356
TX,Dallas / Houston,2020-08-09,1041.8333333333333,883.1666666666666,564.6666666666666,39.666666666666664,39.666666666666664,2568.9999999999995,32.43437710155579,32.82362964765978,29.904094239878557,29.90282766058073,29.578569825867127,-96.62802367246526,-96.71605493046927,-95.40094587723549,-95.33286094132104,-95.39877738673334
TX,Dallas / Houston,2020-08-10,0.0,976.0,976.0,271.0,0.0,2223.0,,32.8121566450693,29.70135475646699,29.626839978434553,,,-96.73043820607651,-95.29660422693028,-95.3887735244042,
TX,Dallas / Houston,2020-08-11,3681.0,3183.0,0.0,0.0,0.0,6864.0,31.067377337964306,31.222449869752868,,,,-96.08325917647116,-96.09193033528815,,,
TX,Dallas / Houston,2020-08-12,1704.5,2281.0,0.0,0.0,730.5,4716.0,31.46711858982271,30.317849319996668,,,29.599104745112417,-96.18642197137635,-95.62380516944721,,,-95.36744540101678
TX,Dallas / Houston,2020-08-13,3785.8,1002.7,577.75,0.0,577.75,5944.0,31.71476834782463,32.828806895118014,29.70178451584056,,29.57998274618186,-96.31177708295733,-96.70900250373036,-95.29394779015652,,-95.3987360698811
TX,Dallas / Houston,2020-08-14,1641.8977272727273,580.8295454545455,117.63636363636364,117.63636363636364,0.0,2458.0,32.30018657840819,31.790600795645965,29.835303779042555,29.77490106944459,,-96.66079195318845,-96.35215570021386,-95.27485969099912,-95.3859772310233,
TX,Dallas / Houston,2020-08-15,7879.341666666666,4260.825,686.3333333333333,358.0,2026.5,15211.0,32.09093899132392,31.550316478928487,30.077237759121758,29.774901069444592,29.58026582005194,-96.52726473660262,-96.21500183464902,-95.41319949917869,-95.3859772310233,-95.39515672003448
TX,Dallas / Houston,2020-08-16,1645.6666666666667,382.66666666666663,2542.6666666666665,172.0,0.0,4743.0,30.19428255727384,31.44586776358104,29.97090640791607,29.626839978434557,,-95.64971913632937,-96.26692989027877,-95.43893367010132,-95.38877352440421,
TX,Dallas / Houston,2020-08-17,2229.0,1413.5,180.5,325.0,411.0,4559.0,31.36607373302239,31.481971836904197,29.83503809636687,29.626839978434553,29.580022606557502,-96.19282507073599,-96.17969997908298,-95.28525435202805,-95.3887735244042,-95.39784655158356
TX,Dallas / Houston,2020-08-18,1851.0,0.0,0.0,0.0,0.0,1851.0,30.503002273528796,,,,,-95.81245914086334,,,,
TX,Dallas / Houston,2020-08-19,1150.5666666666666,245.7,525.3333333333334,528.0,140.4,2590.0,31.37889138934959,31.859571399808306,32.51427890640238,29.82348109068525,29.580976493647356,-96.26892218091879,-96.40610750084566,-96.704627013163,-95.36935022851388,-95.39402713061827
TX,Dallas / Houston,2020-08-21,825.8333333333333,1121.3333333333333,367.41666666666663,0.0,367.41666666666663,2681.9999999999995,31.450637685048314,31.329722252705206,32.60341694426223,,29.579636110278194,-96.25468206787266,-96.08375403131178,-96.78723600187323,,-95.39847932535423
TX,Dallas / Houston,2020-08-22,0.0,1873.0,1749.0,0.0,0.0,3622.0,,29.69680288164603,32.765150251901524,,,,-95.29807773711882,-96.58533198139617,,
TX,Dallas / Houston,2020-08-23,1190.0,2142.0,833.0,416.5,416.5,4998.0,30.697693051553443,32.729907946695775,29.77043093891414,29.626225,29.58177026115818,-95.7513164710869,-96.803021678172,-95.38493284703843,-95.38824799999999,-95.3887175155896
TX,Dallas / Houston,2020-08-24,1214.5,76.5,349.0,0.0,280.0,1920.0,32.1392250156566,30.691713814729404,32.60402323571779,,29.580920680883594,-96.5250251395063,-95.78552402096594,-96.78506925203327,,-95.39090161799264
TX,Dallas / Houston,2020-08-25,464.0,928.0,771.0,0.0,0.0,2163.0,31.20787270544992,31.261128881748096,32.765150251901524,,,-96.22768779469617,-96.10857854779199,-96.58533198139617,,
TX,Dallas / Houston,2020-08-26,3558.3333333333335,844.0,2089.0,491.5,1534.1666666666667,8517.0,31.038603457646012,31.959572749754436,32.44214661728514,29.90285406390539,29.59188830771139,-96.01159866227283,-96.49267838250309,-96.70039901273788,-95.33106466427998,-95.3797739188354
TX,Dallas / Houston,2020-08-27,921.8333333333334,1068.3333333333335,666.25,828.0,255.58333333333334,3740.0000000000005,29.997870076630686,30.25102552238023,32.75819002929982,31.876113519495952,29.593123937740945,-95.39672667385268,-95.6399676693442,-96.63731254216744,-96.27655756486807,-95.37887279242548
TX,Dallas / Houston,2020-08-28,2077.6666666666665,826.6666666666667,186.33333333333334,205.0,186.33333333333334,3482.0,31.061659023613128,31.595136081026723,32.6026307254389,29.626839978434553,29.580245261347237,-96.04832816728128,-96.2603023662175,-96.78783244900674,-95.3887735244042,-95.39563538455086
TX,Dallas / Houston,2020-08-29,486.0,0.0,486.0,0.0,0.0,972.0,32.704629464818915,,32.60402323571779,,,-96.83053961865276,,-96.78506925203328,,
TX,Dallas / Houston,2020-08-30,1571.8,1204.65,0.0,316.0,429.55,3522.0,31.42663424464413,31.806191493036213,,29.62683997843455,29.580299745677078,-96.2039343394985,-96.33743630875388,,-95.3887735244042,-95.39673686997148
TX,Dallas / Houston,2020-08-31,141.66666666666666,28.333333333333332,534.3333333333334,1640.3333333333333,28.333333333333332,2373.0,30.3063753828927,32.720911783384025,29.921496603428565,32.75178189856507,29.57856982586713,-95.72687113095019,-96.85649501928172,-95.31126897063412,-97.0010644014918,-95.39877738673334
TX,Dallas / Houston,2020-09-01,849.3333333333334,1698.6666666666667,0.0,383.0,0.0,2931.0,31.207872705449912,31.261128881748096,,29.626839978434553,,-96.22768779469618,-96.10857854779199,,-95.3887735244042,
TX,Dallas / Houston,2020-09-02,4049.0,764.5,903.5,0.0,695.0,6412.0,31.75543767260441,32.03130798515888,29.732535342115867,,29.57998274618186,-96.33392038333898,-96.35556739432316,-95.29194161212688,,-95.39873606988111
TX,Dallas / Houston,2020-09-03,961.9,995.7,193.0,0.0,242.4,2393.0,32.01943734835681,30.14677393905359,32.604716236664274,,29.59064342362196,-96.43985351254815,-95.5369245455707,-96.7892372687652,,-95.38052599208538
TX,Dallas / Houston,2020-09-04,3993.1666666666665,605.0,877.5833333333334,0.0,756.25,6231.999999999999,31.621441313605075,32.82921245543902,30.0266189538711,,29.57998274618186,-96.26435999518067,-96.7084785486381,-95.4311950629606,,-95.3987360698811
TX,Dallas / Houston,2020-09-05,933.3,725.9,0.0,0.0,414.8,2074.0,31.49161243892971,31.859571399808303,,,29.580976493647356,-96.24245729132173,-96.40610750084566,,,-95.39402713061827
TX,Dallas / Houston,2020-09-06,2143.397727272727,1098.8295454545455,415.1363636363636,173.63636363636363,0.0,3830.9999999999995,32.26182920688903,31.37586887068254,29.835149221716822,29.77490106944459,,-96.63564931721301,-96.14607199943592,-95.28090664534564,-95.38597723102332,
TX,Dallas / Houston,2020-09-07,4047.233333333333,2365.2666666666664,288.25,0.0,288.25,6989.0,31.933893764209905,31.414008080186523,29.70178451584056,,29.57998274618186,-96.52962724653129,-96.16706537388424,-95.29394779015652,,-95.3987360698811
TX,Dallas / Houston,2020-09-08,1772.0,664.0,86.0,0.0,86.0,2608.0,31.029524095607723,31.915847079381585,32.60489193795817,,29.57849330631566,-96.0441391605011,-96.43784436792126,-96.78611703125613,,-95.40381472897492
TX,Dallas / Houston,2020-09-09,3813.333333333333,3339.1666666666665,1387.0,921.5,461.0,9922.0,31.152752299129826,31.36892358848615,32.60474216992461,29.84032039211177,29.578569320986322,-96.1584412446486,-96.1522643577052,-96.78752087129317,-95.36122778922172,-95.40117924054226
TX,Dallas / Houston,2020-09-10,3054.0,2322.666666666667,342.3333333333333,0.0,105.0,5824.0,30.343757102697527,31.263595027124147,32.22106690808552,,29.57849330631566,-95.75692743336774,-96.10290966033584,-96.43983469136951,,-95.40381472897492
TX,Dallas / Houston,2020-09-11,865.5,3299.5,865.5,865.5,0.0,5896.0,29.768506159969505,29.741958124583448,32.77712609201614,32.76747824487442,,-95.2479067351576,-95.34337625697033,-96.61893154920664,-96.62837754717668,
TX,Dallas / Houston,2020-09-12,954.6666666666667,618.1666666666667,618.1666666666667,0.0,0.0,2191.0,31.830401409633065,29.885172053441167,29.86612718817633,,,-96.37180984748944,-95.43451716256544,-95.29902343540209,,
TX,Dallas / Houston,2020-09-13,7836.993181818182,4347.388636363637,2412.409090909091,1857.409090909091,448.8,16903.0,31.734113040585527,31.171834777861285,32.04821021293859,32.06999384532485,29.580976493647356,-96.33318342922732,-96.07606388361134,-96.33397754187308,-96.33880946330999,-95.39402713061828
TX,Dallas / Houston,2020-09-14,3862.6666666666665,2674.8333333333335,462.8333333333333,70.33333333333333,880.3333333333334,7950.999999999999,31.53927212248857,31.371739993961697,30.25575367062979,29.90282766058073,29.597464128694106,-96.27958872546132,-96.17076512615155,-95.51376831361986,-95.33286094132104,-95.36994863804298
TX,Dallas / Houston,2020-09-15,1348.2,0.0,749.0,898.8,0.0,2996.0,31.422086077258918,,32.604077156919644,29.82348109068525,,-96.32381089777013,,-96.78569233701216,-95.36935022851388,
TX,Dallas / Houston,2020-09-16,5555.25,567.0,2125.25,449.25,1862.25,10559.0,31.545193917983482,32.605646671949536,32.60517319207083,29.90285406390539,29.588182079093368,-96.24183921662647,-96.82371279490332,-96.78898213442362,-95.33106466427998,-95.38376025969673
TX,Dallas / Houston,2020-09-17,788.0,3409.5,279.5,0.0,229.0,4706.0,31.790449442367834,29.726427929485588,29.835038096366866,,29.5990016,-96.3435831807512,-95.3156357266448,-95.28525435202806,,-95.3688527
TX,Dallas / Houston,2020-09-18,726.0,0.0,242.0,0.0,0.0,968.0,32.755090002646114,,32.604716236664274,,,-96.80155716007647,,-96.7892372687652,,
TX,Dallas / Houston,2020-09-19,5740.0,3609.0,2453.0,0.0,389.0,12191.0,31.540656721663563,30.10144525064077,30.263492995606192,,29.580245261347233,-96.31311603849181,-95.41396620399568,-95.55814047516002,,-95.39563538455086
TX,Dallas / Houston,2020-09-20,0.0,0.0,0.0,0.0,0.0,0.0,,,,,,,,,,
TX,Dallas / Houston,2020-09-21,13466.228787878787,2496.7257575757576,2038.5227272727273,805.7727272727273,296.75,19104.0,30.6590260272919,31.625229977855852,31.08508842690896,31.923405030165267,29.57998274618186,-95.87421711973184,-96.28982844897277,-95.8509518748471,-96.27795155401559,-95.3987360698811
TX,Dallas / Houston,2020-09-22,902.0,902.0,902.0,902.0,0.0,3608.0,29.768506159969505,29.86418039073604,32.77712609201614,32.76747824487442,,-95.2479067351576,-95.47981300431564,-96.61893154920664,-96.62837754717668,
TX,Dallas / Houston,2020-09-23,2458.375,1227.875,651.0,534.0,267.75,5139.0,31.91974870322293,31.739859925273716,32.23826306171768,29.650685023054148,29.580022606557502,-96.45548095330709,-96.31262160645178,-96.58556384151264,-95.38832318502075,-95.39784655158356
TX,Dallas / Houston,2020-09-25,2859.0,0.0,0.0,0.0,953.0,3812.0,31.880429673285793,,,,29.580920680883597,-96.38854703009049,,,,-95.39090161799264
TX,Dallas / Houston,2020-09-26,477.3333333333333,285.3333333333333,285.3333333333333,0.0,0.0,1048.0,32.0424975706534,29.83576729268015,29.81371836989668,,,-96.54324742325153,-95.37613812498117,-95.26706974880027,,
TX,Dallas / Houston,2020-09-27,578.0,289.0,289.0,0.0,0.0,1156.0,32.61823871629833,29.903562731078505,29.83503809636687,,,-96.8067819705696,-95.41447098281671,-95.28525435202806,,
TX,Dallas / Houston,2020-09-28,1123.6666666666665,1674.3333333333333,573.0,573.0,0.0,3944.0,30.473885434111786,30.78305712063925,32.77712609201614,32.76747824487442,,-95.72806049082587,-95.89339878087266,-96.61893154920664,-96.62837754717668,
TX,Dallas / Houston,2020-09-29,1283.1136363636365,1019.5227272727273,491.1818181818182,134.1818181818182,0.0,2928.0,32.15815176249295,32.091163652247346,31.975035512288933,29.77490106944459,,-96.58586782798692,-96.50252692592788,-96.25465831743692,-95.3859772310233,
TX,Dallas / Houston,2020-09-30,3879.7,770.3,900.25,0.0,649.75,6200.0,31.7754045579876,31.8777970900589,29.738863129472154,,29.57998274618186,-96.34539957655188,-96.28766990883769,-95.29152878848902,,-95.3987360698811
TX,Dallas / Houston,2020-10-01,0.0,1110.0,1110.0,0.0,0.0,2220.0,,32.60552317497642,29.8004549788629,,,,-96.8242955792686,-95.30714499342446,,
TX,Dallas / Houston,2020-10-02,7002.609523809524,4357.92380952381,1527.3333333333333,133.16666666666666,365.9666666666667,13387.0,31.06124915448046,31.853907823326512,32.24293708492708,29.626225,29.581265326984248,-96.05885905386037,-96.40877628143124,-96.37600878009722,-95.388248,-95.39209508653049
TX,Dallas / Houston,2020-10-03,2444.6666666666665,366.6666666666667,709.3333333333333,378.6666666666667,446.6666666666667,4345.999999999999,31.41964562081891,32.815428733541104,30.76270380585343,29.66085254489623,29.579835127641513,-96.17983601600811,-96.72731700853818,-95.7598993213226,-95.38188288916507,-95.39874038656714
TX,Dallas / Houston,2020-10-04,5358.333333333333,2096.6666666666665,46.666666666666664,249.66666666666666,1071.6666666666667,8823.0,30.87587836274961,32.77071383341755,32.6035858445378,29.6784264610787,29.5829403553666,-95.99434766457217,-96.60619586089784,-96.78900617984895,-95.3783225742952,-95.39016217849817
TX,Dallas / Houston,2020-10-05,2833.0,1142.5,2129.75,275.5,355.25,6736.0,32.015338805498,30.339193136250948,31.633550602288256,29.90285406390539,29.577021675735846,-96.51439973459304,-95.62436618571131,-96.26144922149285,-95.33106466427998,-95.40528082379598
TX,Dallas / Houston,2020-10-07,5623.995454545455,2124.4590909090907,776.7727272727273,363.27272727272725,413.5,9302.000000000002,31.96403555598262,31.952323249389483,29.764227370981903,29.77490106944459,29.57998274618186,-96.4677738464119,-96.40763881060332,-95.28502087293107,-95.38597723102329,-95.3987360698811
TX,Dallas / Houston,2020-10-08,2573.75,1029.5,0.0,0.0,514.75,4118.0,30.901806953702444,32.771847538621564,,,29.58313933882349,-96.00652545797283,-96.60049799387772,,,-95.38976994137528
TX,Dallas / Houston,2020-10-09,1153.0,857.25,1908.0,961.0,285.75,5165.0,31.335884686359435,31.713036592461,29.771313740784112,29.626839978434553,29.580022606557502,-96.16316730464759,-96.29172255315116,-95.22852347472949,-95.3887735244042,-95.39784655158356
TX,Dallas / Houston,2020-10-10,3642.3679653679656,3520.525974025974,954.5530303030303,521.469696969697,433.0833333333333,9072.000000000002,31.783596893190033,31.98489802889167,30.29658797624139,29.700249846035458,29.580474486249315,-96.38560601699787,-96.43779787236008,-95.60637030610988,-95.38711739892538,-95.39468726227169
TX,Dallas / Houston,2020-10-11,1899.0113636363635,2268.3522727272725,107.81818181818181,107.81818181818181,0.0,4383.0,31.723798268191636,31.3853889361046,29.83530377904255,29.77490106944459,,-96.42215091988953,-96.16574288343566,-95.27485969099912,-95.3859772310233,
TX,Dallas / Houston,2020-10-12,1842.6666666666665,5044.333333333333,121.0,0.0,807.0,7815.0,31.43337317604898,30.11330956589674,32.60489193795817,,29.596014306333725,-96.1918714864081,-95.5085386068293,-96.78611703125613,,-95.37289854684445
TX,Dallas / Houston,2020-10-13,199.5,3502.0,83.25,0.0,83.25,3868.0,31.49398617062812,31.27261464984528,32.60489193795817,,29.578493306315664,-96.32906726342115,-95.92687001570697,-96.78611703125613,,-95.40381472897492
TX,Dallas / Houston,2020-10-14,940.0,658.0,658.0,0.0,0.0,2256.0,30.95071197515913,31.445867763581035,31.511666438661816,,,-96.01198472375494,-96.26692989027877,-96.22487113896588,,
TX,Dallas / Houston,2020-10-15,925.0,451.0,337.0,0.0,114.0,1827.0,31.49185769883123,30.582408879938342,30.771256374450584,,29.580245261347233,-96.28209381332668,-95.72834649994569,-95.79354486554607,,-95.39563538455086
TX,Dallas / Houston,2020-10-16,988.0,1976.0,0.0,0.0,0.0,2964.0,31.207872705449915,31.2611288817481,,,,-96.22768779469617,-96.10857854779199,,,
TX,Dallas / Houston,2020-10-17,1480.0,2960.0,0.0,0.0,0.0,4440.0,31.207872705449915,31.261128881748093,,,,-96.22768779469617,-96.108578547792,,,
TX,Dallas / Houston,2020-10-18,0.0,232.0,232.0,0.0,0.0,464.0,,32.64894999250624,32.77927387192012,,,,-96.78158674263206,-96.62292487527301,,
TX,Dallas / Houston,2020-10-19,1346.5,668.0,2025.0,1007.25,339.25,5386.0,29.76521914176994,29.864180390736035,32.661952355512916,31.802649499881873,29.576595677410115,-95.36246716428728,-95.47981300431564,-96.73285520459643,-96.19143200682154,-95.40570521966522
TX,Dallas / Houston,2020-10-21,155.66666666666666,155.66666666666666,0.0,0.0,155.66666666666666,467.0,29.76977606189995,29.864057844410507,,,29.599001600000005,-95.21289268508092,-95.4581810200646,,,-95.3688527
TX,Dallas / Houston,2020-10-22,540.0,420.0,0.0,0.0,240.0,1200.0,31.49161243892971,31.859571399808303,,,29.580976493647356,-96.24245729132173,-96.40610750084566,,,-95.39402713061827
TX,Dallas / Houston,2020-10-23,0.0,0.0,0.0,0.0,0.0,0.0,,,,,,,,,,
TX,Dallas / Houston,2020-10-24,2949.5,662.0,3913.0,812.75,812.75,9150.0,31.044126601995295,29.903562731078505,32.1365920337918,29.90285406390539,29.576595677410115,-96.07296351944706,-95.41447098281671,-96.53454326338313,-95.33106466427998,-95.40570521966522
TX,Dallas / Houston,2020-10-26,301.3333333333333,602.6666666666666,0.0,0.0,0.0,904.0,32.617574,32.71028113532967,,,,-96.767777,-96.7120669802247,,,
TX,Dallas / Houston,2020-10-27,843.6666666666667,3033.75,165.33333333333334,0.0,190.25,4233.0,31.167802165831667,30.076123982741258,32.051256677172745,,29.580022606557502,-96.08778523496252,-95.48501561227347,-96.28663393706574,,-95.39784655158354
TX,Dallas / Houston,2020-10-28,2714.5,222.8,982.0,844.2,278.5,5042.0,31.54390743643848,32.82921245543902,31.78097277755047,29.823481090685245,29.57998274618186,-96.29882899607964,-96.7084785486381,-96.36262629190087,-95.36935022851388,-95.3987360698811
TX,Dallas / Houston,2020-10-29,1158.7666666666667,1192.4666666666667,298.58333333333337,247.0,548.1833333333334,3445.0000000000005,31.379642219088062,31.47853362494346,32.60323089655411,29.626839978434553,29.58032493021566,-96.20845046622068,-96.18228702418108,-96.78737714276033,-95.3887735244042,-95.39608558587771
TX,Dallas / Houston,2020-10-30,11727.666666666666,255.66666666666666,1526.0,0.0,255.66666666666666,13764.999999999998,29.795186809694954,29.864057844410507,29.771313740784112,,29.5990016,-95.50497057020125,-95.4581810200646,-95.22852347472949,,-95.3688527
TX,Dallas / Houston,2020-10-31,1281.4285714285716,2306.5714285714284,897.0,448.5,448.5,5382.0,30.697693051553436,32.729907946695775,29.77043093891414,29.626225,29.58177026115818,-95.7513164710869,-96.803021678172,-95.38493284703843,-95.38824800000002,-95.3887175155896
TX,Dallas / Houston,2020-11-01,368.6666666666667,1140.6666666666667,184.33333333333334,0.0,184.33333333333334,1878.0,31.297527169603594,30.198513376196825,32.6026307254389,,29.580245261347233,-96.15788000512043,-95.53540846900854,-96.78783244900676,,-95.39563538455086
TX,Dallas / Houston,2020-11-02,1184.6704545454545,598.7840909090909,121.27272727272727,121.27272727272727,0.0,2026.0,32.172771155576086,31.790600795645965,29.835303779042555,29.77490106944459,,-96.59061177091553,-96.35215570021387,-95.27485969099912,-95.3859772310233,
TX,Dallas / Houston,2020-11-03,3988.409090909091,2053.181818181818,566.9545454545455,377.45454545454544,0.0,6985.999999999999,32.2018716897917,31.616435161570653,29.835214976743593,29.77490106944459,,-96.60686027337816,-96.26561136577001,-95.27833402290241,-95.38597723102329,
TX,Dallas / Houston,2020-11-04,0.0,1059.0,1059.0,0.0,0.0,2118.0,,32.8121566450693,29.701354756466987,,,,-96.73043820607651,-95.29660422693028,,
TX,Dallas / Houston,2020-11-05,0.0,0.0,0.0,358.0,0.0,358.0,,,,29.626839978434553,,,,,-95.3887735244042,
TX,Dallas / Houston,2020-11-06,1529.0,200.5,2456.5,564.0,564.0,5314.0,30.51107294919329,29.903562731078505,32.379150892725924,29.90285406390539,29.576595677410115,-95.82446495170838,-95.41447098281671,-96.66620478471008,-95.33106466427998,-95.40570521966522
TX,Dallas / Houston,2020-11-07,2591.166666666667,740.3333333333334,4173.0,0.0,1110.5,8615.0,31.467118589822704,32.605646671949536,29.6979446,,29.59910474511242,-96.18642197137635,-96.82371279490332,-95.2996966,,-95.36744540101678
TX,Dallas / Houston,2020-11-08,2482.5,0.0,0.0,0.0,827.5,3310.0,31.88042967328579,,,,29.580920680883597,-96.38854703009049,,,,-95.39090161799264
TX,Dallas / Houston,2020-11-09,47.333333333333336,0.0,94.66666666666667,377.0,0.0,519.0,29.742513911539717,,32.051256677172745,29.626839978434553,,-95.44599393585942,,-96.28663393706576,-95.3887735244042,
TX,Dallas / Houston,2020-11-10,0.0,0.0,0.0,300.0,0.0,300.0,,,,29.626839978434553,,,,,-95.3887735244042,
TX,Dallas / Houston,2020-11-11,1719.5,271.0,271.0,0.0,392.5,2654.0,32.112992919178666,29.903562731078505,29.83503809636687,,29.580920680883597,-96.52037799126506,-95.41447098281671,-95.28525435202806,,-95.39090161799264
TX,Dallas / Houston,2020-11-12,954.9,0.0,530.5,636.6,0.0,2122.0,31.42208607725892,,32.604077156919644,29.82348109068525,,-96.32381089777013,,-96.78569233701216,-95.36935022851388,
TX,Dallas / Houston,2020-11-13,2247.666666666667,3257.3333333333335,0.0,0.0,0.0,5505.0,30.80101402354728,31.261128881748096,,,,-96.032275267629,-96.10857854779199,,,
TX,Dallas / Houston,2020-11-14,0.0,0.0,0.0,0.0,0.0,0.0,,,,,,,,,,
TX,Dallas / Houston,2020-11-15,0.0,145.0,0.0,0.0,0.0,145.0,,32.70634990171638,,,,,-96.85802821611784,,,
TX,Dallas / Houston,2020-11-17,431.0,0.0,862.0,418.5,215.5,1927.0,29.76198299120648,,32.605256662083185,29.76896909532575,29.576595677410115,-95.47525473489691,,-96.78893553016783,-95.35905725353976,-95.40570521966522
TX,Dallas / Houston,2020-11-18,2270.333333333333,743.6666666666666,0.0,0.0,958.0,3971.9999999999995,31.48960855336336,32.33541410806592,,,29.599104745112413,-96.19648873848504,-96.6771285439888,,,-95.36744540101678
TX,Dallas / Houston,2020-11-19,404.33333333333337,2327.3333333333335,694.1666666666667,0.0,202.16666666666669,3628.0000000000005,31.245458575314565,30.140857050392636,30.56303165191088,,29.579201021043993,-96.19962466922742,-95.50173753952122,-95.755309788142,,-95.40051062446724
TX,Dallas / Houston,2020-11-20,312.6666666666667,312.6666666666667,156.33333333333334,0.0,156.33333333333334,938.0000000000001,31.297527169603594,31.246368051849494,32.6026307254389,,29.58024526134723,-96.15788000512043,-96.03533878204992,-96.78783244900674,,-95.39563538455086
TX,Dallas / Houston,2020-11-21,2037.4666666666667,1582.8166666666666,750.25,0.0,545.4666666666667,4916.0,31.01815235491334,31.322410422886403,31.220107471811577,,29.586351861467016,-96.0002602453851,-96.17325352347063,-96.06002189447506,,-95.38651972280739
TX,Dallas / Houston,2020-11-22,1145.7613636363635,591.6022727272727,119.81818181818181,119.81818181818181,0.0,1976.9999999999998,32.158151762492956,31.79060079564596,29.835303779042555,29.77490106944459,,-96.58586782798693,-96.35215570021387,-95.27485969099912,-95.3859772310233,
TX,Dallas / Houston,2020-11-23,1857.3333333333333,2130.6666666666665,264.0,0.0,0.0,4252.0,31.867633706551526,31.261128881748096,32.604716236664274,,,-96.47239590886409,-96.108578547792,-96.7892372687652,,
TX,Dallas / Houston,2020-11-24,1303.7142857142858,1593.4285714285716,289.7142857142857,289.7142857142857,579.4285714285714,4056.0000000000005,32.09370631765751,31.612943326609354,29.701176667237803,29.614625620318144,29.588441337386545,-96.59972280337789,-96.28305299393759,-95.29289902228786,-95.38417024002926,-95.39288118813403
TX,Dallas / Houston,2020-11-26,1251.0,1246.5,1246.5,1242.0,0.0,4986.0,29.789007833036617,29.86432256524991,32.76650483571416,32.76747824487442,,-95.25912166490876,-95.47957711254126,-96.61411683008325,-96.62837754717668,
TX,Dallas / Houston,2020-11-27,28888.0,1882.0,1882.0,76.0,76.0,32804.0,29.68474603447736,32.8084719428971,29.818554311564426,29.90282766058073,29.578569825867127,-95.46110971207074,-96.7355287043781,-95.35687125584728,-95.33286094132104,-95.39877738673334
TX,Dallas / Houston,2020-11-28,1913.5,1913.5,1913.5,1913.5,0.0,7654.0,29.768506159969505,29.864180390736035,32.77712609201614,32.76747824487442,,-95.2479067351576,-95.47981300431564,-96.61893154920664,-96.62837754717668,
TX,Dallas / Houston,2020-11-29,822.0,0.0,0.0,0.0,0.0,822.0,32.759679890363095,,,,,-97.02027799333644,,,,
TX,Dallas / Houston,2020-11-30,629.0,314.5,314.5,0.0,0.0,1258.0,32.61823871629833,29.903562731078505,29.83503809636687,,,-96.8067819705696,-95.41447098281671,-95.28525435202806,,
TX,Dallas / Houston,2020-12-01,2441.9761904761904,1078.7857142857142,590.8095238095239,196.14285714285714,1754.2857142857142,6062.0,32.19605672636256,31.612943326609358,31.271053601415346,29.614625620318147,29.58455006925745,-96.63182449745449,-96.2830529939376,-95.956723877102,-95.38417024002925,-95.38873989094806
TX,Dallas / Houston,2020-12-02,1453.1,878.8,452.5,282.0,243.6,3309.9999999999995,32.19328251051363,30.8524094487384,29.83503809636687,29.62683997843455,29.580976493647356,-96.5939223210646,-95.89550722272993,-95.28525435202806,-95.3887735244042,-95.39402713061827
TX,Dallas / Houston,2020-12-03,2489.5,1400.0,3412.0,1777.75,711.75,9791.0,29.7657365601523,29.86416577271006,32.66736539804665,31.889681016589858,29.581852845056773,-95.34505407372083,-95.47723261762283,-96.72750091453912,-96.23084628971192,-95.39705840437321
TX,Dallas / Houston,2020-12-04,2860.333333333333,4973.0,266.0,0.0,481.66666666666663,8581.0,31.11611649946139,31.198962299157067,32.6026307254389,,29.588643428204215,-96.13818940661974,-96.07253740116259,-96.78783244900674,,-95.38364341437479
TX,Dallas / Houston,2020-12-05,5199.433333333333,1693.6666666666667,1865.0,752.4,683.5,10194.0,32.005513749450515,30.63053552131088,30.765969726911955,29.82348109068525,29.599104745112417,-96.51166289513031,-95.7936155522169,-95.78969114376267,-95.36935022851388,-95.36744540101678
TX,Dallas / Houston,2020-12-08,692.0,346.0,346.0,0.0,0.0,1384.0,32.61823871629833,29.903562731078505,29.835038096366866,,,-96.8067819705696,-95.41447098281672,-95.28525435202806,,
TX,Dallas / Houston,2020-12-10,2666.583333333333,1381.6666666666667,299.4166666666667,80.66666666666667,80.66666666666667,4509.000000000001,30.525659454379003,29.873361230070778,32.60441169461628,29.902827660580726,29.578569825867127,-95.83203643593909,-95.38906374008225,-96.78917501046547,-95.33286094132104,-95.39877738673334
TX,Dallas / Houston,2020-12-11,308.6666666666667,308.6666666666667,164.33333333333334,0.0,144.33333333333334,926.0000000000001,29.86465299528004,29.86360175785781,29.903268535136863,,29.599001599999998,-95.27657641591792,-95.45833264865445,-95.31547300897144,,-95.3688527
TX,Dallas / Houston,2020-12-12,2944.166666666667,822.3333333333334,44.0,44.0,1211.5,5066.0,31.3803831789454,32.611814079614454,32.6035858445378,29.90282766058073,29.59835894532142,-96.15208248032837,-96.82546684987612,-96.78900617984895,-95.33286094132104,-95.3685833352896
TX,Dallas / Houston,2020-12-13,0.0,0.0,0.0,0.0,0.0,0.0,,,,,,,,,,
TX,Dallas / Houston,2020-12-14,423.5,0.0,423.5,0.0,0.0,847.0,32.704629464818915,,32.60402323571779,,,-96.83053961865276,,-96.78506925203328,,
TX,Dallas / Houston,2020-12-16,6281.620454545455,1926.534090909091,2047.0227272727273,514.2727272727273,1159.55,11929.0,31.60936936281662,32.06718983690576,31.468301021924777,29.851781435039833,29.579289947362565,-96.2916030469355,-96.45378224534532,-96.19471286516774,-95.35298309731984,-95.39959909342623
TX,Dallas / Houston,2020-12-18,1719.7142857142858,2956.285714285714,1082.0,541.0,715.0,7014.0,30.603806783618737,32.56123077338064,29.77043093891414,29.626225,29.585963621939268,-95.69683896889755,-96.72386753100012,-95.38493284703843,-95.388248,-95.38388328074683
TX,Dallas / Houston,2020-12-19,1049.8333333333333,953.3333333333334,953.3333333333334,1153.5,0.0,4110.0,30.28216630149189,29.848209295477922,32.12180975422265,31.651169888359163,,-95.55727565446223,-95.45149934340921,-96.31877371991328,-96.18777273630825,
TX,Dallas / Houston,2020-12-20,981.047619047619,1204.2857142857142,498.33333333333337,97.66666666666667,496.6666666666667,3277.9999999999995,30.97741387162746,31.754934340210173,31.492484187041903,29.626225,29.584170530123476,-95.94976638767376,-96.30951707940592,-96.23793334081046,-95.388248,-95.38909823773454
TX,Dallas / Houston,2020-12-21,11188.0,0.0,0.0,283.0,0.0,11471.0,32.922262741765486,,,29.626839978434553,,-96.84287007074771,,,-95.3887735244042,
TX,Dallas / Houston,2020-12-22,1594.3333333333333,1052.1666666666665,42.666666666666664,604.6666666666666,379.1666666666667,3672.9999999999995,31.220197740798216,31.75390718471133,32.6035858445378,29.646314302202313,29.579859128818278,-96.11421958900168,-96.31462477892805,-96.78900617984895,-95.38482820431896,-95.39795129611028
TX,Dallas / Houston,2020-12-23,1971.6136363636365,1018.0227272727273,2387.181818181818,206.1818181818182,0.0,5583.0,32.15815176249295,31.790600795645965,29.709808365492542,29.77490106944459,,-96.58586782798692,-96.35215570021387,-95.29755142655038,-95.38597723102332,
TX,Dallas / Houston,2020-12-24,12424.333333333334,202.33333333333334,202.33333333333334,0.0,0.0,12829.000000000002,29.680881789274657,29.863201178796324,29.903268535136867,,,-95.45553062652039,-95.45846582346056,-95.31547300897144,,
TX,Dallas / Houston,2020-12-25,3175.431818181818,2467.3863636363635,1864.590909090909,1864.590909090909,0.0,9372.0,30.87017624202952,30.454341273588696,32.535589865446944,32.5217748264583,,-95.86473113178523,-95.74705609115652,-96.50857748620372,-96.52637115374881,
TX,Dallas / Houston,2020-12-26,851.0,1780.0,957.0,0.0,773.0,4361.0,32.844146238032714,31.202922475376447,29.82041314500975,,29.579927516469706,-96.90925990471932,-96.04044229880013,-95.33376108363832,,-95.39698043860176
TX,Dallas / Houston,2020-12-27,2509.0119047619046,2746.0714285714284,3308.3333333333335,529.9166666666666,637.6666666666666,9730.999999999998,31.08655759449119,31.398248355633875,32.353230642396085,29.799587345287435,29.578903200442817,-96.04794753886038,-96.10606477872716,-96.5207773114868,-95.35649352608144,-95.39910715883464
TX,Dallas / Houston,2020-12-28,190.0,38.0,38.0,1814.0,38.0,2118.0,30.3063753828927,32.720911783384025,32.6035858445378,32.74112718804687,29.578569825867127,-95.72687113095017,-96.85649501928172,-96.78900617984895,-96.99482554208276,-95.39877738673334
TX,Dallas / Houston,2020-12-29,1338.0,0.0,0.0,0.0,0.0,1338.0,29.67026479239965,,,,,-95.4625085565346,,,,
TX,Dallas / Houston,2020-12-30,672.1666666666666,128.66666666666666,1215.6666666666667,271.75,271.75,2560.0,29.797587265403255,29.863201178796324,32.3192771125901,29.90285406390539,29.576595677410115,-95.4479303483673,-95.45846582346056,-96.63298364281334,-95.33106466427998,-95.40570521966522
TX,Dallas / Houston,2020-12-31,0.0,967.0,967.0,295.0,0.0,2229.0,,32.8121566450693,29.701354756466987,29.626839978434553,,,-96.73043820607651,-95.29660422693028,-95.3887735244042,
TX,Dallas / Houston,2021-01-01,3463.8489177489178,3106.811688311688,2292.969696969697,846.2030303030302,147.16666666666666,9856.999999999998,31.86515539614246,31.285068004621635,32.06896349688662,29.776566273395712,29.58177026115818,-96.44605126993586,-96.05197206326982,-96.37840151826026,-95.37695244237511,-95.3887175155896
TX,Dallas / Houston,2021-01-02,0.0,2262.0,2262.0,450.0,0.0,4974.0,,32.60552317497642,29.8004549788629,29.626839978434553,,,-96.8242955792686,-95.30714499342446,-95.38877352440419,
TX,Dallas / Houston,2021-01-03,509.4,396.2,0.0,0.0,226.4,1132.0,31.491612438929707,31.859571399808306,,,29.580976493647356,-96.24245729132173,-96.40610750084565,,,-95.39402713061828
TX,Dallas / Houston,2021-01-04,912.0,229.5,1418.5,490.5,226.5,3277.0,31.19950643179547,29.903562731078505,31.577342752318334,29.75429602401895,29.576595677410115,-96.1453983765348,-95.4144709828167,-96.24786598633942,-95.3621250905242,-95.40570521966522
TX,Dallas / Houston,2021-01-05,1272.3333333333335,2544.666666666667,138.5,0.0,138.5,4094.0000000000005,31.2083728586636,31.264098052233244,32.60489193795817,,29.578493306315657,-96.22773755359144,-96.10175336486405,-96.78611703125613,,-95.40381472897492
TX,Dallas / Houston,2021-01-06,1278.0,958.5,0.0,0.0,319.5,2556.0,31.322629799237017,31.713036592461002,,,29.580022606557502,-96.157502380025,-96.29172255315117,,,-95.39784655158356
TX,Dallas / Houston,2021-01-07,656.9,448.7,112.0,211.0,192.4,1621.0,31.875787025823563,31.371332106521614,29.83503809636687,29.626839978434553,29.580976493647356,-96.43488951563522,-96.15858512505059,-95.28525435202808,-95.3887735244042,-95.39402713061828
TX,Dallas / Houston,2021-01-08,4840.5,1302.0,92.75,0.0,92.75,6328.0,31.017771659725124,32.22596092347915,32.60489193795817,,29.57849330631566,-96.03218301252438,-96.61228735013084,-96.78611703125614,,-95.40381472897492
TX,Dallas / Houston,2021-01-09,13022.733333333334,8681.666666666668,655.5,786.6,1875.5,25022.0,31.00688715482707,31.91384982802558,32.604077156919644,29.823481090685252,29.58313933882349,-96.07714073878066,-96.3211172126721,-96.78569233701216,-95.36935022851388,-95.38976994137526
TX,Dallas / Houston,2021-01-10,506.0,1429.0,1271.75,167.25,301.0,3675.0,29.979544763840504,31.106532722973895,31.315130186746938,29.902854063905394,29.58397974405401,-95.53778278861286,-95.95749367523617,-96.12585427625541,-95.33106466427998,-95.39371449570702
TX,Dallas / Houston,2021-01-11,107.33333333333333,107.33333333333333,53.666666666666664,0.0,53.666666666666664,322.0,31.297527169603594,31.246368051849494,32.6026307254389,,29.58024526134723,-96.15788000512045,-96.03533878204992,-96.78783244900673,,-95.39563538455086
TX,Dallas / Houston,2021-01-12,2096.7954545454545,1082.659090909091,219.27272727272728,219.27272727272728,0.0,3618.0000000000005,32.15815176249295,31.790600795645958,29.835303779042555,29.77490106944459,,-96.58586782798692,-96.35215570021386,-95.27485969099911,-95.3859772310233,
TX,Dallas / Houston,2021-01-13,5937.166666666667,3726.333333333333,0.0,353.0,1018.5,11035.0,30.945350204687934,32.08696318822934,,29.626839978434553,29.58313933882349,-96.03798970080791,-96.3774862975934,,-95.3887735244042,-95.38976994137528
TX,Dallas / Houston,2021-01-14,3908.6886363636363,1879.2477272727274,1397.6818181818182,505.1818181818182,406.2,8096.999999999999,31.85776999848727,31.595629939701592,31.650611247501953,29.83290243583774,29.57850675726545,-96.4439320237786,-96.25852048996695,-96.26866926443043,-95.3610852469264,-95.40061078987911
TX,Dallas / Houston,2021-01-15,4743.416666666667,4565.333333333333,265.25,0.0,0.0,9574.0,31.39185466066955,30.03740640654484,32.604716236664274,,,-96.19973171956308,-95.47333946456415,-96.7892372687652,,
TX,Dallas / Houston,2021-01-16,1059.3,0.0,588.5,706.2,0.0,2354.0,31.42208607725892,,32.604077156919644,29.82348109068525,,-96.32381089777013,,-96.78569233701216,-95.36935022851387,
TX,Dallas / Houston,2021-01-17,1356.0,937.0,886.0,0.0,0.0,3179.0,29.85870166384111,32.69674300115539,29.701354756466987,,,-95.48311082260855,-96.67900744466708,-95.29660422693028,,
TX,Dallas / Houston,2021-01-18,1977.5809523809523,2089.885714285714,1905.6666666666665,280.8333333333333,588.0333333333333,6842.0,31.520226420126498,32.40069478008287,30.48339132897635,29.626225000000005,29.581355581640025,-96.1899921402,-96.64833819165446,-95.60204187477407,-95.388248,-95.39149136129586
TX,Dallas / Houston,2021-01-19,720.5,613.5,0.0,0.0,453.0,1787.0,30.920455056403533,31.08218307097363,,,29.590486428345553,-95.90093620750277,-96.03682562813714,,,-95.3807452566276
TX,Dallas / Houston,2021-01-20,3123.9,480.6,600.75,0.0,600.75,4806.0,31.65042752146063,32.82921245543902,29.70178451584056,,29.57998274618186,-96.27698492612335,-96.7084785486381,-95.29394779015652,,-95.3987360698811
TX,Dallas / Houston,2021-01-21,5654.640151515152,2963.1780303030305,303.09090909090907,303.09090909090907,0.0,9224.000000000002,31.181204263321796,31.528531220646183,29.835303779042558,29.77490106944459,,-96.0476520181942,-96.23159376078083,-95.27485969099912,-95.3859772310233,
TX,Dallas / Houston,2021-01-22,2014.3,1847.0,606.0,727.2,923.5,6118.0,32.07027548967949,31.28029817174864,32.604077156919644,29.82348109068525,29.579927516469706,-96.59545380935894,-96.07902630721746,-96.78569233701216,-95.36935022851388,-95.39698043860176
TX,Dallas / Houston,2021-01-23,5612.0,1399.0,0.0,0.0,977.0,7988.0,31.205649819456493,32.48632284092919,,,29.599104745112417,-96.09441708322058,-96.75999758877141,,,-95.36744540101678
TX,Dallas / Houston,2021-01-24,3155.3333333333335,1557.6666666666667,245.0,0.0,488.0,5446.0,31.151012580760067,31.760166979860163,32.6026307254389,,29.58013439021218,-96.08612156768208,-96.32712594549531,-96.78783244900674,,-95.39673643698723
TX,Dallas / Houston,2021-01-25,774.0,351.0,351.0,351.0,0.0,1827.0,31.453017609086896,29.864180390736035,32.77712609201614,32.76747824487442,,-96.10472174014313,-95.47981300431564,-96.61893154920664,-96.62837754717668,
TX,Dallas / Houston,2021-01-26,153.66666666666666,1485.6666666666667,153.66666666666666,0.0,0.0,1793.0000000000002,29.947983040216304,29.714013923823792,29.903268535136863,,,-95.3325095912778,-95.31466712635002,-95.31547300897144,,
TX,Dallas / Houston,2021-01-27,2971.4068181818184,1375.0113636363635,743.0909090909091,538.4909090909091,0.0,5628.0,32.176771259895084,31.638847478744253,30.988412430402814,29.8084069645009,,-96.60060061646898,-96.24408394923785,-95.90785475977299,-95.37450950031932,
TX,Dallas / Houston,2021-01-28,475.0,0.0,950.0,237.5,237.5,1900.0,29.76198299120648,,32.605256662083185,29.90285406390539,29.576595677410115,-95.47525473489691,,-96.78893553016783,-95.33106466427998,-95.40570521966522
TX,Dallas / Houston,2021-01-29,638.5714285714286,1149.4285714285713,447.0,223.5,223.5,2682.0,30.697693051553443,32.729907946695775,29.770430938914142,29.626225,29.58177026115818,-95.75131647108691,-96.803021678172,-95.38493284703843,-95.388248,-95.3887175155896
TX,Dallas / Houston,2021-01-30,1538.75,458.0,614.25,0.0,0.0,2611.0,32.69844379938961,30.102321355885667,31.060369858069468,,,-96.80483040072062,-95.50804440182594,-95.95063059561507,,
TX,Dallas / Houston,2021-01-31,1013.1,230.3,1434.0,358.5,490.1,3526.0,30.26750394616734,31.859571399808303,32.605256662083185,29.90285406390539,29.577771999419543,-95.69948598251055,-96.40610750084565,-96.78893553016783,-95.33106466427996,-95.40256945855813
TX,Dallas / Houston,2021-02-01,675.5,0.0,1351.0,337.75,337.75,2702.0,29.76198299120648,,32.605256662083185,29.90285406390539,29.57659567741012,-95.47525473489691,,-96.78893553016783,-95.33106466427998,-95.40570521966522
TX,Dallas / Houston,2021-02-02,108.0,0.0,216.0,390.0,0.0,714.0,29.742513911539717,,32.051256677172745,29.62683997843455,,-95.4459939358594,,-96.28663393706574,-95.38877352440419,
TX,Dallas / Houston,2021-02-03,576.0,288.0,288.0,0.0,0.0,1152.0,32.61823871629833,29.903562731078505,29.835038096366866,,,-96.8067819705696,-95.41447098281671,-95.28525435202806,,
TX,Dallas / Houston,2021-02-05,4628.916666666666,1761.8333333333333,4746.333333333334,64.33333333333333,958.5833333333333,12160.0,30.7848201724333,32.619798122808405,31.269562835671557,29.90282766058073,29.584338497756157,-95.94798931319957,-96.55084420370689,-95.97557098228735,-95.33286094132104,-95.38838874692466
TX,Dallas / Houston,2021-02-06,317.5,635.0,158.75,0.0,158.75,1270.0,31.21017003976599,31.274767057129342,32.60489193795817,,29.578493306315664,-96.22791635029577,-96.07722870033604,-96.78611703125613,,-95.40381472897492
TX,Dallas / Houston,2021-02-07,499.5,339.5,1275.0,0.0,0.0,2114.0,29.70858396403194,29.77234740938427,29.771313740784112,,,-95.49032551455505,-95.22324592637769,-95.22852347472949,,
TX,Dallas / Houston,2021-02-08,1303.1363636363635,943.2272727272727,77.81818181818181,1195.8181818181818,0.0,3520.0,32.39245548568487,32.30733688393043,29.835303779042555,29.927606936555012,,-96.63907383951293,-96.64850007405921,-95.27485969099912,-95.38422683592489,
TX,Dallas / Houston,2021-02-09,1826.2833333333333,777.5833333333334,388.0,440.8,165.33333333333334,3598.0000000000005,31.750407511717007,31.38097040069889,31.719211438216654,29.80981520449232,29.599001599999998,-96.39338509336224,-96.16207470509906,-96.30284891405954,-95.37402751597116,-95.3688527
TX,Dallas / Houston,2021-02-10,2007.1666666666667,1435.0,145.33333333333334,0.0,608.5,4196.0,31.338207277801235,31.64121672162618,32.051256677172745,,29.599104745112417,-96.17019696422915,-96.31074309569779,-96.28663393706574,,-95.36744540101678
TX,Dallas / Houston,2021-02-12,2483.965909090909,1273.9431818181818,468.5454545454545,2034.5454545454545,0.0,6261.0,32.25594936539892,31.39954878001776,29.835154081236933,32.497537987349986,,-96.63282606797596,-96.15783874092881,-95.28071651979774,-96.86506303872937,
TX,Dallas / Houston,2021-02-13,8895.75,4497.25,1678.0,1678.0,0.0,16749.0,31.974471235200923,31.378523097158368,31.52185506931704,31.490550201008055,,-96.46725842149206,-96.16555418296352,-96.04541816989997,-96.09824725732817,
TX,Dallas / Houston,2021-02-14,2004.6666666666665,934.1666666666666,295.16666666666663,142.0,284.0,3659.9999999999995,30.83013532778195,31.33082854968213,29.780502271808523,29.614625620318147,29.58844133738655,-95.852981277908,-96.14264903514808,-95.29330022172816,-95.38417024002926,-95.39288118813403
TX,Dallas / Houston,2021-02-15,0.0,200.0,400.0,0.0,0.0,600.0,,32.8121566450693,29.70042457823349,,,,-96.7304382060765,-95.29645836346513,,
TX,Dallas / Houston,2021-02-16,555.1,85.4,106.75,0.0,106.75,854.0,31.650427521460628,32.82921245543902,29.701784515840558,,29.579982746181862,-96.27698492612335,-96.7084785486381,-95.29394779015652,,-95.3987360698811
TX,Dallas / Houston,2021-02-17,111.33333333333333,66.33333333333333,66.33333333333333,137.0,0.0,381.0,31.819423510962185,30.771593704145257,30.77866811816102,29.626839978434553,,-96.42604077449072,-95.89424685033305,-95.8140839004554,-95.3887735244042,
TX,Dallas / Houston,2021-02-18,96.16666666666666,45.83333333333333,17.333333333333332,17.333333333333332,17.333333333333332,194.00000000000003,30.565156585648722,31.459119591966065,32.6035858445378,29.902827660580733,29.578569825867127,-95.83677626545963,-96.19054578032902,-96.78900617984895,-95.33286094132104,-95.39877738673334
TX,Dallas / Houston,2021-02-19,0.0,5352.0,0.0,0.0,0.0,5352.0,,29.737837785869385,,,,,-95.31530606513928,,,
TX,Dallas / Houston,2021-02-20,4149.375,1525.625,276.6666666666667,276.6666666666667,46.666666666666664,6275.000000000001,31.579053620321844,32.002335454156366,30.30224292262006,29.796479048672367,29.57856982586713,-96.3052678201803,-96.47410758448902,-95.53025789393764,-95.37701785685665,-95.39877738673336
TX,Dallas / Houston,2021-02-21,2102.333333333333,600.6666666666666,1057.0,0.0,901.0,4661.0,31.46711858982271,32.605646671949536,29.82041314500975,,29.599104745112413,-96.18642197137636,-96.82371279490332,-95.33376108363832,,-95.36744540101677
TX,Dallas / Houston,2021-02-22,1243.3333333333333,2486.6666666666665,0.0,0.0,0.0,3730.0,31.20787270544992,31.2611288817481,,,,-96.22768779469617,-96.10857854779199,,,
TX,Dallas / Houston,2021-02-24,1949.0666666666666,752.2666666666667,539.3333333333333,360.0,680.3333333333333,4280.999999999999,31.553620132560184,31.704220243742103,31.13965760613591,29.626839978434553,29.580447259234905,-96.24431214371661,-96.23005060393433,-96.0344270833567,-95.38877352440419,-95.39590721962918
TX,Dallas / Houston,2021-02-25,1032.8666666666666,278.6666666666667,558.3333333333334,502.8,139.33333333333334,2512.0000000000005,31.388480175625972,31.2463680518495,32.60371619670534,29.82348109068525,29.580245261347233,-96.27904286502788,-96.03533878204992,-96.78622640675171,-95.3693502285139,-95.39563538455086
TX,Dallas / Houston,2021-02-26,1428.0,408.0,0.0,301.0,612.0,2749.0,31.467118589822704,32.605646671949536,,29.626839978434553,29.599104745112413,-96.18642197137633,-96.82371279490332,,-95.3887735244042,-95.36744540101678
TX,Dallas / Houston,2021-02-27,2018.0,1513.5,0.0,0.0,504.5,4036.0,31.322629799237017,31.713036592461002,,,29.580022606557502,-96.157502380025,-96.29172255315117,,,-95.39784655158356
TX,Dallas / Houston,2021-02-28,806.4,7399.2,0.0,0.0,358.4,8564.0,31.491612438929707,29.881456571972194,,,29.580976493647356,-96.24245729132171,-95.38948639896807,,,-95.39402713061827
TX,Dallas / Houston,2021-03-01,1448.5,1277.0,71.25,0.0,71.25,2868.0,30.430893111888032,31.26417264054501,32.60489193795817,,29.57849330631566,-95.80374364451947,-96.10158190994943,-96.78611703125613,,-95.40381472897492
TX,Dallas / Houston,2021-03-02,1457.0,740.0,0.0,0.0,1457.0,3654.0,32.6178663,32.65791666880418,,,29.583429299141805,-96.824437,-96.89203457673513,,,-95.38754710700924
TX,Dallas / Houston,2021-03-03,1119.5,0.0,2239.0,559.75,559.75,4478.0,29.761982991206477,,32.605256662083185,29.902854063905387,29.576595677410115,-95.47525473489691,,-96.78893553016783,-95.33106466427998,-95.40570521966522
TX,Dallas / Houston,2021-03-04,2048.0,1707.5,686.0,686.0,340.5,5468.0,30.802059088037062,30.97024575534046,32.77712609201614,32.76747824487442,29.580022606557502,-95.85282337007429,-95.9655322453906,-96.61893154920664,-96.62837754717668,-95.39784655158356
TX,Dallas / Houston,2021-03-05,1762.0,0.0,881.0,881.0,0.0,3524.0,32.843147242202804,,29.703626880599472,29.9335,,-96.91737347178238,,-95.29607189455244,-95.37760000000002,
TX,Dallas / Houston,2021-03-06,5461.9,1355.6,1542.25,609.0,933.25,9902.0,31.440593927079906,31.49717901828638,30.916168059293913,32.76747824487442,29.57998274618186,-96.16224305638973,-96.15650354384881,-95.81715421535446,-96.62837754717668,-95.3987360698811
TX,Dallas / Houston,2021-03-07,2299.6666666666665,4009.666666666667,2874.0,204.0,206.66666666666666,9594.0,31.36623584379891,31.338831060755137,31.251232603526386,29.626839978434553,29.599001599999998,-96.23845366086385,-96.13245047977283,-95.96439392169152,-95.3887735244042,-95.3688527
TX,Dallas / Houston,2021-03-08,2236.5,639.0,0.0,0.0,958.5,3834.0,31.46711858982271,32.605646671949536,,,29.599104745112417,-96.18642197137636,-96.82371279490332,,,-95.36744540101678
TX,Dallas / Houston,2021-03-09,3170.5,2031.0,4278.5,1061.75,2077.25,12619.0,30.747384158917583,31.280298171748637,32.5844074517517,29.90285406390539,29.57822450521852,-95.93705485296567,-96.07902630721746,-96.77745297138105,-95.33106466427998,-95.40143995781905
TX,Dallas / Houston,2021-03-11,1966.5,778.0,2134.75,335.0,438.75,5653.0,31.06831033377055,30.573392367191143,31.68791627152428,29.90285406390539,29.57704440447325,-96.05539597257427,-95.67630581502463,-96.28370674479717,-95.33106466427998,-95.40525818055612
TX,Dallas / Houston,2021-03-12,0.0,0.0,0.0,1609.0,0.0,1609.0,,,,32.80185656982824,,,,,-97.03038559547744,
TX,Dallas / Houston,2021-03-13,0.0,315.0,0.0,0.0,0.0,315.0,,29.697860499409547,,,,,-95.29660252645712,,,
TX,Dallas / Houston,2021-03-14,310.0,1503.0,1038.0,0.0,155.0,3006.0,31.21017003976599,32.17797065403618,30.13492726430045,,29.57849330631566,-96.22791635029576,-96.46098385241112,-95.51902665917548,,-95.40381472897492
TX,Dallas / Houston,2021-03-15,1472.5,1167.0,305.5,1723.0,0.0,4668.0,32.668624049118094,31.940269377983483,29.835038096366866,29.938236000000003,,-96.75010099785115,-96.47582175759098,-95.28525435202806,-95.384105,
TX,Dallas / Houston,2021-03-16,1482.1,338.8,2093.0,523.25,716.85,5154.0,30.27033370129908,31.859571399808306,32.605256662083185,29.90285406390539,29.577778806409945,-95.70074116197918,-96.40610750084565,-96.78893553016783,-95.33106466427998,-95.40255131293509
TX,Dallas / Houston,2021-03-17,2208.5190476190473,3782.9380952380952,328.95238095238096,328.95238095238096,889.6380952380952,7538.999999999999,31.660506324255525,30.789202836539925,30.271742918363078,29.671281435413196,29.5852367338017,-96.36695257618669,-95.85898249305609,-95.58700925968913,-95.37408366972733,-95.39369156806899
TX,Dallas / Houston,2021-03-18,360.33333333333337,5204.833333333333,269.83333333333337,0.0,0.0,5834.999999999999,31.289286307665463,29.707737917898896,29.88038457698238,,,-96.0730552915141,-95.30257782090207,-95.3053379066118,,
TX,Dallas / Houston,2021-03-19,716.0,0.0,716.0,0.0,0.0,1432.0,32.704629464818915,,32.60402323571779,,,-96.83053961865276,,-96.78506925203328,,
TX,Dallas / Houston,2021-03-20,2506.0,1390.0,128.0,0.0,0.0,4024.0,30.487655015576916,32.71028113532967,29.700132651970964,,,-95.82450439380852,-96.71206698022472,-95.2960702099269,,
TX,Dallas / Houston,2021-03-21,3600.0,2190.0,2699.0,352.0,0.0,8841.0,32.79268850267168,31.885547971105332,29.794223172698707,29.933499999999995,,-96.84206607009973,-96.29198225497774,-95.31157865322865,-95.37760000000002,
TX,Dallas / Houston,2021-03-22,107.66666666666667,107.66666666666667,1049.6666666666667,0.0,0.0,1265.0,29.947983040216304,29.863201178796324,29.78484864030013,,,-95.3325095912778,-95.45846582346056,-95.23744208367204,,
TX,Dallas / Houston,2021-03-23,3139.333333333333,2722.833333333333,1088.6666666666667,880.0,801.1666666666666,8632.0,30.796592246329688,30.924457273813736,32.743680256291285,32.76747824487442,29.58424989610858,-95.84962240181721,-95.93614397448749,-96.65130508358351,-96.62837754717668,-95.3909012866788
TX,Dallas / Houston,2021-03-24,4029.5,6285.0,1774.0,1774.0,711.5,14574.0,30.861650608837717,30.871167271026597,32.77712609201614,32.76747824487442,29.579927516469706,-95.91792754979143,-95.92441261104345,-96.61893154920664,-96.62837754717668,-95.39698043860177
TX,Dallas / Houston,2021-03-25,1191.6,926.8,0.0,0.0,529.6,2647.9999999999995,31.491612438929707,31.859571399808306,,,29.580976493647356,-96.24245729132173,-96.40610750084566,,,-95.39402713061827
TX,Dallas / Houston,2021-03-26,1796.0,1347.0,0.0,495.0,449.0,4087.0,31.322629799237017,31.713036592461002,,29.626839978434553,29.580022606557502,-96.157502380025,-96.29172255315117,,-95.38877352440421,-95.39784655158354
TX,Dallas / Houston,2021-03-27,1024.0,1024.0,1024.0,1024.0,0.0,4096.0,29.768506159969505,29.864180390736035,32.77712609201614,32.76747824487442,,-95.2479067351576,-95.47981300431564,-96.61893154920664,-96.62837754717668,
TX,Dallas / Houston,2021-03-28,0.0,2740.0,0.0,0.0,0.0,2740.0,,29.696802881646033,,,,,-95.29807773711882,,,
TX,Dallas / Houston,2021-03-29,2187.0476190476193,4194.285714285714,629.3333333333334,821.6666666666667,314.6666666666667,8147.0,30.998148966868538,31.827829469204755,29.770430938914142,29.626604465395115,29.581770261158177,-96.03186192399109,-96.3765162787506,-95.38493284703843,-95.38857226881085,-95.3887175155896
TX,Dallas / Houston,2021-03-30,0.0,0.0,0.0,0.0,0.0,0.0,,,,,,,,,,
TX,Dallas / Houston,2021-03-31,1464.0,2525.3333333333335,1066.0,464.3333333333333,464.3333333333333,5984.0,30.62736506324039,32.57400995456608,29.78754447538811,29.626225,29.581770261158184,-95.71202948691536,-96.72990169240892,-95.37598430004543,-95.388248,-95.3887175155896
TX,Dallas / Houston,2021-04-01,13420.0,279.0,279.0,305.0,0.0,14283.0,29.798778340236876,29.903562731078505,29.835038096366873,29.62683997843455,,-95.51366720822631,-95.41447098281671,-95.28525435202806,-95.3887735244042,
TX,Dallas / Houston,2021-04-02,1923.75,0.0,641.25,0.0,0.0,2565.0,32.755090002646114,,32.604716236664274,,,-96.80155716007647,,-96.7892372687652,,
TX,Dallas / Houston,2021-04-03,1905.0,2192.0,2262.0,436.5,952.5,7748.0,30.593836845330273,30.426342688055694,32.60465764205293,29.90285406390539,29.578572774850066,-95.84505488128572,-95.64518238965937,-96.78868389892153,-95.33106466427998,-95.4002500648946
TX,Dallas / Houston,2021-04-04,3794.3809523809523,2773.3690476190477,2699.3333333333335,797.1666666666666,1361.75,11426.0,30.716444785713414,32.11483644107141,32.09136135934026,29.817950976760688,29.580191265429708,-95.86174607952897,-96.49685116436376,-96.53441886693814,-95.34861539328625,-95.39749276116716
TX,Dallas / Houston,2021-04-05,1856.0,401.0,0.0,0.0,0.0,2257.0,32.161296302440704,29.77154526987888,,,,-96.598809862244,-95.21795045027464,,,
TX,Dallas / Houston,2021-04-06,3703.7,569.8,712.25,313.0,712.25,6011.0,31.650427521460625,32.82921245543902,29.70178451584056,29.626839978434553,29.579982746181862,-96.27698492612335,-96.7084785486381,-95.29394779015652,-95.3887735244042,-95.3987360698811
TX,Dallas / Houston,2021-04-07,482.0,964.0,241.0,0.0,241.0,1928.0,31.21017003976599,31.274767057129342,32.60489193795817,,29.57849330631566,-96.22791635029577,-96.07722870033604,-96.78611703125613,,-95.40381472897492
TX,Dallas / Houston,2021-04-08,0.0,2071.0,2917.0,0.0,0.0,4988.0,,32.60552317497642,29.806243325986735,,,,-96.8242955792686,-95.31486429829964,,
TX,Dallas / Houston,2021-04-09,337.3333333333333,337.3333333333333,168.66666666666666,0.0,168.66666666666666,1011.9999999999999,31.297527169603594,31.2463680518495,32.6026307254389,,29.580245261347233,-96.15788000512043,-96.03533878204992,-96.78783244900674,,-95.39563538455086
TX,Dallas / Houston,2021-04-10,1222.3809523809523,2200.285714285714,855.6666666666666,427.8333333333333,427.8333333333333,5133.999999999999,30.697693051553443,32.729907946695775,29.77043093891414,29.626225000000005,29.581770261158184,-95.75131647108691,-96.803021678172,-95.38493284703843,-95.388248,-95.38871751558959
TX,Dallas / Houston,2021-04-11,6172.5,642.5,2726.5,246.0,1339.5,11127.0,32.119999655831485,30.933370648823235,30.009903577232134,29.626839978434557,29.58080622008871,-96.53886981368662,-95.89130130401472,-95.36089562570326,-95.3887735244042,-95.39170383151165
TX,Dallas / Houston,2021-04-12,347.6666666666667,1831.6666666666667,1484.0,0.0,347.6666666666667,4011.0,29.76977606189995,32.252581203925146,29.701354756466987,,29.5990016,-95.21289268508092,-96.4889524472029,-95.2966042269303,,-95.36885270000002
TX,Dallas / Houston,2021-04-13,1246.0,2492.0,0.0,0.0,0.0,3738.0,31.20787270544992,31.261128881748096,,,,-96.22768779469618,-96.10857854779199,,,
TX,Dallas / Houston,2021-04-14,1466.0,0.0,0.0,0.0,0.0,1466.0,29.771886193418663,,,,,-95.21129967648542,,,,
TX,Dallas / Houston,2021-04-16,10298.5,257.0,2279.0,569.75,569.75,13974.0,32.57258669420885,29.697860499409543,32.605256662083185,29.902854063905387,29.576595677410115,-96.69154728828406,-95.29660252645712,-96.78893553016783,-95.33106466427998,-95.40570521966522
TX,Dallas / Houston,2021-04-17,2073.0,1667.5,2073.0,1667.5,0.0,7481.0,30.342841905322345,29.864180390736035,32.74326540304895,32.76747824487442,,-95.55748591231983,-95.47981300431564,-96.65142978292405,-96.62837754717668,
TX,Dallas / Houston,2021-04-18,0.0,0.0,0.0,162.0,0.0,162.0,,,,29.626839978434553,,,,,-95.3887735244042,
TX,Dallas / Houston,2021-04-19,3361.8142857142857,2629.9285714285716,799.7142857142858,909.1142857142856,505.42857142857144,8206.0,32.207216723582114,32.18605424635721,31.686744008250976,29.76542374647591,29.58844133738655,-96.607508150982,-96.4840976086941,-96.31396111626415,-95.37346987406697,-95.39288118813403
TX,Dallas / Houston,2021-04-20,976.0,488.0,488.0,0.0,0.0,1952.0,32.61823871629833,29.903562731078505,29.83503809636687,,,-96.8067819705696,-95.41447098281671,-95.28525435202806,,
TX,Dallas / Houston,2021-04-21,3628.3333333333335,3488.666666666667,41.666666666666664,41.666666666666664,2002.6666666666667,9203.0,31.768200329220903,30.694295567043863,32.6035858445378,29.902827660580726,29.583328194920878,-96.43947051468902,-95.8147931369392,-96.78900617984895,-95.33286094132104,-95.38778075963332
TX,Dallas / Houston,2021-04-22,1347.2380952380952,2319.4285714285716,850.6666666666666,425.3333333333333,557.3333333333333,5500.0,30.606777390047732,32.56681078640312,29.77043093891414,29.626225000000005,29.58585136772598,-95.69856266312674,-96.72648603096265,-95.38493284703843,-95.388248,-95.3840126908447
TX,Dallas / Houston,2021-04-23,256.6666666666667,1282.3333333333333,51.333333333333336,51.333333333333336,2184.3333333333335,3826.0,30.306375382892696,29.819119241913477,32.6035858445378,29.90282766058073,29.58091146228211,-95.72687113095016,-95.35910973666998,-96.78900617984895,-95.33286094132104,-95.3943272219385
TX,Dallas / Houston,2021-04-24,3182.0,1137.5,3439.0,1147.75,1509.75,10416.0,30.55694938570529,31.85957139980831,32.605256662083185,29.833595029607327,29.578481771501323,-95.82787376028072,-96.40610750084564,-96.78893553016783,-95.34554530180189,-95.40067739527012
TX,Dallas / Houston,2021-04-25,0.0,0.0,1460.0,0.0,0.0,1460.0,,,29.771313740784112,,,,,-95.22852347472949,,
TX,Dallas / Houston,2021-04-26,1045.5,0.0,1239.0,309.75,309.75,2904.0,29.769507405693368,,32.605256662083185,29.90285406390539,29.57659567741011,-95.50145903803791,,-96.78893553016783,-95.33106466427998,-95.40570521966522
TX,Dallas / Houston,2021-04-27,4682.833333333333,1172.1666666666665,745.5,0.0,1262.5,7863.0,31.744135324598766,31.806553385968293,32.60402323571779,,29.599104745112413,-96.32983485864365,-96.37095767910655,-96.78506925203328,,-95.36744540101678
TX,Dallas / Houston,2021-04-28,1584.0,496.5,496.5,0.0,0.0,2577.0,32.741737106341816,29.903562731078505,29.83503809636687,,,-96.80539909702158,-95.41447098281671,-95.28525435202806,,
TX,Dallas / Houston,2021-04-29,5621.50909090909,2551.481818181818,2372.4545454545455,912.2045454545455,2213.35,13671.0,31.674474435495167,31.80278663531561,32.10851835911234,29.843176458296945,29.580007325319272,-96.35813136568277,-96.3616879929982,-96.51741486007894,-95.3566760265999,-95.39672341264313
TX,Dallas / Houston,2021-04-30,1830.5,7974.5,1830.5,1830.5,0.0,13466.0,29.768506159969505,29.73652897514922,32.77712609201614,32.76747824487442,,-95.2479067351576,-95.33731569605148,-96.61893154920664,-96.62837754717668,
TX,Dallas / Houston,2021-05-01,830.0,0.0,0.0,0.0,0.0,830.0,32.72104748257396,,,,,-96.83171465733713,,,,
TX,Dallas / Houston,2021-05-02,4676.666666666667,935.3333333333334,0.0,0.0,0.0,5612.0,31.01010465661071,32.60500810330275,,,,-96.02438311259816,-96.8255062105754,,,
TX,Dallas / Houston,2021-05-03,1901.0,1425.75,0.0,0.0,475.25,3802.0,31.322629799237014,31.713036592461002,,,29.580022606557502,-96.15750238002498,-96.29172255315116,,,-95.39784655158356
TX,Dallas / Houston,2021-05-04,905.5,905.5,905.5,1286.5,0.0,4003.0,29.768506159969505,29.864180390736035,32.77712609201614,31.837370837557213,,-95.2479067351576,-95.47981300431564,-96.61893154920665,-96.26126590110104,
TX,Dallas / Houston,2021-05-05,830.8333333333333,581.5833333333333,581.5833333333333,0.0,0.0,1993.9999999999998,30.95071197515913,31.44586776358104,31.511666438661823,,,-96.01198472375495,-96.26692989027877,-96.22487113896588,,
TX,Dallas / Houston,2021-05-06,1641.6,0.0,912.0,1094.4,0.0,3648.0,31.42208607725892,,32.604077156919644,29.82348109068525,,-96.32381089777013,,-96.78569233701216,-95.36935022851388,
TX,Dallas / Houston,2021-05-07,1465.0,1025.5,1025.5,0.0,0.0,3516.0,30.950711975159127,31.445867763581035,31.511666438661823,,,-96.01198472375494,-96.26692989027876,-96.22487113896588,,
TX,Dallas / Houston,2021-05-08,0.0,235.0,0.0,0.0,0.0,235.0,,32.70634990171638,,,,,-96.85802821611784,,,
TX,Dallas / Houston,2021-05-09,4561.0,541.0,3712.0,928.0,928.0,10670.0,30.502208622629077,32.60500810330275,32.605256662083185,29.90285406390539,29.576595677410115,-95.80092723252504,-96.8255062105754,-96.78893553016783,-95.33106466427998,-95.40570521966522
TX,Dallas / Houston,2021-05-10,2502.443181818182,1702.7386363636365,1021.9090909090909,1021.9090909090909,0.0,6249.0,31.347420421504676,30.830071158953526,32.279363789794296,32.261128116979435,,-96.13193985229287,-95.91719819528565,-96.39151186463137,-96.41816089373626,
TX,Dallas / Houston,2021-05-11,3463.3295454545455,2285.215909090909,254.72727272727272,586.7272727272727,0.0,6590.0,32.38854896920224,32.257252728733725,29.835303779042555,29.69112060703854,,-96.66123788367244,-96.5128059313208,-95.27485969099912,-95.38755951540927,
TX,Dallas / Houston,2021-05-12,2308.0,1731.0,0.0,0.0,577.0,4616.0,31.322629799237017,31.713036592461002,,,29.580022606557502,-96.157502380025,-96.29172255315116,,,-95.39784655158356
TX,Dallas / Houston,2021-05-13,1394.6666666666665,3545.0,2428.6666666666665,469.66666666666663,652.0,8490.0,31.43651998905009,32.27375895329569,29.767860584634548,29.654141740999336,29.5905193331177,-96.24620792754716,-96.52332342489288,-95.33049375183292,-95.38010790990822,-95.38673867948657
TX,Dallas / Houston,2021-05-14,325.0,1437.0,1437.0,65.0,65.0,3329.0,30.3063753828927,32.80802935487477,29.8326317367903,29.90282766058073,29.57856982586713,-95.72687113095017,-96.7361401496105,-95.3641102303678,-95.33286094132104,-95.39877738673334
TX,Dallas / Houston,2021-05-15,782.1,608.3,0.0,204.0,347.6,1942.0,31.49161243892971,31.859571399808306,,29.626839978434553,29.580976493647356,-96.24245729132173,-96.40610750084566,,-95.3887735244042,-95.39402713061828
TX,Dallas / Houston,2021-05-16,180.0,36.0,36.0,36.0,36.0,324.0,30.306375382892696,32.720911783384025,32.6035858445378,29.902827660580733,29.578569825867127,-95.72687113095017,-96.85649501928172,-96.78900617984895,-95.33286094132104,-95.39877738673334
TX,Dallas / Houston,2021-05-17,1415.6666666666665,1571.3333333333333,420.0,0.0,0.0,3407.0,32.61796841607529,31.960076385784387,29.83503809636687,,,-96.79092099007192,-96.36523393891497,-95.28525435202808,,
TX,Dallas / Houston,2021-05-19,717.3333333333334,1434.6666666666667,0.0,0.0,0.0,2152.0,31.20787270544992,31.261128881748096,,,,-96.22768779469617,-96.10857854779199,,,
TX,Dallas / Houston,2021-05-20,9721.833333333334,3275.666666666667,1885.0,440.25,3042.25,18365.0,31.006437248816816,32.54680232014811,32.56881316174955,29.902854063905394,29.590518176900616,-96.02333402465212,-96.59401918144856,-96.7558928789505,-95.33106466427998,-95.38043396405205
TX,Dallas / Houston,2021-05-21,5310.704545454546,7909.840909090909,1913.7272727272727,1913.7272727272727,0.0,17048.0,31.475550735077327,31.077501147822453,32.167268480794974,32.147098842775904,,-96.20367993550487,-96.03970162575547,-96.34029729956445,-96.37082042496426,
TX,Dallas / Houston,2021-05-22,9891.583333333332,3969.0833333333335,4377.583333333333,476.0,2001.75,20716.0,30.798587272323157,32.465303976863574,32.43286343063881,29.90285406390539,29.581583308933258,-95.9561175986845,-96.52338282478476,-96.5983319156509,-95.33106466427998,-95.39355922198774
TX,Dallas / Houston,2021-05-23,2693.147727272727,1390.5795454545455,281.6363636363636,281.6363636363636,0.0,4647.0,32.15815176249295,31.79060079564596,29.835303779042555,29.77490106944459,,-96.58586782798693,-96.35215570021387,-95.27485969099912,-95.3859772310233,
TX,Dallas / Houston,2021-05-24,883.2,717.6,49.0,49.0,298.2,1997.0000000000002,31.288690612629054,31.54000449660926,32.6035858445378,29.90282766058073,29.580581031805536,-96.15181640529713,-96.23579441462957,-96.78900617984895,-95.33286094132104,-95.39480768913484
TX,Dallas / Houston,2021-05-25,1365.0,2647.666666666667,0.0,0.0,82.33333333333333,4095.0000000000005,31.121130368219916,31.217684774204045,,,29.599001599999998,-96.1664779309416,-96.08835342008851,,,-95.3688527
TX,Dallas / Houston,2021-05-26,2767.6401515151515,1517.844696969697,765.4242424242425,2422.090909090909,0.0,7472.999999999999,32.113468147505024,31.071029471480927,29.853675400357385,32.563044857115464,,-96.54995017196887,-96.00338615968413,-95.29088420808085,-96.90064996577799,
TX,Dallas / Houston,2021-05-27,12779.52380952381,773.1428571428571,603.6666666666667,150.33333333333334,150.33333333333334,14457.0,29.92976507439816,32.729907946695775,31.193051223649018,29.626224999999998,29.581770261158177,-95.56303743805623,-96.803021678172,-96.08979906423865,-95.388248,-95.3887175155896
TX,Dallas / Houston,2021-05-28,3372.259090909091,974.9318181818182,1021.9545454545455,1186.8545454545454,0.0,6556.0,31.83421607012557,31.79060079564596,32.0691151165559,29.81539893264071,,-96.47053899955164,-96.35215570021386,-96.4937803584381,-95.37211642866481,
TX,Dallas / Houston,2021-05-30,1700.6,1503.8,815.0,815.0,393.6,5228.0,30.66582647082871,30.778148556083142,32.77712609201614,32.76747824487442,29.58097649364736,-95.76582627681286,-95.90409259549125,-96.61893154920664,-96.62837754717668,-95.39402713061827
TX,Dallas / Houston,2021-05-31,568.0,2679.0,284.0,282.0,284.0,4097.0,31.297527169603597,30.02637312297518,32.6026307254389,29.62683997843455,29.58024526134723,-96.15788000512042,-95.45328054356266,-96.78783244900674,-95.3887735244042,-95.39563538455086
TX,Dallas / Houston,2021-06-01,4014.6136363636365,2543.022727272727,1290.1818181818182,1290.1818181818182,0.0,9138.0,31.57958163444529,31.054279954510346,32.051620307390465,32.02945540707817,,-96.26192677162959,-96.01872686714857,-96.28745948721915,-96.32197949851991,
TX,Dallas / Houston,2021-06-02,5463.666666666667,2349.3333333333335,685.0,1038.0,1078.0,10614.0,31.93578073470726,30.499886882676613,32.604077156919644,29.782561552875855,29.596315815035627,-96.48699638692953,-95.63321627062012,-96.78569233701216,-95.37339207043324,-95.37121996893137
TX,Dallas / Houston,2021-06-04,5182.761363636364,4579.602272727273,606.3181818181818,766.8181818181818,1084.5,12220.0,32.20139653668427,31.503713821693562,30.742027783089675,29.705583553333312,29.57966500774165,-96.61493776172229,-96.19880672349707,-95.76962397654545,-95.38728636707087,-95.39823134375536
TX,Dallas / Houston,2021-06-05,304.5,609.0,152.25,0.0,152.25,1218.0,31.210170039765988,31.274767057129345,32.60489193795817,,29.578493306315657,-96.22791635029576,-96.07722870033604,-96.78611703125613,,-95.40381472897492
TX,Dallas / Houston,2021-06-07,236.0,472.0,118.0,0.0,118.0,944.0,31.210170039765988,31.274767057129342,32.60489193795817,,29.57849330631566,-96.22791635029577,-96.07722870033602,-96.78611703125613,,-95.40381472897492
TX,Dallas / Houston,2021-06-09,1003.0,1003.0,1003.0,1003.0,0.0,4012.0,29.768506159969505,29.864180390736035,32.77712609201614,32.76747824487442,,-95.2479067351576,-95.47981300431564,-96.61893154920664,-96.62837754717668,
TX,Dallas / Houston,2021-06-10,1591.5,1591.5,1591.5,1591.5,0.0,6366.0,29.768506159969505,29.864180390736035,32.77712609201614,32.76747824487442,,-95.2479067351576,-95.47981300431564,-96.61893154920664,-96.62837754717668,
TX,Dallas / Houston,2021-06-11,3045.0,3970.0,0.0,0.0,1007.0,8022.0,31.88807884460533,29.69849741326255,,,29.580920680883597,-96.39187409341201,-95.29486105367232,,,-95.39090161799264
TX,Dallas / Houston,2021-06-12,4166.0,5242.0,257.0,0.0,0.0,9665.0,30.323986562337137,29.69849741326255,32.604716236664274,,,-95.50560801058258,-95.29486105367232,-96.7892372687652,,
TX,Dallas / Houston,2021-06-13,3079.5,1208.5,6300.0,2417.0,0.0,13005.0,30.951773864838174,32.662514161070504,31.251232603526386,29.938235999999996,,-95.95408276143186,-96.85219164928401,-95.96439392169152,-95.384105,
TX,Dallas / Houston,2021-06-14,588.0,385.0,0.0,0.0,0.0,973.0,29.78017768964186,29.697860499409543,,,,-95.56030964657609,-95.29660252645712,,,
TX,Dallas / Houston,2021-06-15,11517.0,1178.5,1580.0,1019.5,0.0,15295.0,30.179066364677265,30.263935562055735,32.715964241430875,32.76747824487442,,-95.65431528089074,-95.64573293088915,-96.6793469642779,-96.62837754717668,
TX,Dallas / Houston,2021-06-16,2393.0,260.5,260.5,0.0,0.0,2914.0,32.857456857528106,29.903562731078505,29.83503809636687,,,-96.8318365999694,-95.41447098281671,-95.28525435202806,,
TX,Dallas / Houston,2021-06-17,3172.7,1752.5,2541.5,2699.3,0.0,10166.0,30.508700378942123,29.864180390736035,32.72340364079004,31.734848857408664,,-95.72951517331512,-95.47981300431563,-96.67070186656983,-96.18676414173454,
TX,Dallas / Houston,2021-06-18,7270.340909090909,4338.818181818182,498.54545454545456,498.54545454545456,3670.75,16277.0,31.870502049751884,31.757041564922915,29.835303779042555,29.774901069444585,29.580806687447158,-96.43839211403409,-96.32600845905985,-95.27485969099912,-95.3859772310233,-95.39483831765588
TX,Dallas / Houston,2021-06-19,2855.7,2221.1,0.0,0.0,1269.2,6345.999999999999,31.491612438929714,31.859571399808306,,,29.580976493647356,-96.24245729132174,-96.40610750084566,,,-95.39402713061827
TX,Dallas / Houston,2021-06-20,2635.3333333333335,5332.333333333334,5516.333333333334,0.0,542.0,14026.000000000002,31.546635032010542,30.072298724158077,31.250272074701734,,29.58076332998791,-96.24347896912627,-95.47981280559583,-95.96888273536318,,-95.39449595741043
TX,Dallas / Houston,2021-06-21,1020.5,0.0,2041.0,510.25,510.25,4082.0,29.76198299120648,,32.605256662083185,29.90285406390539,29.576595677410115,-95.47525473489691,,-96.78893553016783,-95.33106466427998,-95.40570521966522
TX,Dallas / Houston,2021-06-22,422.1,328.3,0.0,0.0,187.6,938.0000000000001,31.49161243892971,31.859571399808303,,,29.580976493647356,-96.24245729132173,-96.40610750084565,,,-95.39402713061826
TX,Dallas / Houston,2021-06-23,147.0,147.0,1291.0,261.0,147.0,1993.0,29.76977606189995,29.864057844410503,32.765150251901524,29.626839978434553,29.5990016,-95.21289268508092,-95.4581810200646,-96.58533198139617,-95.3887735244042,-95.3688527
TX,Dallas / Houston,2021-06-24,3184.0,1523.0,1620.0,405.0,405.0,7137.0,29.7974107967001,29.69680288164603,32.605256662083185,29.902854063905394,29.576595677410115,-95.2930161602092,-95.29807773711882,-96.78893553016785,-95.33106466427998,-95.40570521966522
TX,Dallas / Houston,2021-06-25,17424.5,4073.0,4550.0,983.0,1278.5,28309.0,30.249689849740676,31.94391257912366,30.737459322324312,32.76747824487442,29.580920680883597,-95.68825301584502,-96.49981083309163,-95.74548698368606,-96.62837754717668,-95.39090161799264
TX,Dallas / Houston,2021-06-26,1363.0,425.0,1940.0,44.0,2484.0,6256.0,31.596643721376665,30.07689145010059,32.76148590451802,29.90282766058073,29.5809253402253,-96.27411951856864,-95.38758800565421,-96.58995139620643,-95.33286094132104,-95.39430084759027
TX,Dallas / Houston,2021-06-27,4231.5,5403.0,393.5,0.0,1772.0,11800.0,32.65714272654822,30.841772432877654,32.60478098047015,,29.579810157286673,-96.82638123996512,-95.82991084089193,-96.78808749890798,,-95.39753967793817
TX,Dallas / Houston,2021-06-28,1833.1333333333332,1820.3333333333333,1152.0,1045.2,156.33333333333334,6006.999999999999,31.12769991692741,30.944138952693844,31.807548695704043,29.774941665732438,29.58024526134723,-96.11182791624104,-95.96483601907786,-96.35248927487443,-95.37414472749944,-95.39563538455086
TX,Dallas / Houston,2021-06-30,9152.666666666666,5434.5,1947.8333333333333,0.0,1275.0,17810.0,31.974942733256814,30.886702246382765,30.03225443281233,,29.580726274205947,-96.48903991718385,-95.90983889600965,-95.3743648823985,,-95.39240499185232
TX,Dallas / Houston,2021-07-01,1289.4,1116.2,0.0,0.0,550.4,2956.0000000000005,31.548345889434383,31.69949058049539,,,29.580976493647356,-96.26606910893591,-96.32104275221494,,,-95.39402713061827
TX,Dallas / Houston,2021-07-02,3385.6704545454545,2343.784090909091,225.27272727272728,2688.2727272727275,0.0,8643.0,32.356828481008726,32.248732290643794,29.835303779042555,29.924548807888936,,-96.63098361031975,-96.6148907676923,-95.27485969099912,-95.38426188980675,
TX,Dallas / Houston,2021-07-03,629.6666666666666,629.6666666666666,124.33333333333333,282.0,124.33333333333333,1789.9999999999998,32.287771275456365,32.202868181886444,32.6026307254389,29.62683997843455,29.580245261347237,-96.57050584397614,-96.44332405189937,-96.78783244900674,-95.3887735244042,-95.39563538455086
TX,Dallas / Houston,2021-07-04,604.0,0.0,604.0,0.0,0.0,1208.0,32.704629464818915,,32.60402323571779,,,-96.83053961865276,,-96.78506925203328,,
TX,Dallas / Houston,2021-07-05,2627.6742424242425,2042.901515151515,1069.878787878788,138.54545454545453,0.0,5879.000000000001,31.53238339421388,31.140322601033755,31.189788547112286,29.77490106944459,,-96.28873798084176,-96.06178010941777,-96.0418286232508,-95.3859772310233,
TX,Dallas / Houston,2021-07-06,7682.666666666667,2685.8333333333335,0.0,0.0,943.5,11312.0,30.961934079093457,32.56514882579093,,,29.58313933882349,-96.0212151625768,-96.582041149061,,,-95.38976994137528
TX,Dallas / Houston,2021-07-07,4984.520454545454,1711.4340909090909,1213.0227272727273,149.27272727272728,446.75,8505.0,32.03542242695808,31.327186701675917,29.785994185989118,29.77490106944459,29.57998274618186,-96.49659989911997,-96.08851616714395,-95.2871769492149,-95.3859772310233,-95.3987360698811
TX,Dallas / Houston,2021-07-08,0.0,0.0,2974.0,0.0,0.0,2974.0,,,29.6979446,,,,,-95.2996966,,
TX,Dallas / Houston,2021-07-09,879.75,2020.0,2313.25,339.0,0.0,5552.0,32.755090002646114,32.8121566450693,30.06941300960342,29.62683997843455,,-96.80155716007647,-96.73043820607651,-95.48582486435299,-95.3887735244042,
TX,Dallas / Houston,2021-07-10,0.0,2848.0,2848.0,0.0,0.0,5696.0,,32.8121566450693,29.701354756466984,,,,-96.73043820607651,-95.29660422693027,,
TX,Dallas / Houston,2021-07-11,2528.0,284.0,1884.0,0.0,0.0,4696.0,30.80177922576436,29.9035627310785,32.3509090198836,,,-95.95215539050882,-95.41447098281671,-96.42641157546616,,
TX,Dallas / Houston,2021-07-12,2047.3333333333335,3346.3333333333335,1444.3333333333335,656.0,0.0,7494.0,31.463413606113253,30.617738336327324,31.180056628421767,32.76747824487442,,-96.17383473739196,-95.81550690801036,-95.89487316054591,-96.62837754717668,
TX,Dallas / Houston,2021-07-14,17488.6,1153.4,1270.5,260.0,1407.5,21580.0,30.422888976333603,32.47701358105814,29.70178451584056,29.626839978434553,29.58183395966185,-95.76519874083814,-96.55996913177094,-95.29394779015652,-95.3887735244042,-95.3958273511076
TX,Dallas / Houston,2021-07-16,0.0,0.0,4980.0,0.0,0.0,4980.0,,,29.73829762743126,,,,,-95.26055138110121,,
TX,Dallas / Houston,2021-07-17,1934.0,1700.5,100.0,290.0,533.5,4558.0,31.311000041277246,31.609944670007216,32.60489193795817,29.626839978434553,29.579735952341597,-96.16478407291753,-96.241268250813,-96.78611703125613,-95.3887735244042,-95.39896523525579
TX,Dallas / Houston,2021-07-18,3030.0,827.3333333333333,138.33333333333334,0.0,138.33333333333334,4134.0,31.036348956476946,32.15066836006899,32.6026307254389,,29.580245261347233,-96.03657259783397,-96.56126810998066,-96.78783244900674,,-95.39563538455086
TX,Dallas / Houston,2021-07-19,5241.556818181818,1753.2613636363635,2201.090909090909,355.09090909090907,0.0,9551.000000000002,31.283184290929256,31.79060079564596,32.319603767817284,29.77490106944459,,-96.1884047511054,-96.35215570021387,-96.41051567413905,-95.38597723102332,
TX,Dallas / Houston,2021-07-20,0.0,8190.0,0.0,0.0,0.0,8190.0,,30.385124993191877,,,,,-95.66547925475604,,,
TX,Dallas / Houston,2021-07-21,1991.4772727272727,1013.2954545454545,570.8636363636364,112.36363636363636,0.0,3688.0,32.37000441198955,30.936746227639148,29.835090390942412,29.77490106944459,,-96.68759043939835,-95.92786835046014,-95.2832083609409,-95.3859772310233,
TX,Dallas / Houston,2021-07-22,1950.3,0.0,1083.5,1300.2,0.0,4334.0,31.422086077258918,,32.604077156919644,29.823481090685252,,-96.32381089777013,,-96.78569233701216,-95.36935022851388,
TX,Dallas / Houston,2021-07-23,2975.318181818182,1516.8636363636365,780.9090909090909,186.9090909090909,0.0,5460.0,32.34185759417875,31.051641416910908,29.83510168700496,29.77490106944459,,-96.67407553733106,-95.98496071393998,-95.28276640987725,-95.3859772310233,
TX,Dallas / Houston,2021-07-24,2123.0,1592.25,0.0,0.0,530.75,4246.0,31.322629799237017,31.713036592461,,,29.580022606557502,-96.157502380025,-96.29172255315116,,,-95.39784655158356
TX,Dallas / Houston,2021-07-25,1022.1904761904761,803.1428571428571,888.3333333333333,156.16666666666666,156.16666666666666,3025.9999999999995,31.828593212499086,32.729907946695775,31.60774706982473,29.626225,29.581770261158177,-96.35945413963049,-96.80302167817202,-96.29278864735029,-95.388248,-95.3887175155896
TX,Dallas / Houston,2021-07-26,0.0,0.0,0.0,0.0,98.0,98.0,,,,,29.58172632532757,,,,,-95.39096554097016
TX,Dallas / Houston,2021-07-27,130.0,130.0,0.0,0.0,130.0,390.0,29.76977606189995,29.864057844410507,,,29.5990016,-95.21289268508092,-95.4581810200646,,,-95.3688527
TX,Dallas / Houston,2021-07-28,356.5,713.0,178.25,0.0,178.25,1426.0,31.210170039765988,31.27476705712934,32.60489193795817,,29.57849330631566,-96.22791635029577,-96.07722870033604,-96.78611703125611,,-95.40381472897492
TX,Dallas / Houston,2021-07-29,8427.166666666666,5501.333333333333,3127.0,0.0,1503.5,18559.0,31.589546052531865,31.931912434622802,29.74102129922179,,29.579927516469706,-96.32792420547844,-96.39408586141967,-95.2580026363796,,-95.39698043860176
TX,Dallas / Houston,2021-07-31,0.0,0.0,1679.0,0.0,0.0,1679.0,,,29.82041314500975,,,,,-95.33376108363832,,
TX,Dallas / Houston,2021-08-01,1113.3333333333333,779.3333333333333,779.3333333333333,422.0,0.0,3094.0,30.95071197515913,31.445867763581035,31.51166643866182,29.626839978434553,,-96.01198472375495,-96.26692989027877,-96.2248711389659,-95.3887735244042,
TX,Dallas / Houston,2021-08-02,799.0,2924.0,1536.0,0.0,799.0,6058.0,32.030027772063924,31.874735632835122,29.8004549788629,,29.58494072991321,-96.468601242801,-96.4259333152778,-95.30714499342446,,-95.38958766625336
TX,Dallas / Houston,2021-08-03,403.6666666666667,1682.3333333333335,45.333333333333336,45.333333333333336,222.33333333333334,2399.0000000000005,30.071086993588697,31.08097249880388,32.6035858445378,29.90282766058073,29.594835601076355,-95.50150155641956,-96.04697518425212,-96.78900617984895,-95.33286094132104,-95.37495428530096
TX,Dallas / Houston,2021-08-04,4690.238095238095,4192.261904761905,4093.833333333333,1183.8333333333333,1183.8333333333333,15344.0,31.123519778361885,32.40512362845716,31.300796609642564,29.737762855537436,29.579812777986223,-96.03903452387895,-96.64452683619986,-96.12699089503035,-95.36530845319513,-95.39511456894624
TX,Dallas / Houston,2021-08-05,1506.3333333333335,2925.0,0.0,0.0,87.66666666666667,4519.000000000001,31.12417732654891,31.219256553221623,,,29.599001600000005,-96.16862802177543,-96.08908515180426,,,-95.36885270000002
TX,Dallas / Houston,2021-08-07,1167.5,2335.0,0.0,0.0,1167.5,4670.0,32.83589001168096,31.28029817174864,,,29.579927516469702,-96.91630718018847,-96.07902630721745,,,-95.39698043860176
TX,Dallas / Houston,2021-08-08,2444.7333333333336,1931.5333333333333,0.0,0.0,1161.7333333333333,5538.0,31.396296580475603,31.71975527729916,,,29.58307628510242,-96.1854635864686,-96.33969081096247,,,-95.3910944958108
TX,Dallas / Houston,2021-08-09,3731.4285714285716,3839.5714285714284,1543.0,347.0,1032.0,10493.0,31.156586115128135,32.185662144312055,29.797932489772972,29.626225,29.580610238482343,-96.04958009028417,-96.52936621389307,-95.35677676983381,-95.38824799999999,-95.39477700169024
TX,Dallas / Houston,2021-08-10,1143.6,1729.8,807.0,807.0,149.6,4637.0,30.275674377438907,30.10262178165308,32.77712609201614,32.76747824487442,29.580976493647356,-95.5406364633885,-95.5499955533543,-96.61893154920664,-96.62837754717668,-95.39402713061827
TX,Dallas / Houston,2021-08-11,0.0,0.0,0.0,0.0,0.0,0.0,,,,,,,,,,
TX,Dallas / Houston,2021-08-12,49.0,3505.0,0.0,0.0,0.0,3554.0,32.92596755815977,31.157204717493098,,,,-96.83941959782652,-96.08031579721604,,,
TX,Dallas / Houston,2021-08-13,1188.1666666666667,566.8333333333333,469.3333333333333,72.33333333333333,72.33333333333333,2369.0000000000005,31.92294676661012,30.398651785073326,30.261724787668783,29.902827660580726,29.57856982586713,-96.47896009026955,-95.6623111648641,-95.51701155844648,-95.33286094132104,-95.39877738673334
TX,Dallas / Houston,2021-08-14,2055.214285714286,1792.2857142857142,3875.5,348.5,348.5,8420.0,31.84570031475532,32.729907946695775,30.59953214277374,29.626225,29.58177026115818,-96.31386216257957,-96.80302167817202,-95.63740880330955,-95.388248,-95.38871751558962
TX,Dallas / Houston,2021-08-15,3029.840909090909,2315.068181818182,154.54545454545453,154.54545454545453,0.0,5654.000000000001,30.885963838147287,30.437582651265387,29.835303779042555,29.774901069444585,,-96.00762195429552,-95.59534517396071,-95.27485969099912,-95.3859772310233,
TX,Dallas / Houston,2021-08-16,3699.7619047619046,3603.690476190476,1338.2619047619048,817.4285714285714,1006.8571428571429,10466.0,32.031889566163656,31.393203234284016,30.300643348011164,29.619317539077297,29.58844133738655,-96.55360798505735,-96.1792565595049,-95.57728542416564,-95.38593850620474,-95.39288118813403
TX,Dallas / Houston,2021-08-17,178.0,89.0,89.0,203.0,0.0,559.0,32.61823871629833,29.903562731078505,29.83503809636687,29.626839978434553,,-96.80678197056959,-95.41447098281671,-95.28525435202806,-95.3887735244042,
TX,Dallas / Houston,2021-08-18,4642.142857142857,2734.857142857143,439.0,219.5,1022.5,9058.0,30.874231633485973,32.754536284160764,29.77043093891414,29.626225,29.5828454390215,-95.97204730895209,-96.68409296636484,-95.38493284703843,-95.388248,-95.38954401720906
TX,Dallas / Houston,2021-08-19,1260.3333333333333,1174.8333333333333,705.1666666666666,0.0,132.66666666666666,3272.9999999999995,32.02239067466756,30.142673351191828,30.3702333522483,,29.580245261347233,-96.49470883246359,-95.52649919592491,-95.57437015359838,,-95.39563538455086
TX,Dallas / Houston,2021-08-20,5691.033333333333,3093.5333333333333,10740.166666666666,1407.7,1151.5666666666666,22083.999999999996,31.599102555327686,30.702011126508097,31.553177241533742,29.84205990341242,29.579608915837333,-96.3448394077235,-95.74669865359684,-96.148062106997,-95.36038873571351,-95.39761952355907
TX,Dallas / Houston,2021-08-21,4571.666666666666,929.3333333333333,3027.5833333333335,1093.0833333333333,949.3333333333333,10571.0,29.89805764141156,31.313343247353387,32.60519627337421,29.819019210871772,29.577114071496524,-95.56000659697587,-96.10062801140778,-96.78876187526421,-95.3487047531653,-95.40483167318756
TX,Dallas / Houston,2021-08-22,955.5,318.5,0.0,0.0,94.0,1368.0,31.844989333333334,29.77154526987888,,,29.581726325327566,-96.37945166666667,-95.21795045027466,,,-95.39096554097016
TX,Dallas / Houston,2021-08-23,5516.204545454546,3161.340909090909,436.72727272727275,697.7272727272727,335.0,10147.0,31.955186223137535,31.765942896848422,29.835303779042555,29.719515611165782,29.580022606557502,-96.48180901444239,-96.3329438168566,-95.27485969099912,-95.38702324513359,-95.39784655158356
TX,Dallas / Houston,2021-08-24,0.0,0.0,0.0,0.0,0.0,0.0,,,,,,,,,,
TX,Dallas / Houston,2021-08-25,990.0,5049.0,693.0,0.0,0.0,6732.0,30.950711975159127,31.312354551361665,31.51166643866182,,,-96.01198472375494,-95.96340660899082,-96.2248711389659,,
TX,Dallas / Houston,2021-08-26,1357.6666666666667,815.6666666666667,542.0,0.0,273.6666666666667,2989.0,32.04407032954138,29.890308333058716,29.83503809636687,,29.5990016,-96.48549959802205,-95.42913626298855,-95.28525435202806,,-95.3688527
TX,Dallas / Houston,2021-08-27,197.0,98.5,1199.5,0.0,0.0,1495.0,32.61823871629833,29.90356273107851,32.52453662345621,,,-96.8067819705696,-95.41447098281671,-96.47857279299038,,
TX,Dallas / Houston,2021-08-28,1723.5,834.75,1380.75,0.0,0.0,3939.0,31.726796612283117,31.303574565684507,32.06822845693368,,,-96.37130801905485,-96.17609859418201,-96.51029527261998,,
TX,Dallas / Houston,2021-08-29,445.0,2112.5,2411.5,0.0,0.0,4969.0,32.7227841623626,32.50632216908432,30.275370024653995,,,-96.8312679764951,-96.77045156240037,-95.55750039862524,,
TX,Dallas / Houston,2021-08-30,4715.566666666667,868.6,628.0833333333334,0.0,365.75,6578.0,31.664408283575703,31.857662187378843,29.77377204178429,,29.57998274618186,-96.29180262821896,-96.3675393931818,-95.29754968930705,,-95.39873606988111
TX,Dallas / Houston,2021-08-31,5587.223484848485,4547.594696969697,467.09090909090907,467.09090909090907,0.0,11069.000000000002,31.96754795612159,31.52964459159509,29.83530377904255,29.77490106944459,,-96.51402527057661,-96.23210595362468,-95.27485969099912,-95.3859772310233,
TX,Dallas / Houston,2021-09-01,2577.0,0.0,0.0,0.0,0.0,2577.0,29.818017999999995,,,,,-95.4695203,,,,
TX,Dallas / Houston,2021-09-03,384.5,1530.5,0.0,0.0,0.0,1915.0,29.883062631011427,32.5596386431023,,,,-95.55392086355693,-96.83672712327785,,,
TX,Dallas / Houston,2021-09-04,0.0,0.0,0.0,0.0,0.0,0.0,,,,,,,,,,
TX,Dallas / Houston,2021-09-05,1726.3333333333333,753.8333333333333,2295.166666666667,0.0,212.66666666666666,4988.000000000001,32.41632049597088,30.66121012851551,30.042779950737856,,29.580245261347233,-96.64552311022305,-95.76478153414175,-95.38112639465781,,-95.39563538455086
TX,Dallas / Houston,2021-09-06,3303.1190476190477,1388.2142857142858,1340.3333333333333,153.16666666666666,153.16666666666666,6338.000000000001,32.45704233753322,31.63420640376031,31.177903462401964,29.626225,29.58177026115818,-96.66464300804839,-96.26211502834009,-96.04525307518237,-95.388248,-95.3887175155896
TX,Dallas / Houston,2021-09-07,1826.0,2126.5,1898.0,2391.25,420.25,8662.0,31.349995752928688,31.372478587702687,32.625152201880134,29.932017805062724,29.576595677410115,-96.14159873834276,-96.16969810609845,-96.76995538679998,-95.37478343132824,-95.40570521966522
TX,Dallas / Houston,2021-09-08,1864.5,4990.0,0.0,300.0,621.5,7776.0,31.880429673285793,31.29111381305404,,29.626839978434553,29.580920680883597,-96.38854703009049,-95.91511881424047,,-95.3887735244042,-95.39090161799264
TX,Dallas / Houston,2021-09-09,3952.0,3292.0,3292.0,2632.0,0.0,13168.0,30.720339908540872,29.87207599967468,32.187278559474066,32.76747824487442,,-95.76858368625675,-95.46671284204672,-96.35154790700194,-96.62837754717668,
TX,Dallas / Houston,2021-09-10,3679.715909090909,1893.693181818182,537.0454545454545,344.54545454545456,0.0,6455.000000000001,32.20628957573485,31.598777309710155,29.835208547038196,29.77490106944459,,-96.60898155388196,-96.25683703411102,-95.2785855809236,-95.3859772310233,
TX,Dallas / Houston,2021-09-11,10866.1,2045.9,2422.25,0.0,1881.75,17216.0,31.746708974936993,32.05629409382953,29.73151867221355,,29.57998274618186,-96.3296911045173,-96.36661868778154,-95.29200793947702,,-95.3987360698811
TX,Dallas / Houston,2021-09-12,2166.0,0.0,0.0,0.0,722.0,2888.0,31.880429673285793,,,,29.580920680883594,-96.38854703009048,,,,-95.39090161799265
TX,Dallas / Houston,2021-09-13,713.0,1426.0,0.0,0.0,713.0,2852.0,32.83589001168096,31.28029817174864,,,29.579927516469706,-96.91630718018847,-96.07902630721746,,,-95.39698043860176
TX,Dallas / Houston,2021-09-14,550.5,609.0,275.25,0.0,111.25,1546.0,32.049128306619046,30.90551006292189,30.954552137700322,,29.57849330631566,-96.57281721033176,-95.8987520736149,-95.8918700579831,,-95.40381472897492
TX,Dallas / Houston,2021-09-15,4100.102272727273,2572.1704545454545,330.3636363636364,2212.3636363636365,0.0,9215.0,32.28350979846446,32.10958061885892,29.835303779042555,29.913845831622353,,-96.61433430310696,-96.53508829989579,-95.27485969099912,-95.38438457295933,
TX,Dallas / Houston,2021-09-18,6166.714285714286,2764.285714285714,1075.0,537.5,537.5,11081.0,32.35205359392279,32.729907946695775,29.77043093891414,29.626225,29.58177026115818,-96.54644132252054,-96.80302167817199,-95.38493284703843,-95.388248,-95.3887175155896
TX,Dallas / Houston,2021-09-19,2503.5190476190473,3723.4142857142856,1216.3333333333333,608.1666666666666,948.5666666666666,9000.0,30.940576307971952,32.59066491833601,29.77043093891414,29.626225,29.5814854119534,-95.90157087181758,-96.73952034383474,-95.38493284703843,-95.388248,-95.39062290929495
TX,Dallas / Houston,2021-09-21,578.0,289.0,289.0,0.0,0.0,1156.0,32.61823871629833,29.903562731078505,29.83503809636687,,,-96.8067819705696,-95.41447098281671,-95.28525435202806,,
TX,Dallas / Houston,2021-09-22,5341.825,2372.675,1051.75,106.0,1117.75,9990.0,31.729350312683966,31.46608112246455,30.116761263158185,29.77490106944459,29.583930202265265,-96.33891697642292,-96.1671918069612,-95.47807333889311,-95.3859772310233,-95.39224498045401
TX,Dallas / Houston,2021-09-23,1346.5,529.0,240.5,0.0,170.0,2286.0,32.12121135576643,29.831564550443172,29.83503809636687,,29.58172632532757,-96.53210363560638,-95.30729485117516,-95.28525435202806,,-95.39096554097016
TX,Dallas / Houston,2021-09-24,376.0,376.0,188.0,0.0,188.0,1128.0,31.297527169603597,31.246368051849498,32.6026307254389,,29.580245261347233,-96.15788000512042,-96.0353387820499,-96.78783244900674,,-95.39563538455086
TX,Dallas / Houston,2021-09-25,5049.433333333333,9305.633333333333,128.33333333333334,0.0,411.6,14895.0,31.064452033466317,30.115303212542464,29.76986064687229,,29.580976493647356,-96.05000971937234,-95.5123343740568,-95.22966142216023,,-95.39402713061827
TX,Dallas / Houston,2021-09-26,1806.6666666666665,1223.6666666666665,2734.333333333333,0.0,320.3333333333333,6084.999999999999,32.14989783202761,30.606605996271057,32.121367803411864,,29.580245261347237,-96.57667319241585,-95.73953442877865,-96.33185973656,,-95.39563538455086
TX,Dallas / Houston,2021-09-28,2958.9083333333333,1899.5583333333334,301.6666666666667,606.0,554.8666666666667,6321.000000000001,31.867959785767983,31.74968337648173,30.933061098110272,29.6713071707841,29.580818790658203,-96.43760390752911,-96.33386978758361,-95.87503341489385,-95.38793371352082,-95.39437397860685
TX,Dallas / Houston,2021-09-29,3218.1666666666665,2485.833333333333,852.5,852.5,0.0,7409.0,30.086484346445232,30.782054692574334,32.77712609201614,32.76747824487442,,-95.59983777869257,-95.89294758869838,-96.61893154920664,-96.62837754717667,
TX,Dallas / Houston,2021-09-30,4936.727272727273,2850.5454545454545,707.3636363636364,380.3636363636364,0.0,8875.0,32.32064457821994,31.809150482387906,29.835180959278453,29.774901069444592,,-96.6483513204992,-96.32549796939038,-95.27966493399116,-95.3859772310233,
TX,Dallas / Houston,2021-10-01,15017.0,1533.0,1533.0,0.0,0.0,18083.0,29.67645996907825,32.8121566450693,29.701354756466984,,,-95.45756722086917,-96.73043820607651,-95.29660422693028,,
TX,Dallas / Houston,2021-10-02,4962.933333333333,5958.966666666667,2807.5,1516.75,851.85,16098.000000000002,30.696299373900292,31.080518097049445,32.67176997842233,31.954882527807055,29.578763843314466,-95.88555335310647,-96.0307736317119,-96.72314414091963,-96.26037433777086,-95.3999254669597
TX,Dallas / Houston,2021-10-03,2961.0,182.5,182.5,0.0,0.0,3326.0,30.033659078864705,29.90356273107851,29.83503809636687,,,-95.62821601891987,-95.41447098281672,-95.28525435202806,,
TX,Dallas / Houston,2021-10-04,2844.7219696969696,1255.0810606060606,583.5984848484849,124.18181818181819,459.41666666666663,5267.0,31.805635544278402,31.745051496699343,30.866810669574882,29.774901069444592,29.580113408546055,-96.38677572069602,-96.28912093544497,-95.87522282645621,-95.3859772310233,-95.3971927576108
TX,Dallas / Houston,2021-10-05,11806.708333333334,1707.9583333333333,326.0,326.0,98.33333333333333,14265.000000000002,30.33248871293138,31.67968275595638,29.83530377904255,29.774901069444585,29.5990016,-95.75343939318034,-96.30068634730341,-95.27485969099912,-95.3859772310233,-95.3688527
TX,Dallas / Houston,2021-10-06,899.1666666666666,416.16666666666663,174.66666666666666,0.0,0.0,1490.0,31.476488388905782,29.81001358887988,29.903268535136863,,,-96.17607904479317,-95.31889562892859,-95.31547300897144,,
TX,Dallas / Houston,2021-10-07,3120.5714285714284,3390.142857142857,950.8214285714286,487.57142857142856,1056.892857142857,9006.0,32.1756656781727,31.387963917347008,30.004542630526526,29.614625620318147,29.58767186341901,-96.63086959546808,-96.16545659813666,-95.41821606600244,-95.38417024002926,-95.39372689066451
TX,Dallas / Houston,2021-10-08,8327.166666666666,2179.833333333333,4190.5,0.0,1617.5,16315.0,30.742931815360027,31.170578798590384,32.54120984475584,,29.599104745112417,-95.90525847636601,-96.07077984012193,-96.51272886579265,,-95.36744540101678
TX,Dallas / Houston,2021-10-10,4213.357142857143,3659.714285714286,1509.357142857143,826.8571428571429,955.7142857142857,11165.000000000002,32.35053485169965,31.131149955150597,29.79265804048341,29.619781058617797,29.58844133738655,-96.70110586857582,-96.03824089262997,-95.28767462764387,-95.38611319506174,-95.39288118813403
TX,Dallas / Houston,2021-10-11,5164.0,4467.5,4503.5,1352.5,774.5,16262.0,31.221202141634038,31.067220473825717,30.552272987309554,32.32087339394889,29.579825150102778,-96.070485400326,-95.99572734442384,-95.6657435513403,-96.42863528979325,-95.39861713614022
TX,Dallas / Houston,2021-10-12,455.0,91.0,91.0,91.0,91.0,819.0,30.3063753828927,32.720911783384025,32.6035858445378,29.902827660580733,29.57856982586713,-95.72687113095019,-96.85649501928172,-96.78900617984897,-95.33286094132103,-95.39877738673333
TX,Dallas / Houston,2021-10-13,949.25,356.0,373.08333333333337,180.66666666666666,0.0,1859.0000000000002,31.68308616675031,29.815592680942757,31.335150464045633,29.7524809,,-96.28240804166735,-95.33623608271559,-96.09663061194007,-95.35789230000002,
TX,Dallas / Houston,2021-10-14,1673.0,0.0,0.0,0.0,0.0,1673.0,29.780449600000004,,,,,-95.53956599999998,,,,
TX,Dallas / Houston,2021-10-15,1527.0,1527.0,0.0,0.0,0.0,3054.0,32.69269438488149,29.77223792914779,,,,-96.85554100084323,-95.22183812839934,,,
TX,Dallas / Houston,2021-10-16,1658.5,3436.5,2492.0,102.0,0.0,7689.0,32.34980672130334,32.725750220512616,30.295662958252347,29.902101823255126,,-96.5728334257384,-96.67959056112976,-95.60040534231693,-95.33180864518005,
TX,Dallas / Houston,2021-10-18,7054.367424242424,3814.3901515151515,3807.4545454545455,1282.4545454545455,301.3333333333333,16260.000000000002,32.03155216304047,31.60988477210481,31.031073393544897,29.70666932969438,29.599001599999998,-96.51482405706629,-96.26682596371558,-95.85406631821314,-95.38726586101332,-95.3688527
TX,Dallas / Houston,2021-10-19,55.0,110.0,0.0,110.0,0.0,275.0,29.768639973877388,29.76396012356901,,29.918265693568827,,-95.21383926692674,-95.46774223597075,,-95.35407847589786,
TX,Dallas / Houston,2021-10-20,1776.0,1154.5,967.75,693.5,62.25,4654.0,31.217616252028076,30.168232783114306,32.13648607326283,32.76747824487442,29.57849330631566,-95.99604217238823,-95.60474232953676,-96.34414372769048,-96.62837754717668,-95.40381472897494
TX,Dallas / Houston,2021-10-21,1639.8,0.0,911.0,1093.2,0.0,3644.0,31.42208607725892,,32.604077156919644,29.82348109068525,,-96.32381089777013,,-96.78569233701216,-95.36935022851388,
TX,Dallas / Houston,2021-10-22,2435.8,1949.6,373.0,74.6,0.0,4833.0,32.617066533412654,32.70817187308143,32.60530777381819,29.902101823255126,,-96.72946583924687,-96.65535112238769,-96.78105987309402,-95.33180864518005,
TX,Dallas / Houston,2021-10-23,1195.0,597.5,597.5,0.0,0.0,2390.0,32.61823871629833,29.90356273107851,29.83503809636687,,,-96.8067819705696,-95.41447098281671,-95.28525435202806,,
TX,Dallas / Houston,2021-10-24,897.0,897.0,0.0,0.0,0.0,1794.0,32.9347371183922,32.8284600866437,,,,-96.83991292842316,-96.709450555615,,,
TX,Dallas / Houston,2021-10-25,1098.5,470.5,1726.5,784.5,314.0,4394.0,29.764776938318906,29.864180390736035,32.65209394374171,31.62089826676827,29.576595677410115,-95.3778790099289,-95.47981300431564,-96.74260661441791,-96.10912165778272,-95.40570521966522
TX,Dallas / Houston,2021-10-26,843.5,843.5,843.5,843.5,0.0,3374.0,29.768506159969505,29.864180390736035,32.77712609201614,32.76747824487442,,-95.24790673515758,-95.47981300431564,-96.61893154920664,-96.62837754717668,
TX,Dallas / Houston,2021-10-27,819.3333333333334,1638.6666666666667,0.0,0.0,0.0,2458.0,31.207872705449915,31.2611288817481,,,,-96.22768779469618,-96.10857854779199,,,
TX,Dallas / Houston,2021-10-28,3370.3338744588746,4509.4691558441555,793.8484848484848,647.0151515151515,1299.3333333333333,10620.0,31.888844496738315,31.838024966474126,29.782213393902538,29.73969935882447,29.580388202641824,-96.41536824103099,-96.36622587901181,-95.3649409366504,-95.37834161855761,-95.39491470784873
TX,Dallas / Houston,2021-10-29,5134.0,690.0,690.0,0.0,0.0,6514.0,30.49984097115773,29.903562731078505,29.83503809636687,,,-95.84984022841819,-95.41447098281671,-95.28525435202806,,
TX,Dallas / Houston,2021-10-30,0.0,0.0,0.0,421.0,0.0,421.0,,,,29.626839978434553,,,,,-95.3887735244042,
TX,Dallas / Houston,2021-10-31,3725.0,1052.0,1052.0,0.0,0.0,5829.0,30.559693001936207,30.945205055786726,30.967399728686797,,,-95.85871179184053,-95.99020487421575,-95.91985295195137,,
TX,Dallas / Houston,2021-11-01,1107.857142857143,1692.8095238095239,681.3333333333333,359.5,359.5,4201.0,30.631169888881903,32.729707773268125,29.92705838721917,29.655206085438685,29.581434935068337,-95.74716081580037,-96.80421151228316,-95.46255529645505,-95.38244481258162,-95.38977154010442
TX,Dallas / Houston,2021-11-02,1252.3666666666666,268.6666666666667,680.8333333333334,655.8,134.33333333333334,2992.0000000000005,31.395364808309417,31.246368051849494,32.60379176554303,29.82348109068525,29.580245261347233,-96.28821421429733,-96.03533878204993,-96.78611459656359,-95.36935022851388,-95.39563538455086
TX,Dallas / Houston,2021-11-03,495.3333333333333,303.3333333333333,192.0,0.0,111.33333333333333,1102.0,31.978005522106503,29.889063135312448,29.83503809636687,,29.5990016,-96.44853229267378,-95.43051400747692,-95.28525435202806,,-95.3688527
TX,Dallas / Houston,2021-11-04,1913.8333333333333,2691.333333333333,565.5833333333334,0.0,984.25,6154.999999999999,32.41232527148871,31.0700972605968,30.59451995006586,,29.579698377991956,-96.72821133115355,-95.97682370601432,-95.70382939212769,,-95.39807232802129
TX,Dallas / Houston,2021-11-05,2876.5,1849.5,1968.0,0.0,658.0,7352.0,32.03837770338533,31.121375103093843,29.79391516364832,,29.58097649364736,-96.51633083633477,-96.03186457595558,-95.2486444871047,,-95.39402713061827
TX,Dallas / Houston,2021-11-06,3233.0,4495.5,4175.5,853.0,853.0,13610.0,31.111040365847757,29.733324989761822,32.09871567898549,29.90285406390539,29.576595677410115,-96.10415732966096,-95.3151751857826,-96.5139838885657,-95.33106466427998,-95.40570521966522
TX,Dallas / Houston,2021-11-07,4645.409090909091,2384.181818181818,834.9545454545455,393.45454545454544,0.0,8258.0,32.24560515405865,31.441161294365866,29.83516329366888,29.77490106944459,,-96.62785921864447,-96.17851634117936,-95.28035608941896,-95.3859772310233,
TX,Dallas / Houston,2021-11-09,2382.8333333333335,2143.166666666667,750.0,900.0,0.0,6176.0,31.385115652792923,31.199356269687193,32.604077156919644,29.82348109068525,,-96.30204272393689,-96.07353219388247,-96.78569233701216,-95.36935022851388,
TX,Dallas / Houston,2021-11-10,1451.8333333333333,922.1666666666666,1142.6666666666667,301.6666666666667,557.6666666666666,4376.0,31.199078898523375,31.92651091994884,29.99497035924502,29.69240611286707,29.580667208786185,-96.11520321661172,-96.44110960330862,-95.42503229008092,-95.37549042455571,-95.39463759389666
TX,Dallas / Houston,2021-11-11,238.33333333333331,47.666666666666664,47.666666666666664,47.666666666666664,47.666666666666664,429.00000000000006,30.306375382892703,32.720911783384025,32.6035858445378,29.90282766058073,29.57856982586713,-95.72687113095019,-96.85649501928174,-96.78900617984895,-95.33286094132106,-95.39877738673334
TX,Dallas / Houston,2021-11-12,4483.976190476191,6033.523809523809,1132.0,1197.0,962.5,13809.0,31.131872788611435,31.912377247241253,29.770430938914135,29.650900643438085,29.58142027821909,-96.06088352111884,-96.40935155669642,-95.38493284703843,-95.38253969744133,-95.3896172523198
TX,Dallas / Houston,2021-11-13,1378.0,2697.0,1319.0,2756.0,0.0,8150.0,32.704358742505065,32.63464203995145,29.8004549788629,29.938236,,-96.7099012598001,-96.83854874370361,-95.30714499342446,-95.38410500000002,
TX,Dallas / Houston,2021-11-14,1259.0,3346.0,3013.0,1037.0,111.0,8766.0,30.022715358789856,31.69450800406842,30.866926446513453,32.76747824487442,29.57849330631566,-95.42071224314861,-96.25616344374095,-95.80659073688074,-96.62837754717668,-95.40381472897492
TX,Dallas / Houston,2021-11-15,2380.6666666666665,4062.0,6619.666666666666,0.0,349.6666666666667,13411.999999999998,31.234209175037485,31.258587586726982,31.322616692850435,,29.580245261347233,-96.20718138997343,-96.09596923969032,-96.00788991923187,,-95.39563538455086
TX,Dallas / Houston,2021-11-17,17804.766666666666,970.6666666666666,656.9166666666666,452.4,140.25,20025.000000000004,29.863249039275246,30.909478860231857,32.030033775767784,29.82348109068525,29.578493306315657,-95.53703579411818,-95.90705616060369,-96.47320054031249,-95.36935022851388,-95.40381472897492
TX,Dallas / Houston,2021-11-18,5818.397727272727,1765.8295454545455,357.6363636363636,357.6363636363636,799.5,9099.0,32.043667249369854,31.79060079564596,29.835303779042555,29.77490106944459,29.580920680883594,-96.50452688913425,-96.35215570021387,-95.27485969099911,-95.3859772310233,-95.39090161799264
TX,Dallas / Houston,2021-11-19,2005.1666666666665,1708.1666666666665,334.3333333333333,0.0,928.3333333333333,4976.0,31.426890462324575,31.61953121715529,32.6026307254389,,29.580713144994927,-96.21425314601049,-96.26096903857534,-96.78783244900674,,-95.39460633302201
TX,Dallas / Houston,2021-11-20,3718.4,849.9,7369.0,1329.35,1633.35,14900.0,30.201365419362507,31.563773416443148,31.873620414767217,29.902788649214624,29.577721088677233,-95.66231579856387,-96.25506252727972,-96.40601113631931,-95.33112936070458,-95.40270517303462
TX,Dallas / Houston,2021-11-21,2851.0,0.0,0.0,0.0,0.0,2851.0,29.818018,,,,,-95.46952030000001,,,,
TX,Dallas / Houston,2021-11-23,9713.121212121212,3404.4242424242425,1328.7272727272727,1328.7272727272727,1610.0,17385.0,32.06710552505918,32.20319422562537,29.740167760462985,29.889488145707936,29.599104745112417,-96.51025834481784,-96.55440339995765,-95.29018542098838,-95.37992471599826,-95.36744540101678
TX,Dallas / Houston,2021-11-24,3917.25,4533.333333333334,515.75,0.0,206.66666666666666,9173.0,31.743127111837005,31.19743887857535,32.604716236664274,,29.599001599999998,-96.40081819304473,-96.07892807226324,-96.7892372687652,,-95.3688527
TX,Dallas / Houston,2021-11-25,291.0,0.0,0.0,0.0,0.0,291.0,31.08185910776757,,,,,-96.0573890733939,,,,
TX,Dallas / Houston,2021-11-26,5773.233333333334,1028.4666666666667,0.0,3450.8,1202.5,11455.0,32.06499213993019,31.978990961987098,,32.61233575994773,29.599104745112417,-96.57095725733502,-96.52469083071789,,-96.92021217055549,-95.36744540101678
TX,Dallas / Houston,2021-11-27,3446.5,3603.0,0.0,272.0,1801.5,9123.0,32.877960829162376,31.28029817174864,,29.626839978434553,29.579927516469706,-96.87931791157956,-96.07902630721746,,-95.3887735244042,-95.39698043860176
TX,Dallas / Houston,2021-11-28,433.2,1181.4,1303.0,30.4,0.0,2948.0000000000005,29.687455660831688,32.73168401775574,30.04011213070903,29.902101823255126,,-95.44782125754953,-96.69351703169588,-95.46977173131776,-95.33180864518005,
TX,Dallas / Houston,2021-11-29,5303.75,2121.5,0.0,222.0,1060.75,8708.0,30.901806953702444,32.771847538621564,,29.626839978434553,29.58313933882349,-96.00652545797281,-96.60049799387772,,-95.3887735244042,-95.38976994137528
TX,Dallas / Houston,2021-11-30,1097.75,757.0,429.0,0.0,189.25,2473.0,32.222407510320785,31.274767057129342,32.60479374591805,,29.578493306315657,-96.60376800361827,-96.07722870033604,-96.78786080035356,,-95.40381472897492
TX,Dallas / Houston,2021-12-01,6398.590909090909,2244.318181818182,1594.5454545454545,1822.5454545454545,0.0,12060.0,31.922098730261386,31.79060079564596,31.814803103933016,29.811365163600087,,-96.50182732149965,-96.35215570021387,-96.35501028284652,-95.37349702682529,
TX,Dallas / Houston,2021-12-02,2620.5,2361.5,1455.0,3956.0,518.0,10911.0,30.534879130062276,30.63014352845529,32.77712609201614,32.78921236790513,29.580976493647356,-95.69024547708062,-95.83538614050215,-96.61893154920665,-96.88252874252557,-95.39402713061827
TX,Dallas / Houston,2021-12-03,60.5,181.5,1964.0,0.0,0.0,2206.0,32.92596755815977,30.691713814729408,29.771313740784112,,,-96.83941959782652,-95.78552402096595,-95.22852347472949,,
TX,Dallas / Houston,2021-12-04,2904.0238095238096,1299.142857142857,3169.6666666666665,874.5833333333334,874.5833333333334,9122.000000000002,30.656785963316597,31.788506734775485,32.31131006800971,29.85087573955842,29.57756797651933,-95.84249754067629,-96.30611405716571,-96.64335275116208,-95.34180935585118,-95.40251324706522
TX,Dallas / Houston,2021-12-05,0.0,0.0,0.0,212.0,0.0,212.0,,,,29.62683997843455,,,,,-95.3887735244042,
TX,Dallas / Houston,2021-12-06,3736.529220779221,3132.3344155844156,1264.3181818181818,541.3181818181818,331.5,9006.0,31.884364273906023,32.06598936821795,29.801202626031632,29.68385273839586,29.581770261158184,-96.42061725814506,-96.48035354337338,-95.33580005660876,-95.3873678362922,-95.3887175155896
TX,Dallas / Houston,2021-12-07,0.0,0.0,1000.0,0.0,0.0,1000.0,,,32.765150251901524,,,,,-96.58533198139617,,
TX,Dallas / Houston,2021-12-08,2849.4666666666667,514.9333333333333,648.0,400.6,578.0,4991.0,31.73310367434625,31.870529624937102,32.60530777381819,29.715891239265176,29.599104745112417,-96.39671434351416,-96.43911604356072,-96.78105987309402,-95.37034454700166,-95.36744540101678
TX,Dallas / Houston,2021-12-09,759.0,1518.0,0.0,517.0,2904.0,5698.0,32.83589001168096,31.280298171748637,,29.626839978434553,29.58069592005904,-96.91630718018847,-96.07902630721746,,-95.3887735244042,-95.39494156920733
TX,Dallas / Houston,2021-12-10,3327.75,1718.25,348.0,348.0,0.0,5742.0,32.15815176249295,31.79060079564596,29.835303779042555,29.774901069444592,,-96.58586782798692,-96.35215570021387,-95.27485969099912,-95.38597723102329,
TX,Dallas / Houston,2021-12-11,3562.25,6151.75,5443.0,2219.0,0.0,17376.0,30.923163327025012,31.732466679044922,30.773147827028723,32.24449029159255,,-95.89439856785673,-96.32417634980197,-95.74601514408755,-96.41698788813363,
TX,Dallas / Houston,2021-12-12,344.26666666666665,229.86666666666667,458.66666666666663,57.2,0.0,1090.0,29.856502141483475,29.81881832432523,31.58811567669833,29.902101823255126,,-95.36234181701278,-95.41794163080938,-96.22933458558278,-95.33180864518005,
TX,Dallas / Houston,2021-12-13,1244.5,1048.5,1048.5,852.5,0.0,4194.0,30.666131842637963,29.87154227791498,32.22715065363058,32.76747824487442,,-95.73893051360798,-95.4675983775023,-96.36962231635304,-96.62837754717667,
TX,Dallas / Houston,2021-12-14,1169.0,839.5,584.5,0.0,255.0,2848.0,32.04205147180362,30.719322961683872,31.042456608622416,,29.580245261347233,-96.52368530471922,-95.79165094423294,-95.9407845739777,,-95.39563538455086
TX,Dallas / Houston,2021-12-15,5187.0,2410.5,1158.5,0.0,1038.0,9794.0,31.963787304768882,31.281511175270516,31.371721906195496,,29.580755292354254,-96.48536578400774,-96.09744482486656,-96.11962630028687,,-95.39451363517976
TX,Dallas / Houston,2021-12-17,2850.5,2097.5,1667.0,0.0,0.0,6615.0,31.511765447999142,32.08558449756545,31.686458717483596,,,-96.24025583755908,-96.47168140670729,-96.2448782841212,,
TX,Dallas / Houston,2021-12-18,1261.2857142857142,3715.5714285714284,280.2857142857143,280.2857142857143,560.5714285714286,6098.000000000001,32.093706317657514,30.492566229822046,29.701176667237807,29.614625620318147,29.58844133738655,-96.59972280337787,-95.70591404827486,-95.29289902228786,-95.38417024002926,-95.39288118813403
TX,Dallas / Houston,2021-12-19,0.0,0.0,0.0,0.0,0.0,0.0,,,,,,,,,,
TX,Dallas / Houston,2021-12-20,745.5,745.5,745.5,745.5,0.0,2982.0,29.768506159969505,29.864180390736035,32.77712609201614,32.76747824487442,,-95.2479067351576,-95.47981300431564,-96.61893154920662,-96.62837754717668,
TX,Dallas / Houston,2021-12-21,1426.1,219.4,274.25,0.0,274.25,2194.0,31.650427521460628,32.82921245543902,29.70178451584056,,29.57998274618186,-96.27698492612336,-96.7084785486381,-95.29394779015652,,-95.3987360698811
TX,Dallas / Houston,2021-12-22,320.3333333333333,320.3333333333333,0.0,320.3333333333333,2856.0,3817.0,29.846859999999996,29.769389599999997,,29.752480900000002,29.58096781671373,-95.49955,-95.2176146,,-95.3578923,-95.39422012311393
TX,Dallas / Houston,2021-12-23,535.5,1071.0,267.75,0.0,267.75,2142.0,31.210170039765988,31.274767057129342,32.60489193795817,,29.57849330631566,-96.22791635029576,-96.07722870033604,-96.78611703125613,,-95.40381472897492
TX,Dallas / Houston,2021-12-24,3038.0,868.0,0.0,0.0,1302.0,5208.0,31.46711858982271,32.605646671949536,,,29.59910474511242,-96.18642197137636,-96.82371279490332,,,-95.36744540101678
TX,Dallas / Houston,2021-12-25,622.6666666666666,4915.666666666666,311.3333333333333,0.0,311.3333333333333,6160.999999999999,31.297527169603597,29.894565925697652,32.6026307254389,,29.580245261347233,-96.15788000512043,-95.38865724249783,-96.78783244900674,,-95.39563538455086
TX,Dallas / Houston,2021-12-26,3789.1,1409.3,1571.0,945.0,357.6,8072.0,31.931524227736624,30.772128845384266,31.22308281959113,29.82348109068525,29.580976493647356,-96.50627073238215,-95.85480741436606,-96.0373835138199,-95.36935022851388,-95.39402713061827
TX,Dallas / Houston,2021-12-27,1304.6,263.2,0.0,263.2,0.0,1831.0,32.53970027200962,29.76396012356901,,29.918265693568827,,-96.65837652222638,-95.46774223597075,,-95.35407847589786,
TX,Dallas / Houston,2021-12-28,3059.309523809524,7420.285714285715,2479.4761904761904,642.3928571428571,783.5357142857142,14385.0,31.47473619145619,31.32478255081268,32.36546536593587,29.839526171035164,29.580863333021302,-96.34091583609376,-95.95361086946504,-96.63624653362344,-95.34273271539251,-95.40108508450761
TX,Dallas / Houston,2021-12-29,3715.6,2674.3,2416.0,1663.5,577.6,11047.0,30.965831412159154,30.61837447216678,32.723210570755995,32.76747824487442,29.580976493647352,-95.91629115426112,-95.82992274409521,-96.67067766732626,-96.62837754717668,-95.39402713061827
TX,Dallas / Houston,2021-12-30,12082.7,401.0,1586.5,1903.8,0.0,15974.0,30.3949479043039,32.60500810330275,32.604077156919644,29.82348109068525,,-95.76350240659134,-96.8255062105754,-96.78569233701216,-95.36935022851388,
TX,Dallas / Houston,2021-12-31,3321.4,3293.7,4653.5,1297.4,0.0,12566.0,31.84362477786883,32.0315870157036,30.544126312810604,29.825674763044606,,-96.48544429429073,-96.52477605945678,-95.69490835824556,-95.36830274484139,
TX,Dallas / Houston,2022-01-01,3854.4666666666667,2298.4333333333334,1141.0,30.6,1571.5,8896.0,31.147711879838877,30.953986924736522,31.509461356718813,29.902101823255126,29.587971625122805,-96.08470845431592,-95.92343882540919,-96.20681891264516,-95.33180864518005,-95.38392885380499
TX,Dallas / Houston,2022-01-02,2106.0,0.0,937.0,937.0,0.0,3980.0,32.49324981074167,,29.70362688059947,29.9335,,-96.75711474509643,,-95.29607189455244,-95.3776,
TX,Dallas / Houston,2022-01-03,2063.0,3950.0,0.0,0.0,647.0,6660.0,31.19090444585166,30.42800641407164,,,29.58515602827688,-96.07737310391485,-95.65945266819908,,,-95.39000431970237
TX,Dallas / Houston,2022-01-04,6517.6,775.4,3924.25,738.75,1708.0,13664.0,31.222328713087837,32.82921245543902,31.888128452171564,29.90285406390539,29.578517759615625,-96.09523760233283,-96.7084785486381,-96.41968870160035,-95.33106466427998,-95.40175039037466
TX,Dallas / Houston,2022-01-05,381.8333333333333,653.3333333333333,135.75,0.0,246.08333333333331,1416.9999999999998,30.79395842328964,31.03652994008346,32.60489193795817,,29.587688355702074,-95.93461837283081,-95.97268544412694,-96.78611703125613,,-95.38813923748737
TX,Dallas / Houston,2022-01-06,2672.333333333333,3194.333333333333,1709.0,427.25,2245.083333333333,10248.0,31.346617775620544,31.084628528276276,32.605256662083185,29.90285406390539,29.583042991304275,-96.174201812217,-95.99324949826513,-96.78893553016785,-95.33106466427998,-95.39311151944055
TX,Dallas / Houston,2022-01-07,1866.0,4253.0,472.0,1844.0,0.0,8435.0,32.660791055077866,30.362680250223853,29.83503809636687,29.938236,,-96.75891272334052,-95.64790859509806,-95.28525435202806,-95.38410499999999,
TX,Dallas / Houston,2022-01-09,735.7142857142858,1324.2857142857142,1523.0,257.5,257.5,4098.0,30.697693051553436,32.729907946695775,29.80351174242325,29.626225,29.58177026115818,-95.7513164710869,-96.803021678172,-95.35106473311373,-95.388248,-95.3887175155896
TX,Dallas / Houston,2022-01-10,3105.666666666667,1568.75,1123.0833333333333,0.0,626.5,6424.0,31.413825186220087,31.368016292687933,31.11605331048063,,29.59909091560014,-96.19710674549282,-96.20798697496217,-96.00316145710329,,-95.36763408914861
TX,Dallas / Houston,2022-01-11,3671.3333333333335,4293.333333333333,2185.916666666667,220.0,531.4166666666667,10901.999999999998,31.314646003580588,31.461998359702996,30.925206178951903,29.626839978434553,29.579537281401116,-96.20894822495997,-96.20037913441843,-95.89448274288388,-95.3887735244042,-95.39894072727952
TX,Dallas / Houston,2022-01-12,2519.723484848485,2024.4280303030303,1352.4242424242425,1102.090909090909,250.33333333333334,7249.0,31.043512224633904,30.709175591172233,32.511880600702156,32.47668752371165,29.580245261347233,-95.97248682276658,-95.84504918053887,-96.54376552604604,-96.50765267936933,-95.39563538455086
TX,Dallas / Houston,2022-01-13,370.0,485.0,57.5,0.0,57.5,970.0,30.151847486812112,30.48483507738709,32.60489193795817,,29.57849330631566,-95.6966135167891,-95.62822744804865,-96.78611703125613,,-95.40381472897492
TX,Dallas / Houston,2022-01-14,579.2,399.4,963.0,146.4,0.0,2088.0,32.258102963630485,29.85239141976306,29.824255421949882,29.918265693568824,,-96.60546393550976,-95.43399755132386,-95.3210173628726,-95.35407847589786,
TX,Dallas / Houston,2022-01-15,4013.333333333333,5997.666666666666,0.0,0.0,0.0,10011.0,31.07170184790199,30.617484488600383,,,,-96.08770475361706,-95.77597344442694,,,
TX,Dallas / Houston,2022-01-16,513.0,316.0,197.0,0.0,119.0,1145.0,31.957484221418394,29.888685890845938,29.83503809636687,,29.5990016,-96.43704936828277,-95.430931408236,-95.28525435202806,,-95.3688527
TX,Dallas / Houston,2022-01-17,1895.0,2995.5,112.0,0.0,1100.5,6103.0,32.87733276961345,31.69091898342754,29.700132651970964,,29.579927516469706,-96.88427803347209,-96.24623447458579,-95.2960702099269,,-95.39698043860176
TX,Dallas / Houston,2022-01-18,759.8333333333333,701.1666666666666,715.8333333333334,828.5,102.66666666666667,3108.0,29.76667088647573,29.86416244718088,32.65814772925718,31.895605219791538,29.599001600000005,-95.25847002530892,-95.47664559231215,-96.56446414083709,-96.28425090235149,-95.3688527
TX,Dallas / Houston,2022-01-19,2143.6666666666665,718.1666666666666,197.08333333333331,0.0,197.08333333333331,3256.0,29.99811992437289,31.206859755456602,32.604050556555656,,29.579145196559967,-95.61483516497874,-96.03760104289286,-96.7867553262331,,-95.40077125197993
TX,Dallas / Houston,2022-01-20,1339.0,995.25,0.0,0.0,331.75,2666.0,31.336326185960377,31.713036592461,,,29.580022606557502,-96.16335599444456,-96.29172255315116,,,-95.39784655158356
TX,Dallas / Houston,2022-01-21,3862.6704545454545,2709.784090909091,249.27272727272728,249.27272727272728,0.0,7071.0,32.45550297453419,32.35706433661047,29.835303779042555,29.774901069444585,,-96.68314061062958,-96.54716721161476,-95.27485969099912,-95.3859772310233,
TX,Dallas / Houston,2022-01-23,2519.3333333333335,1124.6666666666665,40.333333333333336,40.333333333333336,780.3333333333334,4505.0,31.66170660840521,31.120855141865388,32.6035858445378,29.902827660580726,29.598043350311617,-96.30660188415577,-95.98312087594607,-96.78900617984895,-95.33286094132104,-95.369064867173
TX,Dallas / Houston,2022-01-24,4299.115151515151,1388.969696969697,1845.4242424242425,843.4909090909091,0.0,8377.0,31.848525577449504,31.34443485644693,31.739704902807354,29.817889236196862,,-96.44454140555638,-96.17451822550413,-96.32913211704268,-95.3712640971421,
TX,Dallas / Houston,2022-01-25,1340.0,556.0,2688.0,392.0,670.0,5646.0,30.399119232392152,31.24636805184949,31.732649425564233,29.902854063905387,29.578109982387005,-95.75849327985533,-96.03533878204992,-96.33299671300243,-95.33106466427998,-95.40152698957299
TX,Dallas / Houston,2022-01-26,22.0,0.0,0.0,0.0,0.0,22.0,32.850918284452035,,,,,-96.81066818900968,,,,
TX,Dallas / Houston,2022-01-27,0.0,0.0,0.0,234.0,0.0,234.0,,,,29.626839978434553,,,,,-95.3887735244042,
TX,Dallas / Houston,2022-01-28,0.0,0.0,1714.0,0.0,0.0,1714.0,,,29.82041314500975,,,,,-95.33376108363832,,
TX,Dallas / Houston,2022-01-29,1674.3333333333335,1168.8333333333335,837.1666666666667,0.0,331.6666666666667,4012.0000000000005,32.095002407733226,30.665628206148877,30.931496255206874,,29.580245261347233,-96.54970155821763,-95.76682430392724,-95.8805421109346,,-95.39563538455086
TX,Dallas / Houston,2022-01-30,5214.117424242424,2962.3901515151515,1421.0378787878788,391.45454545454544,0.0,9989.0,31.817549021375832,31.670788290840687,31.049877352857877,29.77490106944459,,-96.42398301978972,-96.32253533659157,-95.96317065575452,-95.38597723102332,
TX,Dallas / Houston,2022-01-31,283.8333333333333,463.3333333333333,89.75,0.0,194.08333333333331,1031.0,30.68070049769662,30.957103759589057,32.60489193795817,,29.589517945084573,-95.85480724024028,-95.93783163276413,-96.78611703125613,,-95.38502019901505
TX,Dallas / Houston,2022-02-01,6286.0,3630.5,1960.0,1960.0,854.5,14691.0,31.494490848762418,31.169659766337727,31.376802216610486,31.476283054735205,29.580022606557502,-96.2205613529712,-96.05310322010958,-96.01622049226471,-96.05850798103955,-95.39784655158357
TX,Dallas / Houston,2022-02-02,1725.5,845.5,5158.0,168.0,200.0,8097.0,30.865464369745844,30.350819801304738,31.19115318950212,29.626839978434553,29.57998274618186,-95.95122699542394,-95.50430709676405,-95.93839756141485,-95.3887735244042,-95.39873606988108
TX,Dallas / Houston,2022-02-04,0.0,2556.0,0.0,351.0,0.0,2907.0,,29.69680288164603,,29.626839978434553,,,-95.29807773711882,,-95.3887735244042,
TX,Dallas / Houston,2022-02-05,8264.584090909091,4677.706818181818,2011.4545454545455,2011.4545454545455,678.8,17644.0,31.701962144499024,31.134361804818973,32.22801074570045,32.208889085761825,29.580976493647356,-96.30379673854878,-96.06076007421592,-96.36804947497735,-96.39647330304248,-95.39402713061827
TX,Dallas / Houston,2022-02-06,8698.066666666666,1893.8333333333333,1592.5,1521.6,0.0,13706.0,31.238199643146967,32.1838670342902,32.03983654458095,29.82348109068525,,-96.16133203255356,-96.5366970738133,-96.47995159847066,-95.36935022851388,
TX,Dallas / Houston,2022-02-07,2834.476190476191,4306.190476190476,1879.6666666666665,650.8333333333333,650.8333333333333,10322.000000000002,30.726953922478685,31.89584024191646,31.513856299430234,29.749061055521633,29.5794725074529,-95.90050793589299,-96.40867197529381,-96.24839823187489,-95.36285596308875,-95.39626083924315
TX,Dallas / Houston,2022-02-08,5971.033333333333,1629.0666666666666,0.0,316.4,750.5,8667.0,31.11124424494015,32.05341122762252,,29.918265693568824,29.599104745112417,-96.0504303649127,-96.5612482547687,,-95.35407847589786,-95.3674454010168
TX,Dallas / Houston,2022-02-09,1405.6666666666665,1893.3333333333333,459.0,0.0,0.0,3758.0,31.696616850019783,31.261128881748096,32.60402323571779,,,-96.4245402873659,-96.108578547792,-96.7850692520333,,
TX,Dallas / Houston,2022-02-10,1606.0,1183.5,42.0,0.0,380.5,3212.0,31.390395147327396,31.6488220574563,29.83503809636687,,29.580022606557502,-96.19146220916929,-96.26059068500241,-95.28525435202806,,-95.39784655158354
TX,Dallas / Houston,2022-02-11,6994.16829004329,8078.407467532467,1307.2121212121212,1324.878787878788,919.3333333333334,18623.999999999996,31.457558077887843,31.901484642518927,29.78316248568328,29.655266225097474,29.58102126632932,-96.23527555465223,-96.4058154311961,-95.36333056276403,-95.3880236808317,-95.39262995958701
TX,Dallas / Houston,2022-02-12,3484.215909090909,4917.693181818182,144.54545454545453,144.54545454545453,0.0,8691.0,31.584855896214204,31.3379698884848,29.835303779042555,29.774901069444592,,-96.36978063660112,-96.14392832389696,-95.27485969099912,-95.3859772310233,
TX,Dallas / Houston,2022-02-13,3581.0454545454545,2454.909090909091,498.02272727272725,728.2727272727273,162.75,7425.0,32.082598080671154,31.587337675928712,30.740383905268754,29.695002418035727,29.57849330631566,-96.55683653120472,-96.24497361259067,-95.76872697587935,-95.38748620322224,-95.40381472897492
TX,Dallas / Houston,2022-02-14,3098.284090909091,1320.5568181818182,447.70454545454544,267.45454545454544,0.0,5133.999999999999,32.26233664157165,31.79060079564596,30.950294905566636,29.77490106944459,,-96.62351253806035,-96.35215570021386,-95.8845621413399,-95.3859772310233,
TX,Dallas / Houston,2022-02-16,1337.65,240.8,410.75,150.8,0.0,2140.0,32.5905835880356,30.11071191843793,32.604716236664274,29.918265693568827,,-96.71291061126998,-95.5865144978045,-96.7892372687652,-95.35407847589786,
TX,Dallas / Houston,2022-02-17,5665.95,718.8,1229.75,0.0,898.5,8513.0,31.844174084822125,32.82921245543902,30.483728921226096,,29.57998274618186,-96.36898956038432,-96.70847854863811,-95.69672448443514,,-95.3987360698811
TX,Dallas / Houston,2022-02-18,1360.5,1360.5,1360.5,1360.5,0.0,5442.0,29.768506159969508,29.864180390736035,32.77712609201614,32.76747824487442,,-95.2479067351576,-95.47981300431564,-96.61893154920664,-96.62837754717668,
TX,Dallas / Houston,2022-02-19,3549.806818181818,4134.511363636364,961.5909090909091,215.0909090909091,0.0,8861.000000000002,32.35165801711874,30.27195752418543,29.835097524890685,29.77490106944459,,-96.67878128265342,-95.58984869305061,-95.28292924987778,-95.3859772310233,
TX,Dallas / Houston,2022-02-20,2411.0,8099.25,2728.0,367.0,405.75,14011.0,31.746080577604634,30.848973281884827,29.805449754631432,29.62683997843455,29.580022606557502,-96.36970989447923,-95.89124419471194,-95.3039833685307,-95.38877352440421,-95.39784655158356
TX,Dallas / Houston,2022-02-22,1664.8,227.6,578.0,286.6,0.0,2756.9999999999995,29.77033767631913,29.69124834661538,32.60530777381819,29.737866737894628,,-95.24901684363803,-95.296100118749,-96.78105987309402,-95.36579676223283,
TX,Dallas / Houston,2022-02-23,0.0,0.0,0.0,351.0,0.0,351.0,,,,29.626839978434553,,,,,-95.3887735244042,
TX,Dallas / Houston,2022-02-24,8016.547619047619,5011.285714285714,902.3333333333334,715.1666666666667,1796.6666666666667,16442.0,30.868985775299596,32.7524290018315,29.77043093891414,29.626452016042958,29.582795545387498,-95.96548827431994,-96.69426890183713,-95.38493284703843,-95.38844199455983,-95.38950566339736
TX,Dallas / Houston,2022-02-25,180.0,36.0,36.0,36.0,36.0,324.0,30.306375382892696,32.720911783384025,32.6035858445378,29.902827660580733,29.578569825867127,-95.72687113095017,-96.85649501928172,-96.78900617984895,-95.33286094132104,-95.39877738673334
TX,Dallas / Houston,2022-02-28,168.0,280.0,0.0,0.0,112.0,560.0,30.82183989398656,30.360651426601848,,,29.5990016,-95.7550683226628,-95.65458682060542,,,-95.3688527
TX,Dallas / Houston,2022-03-01,8368.357142857143,4774.442857142857,4808.25,263.5,2147.45,20362.0,31.46458713230435,32.13934717175915,29.7742483010693,29.626225,29.58046002228036,-96.19728053193859,-96.49509780876569,-95.28763220317069,-95.388248,-95.39610389603446
TX,Dallas / Houston,2022-03-02,4730.333333333334,5185.666666666667,3109.0,631.5,631.5,14288.0,31.16946696791763,31.108504134205436,32.08578499150982,29.90285406390539,29.576595677410115,-96.1695313972348,-96.03054331406173,-96.5069650808737,-95.33106466427998,-95.40570521966522
TX,Dallas / Houston,2022-03-03,2098.3,1128.85,1863.25,473.1,241.5,5805.0,31.217411369788355,30.58025406219445,31.735797799139835,29.910398628331624,29.576595677410115,-96.13302064500245,-95.81525012371918,-96.32517555655761,-95.34233077878157,-95.40570521966522
TX,Dallas / Houston,2022-03-04,5310.166666666667,3061.8333333333335,1923.0,1537.5,179.5,12012.0,30.78890953088801,30.73500644006111,32.445880040140345,32.76747824487442,29.57849330631566,-95.87402706567612,-95.8793607158627,-96.49166805019941,-96.62837754717668,-95.40381472897491
TX,Dallas / Houston,2022-03-05,2101.1666666666665,1937.3333333333333,377.5,0.0,0.0,4416.0,32.69169323835808,32.71028113532967,32.604716236664274,,,-96.7859840427318,-96.7120669802247,-96.78923726876522,,
TX,Dallas / Houston,2022-03-06,4589.397727272727,1400.3295454545455,2211.6363636363635,269.6363636363636,0.0,8471.0,31.158068825008765,31.697618663777213,32.343912577834196,29.77490106944459,,-96.13192802051876,-96.30595211498607,-96.42195612626377,-95.3859772310233,
TX,Dallas / Houston,2022-03-07,7844.9,253.5,984.0,876.6,0.0,9959.0,30.1591691934772,29.903562731078505,31.890711911136993,29.82348109068525,,-95.68995714156353,-95.41447098281671,-96.39914657563669,-95.36935022851388,
TX,Dallas / Houston,2022-03-08,3612.6363636363635,2160.227272727273,245.8181818181818,492.8181818181818,315.5,6827.0,31.866279397966444,31.75661616854611,29.835303779042555,29.700692992655384,29.5800226065575,-96.43622719413585,-96.32567701696743,-95.27485969099912,-95.38737873058352,-95.39784655158356
TX,Dallas / Houston,2022-03-09,2768.333333333333,5240.0,1195.8333333333333,519.1666666666666,676.6666666666666,10399.999999999998,30.93476873447934,32.011173185927575,30.14375019244677,29.626225,29.581007521668973,-95.97246366404961,-96.4586573176808,-95.5694790566671,-95.388248,-95.39223152215342
TX,Dallas / Houston,2022-03-10,2435.5,1362.5,449.0,232.0,0.0,4479.0,31.96122849715358,31.483631462173395,29.86815088833535,29.77490106944459,,-96.47419517868867,-96.20982123910893,-95.29448795380534,-95.3859772310233,
TX,Dallas / Houston,2022-03-11,3934.5666666666666,1587.2666666666667,1572.6666666666665,497.0,459.5,8051.0,31.345548050227134,31.52818461554968,30.790585758670897,29.626839978434553,29.57998274618186,-96.147914329725,-96.24113228254802,-95.84416355489412,-95.3887735244042,-95.3987360698811
TX,Dallas / Houston,2022-03-12,25.0,1711.0,0.0,0.0,0.0,1736.0,32.850918284452035,29.69680288164603,,,,-96.81066818900966,-95.29807773711882,,,
TX,Dallas / Houston,2022-03-13,3020.4,3029.2,340.0,340.0,1342.4,8072.0,31.796606358428296,31.707321796981805,29.70117666723781,29.614625620318147,29.584757850726206,-96.42343207394849,-96.33014291352292,-95.29289902228786,-95.38417024002926,-95.39344664723829
TX,Dallas / Houston,2022-03-14,658.0,0.0,0.0,0.0,0.0,658.0,32.72104748257396,,,,,-96.83171465733712,,,,
TX,Dallas / Houston,2022-03-15,4826.280303030303,1853.5227272727273,732.0151515151515,350.1818181818182,0.0,7762.0,32.292047877837184,31.663849590720446,30.614256874633746,29.774901069444585,,-96.62452695848195,-96.28917198515163,-95.63230772206468,-95.3859772310233,
TX,Dallas / Houston,2022-03-16,4581.5,7852.5,333.0,0.0,0.0,12767.0,31.5302594664724,31.265680894708424,29.83503809636687,,,-96.35348806527118,-96.10298559587156,-95.28525435202806,,
TX,Dallas / Houston,2022-03-18,897.8,588.1,2971.5,716.6,0.0,5174.0,32.323693424143435,29.85950518312108,29.779945426169288,29.70231948266135,,-96.64212939438555,-95.43128299537476,-95.236207869181,-95.37978747779133,
TX,Dallas / Houston,2022-03-19,11158.897727272728,2939.8295454545455,553.6363636363636,245.63636363636363,0.0,14898.000000000002,31.237734070494884,32.26902357444207,31.06808677064602,29.77490106944459,,-96.13607068745746,-96.6302249959859,-95.83773180030514,-95.3859772310233,
TX,Dallas / Houston,2022-03-20,857.8333333333334,0.0,1715.6666666666667,365.25,365.25,3304.0,29.759093079245062,,32.52302313022548,29.90285406390539,29.57659567741011,-95.470911379454,,-96.71437589987252,-95.33106466427998,-95.40570521966524
TX,Dallas / Houston,2022-03-21,743.0,371.5,1682.5,0.0,0.0,2797.0,32.61823871629833,29.903562731078505,29.785384229995998,,,-96.80678197056959,-95.41447098281671,-95.24104978730982,,
TX,Dallas / Houston,2022-03-22,1151.5,1151.5,1151.5,1151.5,0.0,4606.0,29.768506159969505,29.864180390736035,32.77712609201614,32.76747824487442,,-95.2479067351576,-95.47981300431564,-96.61893154920664,-96.62837754717668,
TX,Dallas / Houston,2022-03-23,777.0,777.0,777.0,777.0,0.0,3108.0,29.768506159969505,29.864180390736035,32.77712609201614,32.76747824487442,,-95.2479067351576,-95.47981300431564,-96.61893154920664,-96.62837754717668,
TX,Dallas / Houston,2022-03-24,203.0,101.5,1786.5,342.0,0.0,2433.0,32.61823871629833,29.903562731078505,29.77493424013572,29.626839978434553,,-96.8067819705696,-95.41447098281671,-95.2317466396026,-95.3887735244042,
TX,Dallas / Houston,2022-03-25,742.0,371.0,371.0,0.0,0.0,1484.0,32.61823871629833,29.903562731078505,29.83503809636687,,,-96.8067819705696,-95.41447098281672,-95.28525435202806,,
TX,Dallas / Houston,2022-03-26,4332.5,2743.0,557.5,0.0,1005.0,8638.0,31.602663575047593,31.62048548560987,32.60369873163593,,29.580082867356317,-96.28487418548742,-96.2408757534869,-96.78855186791445,,-95.3972481063767
TX,Dallas / Houston,2022-03-27,5380.533333333334,388.0,1043.6666666666667,1138.8,0.0,7951.000000000001,30.295529664989076,29.697860499409543,32.553933108293606,29.82348109068525,,-95.56656195466273,-95.29660252645712,-96.74042482325144,-95.36935022851388,
TX,Dallas / Houston,2022-03-29,799.0,431.0,314.25,0.0,107.75,1652.0,32.32014070451214,31.274767057129342,32.6043210962314,,29.57849330631566,-96.74934361441665,-96.07722870033604,-96.78542851443983,,-95.40381472897492
TX,Dallas / Houston,2022-03-30,1070.6666666666667,2141.3333333333335,0.0,0.0,0.0,3212.0,31.207872705449915,31.261128881748096,,,,-96.22768779469617,-96.10857854779199,,,
TX,Dallas / Houston,2022-03-31,310.53333333333336,417.73333333333335,5638.0,214.4,203.33333333333334,6783.999999999999,29.76938387007078,29.812683080569737,31.25123260352638,29.918265693568827,29.5990016,-95.21321945700193,-95.46308827674419,-95.96439392169152,-95.35407847589786,-95.3688527
TX,Dallas / Houston,2022-04-01,268.0,510.0,134.0,0.0,0.0,912.0,32.61823871629833,29.80492533866409,29.83503809636687,,,-96.8067819705696,-95.27442317158491,-95.28525435202806,,
TX,Dallas / Houston,2022-04-02,3182.595238095238,5172.071428571428,1846.6666666666667,923.3333333333334,1165.3333333333335,12290.0,30.83352217027138,32.658642974295994,29.77043093891414,29.626225,29.581605422710563,-95.83534417697196,-96.77052151717864,-95.38493284703843,-95.38824799999999,-95.38982014159383
TX,Dallas / Houston,2022-04-03,446.0,446.0,223.0,0.0,223.0,1338.0,31.297527169603594,31.246368051849494,32.6026307254389,,29.580245261347233,-96.15788000512043,-96.0353387820499,-96.78783244900674,,-95.39563538455086
TX,Dallas / Houston,2022-04-05,398.0,245.33333333333334,428.0,0.0,122.66666666666667,1194.0000000000002,30.70104804716368,31.246368051849498,32.20928288415246,,29.580245261347233,-95.88481147939049,-96.03533878204992,-96.43027961650054,,-95.39563538455086
TX,Dallas / Houston,2022-04-06,1002.0,501.0,501.0,0.0,0.0,2004.0,32.61823871629833,29.903562731078505,29.83503809636687,,,-96.8067819705696,-95.41447098281671,-95.28525435202806,,
TX,Dallas / Houston,2022-04-07,2697.290476190476,3694.942857142857,902.1666666666667,144.5,844.1,8283.0,31.538027020316093,30.919560420314976,31.533202904895546,29.626225,29.584336417409833,-96.23093395639565,-95.91539814050309,-96.19054395415264,-95.388248,-95.38921432495157
TX,Dallas / Houston,2022-04-08,937.0,468.5,468.5,0.0,0.0,1874.0,32.61823871629833,29.903562731078505,29.83503809636687,,,-96.8067819705696,-95.4144709828167,-95.28525435202806,,
TX,Dallas / Houston,2022-04-09,0.0,0.0,1236.0,228.0,0.0,1464.0,,,32.765150251901524,29.626839978434553,,,,-96.58533198139617,-95.3887735244042,
TX,Dallas / Houston,2022-04-11,7509.166666666666,4719.666666666667,701.1666666666666,597.0,1038.0,14564.999999999998,30.987708367782577,31.865311519540622,31.819577956582457,29.823481090685245,29.58313933882349,-96.06201398496749,-96.29690084708257,-96.35864027643082,-95.36935022851388,-95.38976994137528
TX,Dallas / Houston,2022-04-12,2580.1363636363635,1332.2272727272727,269.8181818181818,269.8181818181818,0.0,4452.0,32.15815176249295,31.790600795645965,29.835303779042555,29.77490106944459,,-96.58586782798692,-96.35215570021387,-95.27485969099912,-95.3859772310233,
TX,Dallas / Houston,2022-04-13,674.5,674.5,674.5,674.5,0.0,2698.0,29.768506159969505,29.86418039073604,32.77712609201614,32.76747824487442,,-95.2479067351576,-95.47981300431564,-96.61893154920664,-96.62837754717668,
TX,Dallas / Houston,2022-04-14,1856.0,1762.0,1228.0,0.0,178.0,5024.0,31.00047871599967,31.376728318068203,31.670130721133116,,29.57849330631566,-96.05340264350092,-96.19027424485355,-96.30622437091024,,-95.40381472897492
TX,Dallas / Houston,2022-04-15,15531.0,1076.0,1076.0,0.0,0.0,17683.0,30.08407749943802,29.903562731078505,29.83503809636687,,,-95.64451655712281,-95.41447098281671,-95.28525435202806,,
TX,Dallas / Houston,2022-04-16,809.6666666666666,1449.8333333333333,2370.5,263.0,0.0,4893.0,32.61766677020384,32.60090332879546,32.69531210096809,29.626839978434553,,-96.77322067436108,-96.6614996686807,-96.5543451068721,-95.3887735244042,
TX,Dallas / Houston,2022-04-18,3011.833333333333,519.6666666666666,2386.0,596.5,1376.0,7890.0,30.7917071231139,32.605646671949536,32.605256662083185,29.90285406390539,29.58934699883013,-95.90472560267955,-96.82371279490332,-96.78893553016783,-95.33106466427998,-95.38403114362129
TX,Dallas / Houston,2022-04-19,134.33333333333334,134.33333333333334,0.0,0.0,134.33333333333334,403.0,29.76977606189995,29.864057844410507,,,29.5990016,-95.21289268508092,-95.4581810200646,,,-95.3688527
TX,Dallas / Houston,2022-04-20,26269.6,3152.4,3299.75,0.0,2880.25,35602.0,32.07709729135706,32.44490231615586,30.904101115997715,,29.587707230430002,-96.47248609608899,-96.63935011134423,-95.79487598419928,,-95.3860959541885
TX,Dallas / Houston,2022-04-21,3471.666666666667,2809.8333333333335,1838.5,0.0,0.0,8120.0,30.968079241140597,31.040571690533667,32.06190202521832,,,-96.07330811670933,-95.99581025664381,-96.29532280755535,,
TX,Dallas / Houston,2022-04-22,8145.272727272727,4974.704545454546,507.6363636363636,507.6363636363636,822.75,14958.0,31.8205691089535,31.752116531352073,29.835303779042555,29.77490106944459,29.580022606557502,-96.41279189346082,-96.32217118276674,-95.27485969099912,-95.3859772310233,-95.39784655158356
TX,Dallas / Houston,2022-04-23,3174.7121212121215,1555.5757575757575,890.1060606060606,247.27272727272728,167.33333333333334,6035.0,32.1492778188968,31.673514528795764,31.834607258451552,29.77490106944459,29.580245261347237,-96.57739719488247,-96.28399568844385,-96.3660503525371,-95.3859772310233,-95.39563538455086
TX,Dallas / Houston,2022-04-24,1145.4,857.4,545.0,86.6,343.6,2978.0,31.08509543155007,31.409042571620425,32.49144773193876,29.902101823255126,29.580976493647356,-96.04014457178515,-96.1712606467513,-96.67945307523134,-95.33180864518005,-95.39402713061828
TX,Dallas / Houston,2022-04-25,899.5,1799.0,0.0,246.0,899.5,3844.0,32.83589001168096,31.28029817174864,,29.626839978434557,29.579927516469706,-96.91630718018847,-96.07902630721746,,-95.3887735244042,-95.39698043860176
TX,Dallas / Houston,2022-04-26,489.5238095238095,881.1428571428571,342.6666666666667,171.33333333333334,171.33333333333334,2056.0,30.697693051553443,32.729907946695775,29.77043093891414,29.626225,29.58177026115818,-95.75131647108692,-96.803021678172,-95.38493284703843,-95.388248,-95.3887175155896
TX,Dallas / Houston,2022-04-27,9341.0,0.0,0.0,0.0,0.0,9341.0,29.685090875232493,,,,,-95.46613807919066,,,,
TX,Dallas / Houston,2022-04-28,2062.3333333333335,4438.333333333333,2605.6666666666665,473.0,281.6666666666667,9860.999999999998,32.31454062921575,31.459064966211947,30.103363832113086,29.626839978434553,29.580245261347237,-96.66476929368193,-96.17407635228147,-95.46720395465857,-95.3887735244042,-95.39563538455086
TX,Dallas / Houston,2022-04-29,998.0,1996.0,0.0,0.0,998.0,3992.0,32.83589001168096,31.280298171748637,,,29.579927516469706,-96.91630718018847,-96.07902630721746,,,-95.39698043860176
TX,Dallas / Houston,2022-04-30,5944.809523809524,4115.523809523809,4041.333333333333,2041.5,1514.8333333333333,17657.999999999996,30.54386523930441,31.974350166705815,31.85519248292791,29.716452835049477,29.57918361892103,-95.78757923298026,-96.40300550023859,-96.41746708503274,-95.3698660662036,-95.39760838678839
TX,Dallas / Houston,2022-05-01,3173.1666666666665,1455.75,736.75,0.0,999.3333333333334,6364.999999999999,31.21113964275999,31.720500178091267,31.511666438661823,,29.599088402908144,-96.07998654720964,-96.39340607832084,-96.22487113896588,,-95.36766837200311
TX,Dallas / Houston,2022-05-02,2927.5,1171.0,0.0,251.0,585.5,4935.0,30.901806953702444,32.771847538621564,,29.626839978434553,29.58313933882349,-96.00652545797283,-96.60049799387772,,-95.3887735244042,-95.38976994137528
TX,Dallas / Houston,2022-05-03,3997.3476190476194,3096.495238095238,301.7142857142857,301.7142857142857,1756.7285714285713,9454.0,31.688445268770895,31.813578945577653,29.70117666723781,29.614625620318144,29.589076952156386,-96.34625552147386,-96.38839823056367,-95.29289902228786,-95.38417024002926,-95.38551551840305
TX,Dallas / Houston,2022-05-04,1563.5,322.0,2346.5,526.0,526.0,5284.0,30.701624575916306,30.098152827818403,32.31896729400895,29.90285406390539,29.576595677410115,-95.9114178805118,-95.50608190372621,-96.63353698522903,-95.33106466427998,-95.40570521966522
TX,Dallas / Houston,2022-05-05,2145.0,1500.0,1500.0,855.0,0.0,6000.0,31.48233133370572,29.881114797083296,31.512028253886957,32.76747824487442,,-96.18541212148929,-95.45171593507112,-96.04545035441984,-96.62837754717668,
TX,Dallas / Houston,2022-05-06,1126.3333333333333,0.0,617.6666666666666,0.0,0.0,1744.0,32.36637050701948,,32.3442646792565,,,-96.62664577630655,,-96.55271805384781,,
TX,Dallas / Houston,2022-05-07,0.0,0.0,0.0,0.0,0.0,0.0,,,,,,,,,,
TX,Dallas / Houston,2022-05-08,4284.0,2212.0,448.0,448.0,0.0,7392.0,32.15815176249295,31.79060079564596,29.835303779042555,29.77490106944459,,-96.58586782798692,-96.35215570021387,-95.27485969099912,-95.3859772310233,
TX,Dallas / Houston,2022-05-09,1824.0,423.0,423.0,0.0,0.0,2670.0,31.09206943593851,29.9035627310785,29.83503809636687,,,-95.95130955630738,-95.41447098281671,-95.28525435202806,,
TX,Dallas / Houston,2022-05-10,1735.1666666666667,1023.6666666666667,6350.083333333334,321.0,344.08333333333337,9774.000000000002,30.366280937735834,31.26498322528757,31.32451871087639,29.626839978434557,29.579391135535033,-95.80833817293005,-96.06279707104696,-96.0089671496459,-95.3887735244042,-95.39962303781452
TX,Dallas / Houston,2022-05-11,334.6666666666667,334.6666666666667,0.0,0.0,334.6666666666667,1004.0,29.76977606189995,29.864057844410507,,,29.5990016,-95.21289268508092,-95.4581810200646,,,-95.3688527
TX,Dallas / Houston,2022-05-12,1991.5666666666666,1679.1333333333332,3075.0,428.05,330.25,7504.0,30.33796369645469,31.169319110985896,31.45962997738091,29.902682193479983,29.576595677410115,-95.77252090122619,-96.06122793299242,-96.18905036881208,-95.33123464753433,-95.40570521966522
TX,Dallas / Houston,2022-05-13,1253.0,626.5,626.5,0.0,0.0,2506.0,32.61823871629833,29.903562731078505,29.83503809636687,,,-96.8067819705696,-95.41447098281671,-95.28525435202806,,
TX,Dallas / Houston,2022-05-14,8904.833333333334,2343.6666666666665,1008.75,0.0,1179.75,13437.0,31.416410910968324,32.5258532612529,29.70178451584056,,29.582739452266114,-96.18003324000524,-96.67987978751239,-95.29394779015652,,-95.39440459605218
TX,Dallas / Houston,2022-05-15,9420.439393939394,8633.454545454546,681.969696969697,523.6363636363636,1776.5,21036.0,32.06941486434845,31.786160312368313,29.851083199197756,29.77490106944459,29.57995556443256,-96.53092806245186,-96.32107987162802,-95.28428891056835,-95.3859772310233,-95.39723590902251
TX,Dallas / Houston,2022-05-16,4509.509523809524,3771.657142857143,1447.9166666666665,400.3333333333333,1047.5833333333333,11177.0,31.40877224729217,31.78254169818241,29.739744506222774,29.626225,29.58066584394228,-96.14365233594644,-96.3132204125586,-95.34426056290597,-95.388248,-95.39490748545532
TX,Dallas / Houston,2022-05-17,314.5,103.5,0.0,0.0,0.0,418.0,30.024433581012595,30.69171381472941,,,,-95.61364411539682,-95.78552402096594,,,
TX,Dallas / Houston,2022-05-18,11.0,0.0,0.0,0.0,0.0,11.0,32.850918284452035,,,,,-96.81066818900968,,,,
TX,Dallas / Houston,2022-05-19,7265.314393939394,9908.41287878788,8870.636363636364,2413.6363636363635,57.0,28515.0,31.534769982691834,31.345945147443924,31.213690726314628,32.37015896717963,29.57856982586713,-96.34458566310764,-96.14803652628726,-95.94717855154157,-96.79296815640751,-95.39877738673334
TX,Dallas / Houston,2022-05-20,4498.9,1976.6,2091.25,1518.0,573.25,10658.0,31.01543749573356,30.552111031671373,31.934118532641293,32.76747824487442,29.579982746181855,-95.929757671931,-95.76488131283851,-96.25572918704263,-96.62837754717668,-95.3987360698811
TX,Dallas / Houston,2022-05-21,5242.366666666667,2720.4333333333334,4163.833333333334,792.5833333333334,1659.7833333333333,14579.000000000002,30.741955395283657,31.572804225541393,32.21782934057439,29.902852320525316,29.578946802121283,-95.90335575006903,-96.2903338012254,-96.58488647951017,-95.33118327031316,-95.39938524090599
TX,Dallas / Houston,2022-05-22,1115.1,867.3,0.0,0.0,495.6,2478.0,31.491612438929717,31.859571399808306,,,29.580976493647356,-96.24245729132173,-96.40610750084566,,,-95.39402713061827
TX,Dallas / Houston,2022-05-23,5305.5,3200.6,2894.75,216.4,1264.75,12882.0,31.331580435101294,32.29261189849049,29.787408560442724,29.918265693568827,29.583009977634916,-96.14305761031054,-96.65064178463741,-95.30540003114764,-95.35407847589788,-95.39037860243505
TX,Dallas / Houston,2022-05-24,1715.0,2299.0,2527.0,395.5,395.5,7332.0,30.963670216574396,32.39946980250554,29.78487516706996,29.626224999999998,29.58177026115818,-95.92013936383047,-96.64803807595428,-95.2866008154776,-95.388248,-95.38871751558962
TX,Dallas / Houston,2022-05-25,2376.8,3593.6,1160.0,1311.6,1141.0,9583.0,31.241030191397044,30.759212498863885,32.77712609201614,32.43815480573297,29.579927516469702,-96.04774794758116,-95.85981490456633,-96.61893154920664,-96.48108893845004,-95.39698043860176
TX,Dallas / Houston,2022-05-26,1734.0,3066.0,44.666666666666664,44.666666666666664,44.666666666666664,4934.000000000001,31.091762900353157,31.28239556024551,32.6035858445378,29.90282766058073,29.57856982586713,-96.16318430282577,-96.11947448247122,-96.78900617984895,-95.33286094132104,-95.39877738673336
TX,Dallas / Houston,2022-05-27,2632.633333333333,2209.2333333333336,0.0,727.3333333333334,846.8,6416.0,31.037206860010677,31.171432726183706,,29.752480899999995,29.580976493647352,-96.0372098572362,-96.01482673834202,,-95.3578923,-95.39402713061827
TX,Dallas / Houston,2022-05-29,1345.5714285714284,2475.4285714285716,888.5,377.5,511.0,5598.0,30.799383198168712,32.4160046315296,30.196317875742924,29.626225,29.580914148689537,-95.8458875693183,-96.64645345615267,-95.59546530465583,-95.388248,-95.39266169951708
TX,Dallas / Houston,2022-05-30,2325.3,600.2,860.25,502.0,566.25,4854.0,31.221067772504636,31.197807399190655,31.44001698065716,29.683318006355908,29.587405557120157,-96.0582975962702,-96.00564471232013,-96.18422703771573,-95.37708551133629,-95.38707297982596
TX,Dallas / Houston,2022-05-31,85.8,171.6,0.0,171.6,0.0,429.0,29.768639973877388,29.76396012356901,,29.918265693568827,,-95.21383926692674,-95.46774223597075,,-95.35407847589786,
TX,Dallas / Houston,2022-06-02,782.0,0.0,2346.0,355.0,0.0,3483.0,32.924593407793424,,30.78134228563677,29.626839978434557,,-96.84254057823439,,-95.69277320208919,-95.3887735244042,
TX,Dallas / Houston,2022-06-03,2079.0,1559.25,0.0,0.0,519.75,4158.0,31.322629799237014,31.713036592461002,,,29.580022606557502,-96.157502380025,-96.29172255315116,,,-95.39784655158356
TX,Dallas / Houston,2022-06-04,1507.5,1055.25,1055.25,0.0,0.0,3618.0,30.95071197515913,31.44586776358104,31.511666438661823,,,-96.01198472375495,-96.26692989027876,-96.22487113896588,,
TX,Dallas / Houston,2022-06-05,3000.0,2250.0,0.0,0.0,750.0,6000.0,31.322629799237017,31.713036592461002,,,29.580022606557502,-96.157502380025,-96.29172255315117,,,-95.39784655158356
TX,Dallas / Houston,2022-06-06,1000.3333333333333,2317.666666666667,1500.6666666666667,1670.6666666666667,36.666666666666664,6526.000000000001,32.264874954505466,32.62743855737847,29.86894551534096,29.937458881616895,29.578569825867127,-96.5297391235564,-96.83463862629996,-95.34335217478977,-95.38298032991727,-95.39877738673334
TX,Dallas / Houston,2022-06-07,2357.3,1220.4,1891.0,472.75,855.55,6797.000000000001,30.373532692482158,30.918063036379568,32.605256662083185,29.90285406390539,29.578555792488853,-95.75131031950019,-95.87254039436857,-96.78893553016783,-95.33106466427998,-95.40048007503641
TX,Dallas / Houston,2022-06-08,2309.166666666667,1548.0833333333335,1548.0833333333335,392.3333333333333,27.333333333333332,5825.0,30.912577294130003,31.468380248831366,31.53094563148775,29.6460676674201,29.57856982586713,-95.99511044399311,-96.27733939462892,-96.23483164353657,-95.38487817027267,-95.39877738673334
TX,Dallas / Houston,2022-06-09,908.3333333333334,31.666666666666668,31.666666666666668,31.666666666666668,31.666666666666668,1035.0,29.865054033785693,32.720911783384025,32.6035858445378,29.90282766058073,29.57856982586713,-95.30116993001597,-96.85649501928172,-96.78900617984895,-95.33286094132104,-95.39877738673334
TX,Dallas / Houston,2022-06-10,3619.866666666667,2677.2666666666664,1089.6666666666665,0.0,907.2,8294.0,31.267267989778347,31.69119106329259,31.511666438661827,,29.58097649364736,-96.14679953493203,-96.3494612186993,-96.2248711389659,,-95.39402713061827
TX,Dallas / Houston,2022-06-11,2064.5,2064.5,2064.5,2064.5,0.0,8258.0,29.768506159969505,29.864180390736035,32.77712609201614,32.76747824487442,,-95.2479067351576,-95.47981300431564,-96.61893154920664,-96.62837754717668,
TX,Dallas / Houston,2022-06-12,2352.818181818182,1562.3636363636365,889.4090909090909,889.4090909090909,0.0,5694.0,31.428405461363003,30.90467831978156,32.21182472252769,32.19242380732057,,-96.17728332595158,-95.9509826234635,-96.36065433824633,-96.38963756717278,
TX,Dallas / Houston,2022-06-13,2586.3333333333335,1213.0,224.0,0.0,1263.6666666666667,5287.0,31.29620590979429,31.616177466994273,32.6026307254389,,29.59574407300006,-96.10029826331075,-96.28975463837801,-96.78783244900674,,-95.37268259209486
TX,Dallas / Houston,2022-06-14,4067.4,220.2,914.75,767.4,275.25,6245.0,30.917432043500302,32.82921245543902,31.730771828188274,29.82348109068525,29.57998274618186,-95.99410814959191,-96.7084785486381,-96.33682358978942,-95.3693502285139,-95.3987360698811
TX,Dallas / Houston,2022-06-15,1561.3333333333333,2883.8333333333335,2595.8333333333335,0.0,288.0,7329.0,32.1114265732122,31.802094922128003,29.9594906125716,,29.589862226651835,-96.53938905673962,-96.40061329588934,-95.3824151409361,,-95.38190305902305
TX,Dallas / Houston,2022-06-16,3626.5,871.0,3836.5,1188.0,0.0,9522.0,31.56852324421475,31.37963036164401,31.402937505797972,29.82348109068525,,-96.3276814108769,-96.22464797408769,-96.08499052371626,-95.36935022851388,
TX,Dallas / Houston,2022-06-17,3612.7,3323.4,2420.0,100.4,1611.5,11068.0,31.13801212523225,31.232099402795548,30.39810616305183,29.902101823255123,29.579927516469706,-95.98693972549329,-96.05535938171757,-95.63398587384772,-95.33180864518005,-95.39698043860177
TX,Dallas / Houston,2022-06-18,1886.1666666666667,1886.1666666666667,1886.1666666666667,1946.5,0.0,7605.0,29.795974036313716,29.864030528132908,32.3372991689345,32.20437382412563,,-95.26085470253413,-95.47654594438448,-96.41944491920863,-96.4061212903323,
TX,Dallas / Houston,2022-06-19,1313.0,656.5,656.5,0.0,0.0,2626.0,32.61823871629833,29.903562731078505,29.835038096366873,,,-96.8067819705696,-95.41447098281671,-95.28525435202806,,
TX,Dallas / Houston,2022-06-20,12994.523809523811,2983.4761904761904,937.0,404.6666666666667,532.3333333333334,17852.0,29.801620156768823,31.956691540780415,30.156319419255293,29.626225,29.581404528579853,-95.49850556540167,-96.428138714913,-95.57607854165026,-95.38824799999999,-95.39037659123905
TX,Dallas / Houston,2022-06-21,922.6666666666666,581.1666666666666,341.5,0.0,239.66666666666666,2085.0,31.878338192991816,29.887271355389206,29.83503809636687,,29.5990016,-96.39276231873927,-95.43249651581428,-95.28525435202806,,-95.3688527
TX,Dallas / Houston,2022-06-22,494.6666666666667,494.6666666666667,247.33333333333334,0.0,247.33333333333334,1484.0,31.297527169603594,31.246368051849498,32.6026307254389,,29.580245261347233,-96.15788000512043,-96.0353387820499,-96.78783244900674,,-95.39563538455086
TX,Dallas / Houston,2022-06-23,1617.3,2302.9,1045.0,0.0,2371.8,7337.0,31.49161243892971,32.291831411661946,29.701354756466987,,29.580970446353614,-96.24245729132174,-96.55328088525933,-95.29660422693028,,-95.39416163462168
TX,Dallas / Houston,2022-06-24,9578.033333333333,4532.266666666666,1945.25,94.2,1474.25,17624.0,31.519498155944056,31.636418262951437,30.404809553500225,29.90210182325513,29.57998274618186,-96.24249803314261,-96.24778940770487,-95.65401965293178,-95.33180864518005,-95.3987360698811
TX,Dallas / Houston,2022-06-25,3246.2,1656.0,2395.0,2282.8,0.0,9580.0,30.902586911392515,29.87036360842265,32.404338600615255,31.623822788270704,,-95.93849352571934,-95.46955399127837,-96.5256038460425,-96.13928282745083,
TX,Dallas / Houston,2022-06-26,0.0,0.0,0.0,0.0,0.0,0.0,,,,,,,,,,
TX,Dallas / Houston,2022-06-27,0.0,0.0,0.0,360.0,0.0,360.0,,,,29.626839978434553,,,,,-95.38877352440419,
TX,Dallas / Houston,2022-06-28,1855.4,1076.2,2122.0,1093.0,529.4,6676.0,30.155590281789312,30.46899041411401,32.666002219316795,31.868515670242786,29.578138148408648,-95.55677556725655,-95.76057611969205,-96.72884929750012,-96.2212610615101,-95.40159340289463
TX,Dallas / Houston,2022-06-29,380.3333333333333,359.3333333333333,179.66666666666666,0.0,179.66666666666666,1099.0,31.383297231159645,31.246368051849498,32.6026307254389,,29.580245261347233,-96.19392352447628,-96.03533878204993,-96.78783244900676,,-95.39563538455086
TX,Dallas / Houston,2022-06-30,13112.318181818182,1674.8636363636365,330.9090909090909,202.9090909090909,0.0,15320.999999999998,30.38594443650659,32.11784900030757,29.783017804614868,29.77490106944459,,-95.76999082144161,-96.54235918099691,-95.28306419941954,-95.38597723102332,
TX,Dallas / Houston,2022-07-01,4869.833333333334,5216.166666666667,0.0,0.0,1082.0,11168.0,31.898645933635247,31.9435034760783,,,29.580976493647356,-96.42968256109013,-96.39490393502727,,,-95.39402713061827
TX,Dallas / Houston,2022-07-02,2111.2,2921.1,0.0,0.0,1519.7,6551.999999999999,32.15795692542279,31.44451581584032,,,29.580254144093885,-96.57647771037205,-96.1717502593052,,,-95.39606084569671
TX,Dallas / Houston,2022-07-03,4356.454545454545,1219.590909090909,4070.7272727272725,1221.4772727272727,980.75,11848.999999999998,31.047489899867724,31.814247774649253,32.44143949778209,29.877636571460258,29.5766580772084,-96.07105606191325,-96.36497517826554,-96.69939940236897,-95.34193235483406,-95.40548624151494
TX,Dallas / Houston,2022-07-05,742.0,0.0,0.0,0.0,0.0,742.0,32.85082990236507,,,,,-96.81427775842388,,,,
TX,Dallas / Houston,2022-07-06,2565.0886363636364,1268.3477272727273,2147.181818181818,338.3818181818182,0.0,6318.999999999999,31.87203760886804,31.620924504840907,30.405976881941857,29.81331896408588,,-96.44321012240496,-96.26702240028422,-95.6473024058545,-95.36961692684702,
TX,Dallas / Houston,2022-07-07,2612.897727272727,1740.8295454545455,245.63636363636363,767.6363636363636,0.0,5367.0,32.20457052180216,32.06954322319203,29.835303779042555,29.674218124799914,,-96.6042474304146,-96.46131811438698,-95.27485969099912,-95.38787873701492,
TX,Dallas / Houston,2022-07-08,0.0,3108.0,3581.0,0.0,0.0,6689.0,,32.17392890632277,29.780360885116934,,,,-96.57967454318614,-95.31356787550222,,
TX,Dallas / Houston,2022-07-09,4033.0,2745.25,559.0,0.0,728.75,8066.0,31.681789424646027,31.344583486728254,29.835038096366866,,29.580022606557502,-96.33749111848988,-96.11309269145661,-95.28525435202806,,-95.39784655158357
TX,Dallas / Houston,2022-07-10,1757.9285714285716,1835.857142857143,510.92857142857144,294.42857142857144,588.8571428571429,4988.000000000001,32.22290526936855,31.411358524451778,29.757898880531556,29.614625620318147,29.588441337386552,-96.65072409026244,-96.18062236302532,-95.28965968277193,-95.38417024002926,-95.39288118813403
TX,Dallas / Houston,2022-07-11,1076.0,2152.0,0.0,0.0,0.0,3228.0,31.207872705449912,31.2611288817481,,,,-96.22768779469618,-96.10857854779199,,,
TX,Dallas / Houston,2022-07-12,1194.4431818181818,616.7386363636364,124.9090909090909,124.9090909090909,0.0,2061.0,32.15815176249295,31.79060079564596,29.835303779042555,29.77490106944459,,-96.58586782798692,-96.35215570021386,-95.27485969099912,-95.3859772310233,
TX,Dallas / Houston,2022-07-13,4240.833333333334,4707.666666666667,1191.8333333333333,38.333333333333336,38.333333333333336,10217.000000000002,31.947125380961218,30.92894649824574,29.92408382173106,29.90282766058073,29.578569825867127,-96.52462234882954,-95.93810946949908,-95.33362002401783,-95.33286094132104,-95.39877738673334
TX,Dallas / Houston,2022-07-14,5543.918181818182,2009.3636363636365,1635.409090909091,1788.309090909091,0.0,10977.000000000002,31.872683114161877,31.91906815390236,31.850502973706455,29.813839865204418,,-96.4842341842028,-96.38531112399214,-96.37948465018053,-95.37265003522802,
TX,Dallas / Houston,2022-07-15,0.0,0.0,1738.0,0.0,0.0,1738.0,,,29.6979446,,,,,-95.2996966,,
TX,Dallas / Houston,2022-07-16,6365.852380952381,8907.747619047619,752.0,376.0,1688.4,18090.0,31.25339313661155,31.734272281395388,29.770430938914142,29.626225,29.58115326253155,-96.15414759409961,-96.33604226083855,-95.38493284703844,-95.388248,-95.3928447003584
TX,Dallas / Houston,2022-07-17,286.0,286.0,197.33333333333334,0.0,88.66666666666667,858.0,30.67452511100231,30.735524628609927,31.003942499715407,,29.580245261347233,-95.89967826591938,-95.77740796475709,-95.96944700866939,,-95.39563538455086
TX,Dallas / Houston,2022-07-18,384.5333333333333,223.73333333333335,402.0,80.4,143.33333333333334,1234.0,29.766436898183965,29.79965552695805,32.60530777381819,29.902101823255126,29.5990016,-95.325463916737,-95.39976129369113,-96.78105987309402,-95.33180864518005,-95.3688527
TX,Dallas / Houston,2022-07-19,192.0,96.0,96.0,436.0,0.0,820.0,32.61823871629833,29.903562731078505,29.83503809636687,29.626839978434553,,-96.8067819705696,-95.4144709828167,-95.28525435202806,-95.3887735244042,
TX,Dallas / Houston,2022-07-20,1952.6666666666667,1952.6666666666667,1952.6666666666667,1777.0,0.0,7635.0,29.784652338851387,29.86409229843623,32.5185868409961,32.76747824487442,,-95.25551781490758,-95.4778925597423,-96.50166923259619,-96.62837754717668,
TX,Dallas / Houston,2022-07-21,8345.0,0.0,0.0,0.0,0.0,8345.0,29.67502939922089,,,,,-95.45870825787664,,,,
TX,Dallas / Houston,2022-07-22,2782.154761904762,3297.4285714285716,1599.0833333333333,641.1666666666666,641.1666666666666,8961.0,31.400400708059692,32.729907946695775,30.3318525042249,29.626225,29.58177026115818,-96.11002808137455,-96.803021678172,-95.6631006049718,-95.388248,-95.3887175155896
TX,Dallas / Houston,2022-07-23,238.0,119.0,2749.0,0.0,0.0,3106.0,32.61823871629833,29.903562731078505,29.703879167503693,,,-96.8067819705696,-95.41447098281671,-95.29907141720311,,
TX,Dallas / Houston,2022-07-24,7533.186363636363,5343.377272727273,193.8181818181818,2343.818181818182,1702.8,17117.0,31.477524522786325,31.72125579987879,29.835303779042555,29.92472928710169,29.58015963685997,-96.26056971330124,-96.32385436944105,-95.27485969099912,-95.38425982105895,-95.39632692295214
TX,Dallas / Houston,2022-07-25,526.0,263.0,1105.0,271.0,0.0,2165.0,32.61823871629833,29.903562731078505,29.823894015785243,29.626839978434553,,-96.8067819705696,-95.41447098281671,-95.32221604254013,-95.3887735244042,
TX,Dallas / Houston,2022-07-26,9380.15,1138.2,290.25,0.0,650.4,11459.0,32.68354808200439,31.8595713998083,32.604716236664274,,29.580976493647356,-96.74536445747086,-96.40610750084565,-96.7892372687652,,-95.39402713061827
TX,Dallas / Houston,2022-07-27,8920.0,479.0,479.0,0.0,0.0,9878.0,29.992404368163097,29.903562731078505,29.83503809636687,,,-95.60247167492894,-95.41447098281671,-95.28525435202806,,
TX,Dallas / Houston,2022-07-28,5200.416666666667,777.3333333333334,1401.25,289.0,289.0,7957.0,31.11826111440901,32.60500810330275,32.60516207558257,29.902854063905394,29.576595677410115,-96.07330411632302,-96.82550621057541,-96.78898834115161,-95.33106466427998,-95.40570521966522
TX,Dallas / Houston,2022-07-29,2420.0,450.0,112.5,0.0,112.5,3095.0,32.67476920940698,31.274767057129342,32.60489193795817,,29.57849330631566,-96.77886879165179,-96.07722870033604,-96.78611703125613,,-95.40381472897492
TX,Dallas / Houston,2022-07-30,0.0,0.0,997.0,0.0,0.0,997.0,,,29.82041314500975,,,,,-95.33376108363832,,
TX,Dallas / Houston,2022-07-31,9990.0,2492.0,2492.0,0.0,0.0,14974.0,29.681861950195504,32.60552317497642,29.800454978862895,,,-95.45986979508922,-96.8242955792686,-95.30714499342446,,
TX,Dallas / Houston,2022-08-01,693.0,346.5,346.5,0.0,0.0,1386.0,32.61823871629833,29.9035627310785,29.83503809636687,,,-96.80678197056959,-95.41447098281671,-95.28525435202805,,
TX,Dallas / Houston,2022-08-02,2258.0,1622.0,0.0,0.0,811.0,4691.0,30.919428785605454,31.28029817174864,,,29.57992751646971,-96.00710053313979,-96.07902630721746,,,-95.39698043860176
TX,Dallas / Houston,2022-08-03,2220.3333333333335,587.3333333333334,2220.3333333333335,0.0,0.0,5028.0,29.691583647772653,32.00766465936429,32.60933740900307,,,-95.44919349354501,-96.51409489261012,-96.54358297262903,,
TX,Dallas / Houston,2022-08-04,229.33333333333331,188.66666666666666,35.666666666666664,35.666666666666664,35.666666666666664,525.0,30.888930038148317,31.075325444846094,32.6035858445378,29.90282766058073,29.578569825867127,-95.97428379872936,-95.98798673619525,-96.78900617984895,-95.33286094132104,-95.39877738673334
TX,Dallas / Houston,2022-08-05,4192.670454545454,2337.784090909091,369.27272727272725,369.27272727272725,294.0,7562.999999999999,32.05298829512359,31.805779860290773,29.835303779042555,29.77490106944459,29.580976493647356,-96.53168611433526,-96.3640294235115,-95.27485969099911,-95.38597723102332,-95.39402713061827
TX,Dallas / Houston,2022-08-06,0.0,2198.0,0.0,0.0,0.0,2198.0,,31.177582073867807,,,,,-96.09322061886844,,,
TX,Dallas / Houston,2022-08-07,2594.6,3556.2,1111.5,71.2,1625.5,8959.0,32.40411348952208,31.247627052762923,32.60452610006855,29.902101823255126,29.579824285102113,-96.70765795834873,-96.06310473866701,-96.78389538902536,-95.33180864518005,-95.3974723561494
TX,Dallas / Houston,2022-08-08,995.0,2170.3333333333335,0.0,0.0,115.66666666666667,3281.0,31.040696981727358,30.980562273950607,,,29.5990016,-96.10971998798378,-95.97418140845822,,,-95.3688527
TX,Dallas / Houston,2022-08-09,7009.1,1543.4,1713.75,432.5,1281.25,11980.0,31.77727107261169,32.176575019839255,29.976678884996673,29.933499999999995,29.57979442285829,-96.35374768787977,-96.44344686424019,-95.43553792419554,-95.3776,-95.39937821058213
TX,Dallas / Houston,2022-08-10,4746.833333333334,771.0,2629.0,657.25,762.9166666666666,9567.0,30.63686270920402,32.22935690050602,32.605256662083185,29.90285406390539,29.579698977229228,-95.85425353688187,-96.63811231287029,-96.78893553016783,-95.33106466427998,-95.40060101486615
TX,Dallas / Houston,2022-08-11,3088.833333333333,1617.1666666666667,2693.166666666667,1069.1666666666667,36.666666666666664,8505.0,31.56008516732407,29.94229747219832,32.17132869069675,32.66923613598204,29.578569825867127,-96.27094265515707,-95.48888498994936,-96.33644915454319,-96.58394829491039,-95.39877738673334
TX,Dallas / Houston,2022-08-12,6249.541666666667,3562.625,1378.3333333333333,2902.5,0.0,14093.000000000002,31.979729376723856,31.480864865700628,31.741307336456554,30.63151797540295,,-96.45757933066434,-96.22909338529229,-96.1460286781766,-95.71564255180587,
TX,Dallas / Houston,2022-08-13,469.0,234.5,234.5,0.0,0.0,938.0,32.61823871629833,29.903562731078505,29.83503809636687,,,-96.8067819705696,-95.41447098281671,-95.28525435202806,,
TX,Dallas / Houston,2022-08-14,16944.75,4661.5,1350.0,337.5,2668.25,25962.0,30.32462989159554,32.04839090052231,32.605256662083185,29.90285406390539,29.580950844155456,-95.75001651734138,-96.34756492865434,-96.78893553016783,-95.33106466427998,-95.39484053953413
TX,Dallas / Houston,2022-08-15,465.0,232.5,232.5,0.0,0.0,930.0,32.61823871629833,29.903562731078505,29.83503809636687,,,-96.8067819705696,-95.41447098281672,-95.28525435202806,,
TX,Dallas / Houston,2022-08-16,4783.066666666667,1133.5333333333333,54.333333333333336,54.333333333333336,384.7333333333333,6410.0,32.55947860599139,30.945513099220133,32.6035858445378,29.90282766058073,29.580636615941437,-96.66796517281023,-95.93618926566776,-96.78900617984894,-95.33286094132104,-95.39469797773901
TX,Dallas / Houston,2022-08-17,263.6666666666667,211.0,829.3333333333334,0.0,211.0,1515.0,29.76433052491269,29.864057844410507,30.103751792985435,,29.5990016,-95.25945399686725,-95.4581810200646,-95.45478512772314,,-95.3688527
TX,Dallas / Houston,2022-08-18,2500.159090909091,1290.9318181818182,261.45454545454544,598.4545454545455,0.0,4651.0,32.15815176249295,31.790600795645958,29.835303779042555,29.69152533431255,,-96.58586782798692,-96.35215570021387,-95.27485969099912,-95.38755187169822,
TX,Dallas / Houston,2022-08-19,1583.996212121212,886.8825757575758,150.72727272727272,150.72727272727272,142.66666666666666,2914.9999999999995,31.943036601646096,31.48069115421666,29.835303779042555,29.774901069444592,29.5990016,-96.46220731317277,-96.20834817575964,-95.27485969099912,-95.3859772310233,-95.3688527
TX,Dallas / Houston,2022-08-20,1884.1666666666667,196.0,3376.3333333333335,759.75,955.75,7172.0,29.76105083220716,29.864057844410507,32.54990588858833,29.90285406390539,29.581190561875317,-95.44534321793897,-95.45818102006461,-96.73875000225595,-95.33106466427998,-95.39814770582333
TX,Dallas / Houston,2022-08-23,0.0,0.0,0.0,301.0,0.0,301.0,,,,29.626839978434553,,,,,-95.3887735244042,
TX,Dallas / Houston,2022-08-24,2453.0,1133.5,3448.25,825.5,971.75,8832.0,30.20520499063611,30.547151915091348,32.605241193105215,29.90285406390539,29.57688127373369,-95.68507152142473,-95.66427968826895,-96.78881598968619,-95.33106466427998,-95.40542069765499
TX,Dallas / Houston,2022-08-25,1389.0,2319.333333333333,761.6666666666666,0.0,499.0,4969.0,31.53518237120304,30.809377118210822,31.662798934349784,,29.579927516469706,-96.29339909024267,-95.88957636123362,-96.24217012836804,,-95.39698043860176
TX,Dallas / Houston,2022-08-26,10269.466666666667,3485.366666666667,5016.583333333333,1390.5,1468.0833333333333,21630.0,30.874715040993095,31.14125908274195,32.20890658075689,32.76747824487442,29.58003811333283,-95.92480793366569,-96.017078120247,-96.38778900441973,-96.62837754717667,-95.39800452679849
TX,Dallas / Houston,2022-08-27,1368.0,0.0,299.0,0.0,0.0,1667.0,32.75438444103739,,32.604716236664274,,,-96.86794580597997,,-96.7892372687652,,
TX,Dallas / Houston,2022-08-28,4509.784090909091,3944.306818181818,1038.4545454545455,215.45454545454547,0.0,9708.0,32.02450967677447,31.275722685823013,31.036328083760274,29.77490106944459,,-96.54720697852875,-96.10872153046864,-95.933744012392,-95.3859772310233,
TX,Dallas / Houston,2022-08-29,1973.095238095238,2611.0714285714284,1381.1666666666665,391.3333333333333,391.3333333333333,6747.999999999998,30.807333567381608,32.43558507173152,30.524959318254545,29.626225,29.581770261158184,-95.86427166540703,-96.6801407291703,-95.74890272833582,-95.388248,-95.3887175155896
TX,Dallas / Houston,2022-08-30,0.0,1877.0,0.0,0.0,0.0,1877.0,,29.69680288164603,,,,,-95.29807773711883,,,
TX,Dallas / Houston,2022-08-31,1815.25,608.0,807.75,292.0,0.0,3523.0,32.66341603806883,29.903562731078505,30.51995695557381,29.626839978434557,,-96.80505715707945,-95.41447098281671,-95.65717708507448,-95.3887735244042,
TX,Dallas / Houston,2022-09-01,137.0,201.0,0.0,0.0,0.0,338.0,32.93217924301265,31.807237885365492,,,,-96.83972164449085,-96.26825192518841,,,
TX,Dallas / Houston,2022-09-02,6599.833333333333,1316.3333333333335,1881.9166666666667,692.0,1189.9166666666667,11679.999999999998,31.868068766918242,32.098915543982926,30.17054343116334,29.9335,29.580049740037353,-96.40031551909334,-96.39790355377264,-95.53578254460695,-95.37759999999999,-95.39794477515854
TX,Dallas / Houston,2022-09-03,1945.0,972.5,972.5,0.0,0.0,3890.0,32.61823871629833,29.903562731078505,29.83503809636687,,,-96.8067819705696,-95.41447098281671,-95.28525435202806,,
TX,Dallas / Houston,2022-09-04,1088.095238095238,4818.571428571428,3621.6666666666665,380.8333333333333,380.8333333333333,10290.0,30.69769305155344,32.65608099354365,29.794140673176482,29.626225,29.581770261158184,-95.75131647108691,-96.81564852370873,-95.32350442697329,-95.38824800000002,-95.38871751558959
TX,Dallas / Houston,2022-09-05,1765.5,1862.5,0.0,0.0,0.0,3628.0,32.69910262555212,29.844068125846917,,,,-96.85509813024208,-95.26587372430184,,,
TX,Dallas / Houston,2022-09-06,323.0,646.0,4105.5,0.0,161.5,5236.0,31.210170039765988,31.274767057129342,31.304482142562005,,29.578493306315657,-96.22791635029577,-96.07722870033604,-95.99671843324789,,-95.40381472897492
TX,Dallas / Houston,2022-09-07,2716.568181818182,1611.6136363636365,454.9090909090909,238.9090909090909,216.0,5238.0,32.02129165104183,31.644716856707245,31.14928635790701,29.77490106944459,29.580245261347233,-96.5178074197425,-96.26723155613946,-95.99324963365022,-95.3859772310233,-95.39563538455086
TX,Dallas / Houston,2022-09-08,2174.0,480.0,120.0,0.0,120.0,2894.0,29.840263531759316,31.274767057129342,32.60489193795817,,29.57849330631566,-95.5470061970602,-96.07722870033604,-96.78611703125613,,-95.40381472897492
TX,Dallas / Houston,2022-09-09,356.0,712.0,178.0,0.0,178.0,1424.0,31.210170039765995,31.274767057129342,32.60489193795817,,29.57849330631566,-96.22791635029577,-96.07722870033604,-96.78611703125613,,-95.40381472897492
TX,Dallas / Houston,2022-09-10,20050.0,291.0,0.0,162.0,0.0,20503.0,29.951633830025962,30.175232378413305,,29.918265693568824,,-95.57571798764654,-95.60861457364902,,-95.35407847589786,
TX,Dallas / Houston,2022-09-11,3002.166666666667,6416.833333333334,4136.5,982.25,319.25,14857.0,31.47193856493728,32.0418429783822,30.666962459033655,29.716549824997614,29.576595677410115,-96.2742264634798,-96.49280565512322,-95.76420184405596,-95.3700170432694,-95.40570521966522
TX,Dallas / Houston,2022-09-12,2429.1666666666665,3880.0,2471.8333333333335,934.75,677.25,10393.0,30.482655135724624,31.19368899521314,32.485726154019304,29.79271418278143,29.576919304045166,-95.83941531582906,-96.08107188625208,-96.72363011356404,-95.35409264483769,-95.40538281040021
TX,Dallas / Houston,2022-09-13,1159.5,0.0,2319.0,579.75,579.75,4638.0,29.761982991206484,,32.605256662083185,29.902854063905387,29.576595677410115,-95.47525473489691,,-96.78893553016783,-95.33106466427998,-95.40570521966522
TX,Dallas / Houston,2022-09-14,1456.7727272727273,1928.9545454545455,131.63636363636363,131.63636363636363,198.0,3847.0,31.83353119549294,30.41946892755142,29.835303779042555,29.77490106944459,29.5990016,-96.39925733397779,-95.66967965749038,-95.27485969099912,-95.3859772310233,-95.3688527
TX,Dallas / Houston,2022-09-15,3337.7,2029.4,1515.75,1188.1,609.05,8680.0,31.873893531384333,31.365942820420766,31.485842450319353,29.877606208515797,29.579230454775676,-96.49717768388193,-96.12850358576091,-96.21138834670525,-95.37340880223128,-95.4009092240363
TX,Dallas / Houston,2022-09-17,2385.1666666666665,2385.1666666666665,2385.1666666666665,2165.5,0.0,9321.0,29.758314775850497,29.867652255200277,32.493685203005754,32.76747824487442,,-95.2691269530331,-95.46845534446003,-96.49761707740934,-96.62837754717668,
TX,Dallas / Houston,2022-09-18,8685.75,3538.5,321.0,0.0,1608.75,14154.0,31.028675582385816,32.51164705162953,29.83503809636687,,29.58313933882349,-96.0656757536971,-96.49290588689719,-95.28525435202806,,-95.38976994137528
TX,Dallas / Houston,2022-09-19,0.0,0.0,670.0,0.0,83.0,753.0,,,29.82041314500975,,29.58172632532757,,,-95.33376108363832,,-95.39096554097016
TX,Dallas / Houston,2022-09-20,1150.5,290.5,1429.5,284.75,284.75,3440.0,31.204385925824788,29.90356273107851,32.04229863945948,29.90285406390539,29.576595677410115,-96.14767309554517,-95.41447098281671,-96.48336058630663,-95.33106466427998,-95.40570521966522
TX,Dallas / Houston,2022-09-22,1700.0,1275.0,0.0,0.0,425.0,3400.0,31.322629799237017,31.713036592461,,,29.580022606557502,-96.15750238002501,-96.29172255315117,,,-95.39784655158356
TX,Dallas / Houston,2022-09-23,1569.1666666666667,1255.0,4099.333333333333,1477.25,702.25,9103.0,29.759939926871827,32.6291431412406,31.903224198445557,29.758050600551258,29.576595677410115,-95.47218413803562,-96.8321978862277,-96.40120776212297,-95.3613400859055,-95.40570521966524
TX,Dallas / Houston,2022-09-24,2836.1190476190477,5134.547619047618,1697.0,848.5,1080.8333333333333,11597.0,30.762707680198105,32.38646969702022,29.77043093891414,29.626225,29.58547426830475,-95.77607591070209,-96.63545602971759,-95.38493284703843,-95.388248,-95.3844474226163
TX,Dallas / Houston,2022-09-25,4323.117424242424,2465.1401515151515,1207.2878787878788,319.45454545454544,0.0,8315.0,31.803908289558194,31.666443361116247,31.068092307872647,29.77490106944459,,-96.41749972712235,-96.32146117159884,-95.97349325253208,-95.3859772310233,
TX,Dallas / Houston,2022-09-26,993.0,0.0,0.0,0.0,331.0,1324.0,31.880429673285796,,,,29.580920680883594,-96.3885470300905,,,,-95.39090161799264
TX,Dallas / Houston,2022-09-27,1779.905303030303,1494.064393939394,441.8484848484849,459.1818181818182,172.0,4347.0,31.788362677412195,31.365698427681508,30.893633985064223,29.670751186974055,29.57849330631566,-96.43206123097269,-96.13118046392225,-95.8494792026547,-95.38794421387468,-95.40381472897492
TX,Dallas / Houston,2022-09-28,386.66666666666663,77.33333333333333,5765.333333333334,77.33333333333333,77.33333333333333,6384.0,30.306375382892703,32.720911783384025,31.269372401856323,29.902827660580733,29.578569825867127,-95.72687113095019,-96.85649501928172,-95.97545486317466,-95.33286094132104,-95.39877738673334
TX,Dallas / Houston,2022-09-29,4337.5,4484.0,0.0,304.0,698.5,9824.0,31.53279331089086,31.2611288817481,,29.626839978434557,29.580920680883597,-96.30540088467168,-96.10857854779199,,-95.3887735244042,-95.39090161799263
TX,Dallas / Houston,2022-09-30,0.0,0.0,0.0,301.0,0.0,301.0,,,,29.626839978434553,,,,,-95.3887735244042,
TX,Dallas / Houston,2022-10-01,0.0,4074.0,0.0,0.0,0.0,4074.0,,29.69849741326255,,,,,-95.29486105367232,,,
TX,Dallas / Houston,2022-10-02,1368.3068181818182,706.5113636363636,143.0909090909091,143.0909090909091,0.0,2361.0,32.15815176249294,31.790600795645965,29.835303779042555,29.77490106944459,,-96.58586782798692,-96.35215570021387,-95.27485969099912,-95.3859772310233,
TX,Dallas / Houston,2022-10-03,108.0,108.0,108.0,0.0,0.0,324.0,29.657846904941312,29.901878306022642,29.69949137075084,,,-95.47831837249925,-95.35649018929762,-95.3016846555107,,
TX,Dallas / Houston,2022-10-04,2574.8636363636365,1376.2727272727273,970.9318181818182,756.6818181818182,244.25,5923.0,31.787637197161978,31.678534135630034,31.982781831090527,29.7313602981059,29.57717642566268,-96.41886419393055,-96.29242686062088,-96.4484847425238,-95.37504020623086,-95.40512665598416
TX,Dallas / Houston,2022-10-05,162.33333333333334,145.33333333333334,72.66666666666667,0.0,72.66666666666667,453.00000000000006,31.460202625162676,31.246368051849498,32.6026307254389,,29.580245261347233,-96.22624180671869,-96.03533878204992,-96.78783244900674,,-95.39563538455086
TX,Dallas / Houston,2022-10-06,2535.5,3911.2,1941.5,1187.8,183.0,9759.0,31.406943187800813,31.089109102493392,32.35529365091562,29.828392404337958,29.58172632532757,-96.26468439123575,-96.04903889274553,-96.6491089202104,-95.36700506477978,-95.39096554097016
TX,Dallas / Houston,2022-10-07,468.0,630.0,183.0,34.0,183.0,1498.0,30.88186856184193,31.352812962990708,32.60464927579263,29.90282766058073,29.578507523062925,-96.04591274497793,-96.1192843429458,-96.78665381296189,-95.33286094132104,-95.40287882932348
TX,Dallas / Houston,2022-10-08,1005.0,502.5,502.5,0.0,0.0,2010.0,32.61823871629833,29.903562731078505,29.83503809636687,,,-96.8067819705696,-95.41447098281671,-95.28525435202806,,
TX,Dallas / Houston,2022-10-09,995.5,1517.0,1991.0,497.75,497.75,5499.0,29.76198299120648,29.698113,32.605256662083185,29.90285406390539,29.576595677410115,-95.47525473489691,-95.296668,-96.78893553016783,-95.33106466427998,-95.40570521966522
TX,Dallas / Houston,2022-10-10,861.5,861.5,861.5,861.5,0.0,3446.0,29.768506159969505,29.864180390736035,32.77712609201614,32.76747824487442,,-95.2479067351576,-95.47981300431564,-96.61893154920664,-96.62837754717668,
TX,Dallas / Houston,2022-10-11,1440.6666666666667,3827.6666666666665,1316.3333333333333,1427.0,202.33333333333334,8214.0,30.19766134392689,29.90068971424582,32.72485148992493,31.656960356014256,29.580245261347233,-95.51523909591454,-95.41963052887438,-96.66891076309693,-96.18553208546808,-95.39563538455086
TX,Dallas / Houston,2022-10-12,974.0,0.0,0.0,0.0,0.0,974.0,29.86820158503332,,,,,-95.47223825851056,,,,
TX,Dallas / Houston,2022-10-13,2133.0,3132.5,2495.5,260.0,0.0,8021.0,30.844205265973912,31.68453753609463,29.80599132646572,29.626839978434553,,-96.01638167298879,-96.31814153330637,-95.30364056095087,-95.3887735244042,
TX,Dallas / Houston,2022-10-14,1332.0,696.5,1309.5,0.0,398.0,3736.0,31.961204175347888,31.859571399808306,30.781342285636775,,29.58097649364736,-96.43910620628972,-96.40610750084565,-95.69277320208916,,-95.39402713061826
TX,Dallas / Houston,2022-10-15,1870.0,1402.5,0.0,0.0,467.5,3740.0,31.322629799237017,31.713036592461002,,,29.580022606557502,-96.15750238002498,-96.29172255315116,,,-95.39784655158356
TX,Dallas / Houston,2022-10-16,4575.0,664.0,1217.0,27.0,1714.0,8197.0,31.63596047721905,32.61033365690244,32.761565832017524,29.90282766058073,29.59102068104999,-96.2719983686163,-96.82504580703919,-96.5898506365796,-95.33286094132103,-95.37794959374268
TX,Dallas / Houston,2022-10-17,10198.0,0.0,0.0,0.0,0.0,10198.0,29.676459969078245,,,,,-95.45756722086917,,,,
TX,Dallas / Houston,2022-10-18,99.0,0.0,0.0,0.0,185.0,284.0,29.79302547689869,,,,29.58172632532757,-95.49089531007509,,,,-95.39096554097017
TX,Dallas / Houston,2022-10-19,2740.6439393939395,1329.9621212121212,1076.3636363636365,419.3636363636364,559.6666666666667,6126.000000000001,31.489953293140243,31.297121353698106,32.089633676084745,29.841720658357676,29.590234065073517,-96.24167558925471,-96.12316619027709,-96.507092358755,-95.35730080065593,-95.38327325117334
TX,Dallas / Houston,2022-10-20,193.66666666666666,193.66666666666666,0.0,0.0,193.66666666666666,581.0,29.76977606189995,29.864057844410507,,,29.5990016,-95.21289268508092,-95.4581810200646,,,-95.3688527
TX,Dallas / Houston,2022-10-21,1462.5,5983.0,731.25,0.0,104.25,8281.0,32.41749866907987,31.05124362550358,30.22991982352707,,29.57849330631566,-96.72425651291005,-95.83158899985716,-95.49922349296416,,-95.40381472897492
TX,Dallas / Houston,2022-10-22,2615.333333333333,1508.3333333333333,1508.3333333333333,0.0,0.0,5631.999999999999,31.978517139593134,30.621714488754268,30.615735536635476,,,-96.5018699500608,-95.81140599232445,-95.72277315204529,,
TX,Dallas / Houston,2022-10-23,1499.0333333333333,241.83333333333331,922.3333333333334,850.8,0.0,3514.0,31.181738581572212,29.898902014837027,31.940875234786336,29.82348109068525,,-96.20529622220165,-95.37938585156414,-96.433621215846,-95.36935022851388,
TX,Dallas / Houston,2022-10-24,3142.212121212121,1310.2424242424242,534.2727272727273,103.27272727272727,554.0,5643.999999999999,32.00008458735269,31.3996122380819,29.835089451738586,29.77490106944459,29.59910474511242,-96.48214397342214,-96.17663065591337,-95.28324510667687,-95.3859772310233,-95.36744540101678
TX,Dallas / Houston,2022-10-25,10789.272727272728,4524.454545454545,2992.6363636363635,1820.1363636363635,1950.5,22077.0,30.94598731971317,32.11999563180487,32.45553875021591,30.88825914573287,29.581366293421304,-96.01157832910404,-96.37811555068176,-96.64756399888273,-95.83141297267633,-95.39408770327029
TX,Dallas / Houston,2022-10-27,2326.5,2607.25,2467.0,291.75,727.5,8420.0,30.9312103225614,32.15803901158845,31.12725010019167,29.902854063905394,29.5786483019819,-95.98639062376786,-96.55726860126802,-96.00809738757911,-95.33106466427998,-95.40099812053589
TX,Dallas / Houston,2022-10-28,5461.42803030303,5881.51893939394,1997.2348484848485,1262.8181818181818,0.0,14603.0,31.534589871309837,30.587903353187617,31.7700184920593,31.895837092200814,,-96.25636166373454,-95.77085897018871,-96.22649968238447,-96.26650643068713,
TX,Dallas / Houston,2022-10-29,523.2,174.4,872.0,174.4,0.0,1744.0,29.764452596915476,29.68484210861412,32.60530777381819,29.902101823255123,,-95.39235948004836,-95.29561335695564,-96.78105987309402,-95.33180864518005,
TX,Dallas / Houston,2022-10-30,3033.3333333333335,1770.6666666666667,1008.0,0.0,1074.0,6886.0,31.667120838053528,32.667970362110445,29.771313740784112,,29.599104745112417,-96.28748830712169,-96.75721291582893,-95.22852347472949,,-95.36744540101678
TX,Dallas / Houston,2022-10-31,914.5,698.5,216.0,0.0,0.0,1829.0,32.880386923562426,32.8284600866437,32.60402323571779,,,-96.8376990028787,-96.70945055561502,-96.78506925203328,,
TX,Dallas / Houston,2022-11-01,5565.3,2098.2,2312.25,0.0,1070.25,11046.0,31.650427521460628,32.81911650820845,29.70155367525586,,29.57998274618186,-96.27698492612336,-96.7214772592179,-95.29537466634768,,-95.3987360698811
TX,Dallas / Houston,2022-11-02,2884.25,1646.75,906.75,609.5,345.75,6393.0,31.4370990818084,31.02873244492715,32.720606842494945,32.76747824487442,29.5800226065575,-96.16441485452069,-95.99121617998266,-96.67476102275369,-96.62837754717668,-95.39784655158354
TX,Dallas / Houston,2022-11-03,1289.7,964.1,326.0,311.0,217.2,3108.0,32.227477482235884,31.094953851236365,29.83503809636687,29.62683997843455,29.580976493647356,-96.59674458053048,-95.99530098200677,-95.28525435202806,-95.3887735244042,-95.39402713061827
TX,Dallas / Houston,2022-11-04,2119.166666666667,1758.6666666666667,1758.6666666666667,917.5,0.0,6554.000000000001,30.43887217864958,30.62069822344535,32.1718593302194,32.76747824487442,,-95.6811747098164,-95.85628939963937,-96.43045326163224,-96.62837754717668,
TX,Dallas / Houston,2022-11-05,4080.5,3991.0,0.0,0.0,1042.5,9114.0,31.362416416695304,31.49526565553662,,,29.599104745112417,-96.20308808504652,-96.23311332647963,,,-95.36744540101678
TX,Dallas / Houston,2022-11-06,1352.5,1665.0,2452.25,0.0,179.25,5649.0,32.24500942200122,31.25323871650561,29.938216096798183,,29.57849330631566,-96.65334513148038,-96.0908923616036,-95.40542116521995,,-95.40381472897492
TX,Dallas / Houston,2022-11-07,1376.0,1820.0,4000.0,932.0,444.0,8572.0,30.758272460957794,30.55512137399933,31.6067657863445,32.76747824487442,29.579927516469706,-95.78625687875768,-95.77217641803918,-96.11690118890255,-96.62837754717668,-95.39698043860176
TX,Dallas / Houston,2022-11-08,5391.866666666667,2832.0,1303.6666666666665,1022.1333333333332,1618.3333333333333,12168.0,31.478852128101966,32.471757276008816,30.920263858365622,29.74873168507077,29.581140574325183,-96.21706272996629,-96.68529289676164,-95.95333103435328,-95.37651146333873,-95.39130590454023
TX,Dallas / Houston,2022-11-11,0.0,0.0,0.0,397.0,0.0,397.0,,,,29.626839978434553,,,,,-95.38877352440421,
TX,Dallas / Houston,2022-11-12,2022.0,2882.0,471.0,374.0,275.0,6024.0,32.272286558989826,30.56559438921295,29.83503809636687,29.71099499777814,29.5990016,-96.55977054121347,-95.70586071077788,-95.28525435202806,-95.37875463339168,-95.3688527
TX,Dallas / Houston,2022-11-13,2436.0,1354.5,3517.5,1918.25,563.75,9790.0,29.76548944513348,29.857373255572234,32.66694398412735,31.78895123497404,29.576595677410115,-95.35249120402764,-95.47899313669828,-96.72791775448525,-96.18599743390122,-95.40570521966522
TX,Dallas / Houston,2022-11-14,3354.3380952380953,2917.395238095238,2482.166666666667,611.25,1044.85,10410.000000000002,30.821292014769437,32.22574083391845,31.64878415463195,29.76844288684216,29.579884544992684,-95.91250715674923,-96.58380498233456,-96.30951718516312,-95.35884945071571,-95.39603017777289
TX,Dallas / Houston,2022-11-15,775.2857142857142,947.5714285714286,172.28571428571428,172.28571428571428,344.57142857142856,2411.9999999999995,32.093706317657514,31.61294332660935,29.70117666723781,29.614625620318147,29.588441337386552,-96.59972280337789,-96.28305299393759,-95.29289902228786,-95.38417024002926,-95.39288118813401
TX,Dallas / Houston,2022-11-16,13319.0,1637.0,2402.3333333333335,918.0,186.66666666666666,18463.0,29.68407816216161,30.47153026197496,31.379340740242068,32.76747824487442,29.5990016,-95.43970510601463,-95.75075651416486,-95.97293643449557,-96.62837754717668,-95.3688527
TX,Dallas / Houston,2022-11-17,357.8,301.6,46.0,301.6,46.0,1053.0,30.114305552618365,30.21495407698907,32.6035858445378,29.915911086415466,29.57856982586713,-95.54362498164276,-95.67955466313354,-96.78900617984895,-95.35084237977539,-95.39877738673334
TX,Dallas / Houston,2022-11-18,580.0,580.0,290.0,0.0,290.0,1740.0,31.2975271696036,31.246368051849498,32.6026307254389,,29.580245261347233,-96.15788000512043,-96.03533878204992,-96.78783244900674,,-95.39563538455086
TX,Dallas / Houston,2022-11-19,2034.7619047619046,5602.238095238095,274.0,137.0,137.0,8185.0,31.10972908843543,30.99600815733959,29.77043093891414,29.626225,29.58177026115818,-96.13604790983617,-95.96284535979075,-95.38493284703843,-95.388248,-95.3887175155896
TX,Dallas / Houston,2022-11-20,4465.0,2940.0,959.0,0.0,1132.0,9496.0,31.975569706565324,31.221540000722634,29.83503809636687,,29.580976493647356,-96.48487044581164,-96.08264511282192,-95.28525435202806,,-95.39402713061827
TX,Dallas / Houston,2022-11-21,291.0,1976.0,485.0,530.0,0.0,3282.0,29.764452596915476,29.964210784177798,32.60530777381819,29.677218089656435,,-95.39235948004836,-95.43333637090231,-96.78105987309402,-95.37834787669713,
TX,Dallas / Houston,2022-11-22,648.0,324.0,324.0,286.0,0.0,1582.0,32.61823871629833,29.90356273107851,29.83503809636687,29.626839978434553,,-96.8067819705696,-95.41447098281671,-95.28525435202806,-95.3887735244042,
TX,Dallas / Houston,2022-11-23,26997.2,2100.1,99.25,0.0,1072.45,30269.0,32.79363661129764,31.74902079553063,32.60489193795817,,29.580746686810045,-96.78965002657206,-96.34393670716806,-96.78611703125613,,-95.39493292495544
TX,Dallas / Houston,2022-11-24,2814.1136363636365,1363.5227272727273,112.93181818181819,110.18181818181819,272.25,4673.0,31.273682106892714,31.74044774133238,29.90274595397288,29.77490106944459,29.58000715908031,-96.15163840113733,-96.31410397187736,-95.31166028229941,-95.3859772310233,-95.39790683620366
TX,Dallas / Houston,2022-11-25,195.0,195.0,195.0,0.0,0.0,585.0,29.657846904941312,29.901878306022635,29.69949137075084,,,-95.47831837249925,-95.35649018929762,-95.3016846555107,,
TX,Dallas / Houston,2022-11-26,1425.0,475.0,0.0,0.0,0.0,1900.0,31.84498933333333,29.77154526987888,,,,-96.37945166666667,-95.21795045027467,,,
TX,Dallas / Houston,2022-11-27,540.3333333333334,825.3333333333334,270.1666666666667,0.0,270.1666666666667,1906.0000000000002,31.251450460158093,31.26598125824228,32.603823406934254,,29.579321188829038,-96.1948208287632,-96.06426921834607,-96.7869276481574,,-95.39994959768013
TX,Dallas / Houston,2022-11-28,3426.166666666667,1618.9166666666667,3199.1666666666665,1470.75,861.0,10576.0,30.653615907512467,31.577684988310253,32.32489419844909,31.629541940967034,29.577655398531476,-95.87087541272152,-96.27916223050792,-96.64432699309543,-96.34320482115844,-95.40327505662604
TX,Dallas / Houston,2022-11-29,5640.405303030303,2501.7310606060605,614.6818181818182,280.1818181818182,962.0,9999.0,31.94418314835534,31.68463835112771,29.835159198785927,29.77490106944459,29.599104745112417,-96.45524112840901,-96.31539104940215,-95.28051629903815,-95.3859772310233,-95.36744540101678
TX,Dallas / Houston,2022-11-30,3398.2,268.8,336.0,0.0,336.0,4339.0,32.269203493594524,32.82921245543902,29.701784515840558,,29.57998274618186,-96.54994488779087,-96.7084785486381,-95.29394779015652,,-95.3987360698811
TX,Dallas / Houston,2022-12-02,2167.666666666667,619.3333333333334,0.0,0.0,929.0,3716.0000000000005,31.467118589822704,32.605646671949536,,,29.599104745112417,-96.18642197137633,-96.82371279490332,,,-95.36744540101678
TX,Dallas / Houston,2022-12-03,0.0,387.0,387.0,0.0,0.0,774.0,,32.64894999250624,32.77927387192012,,,,-96.78158674263207,-96.622924875273,,
TX,Dallas / Houston,2022-12-04,162.66666666666666,0.0,1657.3333333333333,0.0,0.0,1820.0,29.742513911539717,,30.25832611512059,,,-95.4459939358594,,-95.52080933483404,,
TX,Dallas / Houston,2022-12-05,1456.6,371.9,411.5,0.0,198.0,2438.0,31.93413985167874,31.14965823077925,29.770920942188962,,29.57998274618186,-96.43229409678007,-95.96561591001787,-95.28943734291369,,-95.39873606988108
TX,Dallas / Houston,2022-12-06,211.66666666666666,211.66666666666666,0.0,0.0,211.66666666666666,635.0,29.76977606189995,29.864057844410503,,,29.5990016,-95.21289268508092,-95.45818102006461,,,-95.3688527
TX,Dallas / Houston,2022-12-07,4130.333333333333,1712.3333333333335,260.6666666666667,0.0,260.6666666666667,6364.0,29.97193610785732,32.22815960496981,32.6026307254389,,29.580245261347233,-95.61760999193031,-96.63120681288703,-96.78783244900674,,-95.39563538455086
TX,Dallas / Houston,2022-12-08,1968.1666666666667,2027.3333333333335,1465.0,0.0,843.5,6304.0,31.467118589822707,32.60555743005594,29.8004549788629,,29.599104745112417,-96.18642197137635,-96.82413392895221,-95.30714499342447,,-95.36744540101677
TX,Dallas / Houston,2022-12-10,21977.0,372.6666666666667,4857.0,1017.0,1203.3333333333333,29427.0,29.712769555997895,31.246368051849494,32.53641445006601,29.90285406390539,29.577160806889577,-95.47092082772696,-96.03533878204992,-96.72656658481765,-95.33106466427998,-95.4041459294079
TX,Dallas / Houston,2022-12-11,2786.6666666666665,3685.1666666666665,734.8333333333333,0.0,1633.3333333333333,8840.0,32.42125662926845,31.118126337518625,31.026439958462294,,29.57998905522252,-96.71122194339037,-95.99605691347199,-95.9320888333312,,-95.3967199373172
TX,Dallas / Houston,2022-12-12,2070.0,2406.0,1992.0,0.0,0.0,6468.0,31.01010465661071,32.60543454668344,29.8004549788629,,,-96.02438311259817,-96.82450389238622,-95.30714499342446,,
TX,Dallas / Houston,2022-12-13,4362.8,2455.6666666666665,1744.3333333333333,1102.2,0.0,9665.000000000002,32.20218962561817,29.934512304739954,31.268920446512,29.82348109068525,,-96.64370233032795,-95.32387803135568,-96.08542903708512,-95.36935022851388,
TX,Dallas / Houston,2022-12-14,1425.8181818181818,646.3636363636364,478.9090909090909,649.9090909090909,0.0,3201.0,31.863358926052985,31.790600795645965,31.445529233492515,29.6566634461999,,-96.44676309516798,-96.35215570021387,-96.01006694497465,-95.38821027605219,
TX,Dallas / Houston,2022-12-15,4242.357142857143,1769.142857142857,2127.0,703.75,703.75,9546.0,30.013357800871947,32.729907946695775,31.6883031606538,29.76763502591825,29.57912506541627,-95.5336056778475,-96.803021678172,-96.33479643943298,-95.35901644756622,-95.39740146094124
TX,Dallas / Houston,2022-12-16,0.0,85.0,0.0,0.0,0.0,85.0,,32.70634990171638,,,,,-96.85802821611783,,,
TX,Dallas / Houston,2022-12-17,1956.4,3291.6,259.5,0.0,259.5,5767.0,32.04890223283737,30.473143113073647,29.70178451584056,,29.57998274618186,-96.45164107895303,-95.64488013850466,-95.29394779015652,,-95.3987360698811
TX,Dallas / Houston,2022-12-18,1959.594696969697,591.935606060606,1958.1515151515152,547.5681818181818,443.75,5501.0,30.971703714429168,31.5374674323049,32.3406726835319,29.87859435034972,29.576595677410115,-96.03803275172709,-96.21871303675981,-96.64840648120631,-95.34147601217704,-95.40570521966521
TX,Dallas / Houston,2022-12-19,4194.969696969697,2511.560606060606,428.1515151515151,197.8181818181818,1038.5,8371.0,31.696114751472635,31.644656291191854,30.861559092006324,29.77490106944459,29.59586752974899,-96.33192547937144,-96.28036070682658,-95.85095651568507,-95.3859772310233,-95.37341828903267
TX,Dallas / Houston,2022-12-20,19465.219696969696,714.810606060606,849.4848484848485,172.15151515151516,34.333333333333336,21236.0,29.851186664904038,31.835284907737844,31.714069617847255,29.800414329039246,29.57856982586713,-95.53613211901663,-96.37637980910071,-96.14279055533572,-95.3753838924856,-95.39877738673334
TX,Dallas / Houston,2022-12-21,3867.9,875.25,1500.5,4727.6,291.75,11263.0,31.39207871500768,31.713036592461002,32.604077156919644,31.661562425416875,29.580022606557506,-96.27363327161419,-96.29172255315117,-96.78569233701215,-96.32622426601984,-95.39784655158356
TX,Dallas / Houston,2022-12-22,1701.0,486.0,0.0,253.0,729.0,3169.0,31.46711858982271,32.605646671949536,,29.626839978434553,29.599104745112417,-96.18642197137636,-96.82371279490332,,-95.3887735244042,-95.36744540101678
TX,Dallas / Houston,2022-12-23,3891.3333333333335,1279.8333333333335,2311.3333333333335,1031.5,0.0,8514.0,31.95399121687005,31.445867763581035,30.704775984029006,29.9335,,-96.4919788098901,-96.26692989027875,-95.81036735156503,-95.3776,
TX,Dallas / Houston,2022-12-24,2179.8,58.6,2222.5,410.85,352.25,5224.0,30.47155061992365,29.68484210861412,32.604974537140635,29.902746770970975,29.576595677410115,-95.82284053329754,-95.29561335695564,-96.78699178875426,-95.33117077911687,-95.40570521966522
TX,Dallas / Houston,2022-12-25,1916.1904761904761,3449.1428571428573,1341.3333333333333,920.6666666666666,670.6666666666666,8298.0,30.69769305155344,32.729907946695775,29.77043093891414,29.62639199269584,29.58177026115818,-95.7513164710869,-96.803021678172,-95.38493284703843,-95.38839070213729,-95.3887175155896
TX,Dallas / Houston,2022-12-26,5726.168181818181,3514.1136363636365,4707.409090909091,2662.309090909091,0.0,16610.0,31.68625316446668,32.50369000047557,30.965083717241086,29.81955957449585,,-96.41786067800948,-96.61621289440332,-95.94076368779353,-95.37069240700323,
TX,Dallas / Houston,2022-12-27,492.0,246.0,246.0,0.0,0.0,984.0,32.61823871629833,29.903562731078505,29.83503809636687,,,-96.8067819705696,-95.41447098281671,-95.28525435202806,,
TX,Dallas / Houston,2022-12-28,18324.215909090908,516.1931818181818,104.54545454545455,104.54545454545455,376.5,19426.0,30.398486165634182,31.790600795645965,29.835303779042555,29.77490106944459,29.580920680883597,-95.7865474276856,-96.35215570021388,-95.27485969099914,-95.3859772310233,-95.39090161799265
TX,Dallas / Houston,2022-12-29,1407.9761904761904,1670.1190476190477,262.14285714285717,262.14285714285717,752.6190476190477,4355.0,31.71683152011435,31.373841298320993,29.701176667237807,29.614625620318147,29.591645162709643,-96.37481875612215,-96.1702791365074,-95.29289902228786,-95.38417024002926,-95.38559130514746
TX,Dallas / Houston,2022-12-30,2669.0,1592.5,1243.0,310.75,1220.75,7036.0,31.08885309019985,31.859571399808306,32.605256662083185,29.90285406390539,29.579861327851148,-96.06380746411376,-96.40610750084565,-96.78893553016783,-95.33106466427998,-95.3969998655528
TX,Dallas / Houston,2023-01-01,1396.0,103.5,1349.0,337.25,337.25,3523.0,31.396982166925213,32.82714560708991,32.605256662083185,29.90285406390539,29.576595677410115,-96.18006043770926,-96.70960315190608,-96.78893553016783,-95.33106466427998,-95.40570521966522
TX,Dallas / Houston,2023-01-02,949.5,949.5,0.0,0.0,0.0,1899.0,29.67456476685252,29.77234740938427,,,,-95.4570063565802,-95.22324592637769,,,
TX,Dallas / Houston,2023-01-03,2031.375,1374.625,815.5,1232.5,0.0,5454.0,31.36586756420384,30.846747640998814,32.26487744892325,31.360101274475667,,-96.14226839606492,-95.92474982174704,-96.38489328572967,-96.06583335051144,
TX,Dallas / Houston,2023-01-04,1998.8333333333335,2670.166666666667,531.25,0.0,110.75,5311.0,31.828658622671718,31.049600941670942,30.412471156049197,,29.578493306315657,-96.48117800337818,-95.9940687618254,-95.59814007762714,,-95.40381472897492
TX,Dallas / Houston,2023-01-05,361.3333333333333,722.6666666666666,0.0,0.0,0.0,1084.0,32.617574,32.71028113532967,,,,-96.76777700000001,-96.71206698022469,,,
TX,Dallas / Houston,2023-01-06,1668.340909090909,990.5681818181818,146.54545454545453,146.54545454545453,0.0,2952.0,32.28232949489775,32.06999344093318,29.835303779042555,29.774901069444585,,-96.62650913013667,-96.44850289907771,-95.27485969099912,-95.3859772310233,
TX,Dallas / Houston,2023-01-07,9779.633333333333,5602.166666666666,3045.5,2060.7,1824.0,22312.0,31.384934266406127,31.23590361357373,31.99267360776719,31.505703951391684,29.589793833207878,-96.17906700161818,-96.09152203667924,-96.32294985574303,-96.08876822614842,-95.38227929575605
TX,Dallas / Houston,2023-01-09,1610.0,363.5,2067.5,194.0,0.0,4235.0,31.083420627184488,29.903562731078505,29.782517515030463,29.626839978434553,,-96.0713741038054,-95.41447098281671,-95.23849768217714,-95.3887735244042,
TX,Dallas / Houston,2023-01-10,247.0,1655.0,1284.5,0.0,123.5,3310.0,31.21017003976599,32.3532621094546,29.980519288903082,,29.57849330631566,-96.22791635029577,-96.53546207566214,-95.43981546191219,,-95.40381472897492
TX,Dallas / Houston,2023-01-11,1797.0,0.0,2198.0,517.5,517.5,5030.0,30.961075435775218,,32.572994606547,29.90285406390539,29.576595677410115,-95.99432283689103,,-96.75968411801266,-95.33106466427998,-95.40570521966522
TX,Dallas / Houston,2023-01-12,188.0,94.0,94.0,0.0,0.0,376.0,32.61823871629833,29.903562731078505,29.83503809636687,,,-96.8067819705696,-95.41447098281671,-95.28525435202805,,
TX,Dallas / Houston,2023-01-13,1826.1666666666667,964.1666666666667,333.6666666666667,0.0,557.0,3681.0,30.419504043522892,30.88389645348507,32.6026307254389,,29.58776575619903,-95.70941651368166,-95.88260590206748,-96.78783244900674,,-95.38489666602958
TX,Dallas / Houston,2023-01-14,518.6666666666666,518.6666666666666,259.3333333333333,2470.0,259.3333333333333,4026.0,31.297527169603594,31.246368051849498,32.6026307254389,32.768533106287435,29.580245261347233,-96.15788000512043,-96.03533878204992,-96.78783244900674,-96.62784652477607,-95.39563538455086
TX,Dallas / Houston,2023-01-15,3033.0,2274.75,0.0,0.0,758.25,6066.0,31.322629799237017,31.713036592461002,,,29.580022606557502,-96.157502380025,-96.29172255315116,,,-95.39784655158356
TX,Dallas / Houston,2023-01-16,1443.5,2842.5,2842.5,1443.5,0.0,8572.0,29.768506159969505,31.315092890230225,31.26331638280479,32.76747824487442,,-95.2479067351576,-96.09533619068802,-95.96811855928063,-96.62837754717668,
TX,Dallas / Houston,2023-01-17,4823.0,1734.0,152.5,1271.0,958.5,8939.0,31.02489551066538,32.77588359389938,29.70178451584056,32.80185656982824,29.58263711620706,-96.05099453494637,-96.60809524167517,-95.29394779015652,-97.03038559547744,-95.39119647720955
TX,Dallas / Houston,2023-01-18,1213.276515151515,1042.0719696969697,1130.4924242424242,92.9090909090909,129.25,3608.0,31.81947642694957,31.41445470143193,30.132893093857867,29.774901069444585,29.57849330631566,-96.44904996155321,-96.15237768370942,-95.49308704737292,-95.3859772310233,-95.40381472897492
TX,Dallas / Houston,2023-01-19,1830.3333333333333,4729.166666666666,238.5,0.0,0.0,6797.999999999999,31.39357630152644,30.460444294379215,29.83503809636687,,,-96.28831683216768,-95.6922805485922,-95.28525435202806,,
TX,Dallas / Houston,2023-01-20,1255.7333333333333,2511.4666666666667,1900.0,152.8,0.0,5820.0,31.12030842904398,31.17003972285697,29.6979446,29.918265693568827,,-96.1660042943339,-96.06958946235203,-95.2996966,-95.35407847589786,
TX,Dallas / Houston,2023-01-21,19936.0,3103.0,759.0,0.0,1811.0,25609.0,30.474046006132323,32.778244013393994,30.950542364126388,,29.58238548663271,-95.80583182830333,-96.61253836511429,-95.93717837614564,,-95.39191121723324
TX,Dallas / Houston,2023-01-22,3489.866666666667,3904.4833333333336,557.0,111.4,569.25,8632.0,31.099944986362583,31.355998776923073,32.60530777381819,29.902101823255126,29.582756515142986,-96.08465330581276,-96.14028923003359,-96.78105987309402,-95.33180864518005,-95.39367001081965
TX,Dallas / Houston,2023-01-23,4147.333333333334,473.6666666666667,1779.0,0.0,0.0,6400.000000000001,30.729928993979765,32.60500810330275,32.75387037406409,,,-95.91391125286843,-96.8255062105754,-96.66415360996322,,
TX,Dallas / Houston,2023-01-24,4216.9,3944.0,1084.5,1008.6,0.0,10254.0,31.553303346858886,31.261128881748096,32.60422094249612,29.82348109068525,,-96.3617903387686,-96.10857854779199,-96.78648990579755,-95.36935022851388,
TX,Dallas / Houston,2023-01-25,386.19047619047615,695.1428571428571,270.3333333333333,135.16666666666666,135.16666666666666,1622.0,30.697693051553443,32.729907946695775,29.77043093891414,29.626225,29.58177026115818,-95.7513164710869,-96.803021678172,-95.38493284703843,-95.388248,-95.3887175155896
TX,Dallas / Houston,2023-01-26,980.8000000000001,179.60000000000002,716.0,671.6,0.0,2548.0,31.011986651982365,29.737000087292618,32.60460309095729,29.847355548420047,,-96.08245200621256,-95.40908807452462,-96.78371254098012,-95.36323688662917,
TX,Dallas / Houston,2023-01-27,825.0,619.5,412.5,463.0,69.0,2389.0,32.38270722858746,30.514462479246436,30.298359102596685,29.626839978434553,29.57849330631566,-96.70995353954198,-95.70974318626358,-95.5363077456444,-95.3887735244042,-95.40381472897492
TX,Dallas / Houston,2023-01-28,913.6666666666666,233.66666666666666,0.0,0.0,233.66666666666666,1381.0,31.983367306560858,29.864057844410507,,,29.5990016,-96.54513208138037,-95.4581810200646,,,-95.3688527
TX,Dallas / Houston,2023-01-29,4264.8,1208.9,493.5,1731.0,690.8,8389.0,30.74307335718359,31.859571399808303,32.60402323571779,32.078848884112915,29.580976493647352,-95.94688833631271,-96.40610750084564,-96.78506925203328,-96.35583743168462,-95.39402713061827
TX,Dallas / Houston,2023-01-30,379.2857142857143,463.57142857142856,84.28571428571429,84.28571428571429,168.57142857142858,1180.0000000000002,32.093706317657514,31.612943326609358,29.701176667237803,29.614625620318147,29.58844133738655,-96.59972280337789,-96.2830529939376,-95.29289902228786,-95.38417024002926,-95.39288118813403
TX,Dallas / Houston,2023-01-31,11.8,23.6,0.0,23.6,0.0,59.00000000000001,29.768639973877388,29.76396012356901,,29.918265693568827,,-95.21383926692674,-95.46774223597073,,-95.35407847589786,
TX,Dallas / Houston,2023-02-01,831.7,678.9,0.0,66.4,350.0,1927.0,31.440812485173556,31.654609566339033,,29.918265693568827,29.580976493647352,-96.20891178388472,-96.31433042971929,,-95.35407847589786,-95.39402713061826
TX,Dallas / Houston,2023-02-02,115.66666666666667,115.66666666666667,0.0,0.0,115.66666666666667,347.0,29.769776061899954,29.864057844410507,,,29.5990016,-95.21289268508092,-95.4581810200646,,,-95.3688527
TX,Dallas / Houston,2023-02-03,2645.0,1152.0,1196.25,723.25,397.5,6114.0,32.06250990432595,30.45698427653522,32.605216645329655,29.72844903513225,29.577222252992133,-96.50763309657556,-95.61166456092258,-96.78862629047532,-95.36752916352198,-95.40508100104107
TX,Dallas / Houston,2023-02-04,9486.810606060606,8113.962121212121,553.4469696969697,492.6969696969697,97.08333333333334,18743.999999999996,31.322480436582815,31.415111546888507,30.321047509553257,29.78433485890103,29.578521943675693,-96.23569222127658,-96.1786315708927,-95.54014775029754,-95.38206023542992,-95.40192950904589
TX,Dallas / Houston,2023-02-05,1476.9666666666667,49.333333333333336,732.8333333333334,869.5333333333334,49.333333333333336,3178.0,31.235752394749497,32.720911783384025,32.60404408244499,29.827982851148537,29.57856982586713,-96.22411660824727,-96.85649501928171,-96.78591542035983,-95.36727999371186,-95.39877738673333
TX,Dallas / Houston,2023-02-06,1981.5,3701.8333333333335,492.3333333333333,246.16666666666666,385.16666666666663,6807.000000000001,30.941944350540926,31.702445045580696,29.77043093891414,29.626225,29.587988753842765,-95.99312442713769,-96.31680786312265,-95.38493284703843,-95.388248,-95.38154864661439
TX,Dallas / Houston,2023-02-07,2246.0,1512.0,1006.0,395.5,269.5,5429.0,31.966491576656747,32.482745628101874,31.08614787136872,29.71926451299538,29.58177026115818,-96.39701476228342,-96.69174839132191,-96.03683161935095,-95.37736213391436,-95.3887175155896
TX,Dallas / Houston,2023-02-08,12381.142857142857,2681.690476190476,1654.5,326.8333333333333,326.8333333333333,17370.999999999996,32.194372243659174,32.12531441583108,30.602816282347504,29.626225,29.58177026115818,-96.51994549139997,-96.53364884066887,-95.76921920603004,-95.388248,-95.3887175155896
TX,Dallas / Houston,2023-02-09,0.0,0.0,0.0,283.0,0.0,283.0,,,,29.626839978434553,,,,,-95.3887735244042,
TX,Dallas / Houston,2023-02-10,20869.761363636364,6449.202272727272,4147.818181818182,1951.7181818181818,701.5,34120.00000000001,30.644199269115898,31.76472631544985,30.582527314681982,31.48611256355355,29.579851826979493,-95.87170823525985,-96.31011289375166,-95.66812682595075,-96.08235630959096,-95.39873989824231
TX,Dallas / Houston,2023-02-11,0.0,0.0,0.0,429.0,0.0,429.0,,,,29.626839978434553,,,,,-95.3887735244042,
TX,Dallas / Houston,2023-02-12,224.0,0.0,0.0,0.0,0.0,224.0,32.744018023476194,,,,,-97.00292610922642,,,,
TX,Dallas / Houston,2023-02-14,3040.655303030303,1722.9810606060605,341.5151515151515,341.5151515151515,49.333333333333336,5496.000000000001,32.007930359062954,31.94001241220399,30.235194036595907,29.79338061606124,29.57856982586713,-96.51618355574318,-96.43441852605402,-95.49358466738312,-95.37830435439196,-95.39877738673333
TX,Dallas / Houston,2023-02-15,4102.157142857142,1198.742857142857,422.0,324.6,1358.5,7406.0,31.67737287988458,32.44883709759787,29.770430938914142,29.728430245808436,29.5810526363035,-96.278633543262,-96.6764826596242,-95.38493284703843,-95.3762897192298,-95.39056238677657
TX,Dallas / Houston,2023-02-16,1621.3333333333333,3242.6666666666665,0.0,0.0,0.0,4864.0,31.207872705449915,31.261128881748096,,,,-96.22768779469618,-96.10857854779199,,,
TX,Dallas / Houston,2023-02-17,1839.8333333333335,1446.1666666666667,1223.1666666666665,757.1666666666666,260.6666666666667,5527.0,30.94698904591378,30.371472649361987,32.15548020101368,32.624970863837575,29.580003158777856,-95.92930889333564,-95.67601543018331,-96.39000729753357,-96.5639296596743,-95.39608940788412
TX,Dallas / Houston,2023-02-18,1433.0,2481.0,917.0,458.5,458.5,5748.0,30.889650239964542,32.73472867713853,29.77043093891414,29.626225,29.581770261158184,-95.84474644928903,-96.79839028811529,-95.38493284703843,-95.38824800000002,-95.3887175155896
TX,Dallas / Houston,2023-02-19,826.2,642.6,0.0,0.0,367.2,1836.0000000000002,31.491612438929707,31.859571399808306,,,29.580976493647356,-96.24245729132171,-96.40610750084565,,,-95.39402713061826
TX,Dallas / Houston,2023-02-20,5673.666666666666,5463.333333333333,1604.0,1008.0,731.0,14480.0,31.31556846263214,31.022459758993936,31.68393130061529,32.76747824487442,29.58035144314662,-96.15305528186549,-95.98903695428041,-96.12337568292332,-96.62837754717668,-95.39652987021113
TX,Dallas / Houston,2023-02-21,1115.3333333333333,1030.3333333333333,742.3333333333333,0.0,96.0,2984.0,30.99537660313688,31.382099399351873,31.653044500537597,,29.57849330631566,-96.04915645623775,-96.19622922032924,-96.2974525565589,,-95.40381472897492
TX,Dallas / Houston,2023-02-22,1401.5,1185.5,1617.5,1185.5,0.0,5390.0,29.76756905370514,29.847842529522058,32.71976479876922,32.506440156696534,,-95.28130144749767,-95.46303226883283,-96.67305785208094,-96.51025908119976,
TX,Dallas / Houston,2023-02-23,1033.3333333333335,3304.0,723.3333333333334,361.6666666666667,361.6666666666667,5784.000000000001,30.697693051553436,32.698444446309736,29.77043093891414,29.626225,29.58177026115818,-95.7513164710869,-96.84192440986845,-95.38493284703843,-95.388248,-95.3887175155896
TX,Dallas / Houston,2023-02-24,164.0,164.0,0.0,0.0,164.0,492.0,29.769776061899954,29.86405784441051,,,29.599001599999998,-95.21289268508092,-95.4581810200646,,,-95.3688527
TX,Dallas / Houston,2023-02-25,332.6666666666667,332.6666666666667,166.33333333333334,0.0,166.33333333333334,998.0000000000001,31.297527169603597,31.246368051849498,32.6026307254389,,29.58024526134723,-96.15788000512043,-96.03533878204992,-96.78783244900674,,-95.39563538455086
TX,Dallas / Houston,2023-02-26,4967.829545454546,3288.215909090909,2387.977272727273,1503.7272727272727,156.25,12304.0,32.15750676379757,31.83481487343065,30.005292883450515,29.89145038238489,29.57849330631566,-96.57674595691704,-96.38148464770964,-95.41816732272021,-95.38464128139704,-95.40381472897492
TX,Dallas / Houston,2023-02-27,0.0,0.0,6438.0,0.0,0.0,6438.0,,,31.251232603526383,,,,,-95.96439392169152,,
TX,Dallas / Houston,2023-02-28,1999.3636363636365,1028.7727272727273,295.6818181818182,186.1818181818182,0.0,3510.0,32.2085473188844,31.589749176437596,29.835205388640443,29.77490106944459,,-96.61006562589905,-96.25235088051653,-95.2787091511711,-95.3859772310233,
TX,Dallas / Houston,2023-03-01,1326.0,0.0,2652.0,899.0,663.0,5540.0,29.761982991206484,,32.605256662083185,29.830396528676115,29.57659567741011,-95.47525473489691,,-96.78893553016783,-95.3462140424661,-95.40570521966522
TX,Dallas / Houston,2023-03-02,1742.3333333333335,766.6666666666667,431.6666666666667,0.0,729.3333333333334,3670.0,31.316632053471743,31.859816403007684,32.31991847211942,,29.593665835489094,-96.13250154489718,-96.39113540176375,-96.53084726605012,,-95.37557514489704
TX,Dallas / Houston,2023-03-03,1289.0,644.5,2774.5,671.0,0.0,5379.0,32.61823871629833,29.9035627310785,29.78611653306131,29.626839978434553,,-96.8067819705696,-95.41447098281671,-95.24170172321351,-95.3887735244042,
TX,Dallas / Houston,2023-03-04,155.0,155.0,0.0,0.0,155.0,465.0,29.76977606189995,29.864057844410507,,,29.599001600000005,-95.21289268508092,-95.4581810200646,,,-95.3688527
TX,Dallas / Houston,2023-03-05,4971.5,5446.5,1729.5,760.5,0.0,12908.0,31.82543715672529,31.063103845751574,31.128740276587322,32.76747824487442,,-96.40564126003326,-95.98875048724126,-95.8717021742046,-96.62837754717668,
TX,Dallas / Houston,2023-03-06,1515.0,246.0,0.0,0.0,0.0,1761.0,29.67645996907825,32.70634990171638,,,,-95.45756722086917,-96.85802821611784,,,
TX,Dallas / Houston,2023-03-07,373.8,124.6,623.0,124.6,0.0,1246.0,29.764452596915476,29.68484210861412,32.60530777381819,29.902101823255126,,-95.39235948004836,-95.29561335695564,-96.78105987309402,-95.33180864518005,
TX,Dallas / Houston,2023-03-08,344.6666666666667,229.33333333333334,345.33333333333337,209.0,114.66666666666667,1243.0000000000002,30.77718424185688,31.246368051849494,32.234338407485055,29.626839978434557,29.58024526134723,-95.91966667826905,-96.03533878204992,-96.45305506458283,-95.3887735244042,-95.39563538455086
TX,Dallas / Houston,2023-03-09,4808.083333333333,5115.416666666666,273.25,401.0,572.25,11170.0,31.526296963291106,31.41279053766398,32.604716236664274,29.626839978434557,29.580022606557502,-96.29211575415782,-96.17004225479542,-96.7892372687652,-95.38877352440419,-95.39784655158356
TX,Dallas / Houston,2023-03-10,4220.365151515151,1947.019696969697,1187.590909090909,257.09090909090907,446.9333333333334,8059.0,32.0904811460447,31.67180139400412,32.004647982265226,29.77490106944459,29.586595895836645,-96.53816851116737,-96.30309701941606,-96.45813752327723,-95.3859772310233,-95.3861788967292
TX,Dallas / Houston,2023-03-11,1963.5,1130.0,3079.5,699.25,981.75,7854.0,30.17870093489689,31.274767057129335,32.605223203870715,29.90285406390539,29.577141722906234,-95.69183421679166,-96.07722870033604,-96.7886769732779,-95.33106466427996,-95.405161228201
TX,Dallas / Houston,2023-03-12,2469.977272727273,989.2954545454545,754.3636363636364,200.36363636363637,0.0,4414.0,32.28072319277752,31.790600795645965,31.86863426457869,29.77490106944459,,-96.6407461353809,-96.35215570021387,-96.38394827438574,-95.3859772310233,
TX,Dallas / Houston,2023-03-13,9158.0,0.0,0.0,0.0,0.0,9158.0,29.67645996907825,,,,,-95.45756722086917,,,,
TX,Dallas / Houston,2023-03-14,3124.7666666666664,1807.8666666666668,2095.9166666666665,2424.2,104.25,9557.0,29.840632449447206,30.17450294556331,32.34820460424518,32.608308371220424,29.57849330631566,-95.4253431485887,-95.59921877495688,-96.52260892492048,-96.76279540604543,-95.40381472897492
TX,Dallas / Houston,2023-03-15,6973.806818181818,2944.2613636363635,139.0909090909091,139.0909090909091,1128.75,11325.000000000002,31.141419266243503,32.542967603031414,29.835303779042555,29.774901069444592,29.58313933882349,-96.11701866338969,-96.54257110791862,-95.27485969099912,-95.3859772310233,-95.38976994137528
TX,Dallas / Houston,2023-03-16,108.66666666666667,108.66666666666667,1313.0,0.0,108.66666666666667,1639.0,29.76977606189995,29.864057844410507,29.82041314500975,,29.5990016,-95.21289268508092,-95.4581810200646,-95.33376108363832,,-95.3688527
TX,Dallas / Houston,2023-03-17,3991.25,1596.5,0.0,0.0,798.25,6386.0,30.901806953702447,32.771847538621564,,,29.58313933882349,-96.00652545797281,-96.60049799387771,,,-95.38976994137529
TX,Dallas / Houston,2023-03-18,1964.7,0.0,1091.5,4790.8,268.0,8115.0,31.422086077258918,,32.604077156919644,31.987571648190624,29.58172632532757,-96.32381089777013,,-96.78569233701216,-96.57626016263764,-95.39096554097016
TX,Dallas / Houston,2023-03-19,1699.8333333333335,485.6666666666667,0.0,0.0,728.5,2914.0,31.467118589822707,32.605646671949536,,,29.599104745112417,-96.18642197137633,-96.82371279490332,,,-95.36744540101678
TX,Dallas / Houston,2023-03-20,2891.2619047619046,5676.071428571428,444.3333333333333,222.16666666666666,222.16666666666666,9455.999999999998,31.10804720575299,31.550618890559523,29.77043093891414,29.626225,29.581770261158184,-96.12744026391849,-96.2448670064337,-95.38493284703843,-95.388248,-95.3887175155896
TX,Dallas / Houston,2023-03-21,950.0,665.0,665.0,0.0,0.0,2280.0,30.95071197515913,31.44586776358103,31.51166643866182,,,-96.01198472375495,-96.26692989027877,-96.22487113896588,,
TX,Dallas / Houston,2023-03-22,209.4,2477.8,2215.0,106.8,156.0,5165.000000000001,29.769486343177864,32.310443860480255,29.800454978862895,29.918265693568827,29.5990016,-95.21313407701294,-96.6798150851609,-95.30714499342446,-95.35407847589786,-95.3688527
TX,Dallas / Houston,2023-03-23,3477.4,3138.65,678.0,135.6,781.35,8211.0,31.379904853006412,31.99837675762053,32.60530777381819,29.902101823255126,29.580439638399692,-96.18206536724492,-96.41591638251394,-96.78105987309402,-95.33180864518005,-95.39617673114235
TX,Dallas / Houston,2023-03-25,973.6333333333334,619.5666666666667,47.666666666666664,47.666666666666664,374.4666666666667,2063.0000000000005,31.201481145469998,31.925839046470667,32.6035858445378,29.90282766058073,29.580670143734082,-96.11624821033104,-96.44075828641424,-96.78900617984895,-95.33286094132106,-95.39463180092667
TX,Dallas / Houston,2023-03-26,1651.3931818181818,906.3886363636364,1761.909090909091,241.3090909090909,0.0,4561.0,32.10577154940969,31.628717935720623,29.821840666707956,29.817914777496327,,-96.55579174770682,-96.28151102061143,-95.3281143787457,-95.37640664310065,
TX,Dallas / Houston,2023-03-27,1189.5,586.5,1409.25,271.5,359.25,3816.0,31.10662634853347,30.72418117684806,32.14230227019519,29.90285406390539,29.577059190107295,-96.1135409404491,-95.81110859381293,-96.53747962047726,-95.33106466427998,-95.40524345054044
TX,Dallas / Houston,2023-03-28,1590.5977272727273,916.2295454545455,346.1363636363636,248.03636363636366,0.0,3101.0,32.19101168205751,30.99738082703526,29.83512224956631,29.854896049567277,,-96.59187061099895,-95.97652356651648,-95.28196191310465,-95.36817827749633,
TX,Dallas / Houston,2023-03-30,1283.3333333333335,462.0,280.3333333333333,53.333333333333336,389.0,2468.0,31.46543212365024,30.167592773472954,32.60450117989824,29.90282766058073,29.59620032848221,-96.16271717316177,-95.59407174861776,-96.78919330416758,-95.33286094132104,-95.37295548481349
TX,Dallas / Houston,2023-03-31,3431.5,2837.0,1871.0,1552.5,552.0,10244.0,30.92117340078257,30.54803340101552,32.27629497143126,32.76747824487442,29.580976493647356,-95.897254051408,-95.78788105147834,-96.39189991515995,-96.62837754717668,-95.39402713061827
TX,Dallas / Houston,2023-04-01,5252.090909090909,3371.818181818182,406.54545454545456,3135.5454545454545,0.0,12166.0,32.300057041195664,32.14344478751276,29.83530377904255,29.91705848095318,,-96.61809187373147,-96.5545091533702,-95.27485969099912,-95.38434774788021,
TX,Dallas / Houston,2023-04-02,634.6666666666666,634.6666666666666,1927.3333333333333,0.0,317.3333333333333,3514.0,31.29752716960359,31.246368051849498,30.27850223815547,,29.580245261347233,-96.15788000512043,-96.03533878204992,-95.57317234960698,,-95.39563538455086
TX,Dallas / Houston,2023-04-04,2129.0,5472.0,0.0,0.0,0.0,7601.0,30.47192979168842,30.332459741485852,,,,-95.86145123119846,-95.62498766861121,,,
TX,Dallas / Houston,2023-04-05,155.33333333333334,0.0,1356.6666666666667,0.0,0.0,1512.0,29.742513911539714,,30.293403867740913,,,-95.4459939358594,,-95.47082297126447,,
TX,Dallas / Houston,2023-04-06,1179.3333333333335,489.33333333333337,324.0,0.0,165.33333333333334,2158.0000000000005,31.34485535197143,29.8902150309509,29.83503809636687,,29.599001599999998,-96.16506366050932,-95.42923949676423,-95.28525435202806,,-95.3688527
TX,Dallas / Houston,2023-04-07,998.1,776.3,0.0,343.0,443.6,2561.0,31.49161243892971,31.859571399808306,,29.626839978434553,29.58097649364736,-96.24245729132171,-96.40610750084566,,-95.3887735244042,-95.39402713061827
TX,Dallas / Houston,2023-04-08,5352.7,1921.0,1455.5,1072.8,486.0,10288.0,31.80788759091631,30.734582244354968,31.53584257601935,29.82348109068525,29.580976493647356,-96.42439187563318,-95.80143501588267,-96.20685624730513,-95.36935022851388,-95.39402713061826
TX,Dallas / Houston,2023-04-09,6276.766666666666,5185.8,3045.8333333333335,0.0,399.6,14908.0,30.747256757268595,31.19776880718121,32.284276260896675,,29.580976493647356,-95.96371117946735,-96.07466913237162,-96.39470676675593,,-95.39402713061828
TX,Dallas / Houston,2023-04-10,309.0,148.0,309.0,0.0,0.0,766.0,32.704629464818915,32.70634990171638,32.60402323571779,,,-96.83053961865276,-96.85802821611784,-96.78506925203328,,
TX,Dallas / Houston,2023-04-11,2667.5,1332.25,1332.25,0.0,0.0,5332.0,31.062701691081912,31.100882288117905,31.136635291351713,,,-96.08911221225674,-96.076250397373,-96.01469601980097,,
TX,Dallas / Houston,2023-04-12,472.3,3767.1,189.75,185.6,100.25,4715.0,31.460583554449084,29.87438532496333,31.29842596260944,29.918265693568827,29.57849330631566,-96.24805311229528,-95.38950182838103,-96.0782002471143,-95.35407847589788,-95.40381472897492
TX,Dallas / Houston,2023-04-13,2486.3333333333335,2086.6666666666665,46.666666666666664,344.6666666666667,46.666666666666664,5011.000000000001,29.730762188546606,29.78218702944226,32.6035858445378,29.664207749711597,29.57856982586713,-95.48629341326529,-95.31526105470256,-96.78900617984895,-95.38120315532137,-95.39877738673336
TX,Dallas / Houston,2023-04-14,1839.9272727272728,872.9454545454546,850.3636363636364,288.76363636363635,0.0,3852.0,31.61018114241145,31.451921536684456,32.122022920335844,29.836747450311293,,-96.3126474004172,-96.18222693293401,-96.51827190033596,-95.35963987931184,
TX,Dallas / Houston,2023-04-15,7317.285714285715,7007.571428571428,357.6190476190476,357.6190476190476,687.9047619047619,15728.0,31.277495430774405,31.490668213499383,29.9230119359156,29.636653312876167,29.58804910094655,-96.19781469791069,-96.22748754777245,-95.40724862394433,-95.38024859722522,-95.39311546876506
TX,Dallas / Houston,2023-04-16,359.8,394.1,1755.5,444.6,0.0,2954.0,31.48726956560986,29.802394233984593,29.775252272587434,29.814044621354814,,-96.17456346562184,-95.45307608279334,-95.23202976933894,-95.3664862867672,
TX,Dallas / Houston,2023-04-17,45.5,1889.5,751.0,234.0,0.0,2920.0,32.92596755815977,29.770248690743486,32.765150251901524,29.626839978434553,,-96.83941959782652,-95.33030720082002,-96.58533198139617,-95.3887735244042,
TX,Dallas / Houston,2023-04-18,5322.0,4141.0,259.0,0.0,0.0,9722.0,31.26486858255387,31.57952963286473,32.604716236664274,,,-96.13784877116463,-96.11495995002133,-96.7892372687652,,
TX,Dallas / Houston,2023-04-19,1626.0,761.0,0.0,243.0,0.0,2630.0,31.3641467265713,29.772347409384274,,29.626839978434553,,-96.18232651401854,-95.22324592637769,,-95.3887735244042,
TX,Dallas / Houston,2023-04-20,3202.5,915.0,0.0,0.0,1372.5,5490.0,31.467118589822704,32.605646671949536,,,29.599104745112417,-96.18642197137635,-96.82371279490332,,,-95.36744540101678
TX,Dallas / Houston,2023-04-21,209.0,104.5,104.5,327.0,0.0,745.0,32.61823871629833,29.903562731078505,29.835038096366866,29.626839978434557,,-96.80678197056962,-95.41447098281671,-95.28525435202806,-95.3887735244042,
TX,Dallas / Houston,2023-04-22,2499.5,2121.0,0.0,0.0,597.5,5218.0,31.39287004112621,31.554854351779802,,,29.580022606557502,-96.18737632895449,-96.21332263904328,,,-95.39784655158356
TX,Dallas / Houston,2023-04-23,619.2,481.6,0.0,0.0,275.2,1376.0000000000002,31.4916124389297,31.8595713998083,,,29.580976493647356,-96.24245729132171,-96.40610750084564,,,-95.39402713061827
TX,Dallas / Houston,2023-04-24,1650.9333333333334,3313.7833333333333,1467.5833333333333,500.7,111.0,7044.0,30.502630132600828,30.098813311424525,32.121530623475515,32.411523754311766,29.58172632532757,-95.73900564012007,-95.52999249579268,-96.46047628543418,-96.46730987051563,-95.39096554097016
TX,Dallas / Houston,2023-04-25,4178.75,1671.5,0.0,0.0,835.75,6686.0,30.901806953702444,32.771847538621564,,,29.58313933882349,-96.00652545797283,-96.60049799387771,,,-95.38976994137528
TX,Dallas / Houston,2023-04-26,3124.5,296.0,296.0,381.0,1041.5,5139.0,31.88042967328579,32.64894999250624,32.77927387192012,29.626839978434553,29.580920680883597,-96.38854703009049,-96.78158674263206,-96.622924875273,-95.3887735244042,-95.39090161799264
TX,Dallas / Houston,2023-04-27,1877.8333333333333,1823.1666666666665,1708.1666666666667,1374.5,224.33333333333334,7008.0,30.13307517571904,30.204325667609375,32.7077494601935,32.76747824487442,29.580245261347233,-95.47109131353429,-95.61652343430565,-96.61984416288274,-96.62837754717667,-95.39563538455086
TX,Dallas / Houston,2023-04-28,110.0,220.0,0.0,220.0,0.0,550.0,29.768639973877388,29.76396012356901,,29.918265693568827,,-95.21383926692674,-95.46774223597075,,-95.35407847589786,
TX,Dallas / Houston,2023-04-29,16495.5,4071.166666666667,729.3333333333334,99.0,0.0,21395.0,29.89582245737267,31.135589053236316,31.694162677859442,29.902101823255123,,-95.56387861979344,-96.04212480393534,-96.3030137222141,-95.33180864518005,
TX,Dallas / Houston,2023-04-30,5727.9,2127.7,570.0,0.0,492.4,8917.999999999998,31.423298898841736,31.579409254983446,29.835038096366866,,29.580976493647356,-96.22228096009816,-96.27764422439475,-95.28525435202806,,-95.39402713061827
TX,Dallas / Houston,2023-05-01,3910.0142857142855,3492.214285714286,1924.142857142857,1711.3428571428572,932.2857142857143,11970.0,31.42706138357283,32.25116965920092,31.05070335863842,29.745545867439475,29.585664959354638,-96.2479141366973,-96.58015972447639,-96.00963644466032,-95.37599150180746,-95.3911483449482
TX,Dallas / Houston,2023-05-02,3126.0,2367.25,893.5,626.0,491.25,7504.0,31.233144633672826,31.019650494583864,31.896310715590644,32.76747824487442,29.580022606557502,-96.0864715762036,-95.9778899741521,-96.2196493441196,-96.62837754717668,-95.39784655158356
TX,Dallas / Houston,2023-05-03,892.6666666666666,0.0,225.33333333333334,250.0,0.0,1368.0,29.770713697572972,,32.051256677172745,29.626839978434553,,-95.54734797248712,,-96.28663393706574,-95.3887735244042,
TX,Dallas / Houston,2023-05-04,1812.6666666666667,3625.3333333333335,0.0,287.0,0.0,5725.0,31.207872705449915,31.261128881748096,,29.626839978434557,,-96.22768779469618,-96.10857854779199,,-95.3887735244042,
TX,Dallas / Houston,2023-05-05,2720.0,3289.0,842.0,130.0,1026.0,8007.0,31.19904401533817,30.368981438129076,32.604697330482296,29.902101823255126,29.595575484992615,-96.06853796892776,-95.64196370974285,-96.78260421344467,-95.33180864518005,-95.37272071957288
TX,Dallas / Houston,2023-05-06,72.8,145.6,0.0,145.6,0.0,364.0,29.768639973877384,29.76396012356901,,29.918265693568824,,-95.21383926692674,-95.46774223597075,,-95.35407847589786,
TX,Dallas / Houston,2023-05-07,0.0,1287.0,1287.0,0.0,0.0,2574.0,,29.938649540648132,32.78596307569304,,,,-95.31487078537984,-96.62537190528091,,
TX,Dallas / Houston,2023-05-08,0.0,1003.0,0.0,243.0,0.0,1246.0,,29.698113,,29.626839978434553,,,-95.296668,,-95.3887735244042,
TX,Dallas / Houston,2023-05-10,2780.5,871.0,1390.25,1172.5,217.75,6432.0,32.58737972856812,31.274767057129342,30.158041889583362,29.9335,29.57849330631566,-96.80938621179048,-96.07722870033604,-95.52945245813252,-95.3776,-95.40381472897492
TX,Dallas / Houston,2023-05-11,884.5,0.0,1769.0,442.25,442.25,3538.0,29.76198299120648,,32.605256662083185,29.90285406390539,29.576595677410115,-95.47525473489691,,-96.78893553016783,-95.33106466427998,-95.40570521966522
TX,Dallas / Houston,2023-05-12,4459.3,1598.4,501.5,1361.0,626.8,8547.0,30.909352638378106,31.245871232536032,29.83503809636687,32.80185656982824,29.58097649364736,-96.01153372527126,-96.09498030252763,-95.28525435202806,-97.03038559547743,-95.39402713061827
TX,Dallas / Houston,2023-05-14,2942.602272727273,1512.6704545454545,306.3636363636364,306.3636363636364,0.0,5068.0,32.161212306851574,31.79060079564596,29.835303779042555,29.774901069444585,,-96.58686096413729,-96.35215570021387,-95.27485969099912,-95.3859772310233,
TX,Dallas / Houston,2023-05-16,4854.5,471.0,4471.0,1093.25,364.25,11254.0,30.168038333660515,29.85898273159532,32.46573404006746,29.742973770097507,29.57659567741011,-95.68355064155352,-95.39024522467942,-96.5847233066519,-95.3645438599123,-95.40570521966522
TX,Dallas / Houston,2023-05-17,3876.8,4057.2,633.0,503.4,653.6,9724.0,31.736645019135548,31.139656076499698,29.835038096366873,29.74980148398585,29.58097649364736,-96.39462509730248,-96.05061490174118,-95.28525435202806,-95.37413461240035,-95.39402713061827
TX,Dallas / Houston,2023-05-18,5577.4,959.1,1065.75,378.0,1065.75,9046.0,31.65854629926083,32.591861183167545,29.70178451584056,29.626839978434557,29.57998274618186,-96.28056480758165,-96.60599219977242,-95.29394779015652,-95.38877352440421,-95.3987360698811
TX,Dallas / Houston,2023-05-19,2810.2,2609.4,2451.25,1922.9,157.25,9951.0,30.656595312006175,30.204226938162957,32.308314200981165,32.159033900575,29.578493306315664,-95.76740778609692,-95.6093094807993,-96.46053111874366,-96.38147348936242,-95.40381472897492
TX,Dallas / Houston,2023-05-20,2213.0,1988.0,3656.0,1763.0,0.0,9620.0,30.347981826642783,29.86863764756554,32.5905983293432,32.76747824487442,,-95.56489446942574,-95.47241765479993,-96.52152415082779,-96.62837754717668,
TX,Dallas / Houston,2023-05-21,2083.7386363636365,1342.8977272727273,712.1818181818182,419.1818181818182,0.0,4558.0,31.57265936272357,30.99834047165114,29.88798210416441,29.683418517224332,,-96.25384262358277,-95.98480321912085,-95.30633838218216,-95.38770497768176,
TX,Dallas / Houston,2023-05-22,3475.534090909091,1794.556818181818,363.45454545454544,363.45454545454544,0.0,5996.999999999999,32.15815176249295,31.790600795645965,29.835303779042555,29.774901069444585,,-96.58586782798693,-96.35215570021387,-95.27485969099912,-95.38597723102329,
TX,Dallas / Houston,2023-05-23,1772.3333333333333,1980.3333333333335,1027.0,378.0,1099.3333333333333,6257.0,32.4638491996036,31.12415654333482,32.765150251901524,29.626839978434557,29.583715728935548,-96.66772077867668,-96.01057761792524,-96.58533198139617,-95.38877352440421,-95.39139412302137
TX,Dallas / Houston,2023-05-24,54.0,1732.0,0.0,265.0,0.0,2051.0,32.92596755815977,29.789860370768146,,29.626839978434553,,-96.83941959782652,-95.34367028791745,,-95.3887735244042,
TX,Dallas / Houston,2023-05-25,2238.640909090909,1361.168181818182,661.0454545454545,257.1454545454545,0.0,4518.0,31.98162306961961,31.668515446104358,31.31444431769589,29.809824390313313,,-96.4969286280298,-96.29154568081168,-96.08108506011688,-95.37110509506705,
TX,Dallas / Houston,2023-05-26,2121.2,0.0,1164.0,1396.8,0.0,4682.0,31.43959957781852,,32.604077156919644,29.82348109068525,,-96.32977841123999,,-96.78569233701216,-95.36935022851388,
TX,Dallas / Houston,2023-05-27,1423.8,858.6,663.0,195.6,0.0,3141.0,32.422501423835364,29.871759481569004,29.835038096366866,29.918265693568824,,-96.69736365590724,-95.42660685180917,-95.28525435202806,-95.35407847589786,
TX,Dallas / Houston,2023-05-28,2715.714285714286,3106.6190476190473,792.3333333333333,336.8333333333333,834.5,7785.999999999999,31.09897412368418,32.24440387457668,30.19460558090102,29.626225,29.58075968268258,-96.01359329469861,-96.55724199481702,-95.59504317867524,-95.388248,-95.393847323968
TX,Dallas / Houston,2023-05-29,1748.5,0.0,2197.0,1024.25,424.25,5394.0,30.616482720944653,,32.60498822667956,29.856357814032716,29.57659567741011,-95.91202942553798,,-96.78819743431993,-95.35349213661617,-95.40570521966522
TX,Dallas / Houston,2023-05-30,7121.25,2674.6666666666665,795.3333333333334,1344.0,2281.75,14217.0,30.542316392959865,31.897289581981425,29.724390550000006,32.25732520021605,29.581716619852582,-95.74639831775511,-96.23687204695815,-95.33145825,-96.7317260784279,-95.39266514719412
TX,Dallas / Houston,2023-05-31,2018.5568181818182,1042.2613636363635,211.0909090909091,211.0909090909091,0.0,3483.0,32.15815176249295,31.790600795645968,29.835303779042555,29.77490106944459,,-96.58586782798693,-96.35215570021388,-95.27485969099912,-95.3859772310233,
TX,Dallas / Houston,2023-06-01,2083.766666666667,1130.4666666666667,1758.3333333333333,391.25,1072.1833333333334,6436.0,30.68544278236426,31.39210934257635,32.60496793350429,29.90285406390539,29.581700529894242,-95.86652477316802,-96.15686426431056,-96.78881424351884,-95.33106466427996,-95.39515055282185
TX,Dallas / Houston,2023-06-02,123.66666666666667,123.66666666666667,123.66666666666667,0.0,0.0,371.0,29.657846904941312,29.90187830602264,29.69949137075084,,,-95.47831837249925,-95.35649018929762,-95.3016846555107,,
TX,Dallas / Houston,2023-06-03,200.5,200.5,0.0,0.0,0.0,401.0,32.93407232792019,32.82714560708991,,,,-96.8398136968076,-96.70960315190608,,,
TX,Dallas / Houston,2023-06-04,1244.0,370.5,1376.5,251.5,251.5,3494.0,31.463337888548168,29.903562731078505,31.85962209717371,29.90285406390539,29.576595677410115,-96.2683911349238,-95.41447098281671,-96.38420332784254,-95.33106466427998,-95.40570521966522
TX,Dallas / Houston,2023-06-05,18.0,0.0,458.0,0.0,0.0,476.0,32.850918284452035,,29.6994944,,,-96.81066818900968,,-95.2963125,,
TX,Dallas / Houston,2023-06-06,7524.167424242424,5048.223484848485,8326.954545454546,1135.6545454545455,0.0,22035.0,31.760691482068534,31.523918745921943,31.249995008885175,29.801773650957628,,-96.43014552782613,-96.22947184755094,-95.97400637248275,-95.37677981881883,
TX,Dallas / Houston,2023-06-08,4195.1,593.5,1628.0,1241.4,0.0,7658.0,31.31200673953887,29.903562731078505,31.594602536257433,29.82348109068525,,-96.25189705293796,-95.41447098281671,-96.2386960568598,-95.36935022851388,
TX,Dallas / Houston,2023-06-09,1016.0,932.5,623.5,0.0,103.0,2675.0,31.72562925907332,30.49939400588361,30.31788681655897,,29.57849330631566,-96.35421972904123,-95.71819107697938,-95.544387256141,,-95.40381472897492
TX,Dallas / Houston,2023-06-10,0.0,4197.0,0.0,0.0,0.0,4197.0,,29.69680288164603,,,,,-95.29807773711882,,,
TX,Dallas / Houston,2023-06-11,1490.3333333333335,830.8333333333334,644.1666666666667,0.0,294.6666666666667,3260.0000000000005,31.30390635717066,30.856052122100817,31.47260948279935,,29.58024526134723,-96.1717003048166,-95.85486988714742,-96.14048127222539,,-95.39563538455086
TX,Dallas / Houston,2023-06-12,11425.431818181818,4054.3863636363635,1365.590909090909,1365.590909090909,32.0,18243.0,30.28977709390172,30.20074941633875,32.40879565436057,32.32980221039245,29.57856982586713,-95.7247760052458,-95.57802837252085,-96.45649055554556,-96.44418246457464,-95.39877738673334
TX,Dallas / Houston,2023-06-13,7256.0,4378.25,1244.0,0.0,1044.75,13923.0,30.89410606691324,31.831347772169654,29.73273380409622,,29.580022606557502,-95.88466554719064,-96.32860940133189,-95.2939401083841,,-95.39784655158356
TX,Dallas / Houston,2023-06-14,2522.5,3053.083333333333,1146.4166666666665,0.0,0.0,6722.0,31.017739491331284,31.320815923379687,31.58697451876221,,,-96.08239658114812,-96.15974007414556,-96.23349108316533,,
TX,Dallas / Houston,2023-06-15,2850.6401515151515,1417.5113636363635,497.75757575757575,287.09090909090907,0.0,5053.0,32.0688920967888,31.790600795645968,30.773164764541217,29.77490106944459,,-96.54374861607108,-96.35215570021387,-95.7030743846954,-95.3859772310233,
TX,Dallas / Houston,2023-06-16,3402.1969696969695,4027.439393939394,601.1818181818182,162.1818181818182,406.0,8599.0,31.653593153857162,31.364658810491903,30.885658925528315,29.77490106944459,29.58085811540806,-96.38119445104671,-96.14835265647108,-95.88091732562988,-95.3859772310233,-95.39370303548297
TX,Dallas / Houston,2023-06-17,14043.822727272727,5064.404545454546,2008.8863636363635,623.6363636363636,1385.25,23126.0,31.946227649941694,32.19759672598444,29.743234081772194,29.774901069444585,29.57998274618186,-96.44330132791119,-96.4919993012639,-95.28802210268971,-95.3859772310233,-95.39873606988108
TX,Dallas / Houston,2023-06-18,545.0,272.5,272.5,0.0,0.0,1090.0,32.61823871629833,29.903562731078505,29.83503809636687,,,-96.8067819705696,-95.41447098281671,-95.28525435202806,,
TX,Dallas / Houston,2023-06-19,1203.6,394.2,0.0,169.2,225.0,1992.0,31.978878920492885,29.8210935258758,,29.918265693568827,29.5990016,-96.54254536205852,-95.46228492095582,,-95.35407847589786,-95.3688527
TX,Dallas / Houston,2023-06-20,3140.166666666667,3768.8333333333335,551.5,551.5,0.0,8012.0,31.19368189961958,30.901777923809064,32.77712609201614,32.76747824487442,,-96.11244711504065,-95.92393509187178,-96.61893154920664,-96.62837754717668,
TX,Dallas / Houston,2023-06-21,1863.5,803.5,0.0,0.0,400.0,3067.0,32.13107066654385,31.709137970989808,,,29.580976493647356,-96.54726828815708,-96.32616924301422,,,-95.39402713061827
TX,Dallas / Houston,2023-06-22,411.0,240.0,0.0,0.0,0.0,651.0,32.94923947743012,29.769772650941935,,,,-96.80307558867436,-95.22451251545444,,,
TX,Dallas / Houston,2023-06-23,2370.0,4740.0,1993.0,534.0,0.0,9637.0,31.207872705449915,31.261128881748096,29.771313740784112,29.626839978434553,,-96.22768779469617,-96.108578547792,-95.22852347472949,-95.3887735244042,
TX,Dallas / Houston,2023-06-24,2392.0,1747.5,1747.5,0.0,0.0,5887.0,30.82062963125705,31.20191310693259,31.26879375696451,,,-95.95565272653297,-96.13172480934007,-96.08610179171076,,
TX,Dallas / Houston,2023-06-25,3938.3,5552.4,518.0,0.0,653.3,10662.0,31.528208339351185,31.26942976736983,30.789514757996304,,29.58029801677807,-96.33155616252294,-96.10663047087024,-95.80244351851881,,-95.39670137875339
TX,Dallas / Houston,2023-06-27,7772.065151515151,5662.169696969697,1782.2575757575758,756.4242424242424,651.0833333333334,16624.0,31.554755320068487,31.657824563992957,30.406431418156842,29.68376046426654,29.580292295542826,-96.28697391458687,-96.29048499092248,-95.65292694322531,-95.38608647188566,-95.3967268730367
TX,Dallas / Houston,2023-06-28,2997.15,2158.8,1486.25,472.8,812.0,7927.000000000001,31.602414988963297,31.483728726379717,32.08742548558263,29.7409740868374,29.58584886702392,-96.30977991475424,-96.21613500366256,-96.51672191171299,-95.36115683180238,-95.39327916323325
TX,Dallas / Houston,2023-06-29,4447.0,6949.5,277.5,0.0,600.0,12274.0,31.489627288753578,30.22773500357239,29.83503809636687,,29.580022606557506,-96.2495243573719,-95.55923959245824,-95.28525435202806,,-95.39784655158356
TX,Dallas / Houston,2023-06-30,1444.0,2888.0,0.0,0.0,0.0,4332.0,31.207872705449912,31.261128881748093,,,,-96.22768779469618,-96.10857854779198,,,
TX,Dallas / Houston,2023-07-01,1260.0,3711.0,630.0,0.0,3299.0,8900.0,32.61823871629833,29.73190358365154,29.83503809636687,,29.580967816713727,-96.8067819705696,-95.31783730186949,-95.28525435202806,,-95.39422012311393
TX,Dallas / Houston,2023-07-02,5515.433333333333,4322.966666666666,0.0,0.0,463.6,10302.0,31.15330564609159,31.561101471169117,,,29.580976493647352,-96.11922211290586,-96.26452945466445,,,-95.39402713061827
TX,Dallas / Houston,2023-07-03,727.2,565.6,0.0,0.0,323.2,1616.0000000000002,31.49161243892971,31.859571399808303,,,29.580976493647352,-96.24245729132173,-96.40610750084565,,,-95.39402713061827
TX,Dallas / Houston,2023-07-04,218.0,2441.0,109.0,0.0,0.0,2768.0,32.61823871629833,31.12069223021192,29.83503809636687,,,-96.80678197056962,-96.06291184773791,-95.28525435202806,,
TX,Dallas / Houston,2023-07-05,5158.647727272727,2721.5795454545455,1358.1363636363635,1508.6363636363635,49.0,10796.0,32.3814394509197,31.53632692474842,30.679164617983005,29.906011922709347,29.58172632532757,-96.675433616365,-96.24066110761888,-95.74016415050961,-95.38447436935043,-95.39096554097016
TX,Dallas / Houston,2023-07-06,2059.2,316.8,396.0,0.0,396.0,3168.0,31.65042752146063,32.82921245543902,29.70178451584056,,29.57998274618186,-96.27698492612336,-96.7084785486381,-95.29394779015652,,-95.39873606988108
TX,Dallas / Houston,2023-07-07,6825.966666666667,6129.2,5154.916666666667,470.0,926.9166666666667,19507.000000000004,31.567858712174452,31.29834776286616,30.280921265636156,29.626839978434553,29.58006818220619,-96.3016313472768,-96.09739107708744,-95.54077087096111,-95.3887735244042,-95.39772694636267
TX,Dallas / Houston,2023-07-09,2467.809523809524,3780.857142857143,779.6666666666666,389.8333333333333,389.8333333333333,7808.0,31.834585711248444,32.000726534657794,29.77043093891414,29.626225,29.58177026115818,-96.32630712902271,-96.46960345217404,-95.38493284703841,-95.388248,-95.3887175155896
TX,Dallas / Houston,2023-07-10,603.0,279.5,279.5,0.0,0.0,1162.0,32.63521788970756,29.9035627310785,29.835038096366866,,,-96.80790025472338,-95.41447098281671,-95.28525435202806,,
TX,Dallas / Houston,2023-07-11,3829.1666666666665,3472.4166666666665,1208.6666666666665,0.0,937.75,9448.0,31.372081388485366,31.48308216623456,31.511666438661823,,29.579966885946206,-96.20077622146923,-96.21577566520868,-96.2248711389659,,-95.39733902923378
TX,Dallas / Houston,2023-07-12,155.33333333333334,155.33333333333334,1487.3333333333333,690.0,0.0,2488.0,29.947983040216307,29.863201178796324,29.829066352495012,29.62683997843455,,-95.3325095912778,-95.45846582346056,-95.33185112335264,-95.38877352440419,
TX,Dallas / Houston,2023-07-14,3246.1666666666665,2354.1666666666665,1126.4166666666665,0.0,409.25,7136.0,31.13826533902898,31.585202218656736,31.511666438661823,,29.580022606557502,-96.08536740177951,-96.27985981247697,-96.2248711389659,,-95.39784655158356
TX,Dallas / Houston,2023-07-15,2398.0,1798.5,0.0,0.0,599.5,4796.0,31.322629799237014,31.713036592461,,,29.5800226065575,-96.157502380025,-96.29172255315115,,,-95.39784655158356
TX,Dallas / Houston,2023-07-17,5526.742424242424,5738.015151515151,3117.621212121212,849.9545454545455,189.66666666666666,15422.0,32.05223076546139,31.117027414611243,30.538014105475007,32.030016582519174,29.580245261347233,-96.51569301577142,-95.95149398879708,-95.65589622364969,-96.32221247648656,-95.39563538455086
TX,Dallas / Houston,2023-07-18,1506.6666666666665,668.8333333333334,668.8333333333334,56.333333333333336,56.333333333333336,2957.0000000000005,32.18604302675679,30.14085751794102,30.068222531672564,29.90282766058073,29.57856982586713,-96.60489598395934,-95.53592728092913,-95.41190975143087,-95.33286094132104,-95.39877738673334
TX,Dallas / Houston,2023-07-19,1361.1,877.8,325.5,0.0,315.6,2879.9999999999995,32.030466091539346,31.134257180542473,29.835038096366866,,29.58097649364736,-96.51236792697699,-96.03839539487798,-95.28525435202806,,-95.39402713061827
TX,Dallas / Houston,2023-07-20,962.5,1140.5,481.25,0.0,219.75,2804.0,31.975281642702523,30.96036992318608,31.099818110267524,,29.57849330631566,-96.54245839642897,-95.92526803121609,-95.97058333646518,,-95.40381472897492
TX,Dallas / Houston,2023-07-21,3562.885714285714,2943.114285714286,1529.5,470.5,796.0,9302.0,31.43383942102702,32.486128797135336,29.76693128000575,29.626225,29.581039311252663,-96.1568645002951,-96.6705742683989,-95.34843001591533,-95.388248,-95.39281429878292
TX,Dallas / Houston,2023-07-22,3850.5,0.0,0.0,0.0,1283.5,5134.0,31.88042967328579,,,,29.580920680883597,-96.38854703009049,,,,-95.39090161799264
TX,Dallas / Houston,2023-07-23,2131.866666666667,2425.7666666666664,2171.5,0.0,525.8666666666667,7255.0,31.99426812098195,31.918324447155122,30.524783818283915,,29.585935225998423,-96.47779374184114,-96.46160020821091,-95.68369670916707,,-95.38710160901056
TX,Dallas / Houston,2023-07-24,717.0,0.0,1434.0,358.5,358.5,2868.0,29.76198299120648,,32.605256662083185,29.90285406390539,29.576595677410115,-95.4752547348969,,-96.78893553016783,-95.33106466427996,-95.40570521966521
TX,Dallas / Houston,2023-07-25,7777.0,4280.25,1562.5,1556.5,2066.75,17243.0,31.30695377606406,31.249615187623622,31.95804879402738,31.901860630802656,29.5938027404843,-96.11121417519882,-96.11236336645315,-96.24763581751212,-96.28671990132418,-95.37589241236937
TX,Dallas / Houston,2023-07-26,4475.115800865801,5667.066017316018,1558.909090909091,566.2424242424242,992.6666666666667,13260.000000000002,31.363810830195927,31.895370405748743,30.795866028134192,29.66164755491637,29.58090790397831,-96.18224424225075,-96.39452889487036,-95.88056434023831,-95.38770698193919,-95.39262943343067
TX,Dallas / Houston,2023-07-27,7695.776515151515,4220.905303030303,2101.909090909091,388.90909090909093,881.5,15288.999999999998,31.352764153541013,32.31866297741766,29.726138888579708,29.77490106944459,29.599104745112413,-96.19884471887468,-96.57133055776345,-95.29258090939585,-95.3859772310233,-95.36744540101677
TX,Dallas / Houston,2023-07-28,1081.8,841.4,0.0,0.0,480.8,2404.0,31.49161243892971,31.85957139980831,,,29.580976493647356,-96.24245729132173,-96.40610750084565,,,-95.39402713061827
TX,Dallas / Houston,2023-07-29,0.0,0.0,0.0,492.0,0.0,492.0,,,,29.626839978434557,,,,,-95.3887735244042,
TX,Dallas / Houston,2023-07-30,1796.8666666666668,367.6666666666667,1161.6666666666667,952.8,0.0,4279.0,31.06434624473256,29.6963023908321,31.707049664643538,29.82348109068525,,-96.14685539240143,-95.2972819602909,-96.29320966869604,-95.36935022851388,
TX,Dallas / Houston,2023-07-31,1303.3333333333333,2659.3333333333335,4776.0,570.0,733.3333333333334,10042.000000000002,29.762959616434053,32.631087653802965,31.087639585781254,29.90285406390539,29.581586087441497,-95.4423756033343,-96.65229756667493,-96.00902369329997,-95.33106466427998,-95.39749715846706
TX,Dallas / Houston,2023-08-01,3314.4523809523807,6306.047619047619,1604.1666666666667,1249.6666666666667,268.6666666666667,12742.999999999998,31.403700972580552,30.832846369731605,30.796502242209257,29.73575467562072,29.58177026115818,-96.24884449808192,-95.86890396115288,-95.86454172323405,-95.3778893940159,-95.3887175155896
TX,Dallas / Houston,2023-08-02,6580.943181818182,3070.038636363636,1892.409090909091,1821.6090909090908,492.0,13857.000000000002,31.544966286748178,31.173627675906705,31.509805434547072,31.56153757357386,29.57998274618186,-96.23274234492571,-96.05914615359632,-96.06073540890226,-96.13478374761692,-95.3987360698811
TX,Dallas / Houston,2023-08-03,1256.2,1535.6,228.5,0.0,583.7,3604.0,31.389224939791177,31.511491711602673,32.60489193795817,,29.580004404722747,-96.23716736133535,-96.21035650861735,-96.78611703125613,,-95.39785866432477
TX,Dallas / Houston,2023-08-04,7780.242424242424,6434.848484848485,827.4545454545455,470.45454545454544,29.0,15542.0,32.17580743596937,31.744522283898334,29.932209804424396,29.782786785883705,29.57856982586713,-96.58627428713275,-96.29886251147687,-95.33241106034691,-95.38270300949384,-95.39877738673334
TX,Dallas / Houston,2023-08-05,2686.7333333333336,2006.8666666666668,28.666666666666668,28.666666666666668,1159.0666666666668,5910.000000000001,31.4283817580414,31.871875036154766,32.6035858445378,29.90282766058073,29.580916970631964,-96.21495151615983,-96.41254096704263,-96.78900617984895,-95.33286094132104,-95.39414461653392
TX,Dallas / Houston,2023-08-06,0.0,6181.0,3936.0,0.0,0.0,10117.0,,31.042806501475894,30.777362688961237,,,,-95.89523545874464,-95.76011998464762,,
TX,Dallas / Houston,2023-08-07,429.5238095238095,773.1428571428571,300.6666666666667,150.33333333333334,150.33333333333334,1803.9999999999998,30.697693051553443,32.729907946695775,29.77043093891414,29.626224999999998,29.581770261158177,-95.75131647108691,-96.803021678172,-95.38493284703843,-95.388248,-95.3887175155896
TX,Dallas / Houston,2023-08-08,2464.3,733.7,865.5,1021.9,277.6,5363.0,32.40404928867817,31.267214070329576,29.703626880599472,29.931168416160254,29.580976493647352,-96.69128630127103,-96.12868659879382,-95.29607189455244,-95.37400007205248,-95.39402713061827
TX,Dallas / Houston,2023-08-09,214.66666666666666,3638.6666666666665,0.0,0.0,214.66666666666666,4067.9999999999995,29.76977606189995,29.708264811362522,,,29.5990016,-95.21289268508093,-95.30449627338251,,,-95.3688527
TX,Dallas / Houston,2023-08-10,1769.4,1665.2,0.0,0.0,208.4,3643.0000000000005,32.55230173792427,32.61626112910774,,,29.580976493647352,-96.68158414565112,-96.64301456469838,,,-95.39402713061828
TX,Dallas / Houston,2023-08-11,4747.799999999999,8128.366666666667,2365.1666666666665,1243.5666666666666,1396.1,17880.999999999996,31.40578659230085,31.330568927043867,30.23669181917111,29.650965948342943,29.581170602033485,-96.1609937347365,-96.11075361547208,-95.58162210231004,-95.38557041030995,-95.39184608402336
TX,Dallas / Houston,2023-08-12,3711.6666666666665,4032.083333333333,0.0,0.0,678.25,8422.0,31.29175308141159,31.489179529107343,,,29.580022606557502,-96.17638657421942,-96.20100031443155,,,-95.39784655158356
TX,Dallas / Houston,2023-08-13,526.0,0.0,1747.0,631.0,0.0,2904.0,32.704629464818915,,30.658523567283602,29.626839978434557,,-96.83053961865276,,-95.77073194601711,-95.3887735244042,
TX,Dallas / Houston,2023-08-14,3134.4761904761904,5135.190476190476,1740.0,656.75,2097.5833333333335,12764.0,31.399342402481437,31.840708562362487,31.16014722734126,29.716047836509823,29.58140909371271,-96.1637660023919,-96.36176854822259,-96.07321692100933,-95.3696802857369,-95.39401060299691
TX,Dallas / Houston,2023-08-15,4083.75,3157.3333333333335,1131.5,931.5,593.9166666666666,9898.0,30.623925279324563,31.24288049200251,32.64882394180078,32.76747824487442,29.586468922480016,-95.82701471259116,-96.04361499350986,-96.56019578037925,-96.62837754717667,-95.38537928708914
TX,Dallas / Houston,2023-08-16,1920.2613636363635,1033.1022727272727,191.8181818181818,191.8181818181818,0.0,3337.0,32.1929018074037,31.876887367786452,29.835303779042555,29.77490106944459,,-96.5972409385083,-96.38191120618558,-95.27485969099912,-95.38597723102332,
TX,Dallas / Houston,2023-08-17,4480.666666666667,2046.3333333333335,0.0,0.0,1945.0,8472.0,31.475630029279547,32.16412664202787,,,29.592655002174716,-96.2058938490333,-96.57657807698321,,,-95.37690275674132
TX,Dallas / Houston,2023-08-18,1826.2,276.4,403.0,894.4,0.0,3400.0,32.574123607690346,29.763960123569007,32.604716236664274,29.716900429757352,,-96.69185354358146,-95.46774223597075,-96.7892372687652,-95.37805157515649,
TX,Dallas / Houston,2023-08-19,1629.5,0.0,3259.0,814.75,814.75,6518.0,29.761982991206484,,32.605256662083185,29.90285406390539,29.576595677410115,-95.47525473489691,,-96.78893553016785,-95.33106466427996,-95.40570521966522
TX,Dallas / Houston,2023-08-20,9476.25,3790.5,0.0,0.0,1895.25,15162.0,30.901806953702444,32.771847538621564,,,29.58313933882349,-96.00652545797283,-96.60049799387771,,,-95.38976994137528
TX,Dallas / Houston,2023-08-21,479.2857142857143,752.047619047619,377.0,119.33333333333333,119.33333333333333,1846.9999999999998,30.39756855518899,32.209713803331276,29.744400947059347,29.626225,29.58177026115818,-95.67252268306932,-96.5369434172222,-95.35438642839651,-95.388248,-95.3887175155896
TX,Dallas / Houston,2023-08-22,1642.6,527.8,0.0,0.0,301.6,2471.9999999999995,30.50942259409333,31.85957139980831,,,29.580976493647356,-95.78884030627721,-96.40610750084566,,,-95.39402713061827
TX,Dallas / Houston,2023-08-23,455.0,0.0,910.0,227.5,227.5,1820.0,29.76198299120648,,32.605256662083185,29.90285406390539,29.576595677410115,-95.47525473489691,,-96.78893553016783,-95.33106466427998,-95.40570521966522
TX,Dallas / Houston,2023-08-24,1636.9,2629.2,0.0,0.0,1343.9,5610.0,32.402771316666595,31.37067466579629,,,29.580110476697726,-96.69919652505479,-96.13005654669193,,,-95.39646532929947
TX,Dallas / Houston,2023-08-26,2849.0,2177.5,2177.5,0.0,0.0,7204.0,30.54181923314827,32.16812200093554,29.806053393981223,,,-95.814084275617,-96.59606909465353,-95.30360127306062,,
TX,Dallas / Houston,2023-08-27,1422.857142857143,2561.1428571428573,996.0,498.0,498.0,5976.0,30.69769305155344,32.729907946695775,29.77043093891414,29.626225,29.58177026115818,-95.75131647108688,-96.803021678172,-95.38493284703843,-95.388248,-95.3887175155896
TX,Dallas / Houston,2023-08-28,0.0,0.0,2204.0,0.0,0.0,2204.0,,,29.6979446,,,,,-95.2996966,,
TX,Dallas / Houston,2023-08-31,188.5,377.0,94.25,0.0,94.25,754.0,31.210170039765988,31.27476705712934,32.60489193795817,,29.57849330631566,-96.22791635029577,-96.07722870033602,-96.78611703125613,,-95.40381472897494
TX,Dallas / Houston,2023-09-02,3016.5,4644.5,908.5,908.5,60.0,9538.0,30.713342053831386,31.024779690118084,32.76566498596363,32.57828833286823,29.57856982586713,-95.90228112201517,-96.0033718354763,-96.63016377577628,-96.54281783737885,-95.39877738673334
TX,Dallas / Houston,2023-09-03,0.0,0.0,0.0,183.0,0.0,183.0,,,,29.626839978434553,,,,,-95.3887735244042,
TX,Dallas / Houston,2023-09-04,1931.1666666666667,3272.666666666667,877.3333333333334,193.75,296.0833333333333,6571.0,31.992354761321828,29.793709890660587,32.6049503693211,29.90285406390539,29.577857059080472,-96.60683112681869,-95.34418471222452,-96.78880686530596,-95.33106466427998,-95.40222484884609
TX,Dallas / Houston,2023-09-05,1178.6666666666667,2357.3333333333335,1054.0,0.0,0.0,4590.0,31.207872705449912,31.261128881748096,32.765150251901524,,,-96.22768779469617,-96.10857854779198,-96.58533198139617,,
TX,Dallas / Houston,2023-09-06,2875.0,4989.5,1602.5,0.0,0.0,9467.0,31.414691864545098,31.19868546425563,29.882877317087523,,,-96.31035327219453,-96.07665196473522,-95.28418880367066,,
TX,Dallas / Houston,2023-09-07,700.0,2501.0,1400.0,350.0,350.0,5301.0,29.76198299120648,29.69849741326255,32.605256662083185,29.90285406390539,29.576595677410115,-95.47525473489691,-95.29486105367232,-96.78893553016785,-95.33106466427998,-95.40570521966524
TX,Dallas / Houston,2023-09-08,698.4,244.8,1152.0,532.8,288.0,2916.0,29.76314967889107,29.76396012356901,32.605256662083185,29.909935082939946,29.57659567741011,-95.42943965288153,-95.46774223597075,-96.78893553016783,-95.34163857772604,-95.40570521966522
TX,Dallas / Houston,2023-09-09,6723.266666666666,2898.133333333333,2038.0,509.5,2995.1,15164.0,31.218073309820173,32.0895449148684,32.605256662083185,29.90285406390539,29.58834180067894,-96.10011827377677,-96.53483198880049,-96.78893553016783,-95.33106466427999,-95.38412110701421
TX,Dallas / Houston,2023-09-10,433.5,0.0,867.0,216.75,216.75,1734.0,29.76198299120648,,32.605256662083185,29.90285406390539,29.576595677410115,-95.47525473489691,,-96.78893553016783,-95.33106466427998,-95.40570521966522
TX,Dallas / Houston,2023-09-11,1308.0,4282.0,3424.0,0.0,0.0,9014.0,31.876394820683874,31.181025045914993,29.71035668641172,,,-96.50218197592058,-95.94104122564299,-95.29838903666142,,
TX,Dallas / Houston,2023-09-12,3304.4857142857145,2182.847619047619,1084.6666666666665,329.3333333333333,903.6666666666666,7805.0,31.29471677874874,32.5506658784397,29.743470235568097,29.626225,29.583756060363225,-96.07953534096539,-96.69687363827103,-95.34919870361648,-95.388248,-95.3901796585063
TX,Dallas / Houston,2023-09-13,925.0,0.0,0.0,0.0,0.0,925.0,32.744018023476194,,,,,-97.00292610922642,,,,
TX,Dallas / Houston,2023-09-14,5800.2553030303025,2435.764393939394,1568.598484848485,442.3818181818182,0.0,10246.999999999998,31.19872530647904,31.46339038517737,31.327889994519836,29.806587550429576,,-96.1337148232561,-96.21144537719763,-96.09866407079923,-95.37248350701707,
TX,Dallas / Houston,2023-09-15,333.5,667.0,166.75,925.0,166.75,2259.0,31.210170039765984,31.274767057129342,32.60489193795817,32.80185656982824,29.57849330631566,-96.22791635029577,-96.07722870033604,-96.78611703125613,-97.03038559547744,-95.40381472897492
TX,Dallas / Houston,2023-09-16,5167.166666666666,8837.333333333332,1036.0,1066.5,0.0,16106.999999999998,31.109321399824655,31.098391893904154,32.12253991151696,31.998883226083233,,-96.12661669285816,-96.03316411972203,-96.32220124616641,-96.32501453738426,
TX,Dallas / Houston,2023-09-17,0.0,0.0,0.0,0.0,0.0,0.0,,,,,,,,,,
TX,Dallas / Houston,2023-09-18,1182.3333333333333,59.666666666666664,1827.6666666666667,501.6666666666667,501.6666666666667,4073.0,29.899347296410642,32.720911783384025,32.605202115969625,29.90285092357641,29.576830476462476,-95.53874407080548,-96.85649501928172,-96.78893783662286,-95.3312783078616,-95.4048812448514
TX,Dallas / Houston,2023-09-19,1304.5,1055.0,652.25,0.0,134.25,3146.0,32.32842159123207,30.601512231637084,30.405145997070022,,29.57849330631566,-96.68763638295479,-95.75181780206589,-95.59417089428389,,-95.40381472897492
TX,Dallas / Houston,2023-09-20,4296.5,4933.0,1333.0,0.0,2561.5,13124.0,31.899266115422055,31.90121860978621,29.701354756466987,,29.589372011465912,-96.41531982908789,-96.37254881559146,-95.29660422693028,,-95.38243487939292
TX,Dallas / Houston,2023-09-21,1548.3333333333335,2276.166666666667,273.5,0.0,0.0,4098.0,31.706131182048892,31.098006230122643,29.83503809636687,,,-96.43227198040303,-96.02517585949116,-95.28525435202806,,
TX,Dallas / Houston,2023-09-22,518.0,259.0,259.0,0.0,0.0,1036.0,32.61823871629833,29.903562731078505,29.83503809636687,,,-96.8067819705696,-95.41447098281671,-95.28525435202806,,
TX,Dallas / Houston,2023-09-23,0.0,2977.0,2977.0,0.0,220.0,6174.0,,32.8121566450693,29.701354756466987,,29.58172632532757,,-96.7304382060765,-95.29660422693028,,-95.39096554097016
TX,Dallas / Houston,2023-09-24,4644.0,1237.5,514.5,0.0,0.0,6396.0,31.36642893469395,31.481861724305276,29.83503809636687,,,-96.19774409986186,-96.2388576249739,-95.28525435202806,,
TX,Dallas / Houston,2023-09-25,1476.0,2952.0,0.0,0.0,0.0,4428.0,31.207872705449915,31.2611288817481,,,,-96.22768779469615,-96.10857854779199,,,
TX,Dallas / Houston,2023-09-26,2293.5,2172.5,2788.0,728.0,1037.0,9019.0,31.452589686396877,31.688369760248435,29.863728182042802,29.626839978434553,29.58059575422041,-96.24044115038156,-96.30982813738231,-95.38446734912831,-95.3887735244042,-95.39552783277709
TX,Dallas / Houston,2023-09-27,2955.25,6859.0,5713.75,347.5,467.5,16343.0,31.439408756750453,31.503575281978424,30.639207083753373,29.90285406390539,29.5770827693217,-96.27272284468818,-96.23993435854428,-95.74057472526556,-95.33106466427998,-95.40521996002279
TX,Dallas / Houston,2023-09-28,228.0,456.0,114.0,227.0,114.0,1139.0,31.21017003976599,31.274767057129342,32.60489193795817,29.626839978434553,29.57849330631566,-96.22791635029576,-96.07722870033605,-96.78611703125613,-95.3887735244042,-95.40381472897492
TX,Dallas / Houston,2023-09-29,3459.5,3448.0,3713.0,867.75,2349.75,13838.0,31.066381672198286,31.278745353027215,32.60523289067509,29.902854063905394,29.578549377433113,-96.09707674790879,-96.07852164264055,-96.78875183053502,-95.33106466427998,-95.40090631456223
TX,Dallas / Houston,2023-09-30,14471.338636363636,831.0977272727273,740.1818181818182,263.3818181818182,0.0,16306.0,29.915074420001613,31.488582841249812,32.06573195267913,29.832468937868025,,-95.56345330306601,-96.20062135812192,-96.4876634730937,-95.3614618887074,
TX,Dallas / Houston,2023-10-01,6175.65,2272.8,622.75,94.8,1089.0,10255.0,30.983347193437684,32.643086488478694,32.60516647931534,29.902101823255126,29.58313933882349,-96.035690662112,-96.54607038758581,-96.78301312497051,-95.33180864518006,-95.38976994137528
TX,Dallas / Houston,2023-10-02,302.6666666666667,302.6666666666667,151.33333333333334,0.0,151.33333333333334,908.0000000000001,31.297527169603594,31.246368051849498,32.6026307254389,,29.58024526134723,-96.15788000512043,-96.03533878204992,-96.78783244900674,,-95.39563538455086
TX,Dallas / Houston,2023-10-03,1828.965909090909,575.4431818181818,1545.5454545454545,473.79545454545456,357.25,4781.0,31.222069477648635,31.790600795645965,32.396381913770846,29.87137984912173,29.576595677410115,-96.1519980379222,-96.35215570021388,-96.67476311526198,-95.3445722021636,-95.40570521966522
TX,Dallas / Houston,2023-10-04,446.0,223.0,744.0,0.0,0.0,1413.0,32.61823871629833,29.903562731078505,31.886904269799068,,,-96.8067819705696,-95.41447098281671,-96.19565817581943,,
TX,Dallas / Houston,2023-10-05,180.66666666666666,2805.6666666666665,90.33333333333333,0.0,1781.3333333333333,4858.0,31.297527169603594,30.688535663731653,32.6026307254389,,29.58093117515229,-96.15788000512043,-95.82450875729504,-96.78783244900674,,-95.39429189254685
TX,Dallas / Houston,2023-10-06,918.0,1528.0,0.0,0.0,918.0,3364.0,31.807172041601927,30.99482564503388,,,29.586327100050674,-96.34479120579509,-95.9538821001212,,,-95.38754324525826
TX,Dallas / Houston,2023-10-07,3498.4530303030306,6368.777272727273,703.1515151515151,380.6181818181818,0.0,10951.000000000002,32.087896646771455,30.117924685469806,31.238753347691123,29.821155233547724,,-96.57852806359429,-95.50952421525975,-95.91565586063345,-95.37568563877542,
TX,Dallas / Houston,2023-10-08,3311.6666666666665,195.66666666666666,3311.6666666666665,0.0,0.0,6819.0,29.67375615857071,29.6963023908321,32.61859233667334,,,-95.45740547193559,-95.29728196029089,-96.54629034810264,,
TX,Dallas / Houston,2023-10-09,1355.9333333333334,1699.1999999999998,506.3333333333333,199.2,301.3333333333333,4062.0,31.834751087000704,31.84566321874926,32.60319451333983,29.918265693568827,29.580245261347233,-96.3920428560123,-96.32617302042672,-96.78671370895495,-95.35407847589786,-95.39563538455086
TX,Dallas / Houston,2023-10-10,147.0,3521.0,1488.0,0.0,0.0,5156.0,29.657846904941316,29.706988464451346,29.6994941007395,,,-95.47831837249925,-95.29743403945389,-95.29684321697584,,
TX,Dallas / Houston,2023-10-11,989.0,0.0,1978.0,494.5,494.5,3956.0,29.76198299120648,,32.605256662083185,29.90285406390539,29.576595677410115,-95.47525473489691,,-96.78893553016783,-95.33106466427999,-95.40570521966522
TX,Dallas / Houston,2023-10-12,8798.973484848484,6075.844696969697,1836.090909090909,1836.090909090909,0.0,18546.999999999996,31.155523838672327,31.168133380430977,32.342778706895224,32.32563712306762,,-96.080504238149,-96.08040248098814,-96.4204851323539,-96.4449424952992,
TX,Dallas / Houston,2023-10-14,1143.0,0.0,0.0,0.0,0.0,1143.0,32.92403412867165,,,,,-96.83880960313036,,,,
TX,Dallas / Houston,2023-10-15,723.0,0.0,723.0,0.0,0.0,1446.0,32.704629464818915,,32.60402323571779,,,-96.83053961865276,,-96.78506925203328,,
TX,Dallas / Houston,2023-10-16,2804.3333333333335,702.1666666666667,235.5,251.0,0.0,3993.0,31.2801977775353,31.698969102364497,29.83503809636687,29.626839978434553,,-96.15579040920026,-96.35225845913389,-95.28525435202806,-95.3887735244042,
TX,Dallas / Houston,2023-10-17,1410.9166666666665,4206.333333333333,7875.75,0.0,147.0,13640.0,31.84198414749377,32.07326278279251,30.816284570134947,,29.58172632532757,-96.46288238015326,-96.54093538517579,-95.77252889657288,,-95.39096554097016
TX,Dallas / Houston,2023-10-18,224.33333333333334,224.33333333333334,224.33333333333334,0.0,0.0,673.0,29.947983040216304,29.863201178796324,29.903268535136863,,,-95.33250959127778,-95.45846582346056,-95.31547300897144,,
TX,Dallas / Houston,2023-10-19,7790.866666666667,387.06666666666666,29.0,211.4,204.66666666666666,8623.0,29.691366793104645,30.03093075161532,32.6035858445378,29.916147893395433,29.59610654405609,-95.45420943236151,-95.56745178761174,-96.78900617984895,-95.35116783965033,-95.37309284290848
TX,Dallas / Houston,2023-10-20,3808.0,3698.166666666667,1064.5,1146.0,151.33333333333334,9868.000000000002,31.32853210245401,31.16376255325684,32.31923941419487,29.82348109068525,29.599001599999998,-96.26405463086003,-96.06141149991399,-96.63134949121061,-95.36935022851388,-95.3688527
TX,Dallas / Houston,2023-10-21,1741.3333333333333,746.8333333333333,6552.166666666666,403.0,219.66666666666666,9662.999999999998,32.31911036908494,30.693483468760352,31.371917029666957,29.626839978434553,29.580245261347237,-96.65243888523986,-95.77970363596975,-96.04617611039859,-95.3887735244042,-95.39563538455086
TX,Dallas / Houston,2023-10-22,7375.666666666667,3208.6666666666665,215.33333333333334,327.0,1604.3333333333333,12731.000000000002,30.924913137050584,32.56709795448386,32.6026307254389,29.626839978434557,29.582750896261746,-96.01536308055677,-96.52464242545041,-96.78783244900674,-95.3887735244042,-95.39055720011025
TX,Dallas / Houston,2023-10-23,1020.5,0.0,2041.0,510.25,510.25,4082.0,29.76198299120648,,32.605256662083185,29.90285406390539,29.576595677410115,-95.47525473489691,,-96.78893553016783,-95.33106466427998,-95.40570521966522
TX,Dallas / Houston,2023-10-24,5462.0,1102.0,1283.0,0.0,905.0,8752.0,31.784383080467826,31.825677432019535,29.741043949542,,29.57998274618186,-96.35031457929092,-96.26461751426379,-95.29138651220443,,-95.3987360698811
TX,Dallas / Houston,2023-10-25,7734.152272727273,3224.120454545455,1005.8636363636364,374.3636363636364,804.5,13143.0,31.959191938726487,32.07449885353155,29.751477888868337,29.774901069444585,29.5840725680719,-96.44692074271973,-96.4373168624196,-95.28684355658699,-95.3859772310233,-95.39230993813538
TX,Dallas / Houston,2023-10-26,683.3809523809524,981.7857142857143,440.1666666666667,172.33333333333334,172.33333333333334,2450.0000000000005,31.234471579969004,32.45498444336509,29.784448319156628,29.626225,29.58177026115818,-96.04631139258541,-96.66795494265436,-95.36330627466397,-95.38824800000002,-95.38871751558959
TX,Dallas / Houston,2023-10-27,838.5,858.0,250.5,135.0,270.0,2352.0,32.23821077095033,31.382834400287898,29.762897206417076,29.614625620318147,29.58844133738655,-96.65676593709439,-96.16612849244056,-95.28937423420399,-95.38417024002926,-95.39288118813403
TX,Dallas / Houston,2023-10-28,909.0,454.5,454.5,0.0,0.0,1818.0,32.61823871629833,29.903562731078505,29.83503809636687,,,-96.8067819705696,-95.41447098281671,-95.28525435202806,,
TX,Dallas / Houston,2023-10-29,1001.0,0.0,0.0,0.0,0.0,1001.0,29.771886193418663,,,,,-95.21129967648544,,,,
TX,Dallas / Houston,2023-10-30,75.2,150.4,0.0,2305.4,0.0,2531.0,29.768639973877388,29.76396012356901,,32.61373647449145,,-95.21383926692674,-95.46774223597075,,-96.92102644271229,
TX,Dallas / Houston,2023-11-01,1029.857142857143,1258.7142857142858,228.85714285714286,228.85714285714286,457.7142857142857,3203.9999999999995,32.09370631765751,31.61294332660935,29.70117666723781,29.614625620318147,29.58844133738655,-96.59972280337787,-96.2830529939376,-95.29289902228786,-95.38417024002926,-95.39288118813404
TX,Dallas / Houston,2023-11-02,3244.6,753.2,348.75,99.2,934.25,5380.0,31.918442082438307,30.626121921250768,30.643160328286335,29.918265693568827,29.580656313356396,-96.4241921673048,-95.77961556505682,-95.72314045270606,-95.35407847589785,-95.39230799641646
TX,Dallas / Houston,2023-11-03,15323.233333333334,4136.833333333333,2485.166666666667,2070.1,1549.6666666666667,25565.0,31.385116629499695,32.319755661795845,31.089716047670066,29.878301874685135,29.58256102134114,-96.23557103220877,-96.47732425600279,-95.99952665642697,-95.37346096678156,-95.39094202068483
TX,Dallas / Houston,2023-11-04,4333.214285714285,3807.5119047619046,628.7142857142858,394.04761904761904,1354.5119047619048,10517.999999999998,31.51775971103598,31.67216167855201,30.75991970059456,29.64339358228273,29.584389748298623,-96.28159134769882,-96.29311472027473,-95.75740785908032,-95.37904861093767,-95.39527296191103
TX,Dallas / Houston,2023-11-05,4025.0,3041.25,90.0,0.0,983.75,8140.0,31.285404840109912,31.659438813330887,29.69949137075084,,29.580022606557502,-96.14231565687535,-96.26404613301247,-95.30168465551068,,-95.39784655158356
TX,Dallas / Houston,2023-11-06,2912.8333333333335,1586.8333333333335,543.0,216.0,193.33333333333334,5452.0,32.10292863461313,31.167015194751674,29.83514378229311,29.77490106944459,29.599001599999998,-96.54433987294448,-96.05000802197561,-95.28111945924307,-95.3859772310233,-95.3688527
TX,Dallas / Houston,2023-11-08,804.9886363636364,415.64772727272725,84.18181818181819,84.18181818181819,0.0,1389.0,32.15815176249295,31.790600795645965,29.835303779042558,29.77490106944459,,-96.58586782798692,-96.35215570021387,-95.27485969099912,-95.3859772310233,
TX,Dallas / Houston,2023-11-09,1085.4333333333334,276.5333333333333,1894.3333333333333,404.45,255.25,3916.0,29.78482124482801,29.76696983861605,32.42365450188073,29.902576565314664,29.576595677410115,-95.42432564572418,-95.3706008716674,-96.68679081722956,-95.33133911588163,-95.40570521966522
TX,Dallas / Houston,2023-11-10,3493.159090909091,1369.9318181818182,277.45454545454544,277.45454545454544,0.0,5417.999999999999,32.2990350278749,31.79060079564596,29.835303779042558,29.77490106944459,,-96.68615783686538,-96.35215570021386,-95.27485969099912,-95.3859772310233,
TX,Dallas / Houston,2023-11-11,0.0,2746.0,0.0,0.0,0.0,2746.0,,31.177582073867807,,,,,-96.09322061886846,,,
TX,Dallas / Houston,2023-11-13,1710.5,535.0,1816.0,320.25,320.25,4702.0,31.548708291322402,29.903562731078505,31.789140509738345,29.90285406390539,29.576595677410115,-96.30818904777021,-95.41447098281671,-96.34594575577094,-95.33106466427998,-95.40570521966522
TX,Dallas / Houston,2023-11-14,4908.95,644.8,1045.25,0.0,806.0,7405.0,31.811943017823573,32.82921245543902,30.366244132398393,,29.57998274618186,-96.35368395970892,-96.7084785486381,-95.63620850075888,,-95.39873606988108
TX,Dallas / Houston,2023-11-15,745.0,0.0,920.0,0.0,0.0,1665.0,32.744018023476194,,32.765150251901524,,,-97.00292610922644,,-96.58533198139617,,
TX,Dallas / Houston,2023-11-16,173.33333333333334,173.33333333333334,0.0,0.0,173.33333333333334,520.0,29.76977606189995,29.864057844410503,,,29.5990016,-95.21289268508092,-95.4581810200646,,,-95.3688527
TX,Dallas / Houston,2023-11-17,2423.4333333333334,27.666666666666668,1297.1666666666667,1551.0666666666668,27.666666666666668,5327.0,31.358399580393314,32.720911783384025,32.604066677945546,29.824896410315038,29.57856982586713,-96.28973665004578,-96.85649501928172,-96.78576301643024,-95.36869936226333,-95.39877738673334
TX,Dallas / Houston,2023-11-18,474.0,3602.0,790.0,158.0,0.0,5024.0,29.764452596915476,29.697530878723214,32.60530777381819,29.902101823255126,,-95.39235948004836,-95.2966217385894,-96.78105987309402,-95.33180864518005,
TX,Dallas / Houston,2023-11-19,621.0,310.5,310.5,248.0,0.0,1490.0,32.61823871629833,29.903562731078505,29.835038096366873,29.626839978434553,,-96.8067819705696,-95.41447098281671,-95.28525435202806,-95.3887735244042,
TX,Dallas / Houston,2023-11-20,209.33333333333334,209.33333333333334,104.66666666666667,0.0,104.66666666666667,628.0,31.297527169603597,31.246368051849494,32.6026307254389,,29.580245261347233,-96.15788000512043,-96.03533878204992,-96.78783244900674,,-95.39563538455084
TX,Dallas / Houston,2023-11-21,8474.3,2976.0,1114.25,0.0,2305.45,14870.0,31.60019845425751,32.15000756815145,29.70178451584056,,29.580496204283712,-96.2660647360433,-96.49667657073887,-95.29394779015652,,-95.3963030141003
TX,Dallas / Houston,2023-11-22,679.5,528.5,0.0,0.0,302.0,1510.0,31.491612438929707,31.859571399808303,,,29.580976493647352,-96.24245729132171,-96.40610750084566,,,-95.39402713061827
TX,Dallas / Houston,2023-11-23,2258.666666666667,645.3333333333334,0.0,300.0,968.0,4172.0,31.467118589822704,32.605646671949536,,29.626839978434553,29.599104745112417,-96.18642197137635,-96.82371279490332,,-95.3887735244042,-95.36744540101678
TX,Dallas / Houston,2023-11-24,0.0,0.0,0.0,317.0,0.0,317.0,,,,29.626839978434553,,,,,-95.3887735244042,
TX,Dallas / Houston,2023-11-25,2825.7333333333336,299.1333333333333,684.0,136.8,162.33333333333334,4108.0,29.770685339591413,29.782098698020004,32.60530777381819,29.902101823255126,29.5990016,-95.23768770853997,-95.38383538942063,-96.78105987309401,-95.33180864518005,-95.3688527
TX,Dallas / Houston,2023-11-26,0.0,0.0,3496.0,0.0,0.0,3496.0,,,31.251232603526383,,,,,-95.96439392169152,,
TX,Dallas / Houston,2023-11-27,0.0,0.0,0.0,1885.0,0.0,1885.0,,,,32.80185656982824,,,,,-97.03038559547744,
TX,Dallas / Houston,2023-11-28,64.0,192.0,0.0,0.0,0.0,256.0,32.92596755815977,30.69171381472941,,,,-96.83941959782652,-95.78552402096595,,,
TX,Dallas / Houston,2023-11-29,3466.8,887.8,636.25,93.4,1157.75,6242.0,31.37603839469231,32.332463140601206,31.832936360988775,29.902101823255126,29.59630932440933,-96.14523359777611,-96.64537622760368,-96.38547052922421,-95.33180864518006,-95.37201974410058
TX,Dallas / Houston,2023-11-30,64.4,128.8,2679.0,128.8,0.0,3001.0,29.768639973877388,29.76396012356901,29.6979446,29.918265693568827,,-95.21383926692674,-95.46774223597075,-95.2996966,-95.35407847589786,
TX,Dallas / Houston,2023-12-01,3051.0,0.0,2311.0,274.5,274.5,5911.0,29.807935004317386,,32.689181770023325,29.90285406390539,29.576595677410115,-95.4705521599667,,-96.68206789509209,-95.33106466427998,-95.40570521966522
TX,Dallas / Houston,2023-12-02,6488.287878787879,3386.9242424242425,2256.727272727273,858.7272727272727,1438.3333333333333,14429.000000000002,31.54671539726704,31.62074437961599,32.12321523222758,29.84433649709715,29.583797142974884,-96.28048726935343,-96.28052672557938,-96.52544827488225,-95.35617818199448,-95.39188898957774
TX,Dallas / Houston,2023-12-03,1509.75,1150.5,119.75,1943.0,0.0,4723.0,30.407585923308126,29.772347409384267,32.604716236664274,32.412945633774875,,-95.7769466620321,-95.22324592637769,-96.7892372687652,-96.82930290226311,
TX,Dallas / Houston,2023-12-04,1545.0,0.0,0.0,0.0,0.0,1545.0,29.81975952776686,,,,,-95.4658910696745,,,,
TX,Dallas / Houston,2023-12-05,209.0,418.0,104.5,0.0,104.5,836.0,31.21017003976599,31.274767057129342,32.60489193795817,,29.57849330631566,-96.22791635029577,-96.07722870033604,-96.78611703125613,,-95.40381472897492
TX,Dallas / Houston,2023-12-06,358.0,716.0,179.0,0.0,179.0,1432.0,31.210170039765988,31.274767057129345,32.60489193795817,,29.57849330631566,-96.22791635029576,-96.07722870033605,-96.78611703125613,,-95.40381472897494
TX,Dallas / Houston,2023-12-07,5154.666666666667,2097.3333333333335,1333.0,1333.0,102.0,10020.0,30.689026514599057,30.863023039324002,32.77712609201614,32.76747824487442,29.581726325327573,-95.82358583935806,-95.9702253568194,-96.61893154920664,-96.62837754717668,-95.39096554097017
TX,Dallas / Houston,2023-12-08,886.6666666666666,1773.3333333333333,0.0,0.0,0.0,2660.0,31.207872705449915,31.261128881748096,,,,-96.22768779469617,-96.10857854779199,,,
TX,Dallas / Houston,2023-12-09,2092.0,210.0,0.0,210.0,0.0,2512.0,29.681086594558128,29.763960123569007,,29.918265693568827,,-95.44533422126881,-95.46774223597076,,-95.35407847589788,
TX,Dallas / Houston,2023-12-10,3102.704761904762,4110.2095238095235,291.57142857142856,291.57142857142856,973.9428571428571,8770.0,31.662885163621375,31.497968282271064,29.701176667237807,29.614625620318147,29.585446027228585,-96.3891995601259,-96.2261576511222,-95.29289902228786,-95.38417024002926,-95.39334100394309
TX,Dallas / Houston,2023-12-11,3477.3809523809523,2313.6190476190477,854.0,605.0,1168.0,8418.0,31.49453359007465,32.32656331422185,29.79342927130949,29.626560442782484,29.59502342397593,-96.19657624340543,-96.6258960185628,-95.34945010408391,-95.38853464967502,-95.37245381840336
TX,Dallas / Houston,2023-12-12,1924.6,652.3,659.25,278.6,300.25,3814.9999999999995,31.36774317170794,31.073860559582087,31.282921944151475,29.91409998686199,29.579982746181862,-96.13386467289946,-95.97071613921507,-96.10376688424004,-95.34833915843362,-95.3987360698811
TX,Dallas / Houston,2023-12-13,146.4,48.8,244.0,48.8,0.0,488.0,29.764452596915476,29.68484210861412,32.60530777381819,29.902101823255123,,-95.39235948004836,-95.29561335695566,-96.78105987309402,-95.33180864518005,
TX,Dallas / Houston,2023-12-14,1966.8,961.4,0.0,0.0,855.8,3784.0,31.477228467138683,32.115661310154266,,,29.591461986140004,-96.2095506437028,-96.54945027912632,,,-95.37865209421639
TX,Dallas / Houston,2023-12-15,6182.8,951.2,3136.0,275.0,1189.0,11734.0,31.65042752146063,32.82921245543902,29.77543564498355,29.626839978434553,29.57998274618186,-96.27698492612335,-96.7084785486381,-95.31866605623084,-95.3887735244042,-95.3987360698811
TX,Dallas / Houston,2023-12-16,1680.0,0.0,840.0,840.0,0.0,3360.0,32.843147242202804,,29.703626880599472,29.9335,,-96.91737347178238,,-95.29607189455244,-95.37759999999999,
TX,Dallas / Houston,2023-12-17,1303.284090909091,1025.3068181818182,230.20454545454544,340.45454545454544,118.75,3018.0,31.985399205534623,31.55162742547966,31.263983622100515,29.675310712100323,29.57849330631566,-96.52063763255627,-96.22478863054633,-96.05443512814425,-95.38785810232544,-95.40381472897492
TX,Dallas / Houston,2023-12-18,2182.285714285714,3409.714285714286,1722.0,1185.0,537.0,9036.0,30.4217836681923,32.18529004013329,30.90187022997691,31.343973609855375,29.58177026115818,-95.6018358110859,-96.55155215644365,-95.84929472799372,-96.06639479035485,-95.3887175155896
TX,Dallas / Houston,2023-12-19,2904.642857142857,3885.440476190476,2033.25,589.3333333333334,589.3333333333334,10002.0,30.804037945261232,32.44748968638671,30.502279377371146,29.626224999999998,29.581770261158177,-95.86087640924464,-96.68511095225101,-95.73796236397422,-95.388248,-95.3887175155896
TX,Dallas / Houston,2023-12-20,3956.1742424242425,2723.401515151515,1263.0454545454545,1078.0454545454545,568.3333333333334,9589.0,31.343742592578142,30.658058430206445,31.818536084093267,32.13860424553461,29.599001599999998,-96.12131721299328,-95.82915272755767,-96.18250731003641,-96.3672938023646,-95.3688527
TX,Dallas / Houston,2023-12-21,919.1,133.2,1705.0,1167.45,426.25,4351.0,29.762465370758086,29.76396012356901,32.605256662083185,29.76086619727718,29.576595677410115,-95.45631199725486,-95.46774223597075,-96.78893553016783,-95.36374480189875,-95.40570521966521
TX,Dallas / Houston,2023-12-22,1229.215909090909,634.6931818181818,128.54545454545453,128.54545454545453,0.0,2121.0,32.15815176249295,31.790600795645965,29.835303779042555,29.77490106944459,,-96.58586782798693,-96.35215570021387,-95.27485969099912,-95.3859772310233,
TX,Dallas / Houston,2023-12-24,232.6,273.2,0.0,81.2,192.0,779.0,29.76957775934743,29.83430698448251,,29.918265693568827,29.599001599999998,-95.21305790959916,-95.46102278701767,,-95.35407847589786,-95.3688527
TX,Dallas / Houston,2023-12-25,0.0,0.0,0.0,540.0,0.0,540.0,,,,32.80185656982824,,,,,-97.03038559547744,
TX,Dallas / Houston,2023-12-26,1366.5714285714284,2337.4285714285716,909.0,454.5,454.5,5522.0,30.804837214088657,32.729907946695775,29.77043093891414,29.626225,29.58177026115818,-95.80459856934507,-96.803021678172,-95.38493284703843,-95.388248,-95.3887175155896
TX,Dallas / Houston,2023-12-27,338.93333333333334,456.5333333333333,0.0,235.2,221.33333333333334,1252.0,29.76938187242871,29.812488808322772,,29.918265693568827,29.5990016,-95.21322112142553,-95.46310683339942,,-95.35407847589786,-95.3688527
TX,Dallas / Houston,2023-12-28,12067.48484848485,1676.030303030303,692.2424242424242,589.9090909090909,115.33333333333333,15141.0,32.76634991198217,31.399021500511218,31.82422532644373,29.675760147817435,29.580245261347233,-96.7896464210089,-96.14526075153287,-96.3603121530624,-95.38784961424723,-95.39563538455086
TX,Dallas / Houston,2023-12-30,5861.0,4746.083333333333,681.9166666666667,225.0,0.0,11513.999999999998,32.006085180549604,31.323802739966943,31.51166643866182,29.626839978434553,,-96.4815182587361,-96.14519708176518,-96.22487113896588,-95.38877352440419,
TX,Dallas / Houston,2023-12-31,5147.633333333333,1594.6666666666667,2711.0,1662.2,604.5,11720.0,31.973757578888485,31.6006763888908,31.638952313909357,29.85922974957612,29.579927516469706,-96.50676406429,-96.25956084906217,-96.14727795159989,-95.37706710013376,-95.39698043860176
TX,Dallas / Houston,2024-01-01,1355.7954545454545,2053.659090909091,1323.2727272727273,89.27272727272728,314.0,5136.0,31.639131668172844,32.43471336717489,29.773151336693882,29.817890657097262,29.580746557235233,-96.32897890251009,-96.59988174148945,-95.32946457366263,-95.36812756136774,-95.39448097674392
TX,Dallas / Houston,2024-01-02,2654.752705627706,2805.095779220779,1440.5757575757575,575.2424242424242,394.33333333333337,7869.999999999999,31.483374951969914,31.246794423165575,31.632285064705588,29.786232317322078,29.578679945504746,-96.24616533185495,-96.0719790727901,-96.28919441472404,-95.36412342620561,-95.39886275052571
TX,Dallas / Houston,2024-01-03,14902.202272727272,3929.620454545455,778.8636363636364,587.5636363636363,491.75,20690.0,30.645486229251645,31.45329901054192,29.835164433247026,29.82789753558484,29.580022606557502,-95.8902954800377,-96.18310812440379,-95.28031150416906,-95.37418547063437,-95.39784655158356
TX,Dallas / Houston,2024-01-04,2802.4666666666667,2751.5666666666666,415.25,0.0,1453.7166666666667,7423.0,31.244843128376512,31.39775053819661,32.60350880013784,,29.58418975784927,-96.11830081309134,-96.1600818818511,-96.7871663174901,,-95.39034292196015
TX,Dallas / Houston,2024-01-05,468.0,3426.0,2724.0,0.0,234.0,6852.0,31.210170039765988,32.39213427078098,29.950777553995966,,29.57849330631566,-96.22791635029577,-96.55197816597928,-95.42455797003316,,-95.40381472897492
TX,Dallas / Houston,2024-01-06,1569.5,1569.5,366.0,294.0,366.0,4165.0,32.1711578367654,32.090587280355486,32.6026307254389,29.62683997843455,29.580245261347233,-96.52181920439794,-96.39505118113291,-96.78783244900674,-95.3887735244042,-95.39563538455086
TX,Dallas / Houston,2024-01-07,2250.5,0.0,438.5,0.0,604.0,3293.0,32.041021367836905,,32.60402323571779,,29.580920680883597,-96.4746673367266,,-96.78506925203328,,-95.39090161799264
TX,Dallas / Houston,2024-01-08,2007.2333333333333,263.83333333333337,540.6666666666666,927.6,98.66666666666667,3837.9999999999995,32.14834073360767,30.907909856658325,32.26323163515727,29.722362278111316,29.580245261347233,-96.67817218272315,-95.87884715103661,-96.60153456583218,-95.37933827523625,-95.39563538455087
TX,Dallas / Houston,2024-01-09,1235.5,1235.5,1235.5,1235.5,0.0,4942.0,29.768506159969505,29.864180390736035,32.77712609201614,32.76747824487442,,-95.2479067351576,-95.47981300431564,-96.61893154920664,-96.62837754717668,
TX,Dallas / Houston,2024-01-10,1053.0,0.0,585.0,702.0,0.0,2340.0,31.422086077258914,,32.604077156919644,29.823481090685245,,-96.32381089777012,,-96.78569233701216,-95.36935022851388,
TX,Dallas / Houston,2024-01-11,3663.452380952381,3370.714285714286,2401.8333333333335,2171.3333333333335,756.6666666666666,12364.0,30.830464991275207,31.08342136368318,32.17507935352241,31.64307199405707,29.58668784742478,-95.8196797333559,-96.02697378872898,-96.42789700456875,-96.18454729556025,-95.38503046291638
TX,Dallas / Houston,2024-01-12,16807.178030303032,2618.0189393939395,1594.9848484848485,259.8181818181818,0.0,21280.0,30.724509144755555,31.49284389889085,31.020996219512927,29.77490106944459,,-95.91768938413571,-96.24128956015575,-95.94817200766533,-95.3859772310233,
TX,Dallas / Houston,2024-01-13,3020.0113636363635,1559.3522727272727,315.8181818181818,315.8181818181818,0.0,5211.0,32.15815176249295,31.79060079564596,29.835303779042555,29.77490106944459,,-96.58586782798693,-96.35215570021386,-95.27485969099912,-95.3859772310233,
TX,Dallas / Houston,2024-01-15,301.46666666666664,553.6,172.66666666666666,195.93333333333334,86.33333333333333,1310.0,30.528811665032052,32.14271885454495,29.770430938914142,29.789584952442034,29.581770261158177,-95.65361495365664,-96.53866722212925,-95.38493284703843,-95.36913445878737,-95.38871751558962
TX,Dallas / Houston,2024-01-16,565.5,1131.0,0.0,0.0,565.5,2262.0,32.83589001168096,31.280298171748644,,,29.579927516469706,-96.91630718018847,-96.07902630721746,,,-95.39698043860176
TX,Dallas / Houston,2024-01-17,892.0,892.0,892.0,892.0,0.0,3568.0,29.768506159969508,29.864180390736035,32.77712609201614,32.76747824487442,,-95.2479067351576,-95.47981300431564,-96.61893154920664,-96.62837754717667,
TX,Dallas / Houston,2024-01-18,1862.0795454545455,961.465909090909,194.72727272727272,194.72727272727272,0.0,3212.9999999999995,32.15815176249295,31.790600795645965,29.835303779042555,29.774901069444585,,-96.58586782798692,-96.35215570021387,-95.27485969099911,-95.3859772310233,
TX,Dallas / Houston,2024-01-19,2846.086363636364,680.4772727272727,986.8181818181818,1156.6181818181817,0.0,5670.0,31.76292286341715,31.79060079564596,32.2173926391065,29.817692481872662,,-96.44515691848183,-96.35215570021387,-96.57469074407291,-95.37133143829509,
TX,Dallas / Houston,2024-01-20,0.0,2079.0,2079.0,0.0,0.0,4158.0,,32.60552317497642,29.8004549788629,,,,-96.8242955792686,-95.30714499342446,,
TX,Dallas / Houston,2024-01-21,129.0,129.0,0.0,0.0,0.0,258.0,32.93407232792019,32.82714560708991,,,,-96.8398136968076,-96.70960315190608,,,
TX,Dallas / Houston,2024-01-22,836.5,966.0,707.0,176.75,659.75,3346.0,31.53687491097835,31.28029817174864,32.605256662083185,29.90285406390539,29.579034901761432,-96.30732685811965,-96.07902630721746,-96.78893553016785,-95.33106466427996,-95.39931784679118
TX,Dallas / Houston,2024-01-24,8850.9,1682.6,1952.25,0.0,1348.25,13834.0,31.860605596078777,31.778997054563142,29.743011388750222,,29.57998274618186,-96.40112932470566,-96.24397089990632,-95.29125815684644,,-95.3987360698811
TX,Dallas / Houston,2024-01-25,5064.69696969697,1672.939393939394,218.1818181818182,218.1818181818182,0.0,7174.0,31.4830339846389,32.08057859640691,29.835303779042555,29.77490106944459,,-96.25568249725437,-96.52069684503564,-95.27485969099911,-95.3859772310233,
TX,Dallas / Houston,2024-01-26,405.0,202.5,202.5,0.0,0.0,810.0,32.61823871629833,29.903562731078505,29.83503809636687,,,-96.80678197056959,-95.41447098281671,-95.28525435202805,,
TX,Dallas / Houston,2024-01-27,1272.5,1140.5,1404.5,1140.5,0.0,4958.0,29.765809911016472,29.86418039073603,32.640686415605565,32.76747824487442,,-95.26845487699858,-95.47981300431564,-96.55647048149201,-96.62837754717668,
TX,Dallas / Houston,2024-01-28,1172.3333333333335,865.3333333333334,461.6666666666667,0.0,325.6666666666667,2825.0,31.574523663247433,29.95953818423046,29.80489485341399,,29.5990016,-96.24839388833982,-95.45748832985608,-95.28890816680976,,-95.3688527
TX,Dallas / Houston,2024-01-29,625.6666666666666,873.1666666666667,245.16666666666669,1533.0,0.0,3277.0,32.362065176813836,29.75080432505407,29.859435928313175,32.17016703272773,,-96.5988900125293,-95.33517560896463,-95.29605993568015,-96.70377654024108,
TX,Dallas / Houston,2024-01-30,166.5,129.0,166.5,0.0,0.0,462.0,29.925123190312217,29.863201178796324,29.874019854996302,,,-95.37001129417683,-95.45846582346056,-95.29606747235242,,
TX,Dallas / Houston,2024-01-31,2083.3333333333335,3771.0,189.5,0.0,297.16666666666663,6341.000000000001,31.18159488889086,31.17034608758368,31.552493644583112,,29.590892599973387,-96.18022463495096,-96.06043086049483,-96.21586841434625,,-95.38267672155207
TX,Dallas / Houston,2024-02-01,423.0,329.0,0.0,0.0,188.0,940.0,31.49161243892971,31.859571399808306,,,29.580976493647356,-96.24245729132171,-96.40610750084565,,,-95.39402713061827
TX,Dallas / Houston,2024-02-02,875.0,2792.5,2792.5,0.0,0.0,6460.0,32.64612578554691,32.45750087865431,29.717655267563106,,,-96.85026992816894,-96.5699773861947,-95.29522029410872,,
TX,Dallas / Houston,2024-02-03,3359.714285714286,5250.785714285714,2103.0,740.5,1014.0,12468.0,31.179562967624374,32.23914226303488,30.149765545481337,29.626225,29.58088638822975,-96.04787728023167,-96.55964335259932,-95.55064179562257,-95.388248,-95.39278959434786
TX,Dallas / Houston,2024-02-04,895.5,0.0,298.5,0.0,0.0,1194.0,32.755090002646114,,32.604716236664274,,,-96.80155716007647,,-96.7892372687652,,
TX,Dallas / Houston,2024-02-05,344.4,114.8,574.0,114.8,0.0,1148.0,29.764452596915472,29.68484210861412,32.60530777381819,29.902101823255126,,-95.39235948004836,-95.29561335695564,-96.78105987309402,-95.33180864518005,
TX,Dallas / Houston,2024-02-06,1123.0,1123.0,0.0,2649.0,0.0,4895.0,32.704358742505065,32.662514161070504,,29.89086242631526,,-96.70990125980012,-96.85219164928401,,-95.38481523606451,
TX,Dallas / Houston,2024-02-08,5675.266666666666,4004.6333333333337,379.5,664.0,2858.6,13582.0,32.01783840402601,31.303405460871815,29.83503809636687,29.626839978434557,29.582868481373957,-96.54081572388371,-96.12778125355648,-95.28525435202806,-95.3887735244042,-95.38902872158663
TX,Dallas / Houston,2024-02-09,3104.0714285714284,3693.4285714285716,3249.8333333333335,1212.8333333333335,659.8333333333334,11920.000000000002,31.031080772777962,32.49705870817992,30.283049901740604,29.626505403799072,29.58177026115818,-95.93030382161643,-96.69380966862245,-95.54995457000118,-95.38848761659655,-95.3887175155896
TX,Dallas / Houston,2024-02-10,4076.3333333333335,1164.6666666666667,0.0,0.0,1747.0,6988.0,31.467118589822704,32.605646671949536,,,29.599104745112417,-96.18642197137636,-96.82371279490332,,,-95.36744540101678
TX,Dallas / Houston,2024-02-11,2007.25,1186.5,187.25,0.0,350.0,3731.0,31.75986302245089,31.59553928174852,32.604716236664274,,29.580022606557506,-96.35320545941414,-96.23348732378473,-96.7892372687652,,-95.39784655158356
TX,Dallas / Houston,2024-02-12,579.0,97.0,964.0,241.0,338.0,2219.0,29.763288566089493,29.864057844410507,32.605256662083185,29.90285406390539,29.58302577945514,-95.43130116178439,-95.4581810200646,-96.78893553016783,-95.33106466427998,-95.39512920070804
TX,Dallas / Houston,2024-02-13,3101.5,1171.0,1065.0,879.0,279.5,6496.0,31.642704934628814,31.1992449110693,31.739564961958333,29.82348109068525,29.580022606557502,-96.36741652104035,-96.04263105260786,-96.31724573606643,-95.36935022851388,-95.39784655158356
TX,Dallas / Houston,2024-02-14,477.0,0.0,159.0,332.0,0.0,968.0,32.755090002646114,,32.604716236664274,29.626839978434557,,-96.80155716007647,,-96.7892372687652,-95.3887735244042,
TX,Dallas / Houston,2024-02-15,5476.0,3424.0,760.0,190.0,1902.0,11752.0,31.12857518278589,32.01736053411692,32.605256662083185,29.90285406390539,29.58102328528673,-96.11353570206884,-96.33671617106944,-96.78893553016783,-95.33106466427998,-95.39464480650315
TX,Dallas / Houston,2024-02-16,1565.2,240.8,2371.0,0.0,301.0,4478.0,31.65042752146063,32.82921245543902,29.762486960224006,,29.57998274618186,-96.27698492612336,-96.7084785486381,-95.23682913434295,,-95.3987360698811
TX,Dallas / Houston,2024-02-17,14305.866666666667,2942.55,4850.583333333334,535.25,2253.75,24888.0,31.31080987805143,32.3193482068267,31.353148305236658,29.90285406390539,29.57917834083074,-96.1398535265186,-96.58269459783403,-96.14402933367808,-95.33106466427998,-95.40039119463849
TX,Dallas / Houston,2024-02-18,2131.0,1091.5,903.5,188.0,0.0,4314.0,32.174003679559064,29.87951757284508,29.83503809636687,29.918265693568827,,-96.59143897552019,-95.42364642541219,-95.28525435202806,-95.35407847589788,
TX,Dallas / Houston,2024-02-19,2975.0,2081.0,300.5,0.0,593.5,5950.0,31.584364575423187,31.451745436600625,29.83503809636687,,29.580022606557502,-96.28866776957703,-96.16504590880446,-95.28525435202806,,-95.39784655158356
TX,Dallas / Houston,2024-02-20,0.0,166.0,0.0,0.0,0.0,166.0,,29.769772650941935,,,,,-95.22451251545444,,,
TX,Dallas / Houston,2024-02-21,3332.3,3319.7,181.5,0.0,1608.5,8442.0,31.91795372424493,31.473381988210004,29.70178451584056,,29.579952695559477,-96.4433065208252,-96.16816204415741,-95.29394779015654,,-95.39735111705241
TX,Dallas / Houston,2024-02-22,1848.0,662.0,165.5,0.0,165.5,2841.0,29.95116669710728,31.274767057129342,32.60489193795817,,29.57849330631566,-95.59554642099914,-96.07722870033604,-96.78611703125613,,-95.40381472897492
TX,Dallas / Houston,2024-02-23,0.0,446.0,0.0,0.0,0.0,446.0,,32.70634990171638,,,,,-96.85802821611784,,,
TX,Dallas / Houston,2024-02-24,1199.6666666666667,200.66666666666666,1998.0,499.5,700.1666666666666,4598.0,29.7632865278993,29.864057844410507,32.605256662083185,29.90285406390539,29.583017179623454,-95.43136977963454,-95.45818102006459,-96.78893553016783,-95.33106466427999,-95.3951433454265
TX,Dallas / Houston,2024-02-25,1068.8333333333333,1068.8333333333333,203.66666666666666,959.0,203.66666666666666,3503.9999999999995,30.293077181061726,30.334097986366185,32.6026307254389,32.768533106287435,29.580245261347233,-95.72410992698912,-95.53273523547841,-96.78783244900676,-96.62784652477607,-95.39563538455084
TX,Dallas / Houston,2024-02-26,3240.0,4025.0,0.0,0.0,491.0,7756.0,31.27743533884432,31.426510262587875,,,29.580022606557502,-96.18514330259303,-96.17560242851101,,,-95.39784655158356
TX,Dallas / Houston,2024-02-27,421.0,210.5,210.5,0.0,0.0,842.0,32.61823871629833,29.90356273107851,29.835038096366866,,,-96.8067819705696,-95.41447098281672,-95.28525435202806,,
TX,Dallas / Houston,2024-02-28,6192.666666666667,4057.3333333333335,3038.0,1096.0,0.0,14384.0,30.790362173191813,31.86487988186432,30.874329745161763,32.76747824487442,,-95.88695958320723,-96.46141712084687,-95.78038991282448,-96.62837754717668,
TX,Dallas / Houston,2024-03-01,2680.4,0.0,2935.0,1620.1,500.5,7736.0,30.80211771838021,,32.604881712060156,29.84800190612669,29.576595677410115,-96.00691613615392,,-96.78790455939638,-95.35752260991067,-95.40570521966522
TX,Dallas / Houston,2024-03-02,2333.4,1550.7,475.5,0.0,614.4,4974.0,31.950780001189738,31.259789287226234,29.83503809636687,,29.580976493647356,-96.47245333570535,-96.10203633019835,-95.28525435202806,,-95.39402713061827
TX,Dallas / Houston,2024-03-03,2022.5,0.0,3453.0,863.25,863.25,7202.0,29.764685644458833,,32.605256662083185,29.90285406390539,29.576595677410115,-95.48466691510482,,-96.78893553016783,-95.33106466427998,-95.40570521966522
TX,Dallas / Houston,2024-03-04,1641.2727272727273,847.4545454545455,171.63636363636363,171.63636363636363,0.0,2832.0,32.15815176249295,31.79060079564596,29.83530377904255,29.77490106944459,,-96.58586782798693,-96.35215570021386,-95.27485969099912,-95.3859772310233,
TX,Dallas / Houston,2024-03-05,984.0,354.5,629.5,0.0,0.0,1968.0,32.642382472236505,29.903562731078505,31.04468212070603,,,-96.81342155717822,-95.41447098281671,-95.94045546005258,,
TX,Dallas / Houston,2024-03-06,3633.8,2067.0,2629.5,2439.7,126.0,10896.0,30.84617042975193,29.870412744691112,32.365383171160815,31.77049892414192,29.5990016,-95.89461803947013,-95.46814143099367,-96.4964883167777,-96.20201021894815,-95.3688527
TX,Dallas / Houston,2024-03-08,2057.2,3562.4,552.0,378.4,0.0,6550.0,30.97548852309205,31.212279213054522,32.60530777381819,29.707148931046056,,-96.09320367170797,-96.08338447720239,-96.78105987309402,-95.372153749916,
TX,Dallas / Houston,2024-03-09,1363.1333333333334,2199.766666666667,175.5,285.6,0.0,4024.0000000000005,32.31929469483817,32.10383119628844,29.83503809636687,29.918265693568827,,-96.6150321741481,-96.44699011851026,-95.28525435202806,-95.35407847589786,
TX,Dallas / Houston,2024-03-10,1471.5,1798.5,327.0,515.0,654.0,4766.0,32.09370631765751,31.612943326609358,29.701176667237807,29.61908445396064,29.58844133738655,-96.59972280337789,-96.2830529939376,-95.29289902228786,-95.38585066228653,-95.39288118813403
TX,Dallas / Houston,2024-03-11,2075.666666666667,6334.666666666667,788.6666666666667,0.0,949.0,10148.0,31.812620096241133,31.241759584033822,31.511666438661823,,29.579927516469706,-96.42544321636232,-96.11059452570994,-96.22487113896588,,-95.39698043860176
TX,Dallas / Houston,2024-03-12,186.33333333333334,186.33333333333334,186.33333333333334,0.0,0.0,559.0,29.947983040216304,29.863201178796327,29.903268535136863,,,-95.3325095912778,-95.45846582346056,-95.31547300897144,,
TX,Dallas / Houston,2024-03-14,1715.0,2368.0,0.0,0.0,0.0,4083.0,31.683495541526852,31.261128881748096,,,,-96.46771785009882,-96.10857854779199,,,
TX,Dallas / Houston,2024-03-15,3142.6,3935.55,372.5,0.0,703.35,8154.0,31.6585194327858,30.660703669643052,29.83503809636687,,29.580344840967893,-96.3258757621083,-95.77893695094694,-95.28525435202806,,-95.39655630572963
TX,Dallas / Houston,2024-03-16,3577.733333333333,2315.9666666666667,913.25,854.3,1223.75,8885.0,31.065692175014153,31.14320073682937,32.74058585949631,32.317900986398485,29.595841442749293,-95.98385385145647,-96.07748188889074,-96.65440068377775,-96.4273058922447,-95.3732035683646
TX,Dallas / Houston,2024-03-17,5322.247727272727,5315.779545454546,3423.1363636363635,450.8363636363636,0.0,14512.0,31.71923421488326,31.73354698588474,30.10891632063,29.80006831005576,,-96.38277070999965,-96.24980644717374,-95.48643838995521,-95.37525973295318,
TX,Dallas / Houston,2024-03-18,2973.7,847.8,834.75,185.0,468.75,5310.0,31.89030720246457,30.947790675578712,29.77441749474379,29.626839978434553,29.58359379256013,-96.40726407364775,-95.88275323312529,-95.2892092284932,-95.3887735244042,-95.39306221405302
TX,Dallas / Houston,2024-03-19,3882.0,2310.25,0.0,0.0,1201.75,7394.0,31.370829949625595,31.855993298190146,,,29.588835243876396,-96.16714969347167,-96.37692389042995,,,-95.38380649452962
TX,Dallas / Houston,2024-03-20,2938.75,7353.5,900.75,537.0,550.0,12280.0,31.679682891733396,31.170934630116662,32.707501795725,32.76747824487442,29.580976493647356,-96.2827324259037,-96.08937941874446,-96.68770613204254,-96.62837754717668,-95.39402713061827
TX,Dallas / Houston,2024-03-21,0.0,0.0,0.0,339.0,0.0,339.0,,,,29.62683997843455,,,,,-95.3887735244042,
TX,Dallas / Houston,2024-03-22,2796.331818181818,1809.8863636363635,169.0909090909091,637.4909090909091,503.2,5915.999999999999,31.847945093555868,31.718452970212137,29.835303779042555,29.709266835412777,29.580976493647356,-96.42366634862555,-96.33227673095311,-95.27485969099912,-95.38289416155304,-95.39402713061827
TX,Dallas / Houston,2024-03-23,800.0,400.0,400.0,0.0,0.0,1600.0,32.61823871629833,29.903562731078505,29.83503809636687,,,-96.8067819705696,-95.41447098281671,-95.28525435202806,,
TX,Dallas / Houston,2024-03-24,0.0,6669.0,2101.0,0.0,0.0,8770.0,,31.627440261516508,29.8004549788629,,,,-96.32353828145665,-95.30714499342446,,
TX,Dallas / Houston,2024-03-25,125.0,25.0,25.0,25.0,25.0,225.0,30.3063753828927,32.720911783384025,32.6035858445378,29.90282766058073,29.57856982586713,-95.72687113095019,-96.85649501928172,-96.78900617984895,-95.33286094132104,-95.39877738673334
TX,Dallas / Houston,2024-03-26,5884.466666666667,918.5333333333334,1133.8333333333333,57.333333333333336,1133.8333333333333,9128.0,31.584950908504005,32.82245250639218,29.848516789406908,29.90282766058073,29.579911300556653,-96.25018567703542,-96.71771749222596,-95.36954680324696,-95.33286094132104,-95.39873815910603
TX,Dallas / Houston,2024-03-27,3755.0666666666666,3441.366666666667,4443.0,0.0,1487.5666666666666,13127.0,31.56279286738379,32.053933321194584,29.78618092271116,,29.59387019815537,-96.24585155724937,-96.53380177789613,-95.26103770755562,,-95.37528948889515
TX,Dallas / Houston,2024-03-28,782.0,391.0,391.0,0.0,0.0,1564.0,32.61823871629833,29.903562731078505,29.83503809636687,,,-96.8067819705696,-95.41447098281671,-95.28525435202805,,
TX,Dallas / Houston,2024-03-29,11195.366666666667,2566.733333333333,1542.5,2424.6,1835.8,19565.0,31.32192040456246,32.25959756860533,32.36262772181796,29.76387075598911,29.596312137249733,-96.17777482534387,-96.63715785600162,-96.65485998110915,-95.3752382605519,-95.37154024420848
TX,Dallas / Houston,2024-03-31,1821.1666666666667,3544.3333333333335,4769.333333333333,1604.5833333333333,337.5833333333333,12077.0,29.812582706537057,31.936355829149598,31.14472794352397,31.743980493008905,29.57677891113508,-95.3655721905513,-96.36035226642487,-95.98138675083835,-96.18937897708061,-95.40506220184682
TX,Dallas / Houston,2024-04-02,5986.6,3273.05,2012.0,674.1,1633.25,13579.000000000002,31.087454774644122,31.659608075353724,32.3397021478162,29.907233192418186,29.57904681805287,-96.04704477869025,-96.26809752988918,-96.65221816333238,-95.33769649891191,-95.40012417741944
TX,Dallas / Houston,2024-04-03,156.0,156.0,156.0,638.0,0.0,1106.0,29.673733999999996,29.6963023908321,29.769860646872292,29.626839978434553,,-95.458991,-95.2972819602909,-95.22966142216023,-95.3887735244042,
TX,Dallas / Houston,2024-04-04,1748.3809523809523,1347.2857142857142,992.6666666666666,879.8333333333334,112.83333333333333,5080.999999999999,31.101627238709987,31.098470002898953,32.093602714363335,32.36463140896232,29.581770261158177,-95.9311263806316,-96.04972856292073,-96.33840195841823,-96.46933839138227,-95.3887175155896
TX,Dallas / Houston,2024-04-05,1495.6,2564.8,1483.6666666666667,0.0,680.9333333333334,6225.0,31.140937166975533,32.02079250643662,29.790406253094837,,29.584876580296985,-96.06558711725629,-96.50905689843326,-95.30660153584283,,-95.38858014690312
TX,Dallas / Houston,2024-04-06,1379.0,1379.0,1263.0,1263.0,116.0,5400.0,29.768612982756984,29.864170082270654,32.77712609201614,32.76747824487442,29.5990016,-95.24496139084368,-95.47799334501678,-96.61893154920664,-96.62837754717668,-95.36885270000002
TX,Dallas / Houston,2024-04-07,1175.904761904762,1357.4285714285713,706.3333333333333,207.16666666666666,207.16666666666666,3653.999999999999,31.651510660382762,32.12192545661772,29.797139702448163,29.626225,29.58177026115818,-96.27550165314148,-96.5043269169316,-95.34372550318328,-95.388248,-95.3887175155896
TX,Dallas / Houston,2024-04-08,1493.0,1493.0,1493.0,1493.0,0.0,5972.0,29.768506159969505,29.86418039073604,32.77712609201614,32.76747824487442,,-95.24790673515761,-95.47981300431563,-96.61893154920664,-96.62837754717667,
TX,Dallas / Houston,2024-04-09,729.0,421.0,1142.25,259.25,364.5,2916.0,30.18014948465199,31.274767057129345,32.605223055417255,29.90285406390539,29.577143621010414,-95.69258706691537,-96.07722870033604,-96.78867582606587,-95.33106466427998,-95.40515933723682
TX,Dallas / Houston,2024-04-10,1922.0,1670.0,1670.0,1418.0,0.0,6680.0,30.51578254310672,29.870123115147,32.333170298660676,32.76747824487442,,-95.6566856730596,-95.46995301065233,-96.41768205597968,-96.62837754717668,
TX,Dallas / Houston,2024-04-11,9189.5,2567.5,2321.0,0.0,214.0,14292.0,30.07609766587858,32.30343348402939,30.166543372276866,,29.58097649364736,-95.63163669403554,-96.65425722618704,-95.50062795741766,,-95.39402713061827
TX,Dallas / Houston,2024-04-12,25.0,0.0,0.0,0.0,0.0,25.0,32.850918284452035,,,,,-96.81066818900966,,,,
TX,Dallas / Houston,2024-04-13,6539.465909090909,5557.443181818182,1671.0454545454545,1671.0454545454545,1199.0,16638.0,31.735076970938607,31.1072713356858,32.02268546511641,32.000021355884066,29.583093273452633,-96.34040445507665,-96.02681804261778,-96.2742396176673,-96.30975963839083,-95.39231203161114
TX,Dallas / Houston,2024-04-14,767.0,0.0,0.0,0.0,0.0,767.0,32.94923947743012,,,,,-96.80307558867437,,,,
TX,Dallas / Houston,2024-04-15,5525.520454545454,2176.534090909091,2789.272727272727,1538.6727272727271,0.0,12030.0,32.06269954576611,31.398720324420154,30.51275466048035,29.76964088955261,,-96.56122837945152,-96.1574270745361,-95.64100754337673,-95.37735333561902,
TX,Dallas / Houston,2024-04-16,2091.6,891.8,1890.0,472.5,982.1,6328.0,30.710153351102953,31.859571399808306,32.605256662083185,29.90285406390539,29.578868830810478,-95.89582963028641,-96.40610750084565,-96.78893553016783,-95.33106466427998,-95.3996455982638
TX,Dallas / Houston,2024-04-17,799.2,621.6,0.0,0.0,355.2,1776.0000000000002,31.491612438929707,31.859571399808306,,,29.580976493647356,-96.24245729132171,-96.40610750084565,,,-95.39402713061826
TX,Dallas / Houston,2024-04-18,787.1666666666666,164.66666666666666,1245.0,508.25,475.91666666666663,3180.9999999999995,29.763613216454235,29.864057844410507,32.605256662083185,29.795869755321515,29.584348103086462,-95.42037146044883,-95.4581810200646,-96.78893553016783,-95.35343287961588,-95.39295428657846
TX,Dallas / Houston,2024-04-19,872.9,5855.3,831.5,914.3,0.0,8474.0,29.768512506510675,29.722951447758234,32.77712609201614,32.50945046488087,,-95.24629097941839,-95.32357044667596,-96.61893154920664,-96.5129756406888,
TX,Dallas / Houston,2024-04-20,12353.0,1629.0,1629.0,1629.0,0.0,17240.0,29.68859817396466,29.864180390736035,32.77712609201614,32.76747824487442,,-95.429919124761,-95.47981300431564,-96.61893154920664,-96.62837754717667,
TX,Dallas / Houston,2024-04-21,9207.0,2803.666666666667,1791.0,1791.0,2504.3333333333335,18097.0,31.990049787634067,32.03439667329413,29.703626880599472,29.9335,29.591746039249994,-96.4741039065841,-96.5100126756868,-95.29607189455244,-95.37759999999999,-95.37828590531855
TX,Dallas / Houston,2024-04-22,633.0,522.0,3870.0,0.0,110.0,5135.0,30.30849318848782,30.38058603972545,29.816906931809758,,29.580245261347237,-95.7566834504368,-95.65463664484646,-95.30668433717607,,-95.39563538455086
TX,Dallas / Houston,2024-04-23,8991.825757575758,4235.265151515152,1723.4545454545455,469.45454545454544,0.0,15420.000000000002,31.40736140947206,31.369818791229843,31.982228261477243,29.77490106944459,,-96.22994209658381,-96.11916766380351,-96.25750371905076,-95.3859772310233,
TX,Dallas / Houston,2024-04-24,2636.4,405.6,507.0,225.0,507.0,4281.0,31.65042752146063,32.82921245543902,29.70178451584056,29.626839978434553,29.57998274618186,-96.27698492612335,-96.7084785486381,-95.29394779015652,-95.38877352440419,-95.3987360698811
TX,Dallas / Houston,2024-04-25,3415.5666666666666,640.2666666666667,766.4166666666666,0.0,630.75,5453.0,31.5828062478929,32.20074171949901,29.737450057149076,,29.57998274618186,-96.23947026664449,-96.44361225378842,-95.29775806048714,,-95.3987360698811
TX,Dallas / Houston,2024-04-26,2121.5,2884.0,226.5,0.0,0.0,5232.0,31.703434408699888,31.261128881748096,32.604716236664274,,,-96.41149370267445,-96.10857854779199,-96.7892372687652,,
TX,Dallas / Houston,2024-04-27,2487.8333333333335,2199.0833333333335,1671.0833333333335,0.0,176.0,6534.0,30.98742232770483,31.391092714579408,31.626805931730882,,29.57849330631566,-96.04253658248436,-96.20620020546174,-96.2839820612477,,-95.40381472897492
TX,Dallas / Houston,2024-04-28,551.1904761904761,754.8095238095237,311.6666666666667,487.66666666666663,170.66666666666666,2276.0,30.592383804220557,32.72955436586534,30.040110924583125,29.643451576406665,29.581213935492357,-95.74473787631145,-96.80512336838154,-95.51858260812948,-95.38522019787149,-95.39046620412827
TX,Dallas / Houston,2024-04-29,2200.7619047619046,2452.5714285714284,6849.333333333333,636.1666666666667,650.1666666666667,12788.999999999998,31.458627166754603,32.198215427756104,30.92871276242039,29.62654400898622,29.581350282654633,-96.188783126836,-96.54933596715851,-95.82657335952787,-95.38852060631918,-95.39152680690442
TX,Dallas / Houston,2024-04-30,1377.0,711.0,144.0,144.0,0.0,2376.0,32.15815176249295,31.790600795645965,29.83530377904255,29.77490106944459,,-96.58586782798692,-96.35215570021387,-95.27485969099912,-95.3859772310233,
TX,Dallas / Houston,2024-05-01,242.0,242.0,0.0,0.0,242.0,726.0,29.76977606189995,29.864057844410507,,,29.5990016,-95.21289268508092,-95.4581810200646,,,-95.3688527
TX,Dallas / Houston,2024-05-02,4836.015151515152,3528.719696969697,1247.4242424242425,1068.090909090909,543.75,11224.0,31.254211837493816,31.163820711091926,31.974635214263397,32.30492652552975,29.580022606557502,-96.09690272913873,-96.05556784399924,-96.25366078218059,-96.43634426995014,-95.39784655158356
TX,Dallas / Houston,2024-05-03,2675.75,0.0,605.25,0.0,0.0,3281.0,31.799584109118666,,32.604716236664274,,,-96.40127704711021,,-96.7892372687652,,
TX,Dallas / Houston,2024-05-06,0.0,1122.0,0.0,1081.0,0.0,2203.0,,29.698112999999996,,31.847241041967944,,,-95.296668,,-96.26449209265962,
TX,Dallas / Houston,2024-05-07,2775.8333333333335,1547.6666666666667,0.0,474.0,716.5,5514.0,30.75247676729912,32.64178423169612,,29.626839978434553,29.599104745112417,-95.89850828420062,-96.87094797036747,,-95.3887735244042,-95.36744540101678
TX,Dallas / Houston,2024-05-08,5646.3,6439.2,369.0,0.0,1966.5,14421.0,31.52941304424894,30.32284531998266,29.70178451584056,,29.595516635473274,-96.21719826692716,-95.61252892994965,-95.29394779015652,,-95.37331687663892
TX,Dallas / Houston,2024-05-09,15173.8,969.2,510.5,1554.0,510.5,18718.0,29.938673983619385,31.704917960788705,30.69839485026977,32.768533106287435,29.57947143504268,-95.56950346989272,-96.25191009665735,-95.80619589887876,-96.62784652477606,-95.40047952728793
TX,Dallas / Houston,2024-05-10,1023.0,5715.0,959.0,1087.0,0.0,8784.0,29.768514531514086,31.017464674951317,32.77712609201614,32.431968395226654,,-95.24577543704736,-95.83205276459282,-96.61893154920664,-96.47832209076114,
TX,Dallas / Houston,2024-05-11,5902.0,1774.5,4217.0,1489.75,1438.75,14822.0,31.34067673268338,31.713036592461002,32.16314203473709,29.916071055978414,29.578004559141256,-96.1877941799805,-96.29172255315116,-96.56149685021217,-95.35113444323625,-95.40247435803512
TX,Dallas / Houston,2024-05-12,525.0,777.0,126.0,0.0,399.0,1827.0,30.46116517127565,30.77911246887678,32.60489193795817,,29.592525296731264,-95.70010404438403,-95.85972546132174,-96.78611703125613,,-95.37989334072894
TX,Dallas / Houston,2024-05-13,3486.5,445.0,0.0,0.0,1310.5,5242.0,31.695794075266647,32.605646671949536,,,29.590182689943298,-96.2982531023844,-96.8237127949033,,,-95.37895425070428
TX,Dallas / Houston,2024-05-14,1552.0,0.0,0.0,0.0,0.0,1552.0,31.338430661777977,,,,,-96.19025811763187,,,,
TX,Dallas / Houston,2024-05-15,1106.6666666666665,1992.0,774.6666666666666,387.3333333333333,387.3333333333333,4647.999999999999,30.697693051553443,32.729907946695775,29.77043093891414,29.626225,29.58177026115818,-95.75131647108691,-96.803021678172,-95.38493284703844,-95.388248,-95.3887175155896
TX,Dallas / Houston,2024-05-16,5594.928571428572,2970.3571428571427,954.4285714285714,208.42857142857142,632.8571428571429,10360.999999999998,31.51862403277472,31.323940599286537,30.43214874298528,29.614625620318147,29.585643940778997,-96.27937135115477,-96.12603689572462,-95.62697739596472,-95.38417024002928,-95.39382122086138
TX,Dallas / Houston,2024-05-17,1933.0380952380954,2984.0285714285715,1679.6666666666667,939.9333333333334,558.3333333333334,8095.0,30.534608513099027,32.61500475285543,30.720640697626774,29.659449866477146,29.58177026115818,-95.68858844111608,-96.74614079620119,-95.85289445589096,-95.38163720637492,-95.3887175155896
TX,Dallas / Houston,2024-05-18,3242.0333333333333,3566.7666666666664,654.0,0.0,585.2,8047.999999999999,31.625042699908178,31.432955367756566,32.60402323571779,,29.580976493647356,-96.35529662734477,-96.19400589118113,-96.78506925203328,,-95.39402713061827
TX,Dallas / Houston,2024-05-19,6084.529545454546,4641.61590909091,2796.727272727273,934.6272727272727,1809.5,16267.0,31.804170310413944,31.428829813425878,32.249975935957416,29.85363516004292,29.579114580882635,-96.4198972487118,-96.16056696741278,-96.59283748965133,-95.35224811025572,-95.39910919839149
TX,Dallas / Houston,2024-05-20,191.33333333333334,1450.3333333333333,191.33333333333334,0.0,0.0,1832.9999999999998,29.947983040216304,29.719892042663552,29.903268535136867,,,-95.3325095912778,-95.31801296682748,-95.31547300897144,,
TX,Dallas / Houston,2024-05-21,6827.0,5139.0,2372.0,2372.0,0.0,16710.0,30.578718742734495,30.818844537350582,32.77712609201614,32.76747824487442,,-95.75460107549709,-95.93705475011804,-96.61893154920664,-96.62837754717668,
TX,Dallas / Houston,2024-05-22,0.0,0.0,0.0,275.0,0.0,275.0,,,,29.626839978434553,,,,,-95.3887735244042,
TX,Dallas / Houston,2024-05-23,5771.647727272727,2490.5795454545455,2000.1363636363635,811.6363636363636,0.0,11074.0,32.30360607762287,31.55572301345124,30.25680928435466,29.707404581943376,,-96.64429729720987,-96.23544300058393,-95.53845702491653,-95.38725197498167,
TX,Dallas / Houston,2024-05-24,3658.0,1482.0,0.0,0.0,494.0,5634.0,30.562849060718577,31.713036592461002,,,29.580022606557502,-95.83793441635336,-96.29172255315117,,,-95.39784655158356
TX,Dallas / Houston,2024-05-26,312.0,0.0,0.0,0.0,0.0,312.0,29.7804496,,,,,-95.539566,,,,
TX,Dallas / Houston,2024-05-27,3348.5,2952.5,2330.0,523.5,1600.5,10755.0,30.95965559058221,30.694784818701528,32.324668000491315,29.90285406390539,29.581102060751533,-96.02568438401227,-95.76784242992719,-96.6366313421674,-95.33106466427998,-95.39649506062763
TX,Dallas / Houston,2024-05-28,118.0,0.0,236.0,0.0,0.0,354.0,29.742513911539717,,32.051256677172745,,,-95.4459939358594,,-96.28663393706574,,
TX,Dallas / Houston,2024-05-29,3772.8333333333335,6282.166666666667,98.0,0.0,98.0,10251.0,31.786308928433137,31.57720918453138,32.60489193795817,,29.57849330631566,-96.43273031447218,-96.22747266208616,-96.78611703125613,,-95.40381472897492
TX,Dallas / Houston,2024-05-30,11533.0,1434.75,0.0,0.0,478.25,13446.0,29.949513197647896,31.713036592461,,,29.580022606557502,-95.57366675780362,-96.29172255315116,,,-95.39784655158356
TX,Dallas / Houston,2024-05-31,5904.227272727273,6639.045454545454,4889.363636363636,1459.3636363636365,0.0,18892.0,31.797218055559018,31.786871299877795,30.423823078211168,31.856264313926864,,-96.37980437518102,-96.39476243937435,-95.57509641449316,-96.25007736992895,
TX,Dallas / Houston,2024-06-01,6678.1,1640.6000000000001,1095.25,404.0,1532.05,11350.0,31.627055085721214,32.37743041050173,29.70178451584056,29.626839978434553,29.58026607172145,-96.27190357671513,-96.56759568326412,-95.29394779015652,-95.3887735244042,-95.39739351273872
TX,Dallas / Houston,2024-06-02,3080.904761904762,3492.9285714285716,1840.8333333333333,2368.6666666666665,525.6666666666666,11309.0,31.68199533902737,32.091074514491574,29.79813977593121,32.09710410914443,29.58177026115818,-96.29225497859625,-96.48917020610062,-95.34218254999323,-96.665953990064,-95.3887175155896
TX,Dallas / Houston,2024-06-03,2393.1181818181817,7120.663636363636,154.9090909090909,290.1090909090909,375.2,10334.0,31.85552421180832,30.123736645633333,29.835303779042555,29.841713512725345,29.580976493647356,-96.4259692033859,-95.51418108630902,-95.27485969099912,-95.3711114035532,-95.39402713061826
TX,Dallas / Houston,2024-06-04,3616.3636363636365,1867.2727272727273,378.1818181818182,378.1818181818182,0.0,6240.0,32.15815176249295,31.790600795645965,29.835303779042555,29.77490106944459,,-96.58586782798692,-96.35215570021387,-95.27485969099912,-95.3859772310233,
TX,Dallas / Houston,2024-06-05,1668.6666666666665,2325.0,4593.666666666667,401.3333333333333,401.3333333333333,9390.000000000002,31.298487001012187,32.412627903136155,30.83710221207666,29.626225,29.58177026115818,-96.08149205482441,-96.64714566462888,-95.74052170729931,-95.388248,-95.3887175155896
TX,Dallas / Houston,2024-06-06,1219.1666666666665,776.75,7140.75,30.666666666666668,30.666666666666668,9197.999999999998,30.86967442698618,31.496207448087794,31.28425119539535,29.90282766058073,29.57856982586713,-95.97612628146096,-96.29020635927061,-95.99515060968251,-95.33286094132104,-95.39877738673334
TX,Dallas / Houston,2024-06-07,4668.045454545454,3318.659090909091,7673.022727272727,363.27272727272725,0.0,16023.0,32.31132116121987,32.16507632761105,30.964783501030542,29.77490106944459,,-96.64109167488273,-96.56911480804474,-95.84312671170888,-95.38597723102329,
TX,Dallas / Houston,2024-06-08,5292.5,2117.0,0.0,0.0,1058.5,8468.0,30.901806953702447,32.771847538621564,,,29.58313933882349,-96.00652545797283,-96.60049799387772,,,-95.38976994137528
TX,Dallas / Houston,2024-06-09,4259.4,3292.5,3717.0,3989.1,0.0,15258.0,30.17415862112848,29.85943191338507,32.75010028980373,32.141957306414156,,-95.51121964237265,-95.47924108636218,-96.6449753042029,-96.3586853646543,
TX,Dallas / Houston,2024-06-11,3215.904761904762,2681.0119047619046,3676.583333333333,929.25,929.25,11432.0,30.459755115760725,32.38431380971332,31.803084261138846,29.789433915024087,29.57871729851102,-95.74074520966676,-96.6587347771726,-96.38723934263065,-95.35451029345333,-95.39874012388603
TX,Dallas / Houston,2024-06-12,1393.8863636363635,830.4772727272727,121.81818181818181,121.81818181818181,229.0,2697.0,31.765768244220386,31.259366106484514,29.835303779042555,29.77490106944459,29.5990016,-96.36030330857716,-96.10564660420708,-95.27485969099912,-95.3859772310233,-95.3688527
TX,Dallas / Houston,2024-06-13,1479.0,318.0,739.5,421.5,0.0,2958.0,32.74643201402481,29.903562731078505,29.760136368921355,29.933500000000002,,-96.86981688302556,-95.41447098281671,-95.29142013184419,-95.3776,
TX,Dallas / Houston,2024-06-14,2176.5,1714.5,4660.5,2063.5,0.0,10615.0,30.202044317498,29.864180390736035,32.71931299953922,32.236301721982485,,-95.47576183245283,-95.47981300431564,-96.57667057177717,-96.41872317162661,
TX,Dallas / Houston,2024-06-15,3468.333333333333,9965.333333333332,2069.0,996.0,326.3333333333333,16824.999999999996,31.53187198713288,29.742558480189043,31.25133565251316,32.76747824487442,29.5990016,-96.20915229119387,-95.33157335757707,-95.92727585439145,-96.62837754717668,-95.3688527
TX,Dallas / Houston,2024-06-16,685.0,342.5,342.5,0.0,0.0,1370.0,32.61823871629833,29.903562731078505,29.835038096366873,,,-96.8067819705696,-95.41447098281671,-95.28525435202806,,
TX,Dallas / Houston,2024-06-17,609.3333333333334,648.3333333333334,274.6666666666667,0.0,274.6666666666667,1807.0000000000002,31.454551392125357,31.161672777595168,32.6026307254389,,29.580245261347233,-96.22371603497433,-95.99719226069159,-96.78783244900674,,-95.39563538455086
TX,Dallas / Houston,2024-06-18,928.3333333333333,638.8333333333333,464.16666666666663,0.0,174.66666666666666,2205.9999999999995,32.12125282727281,30.63784917833549,30.876487674559865,,29.580245261347233,-96.562599112476,-95.75398022027896,-95.85067691778522,,-95.39563538455086
TX,Dallas / Houston,2024-06-19,3430.1,1273.3,38.0,38.0,1436.6,6216.0,31.40731504798909,32.32238698733146,32.6035858445378,29.90282766058073,29.59503333620183,-96.17124374336453,-96.66421499716827,-96.78900617984895,-95.33286094132104,-95.3734476751737
TX,Dallas / Houston,2024-06-20,406.0,302.0,302.0,2547.0,0.0,3557.0,31.17450083785328,29.902458372929296,29.74616971334709,32.80185656982824,,-96.15891056067322,-95.37645708507902,-95.2960265377551,-97.03038559547744,
TX,Dallas / Houston,2024-06-21,2369.0,4585.0,0.0,0.0,153.0,7107.0,31.114994365870704,31.214509063053953,,,29.5990016,-96.16214805144116,-96.08687498797906,,,-95.3688527
TX,Dallas / Houston,2024-06-22,520.0,225.5,501.5,69.0,234.0,1550.0,31.48221231877477,29.836637130413123,31.7408068674949,29.902101823255126,29.581726325327573,-96.24373301761212,-95.37810213055766,-96.31427310530374,-95.33180864518005,-95.39096554097016
TX,Dallas / Houston,2024-06-23,2592.2,1223.9,2108.0,639.4,897.5,7461.0,30.65437273425384,31.534038148876178,32.605256662083185,29.90556327124692,29.578010359581825,-95.85963844787426,-96.21605020438811,-96.78893553016783,-95.3351102576892,-95.402461056407
TX,Dallas / Houston,2024-06-24,2419.0,1460.0,1460.0,1293.0,0.0,6632.0,30.16580030024,29.868685083090277,32.440599588404204,32.76747824487442,,-95.56542944473637,-95.47233895117158,-96.46638080131018,-96.62837754717668,
TX,Dallas / Houston,2024-06-25,1315.3333333333333,816.3333333333333,816.3333333333333,0.0,0.0,2948.0,31.61248259771969,30.952758396308894,30.975610909050985,,,-96.32740603356532,-95.99437973734175,-95.92445466523282,,
TX,Dallas / Houston,2024-06-26,1715.7727272727273,958.9545454545455,163.63636363636363,163.63636363636363,151.0,3153.0,31.94795799670044,31.487241280833228,29.835303779042555,29.77490106944459,29.5990016,-96.46503641291463,-96.21138763425871,-95.27485969099912,-95.3859772310233,-95.3688527
TX,Dallas / Houston,2024-06-27,1694.5,749.5,2142.5,0.0,173.5,4760.0,32.414107569756055,31.173230245794024,31.010645246061028,,29.57849330631566,-96.69341722201372,-96.0281519113803,-95.91055148915517,,-95.40381472897492
TX,Dallas / Houston,2024-06-28,517.5,0.0,172.5,0.0,0.0,690.0,32.755090002646114,,32.604716236664274,,,-96.80155716007647,,-96.78923726876519,,
TX,Dallas / Houston,2024-06-29,0.0,0.0,0.0,0.0,0.0,0.0,,,,,,,,,,
TX,Dallas / Houston,2024-06-30,75.0,150.0,0.0,150.0,0.0,375.0,29.768639973877384,29.763960123569007,,29.918265693568827,,-95.21383926692674,-95.46774223597075,,-95.35407847589786,
TX,Dallas / Houston,2024-07-01,2756.0,572.0,286.0,217.0,286.0,4117.0,30.012907878621245,31.246368051849498,32.6026307254389,29.626839978434553,29.580245261347237,-95.60291515722321,-96.03533878204992,-96.78783244900674,-95.3887735244042,-95.39563538455086
TX,Dallas / Houston,2024-07-02,5355.588095238096,4225.761904761905,3037.916666666667,1931.9,1074.8333333333335,15626.0,31.188864323331543,32.37866501061505,31.30014905100265,29.760621670562337,29.581061763688563,-96.09495544013818,-96.62619901677692,-96.13611811263205,-95.3745100767408,-95.39169228345403
TX,Dallas / Houston,2024-07-03,5576.587121212121,1447.2007575757575,2227.439393939394,416.02272727272725,2007.75,11675.0,31.373585691617407,32.346279469626175,32.361078720619865,29.874166869736197,29.593711953352084,-96.17176628919667,-96.67365198490324,-96.60890372195858,-95.3433761187413,-95.37599725516158
TX,Dallas / Houston,2024-07-04,4918.0,198.0,198.0,0.0,0.0,5314.0,30.527619931834618,29.903562731078505,29.83503809636687,,,-95.60355432408433,-95.41447098281672,-95.28525435202806,,
TX,Dallas / Houston,2024-07-06,198.33333333333331,39.666666666666664,39.666666666666664,39.666666666666664,39.666666666666664,357.0,30.306375382892703,32.720911783384025,32.6035858445378,29.90282766058073,29.578569825867127,-95.72687113095019,-96.85649501928172,-96.78900617984895,-95.33286094132104,-95.39877738673334
TX,Dallas / Houston,2024-07-07,2222.142857142857,4545.857142857143,642.0,321.0,901.0,8632.0,31.163938863426296,31.281197855193614,29.770430938914135,29.626224999999998,29.581259289841558,-96.03974921893939,-96.09200890377258,-95.38493284703843,-95.388248,-95.3921354697701
TX,Dallas / Houston,2024-07-08,1168.0,946.0,946.0,1583.0,0.0,4643.0,30.334057216218206,29.864180390736035,32.77712609201614,32.76790272164011,,-95.58148062303712,-95.47981300431564,-96.61893154920664,-96.62816386349432,
TX,Dallas / Houston,2024-07-10,498.0,498.0,249.0,0.0,249.0,1494.0,31.297527169603594,31.246368051849494,32.6026307254389,,29.580245261347233,-96.15788000512043,-96.03533878204992,-96.78783244900674,,-95.39563538455086
TX,Dallas / Houston,2024-07-11,6536.495238095238,7147.009523809524,5998.523809523809,1302.357142857143,2094.614285714286,23079.0,30.90849548145483,31.75856983221703,32.23181113166517,29.795611655890596,29.58053564281651,-96.00134890585366,-96.34701840828895,-96.51294173639447,-95.3524583165074,-95.397470931156
TX,Dallas / Houston,2024-07-12,246.0,210.0,410.0,82.0,0.0,948.0,29.764452596915476,31.526523049171686,32.60530777381819,29.902101823255123,,-95.39235948004836,-96.2479424139688,-96.78105987309401,-95.33180864518005,
TX,Dallas / Houston,2024-07-13,2587.7,2372.6,3434.5,1814.1999999999998,0.0,10209.0,31.241107549309273,31.99742995625603,31.080942911298123,29.83747137115621,,-96.21442739721941,-96.5069879196782,-95.98199354745238,-95.36630636302192,
TX,Dallas / Houston,2024-07-14,914.7619047619048,1646.5714285714287,1953.3333333333335,320.1666666666667,320.1666666666667,5155.000000000001,30.69769305155344,32.729907946695775,29.771024344471446,29.626225000000005,29.58177026115818,-95.7513164710869,-96.803021678172,-95.27979692254611,-95.388248,-95.3887175155896
TX,Dallas / Houston,2024-07-15,3461.4666666666667,2064.5666666666666,1262.6666666666667,731.0,483.3,8003.0,31.458603898999826,31.171478378468443,31.504167274614947,32.76747824487442,29.58047787216922,-96.16977336138376,-96.02845222877434,-96.06007098671218,-96.6283775471767,-95.39638988205884
TX,Dallas / Houston,2024-07-16,4064.4068181818184,2582.211363636364,749.0909090909091,328.2909090909091,718.0,8442.0,31.707349021567445,31.64192964098987,31.780357554985734,29.815662232578603,29.58097649364736,-96.35669515943778,-96.28672006350594,-96.33249006158177,-95.3686190432913,-95.39402713061827
TX,Dallas / Houston,2024-07-17,7092.0,6649.333333333333,335.3333333333333,0.0,335.3333333333333,14412.0,31.110012125602044,31.41378061972489,32.6026307254389,,29.580245261347233,-96.11177038372476,-96.18342174429166,-96.78783244900674,,-95.39563538455086
TX,Dallas / Houston,2024-07-18,1213.0,1159.0,3333.0,1597.5,606.5,7909.0,29.76198299120648,32.646726855313844,31.841993797792515,31.68056168894489,29.57659567741012,-95.47525473489691,-96.77800215309868,-96.3857000015671,-96.13551588415581,-95.40570521966522
TX,Dallas / Houston,2024-07-19,2257.2333333333336,231.33333333333334,1125.5,1688.6,231.33333333333334,5534.0,31.252748517907627,29.864057844410507,32.604077156919644,29.784120261631156,29.5990016,-96.20995806323722,-95.4581810200646,-96.78569233701216,-95.37323810842086,-95.3688527
TX,Dallas / Houston,2024-07-20,4818.7,2518.4,2356.0,555.65,1217.25,11466.0,30.784331675738887,31.60560284716828,32.605271132171154,29.902673466581994,29.57883384432092,-95.91757138140562,-96.23895850980122,-96.78670587682818,-95.33124327860928,-95.40057263299451
TX,Dallas / Houston,2024-07-21,2251.534090909091,1162.5568181818182,235.45454545454547,235.45454545454547,0.0,3885.0,32.15815176249295,31.790600795645965,29.835303779042555,29.77490106944459,,-96.58586782798692,-96.35215570021387,-95.27485969099912,-95.38597723102332,
TX,Dallas / Houston,2024-07-22,207.33333333333334,207.33333333333334,103.66666666666667,0.0,103.66666666666667,622.0,31.297527169603594,31.246368051849494,32.6026307254389,,29.580245261347233,-96.15788000512045,-96.03533878204993,-96.78783244900674,,-95.39563538455086
TX,Dallas / Houston,2024-07-23,1277.0,1277.0,1277.0,1277.0,0.0,5108.0,29.768506159969508,29.864180390736035,32.77712609201614,32.76747824487442,,-95.2479067351576,-95.47981300431564,-96.61893154920664,-96.62837754717668,
TX,Dallas / Houston,2024-07-24,4433.5,1711.5,1156.5,1109.5,0.0,8411.0,31.190986664025775,30.764518874712927,31.500058929183513,31.47951933434703,,-96.08693519658789,-95.89702482709198,-96.04002454273568,-96.1200225851564,
TX,Dallas / Houston,2024-07-25,2896.095779220779,2401.112012987013,968.038961038961,761.038961038961,683.7142857142857,7709.999999999999,32.06646719651822,31.611142691018056,31.30411288880574,29.656703448497293,29.58844133738655,-96.56170125346921,-96.27780313259254,-96.10711522705813,-95.38290916935996,-95.39288118813403
TX,Dallas / Houston,2024-07-26,4398.333333333333,4165.166666666666,614.5,0.0,212.0,9390.0,32.013767106782275,30.98973434943598,29.83503809636687,,29.5990016,-96.51236336548617,-95.9730705550213,-95.28525435202806,,-95.3688527
TX,Dallas / Houston,2024-07-27,10398.0,0.0,0.0,0.0,0.0,10398.0,29.909226203442547,,,,,-95.57482901764872,,,,
TX,Dallas / Houston,2024-07-28,3388.806818181818,1220.0113636363635,2299.090909090909,760.0909090909091,513.0,8181.0,31.43268427755117,31.790600795645965,32.30756065828309,29.861259010808336,29.576595677410115,-96.24961701917815,-96.35215570021388,-96.62621278873405,-95.34891568167124,-95.40570521966522
TX,Dallas / Houston,2024-07-29,7642.538095238096,3382.1761904761906,2417.404761904762,310.90476190476187,1774.9761904761904,15528.0,31.682161486496877,32.29401633009775,29.753571871548406,29.654794690105092,29.58249845773995,-96.31223606014129,-96.53117343213368,-95.32163144568463,-95.3770188444366,-95.39697187283653
TX,Dallas / Houston,2024-07-30,9040.916666666666,6075.333333333333,50.333333333333336,205.33333333333334,2684.0833333333335,18056.0,31.219977694388643,31.930756644584964,32.6035858445378,29.69449280311649,29.581090509495674,-96.14045963695361,-96.33167451697976,-96.78900617984895,-95.3750676801744,-95.39465075564
TX,Dallas / Houston,2024-07-31,950.2333333333333,844.3833333333333,502.25,218.8,123.33333333333333,2639.0000000000005,30.66134363800455,30.779000880452525,31.511666438661823,29.918265693568827,29.5990016,-95.81637824350784,-95.94171272656283,-96.22487113896588,-95.35407847589786,-95.3688527
TX,Dallas / Houston,2024-08-01,932.4,725.2,1536.0,0.0,414.4,3608.0,31.49161243892971,31.859571399808303,32.765150251901524,,29.580976493647356,-96.24245729132173,-96.40610750084565,-96.58533198139617,,-95.39402713061827
TX,Dallas / Houston,2024-08-02,8156.166666666667,5465.333333333333,0.0,0.0,1176.5,14798.0,31.212403571701742,31.62186144620689,,,29.599104745112413,-96.12875781904489,-96.30071454493586,,,-95.36744540101678
TX,Dallas / Houston,2024-08-03,19427.0,7758.4,8167.25,2949.0,2205.35,40507.0,31.971716549962576,31.597474727536216,30.388739058753092,31.56238881826454,29.580279966953274,-96.42897400383437,-96.27570970083417,-95.57262122953028,-96.096510797716,-95.3973276692473
TX,Dallas / Houston,2024-08-04,2187.3333333333335,4374.666666666667,0.0,0.0,0.0,6562.0,31.207872705449915,31.261128881748093,,,,-96.22768779469617,-96.10857854779199,,,
TX,Dallas / Houston,2024-08-05,198.0,396.0,99.0,0.0,99.0,792.0,31.210170039765988,31.274767057129342,32.60489193795817,,29.57849330631566,-96.22791635029577,-96.07722870033604,-96.78611703125614,,-95.40381472897491
TX,Dallas / Houston,2024-08-06,921.0,0.0,3539.0,0.0,0.0,4460.0,32.755090002646114,,32.7798745941924,,,-96.80155716007647,,-96.6410932563692,,
TX,Dallas / Houston,2024-08-07,6012.233333333333,3039.366666666667,0.0,0.0,628.4,9679.999999999998,31.123341089010353,31.35931237647719,,,29.580976493647356,-96.07566772917946,-96.16116063287319,,,-95.39402713061827
TX,Dallas / Houston,2024-08-08,2519.833333333333,3315.6666666666665,380.5,451.0,0.0,6667.0,31.801340521787708,31.173664221340633,31.319964090113704,29.626839978434553,,-96.45535141684913,-96.06300692493818,-96.09159473314338,-95.3887735244042,
TX,Dallas / Houston,2024-08-09,87.0,43.5,43.5,0.0,0.0,174.0,32.61823871629833,29.903562731078505,29.83503809636687,,,-96.8067819705696,-95.41447098281671,-95.28525435202805,,
TX,Dallas / Houston,2024-08-10,2938.0,890.5,3204.5,912.5,578.5,8524.0,31.493430045797556,29.903562731078505,31.835439332462222,29.801825346593326,29.576595677410115,-96.28241947510558,-95.4144709828167,-96.37107686606002,-95.35218768815011,-95.40570521966522
TX,Dallas / Houston,2024-08-11,3543.666666666667,4892.833333333334,1870.5,500.5,500.5,11308.0,31.432579761464574,31.986788148833316,30.836704941026298,29.626225,29.58177026115818,-96.20993731298121,-96.44986247707662,-95.89987536432908,-95.388248,-95.3887175155896
TX,Dallas / Houston,2024-08-12,297.5,595.0,148.75,405.0,148.75,1595.0,31.210170039765995,31.274767057129345,32.60489193795817,29.626839978434553,29.57849330631566,-96.22791635029577,-96.07722870033604,-96.78611703125613,-95.38877352440419,-95.40381472897492
TX,Dallas / Houston,2024-08-13,4212.579545454546,967.965909090909,795.7272727272727,295.72727272727275,0.0,6272.000000000001,30.700335211658007,31.518669900759193,32.01098953981972,29.82866714275829,,-95.94338667737676,-96.21571722478109,-96.457897078398,-95.36308088748365,
TX,Dallas / Houston,2024-08-14,627.25,154.0,234.75,0.0,77.0,1093.0,32.39723479931642,31.246368051849494,32.60403217121441,,29.580245261347233,-96.64352402836946,-96.03533878204992,-96.78877647591578,,-95.39563538455086
TX,Dallas / Houston,2024-08-15,2075.914502164502,4176.873376623376,1577.6060606060605,380.93939393939394,233.66666666666666,8444.999999999998,31.688464763019834,31.604580972671908,29.79481418104464,29.683703776350384,29.58177026115818,-96.31747412415092,-96.26644388658882,-95.32717414593108,-95.38737011142895,-95.3887175155896
TX,Dallas / Houston,2024-08-16,5218.4,2432.6,873.5,0.0,1244.5,9769.0,31.694097499738234,31.954350889809827,30.250998598845637,,29.58545471470628,-96.2881926848579,-96.34659995001535,-95.57623853668396,,-95.3905018538822
TX,Dallas / Houston,2024-08-17,1901.0,3356.0,223.0,0.0,1678.0,7158.0,32.474969534265654,31.27578898418159,32.6026307254389,,29.5799697435899,-96.7383700312772,-96.07322039654264,-96.78783244900674,,-95.3968016858882
TX,Dallas / Houston,2024-08-18,458.83333333333337,28.666666666666668,3293.1666666666665,28.666666666666668,28.666666666666668,3837.9999999999995,31.95544729610967,32.720911783384025,30.001653145547564,29.90282766058073,29.57856982586713,-96.48576849644998,-96.85649501928172,-95.45496618236922,-95.33286094132104,-95.39877738673334
TX,Dallas / Houston,2024-08-19,1508.0,3977.333333333333,1288.6666666666667,283.0,201.0,7258.0,30.550687201384058,30.489084841974016,32.57317359711011,29.902636100183404,29.576595677410115,-95.87148614161976,-95.70655979668804,-96.75732595565783,-95.33128023471745,-95.40570521966522
TX,Dallas / Houston,2024-08-20,5323.306818181818,1607.5113636363635,1078.090909090909,303.09090909090907,0.0,8312.0,31.11450132830968,31.714721733363124,31.941462913971534,29.77490106944459,,-96.08521603871503,-96.31302931030505,-96.21691014007871,-95.3859772310233,
TX,Dallas / Houston,2024-08-21,8662.452272727272,3424.9704545454542,4700.113636363636,1180.6136363636363,1812.85,19780.999999999996,31.191361807238902,31.434805418029484,32.259046983183296,29.89173880179174,29.578295191806045,-96.11265248958308,-96.16838972758653,-96.60078602091188,-95.33829425581652,-95.4016317939529
TX,Dallas / Houston,2024-08-22,4428.6,1060.0,1280.5,881.4,1035.5,8686.0,31.743597250328843,29.69680288164603,31.417134126460603,29.82348109068525,29.580920680883597,-96.36922091336268,-95.29807773711882,-96.1665947467411,-95.36935022851388,-95.39090161799264
TX,Dallas / Houston,2024-08-23,3325.0,0.0,3325.0,0.0,0.0,6650.0,29.67375755,,32.79747610880783,,,-95.45730591,,-96.62896698262642,,
TX,Dallas / Houston,2024-08-24,9856.333333333332,987.6666666666666,0.0,0.0,2389.0,13232.999999999998,30.94885993073555,32.605646671949536,,,29.592197236411014,-95.87847386295559,-96.82371279490332,,,-95.37635562157166
TX,Dallas / Houston,2024-08-25,200.66666666666666,200.66666666666666,200.66666666666666,0.0,0.0,602.0,29.657846904941312,29.90187830602264,29.69949137075084,,,-95.47831837249925,-95.3564901892976,-95.30168465551068,,
TX,Dallas / Houston,2024-08-26,0.0,0.0,0.0,168.0,0.0,168.0,,,,29.626839978434553,,,,,-95.3887735244042,
TX,Dallas / Houston,2024-08-27,0.0,0.0,619.0,0.0,0.0,619.0,,,32.765150251901524,,,,,-96.58533198139617,,
TX,Dallas / Houston,2024-08-29,933.3,725.9,0.0,0.0,414.8,2074.0,31.49161243892971,31.859571399808303,,,29.580976493647356,-96.24245729132173,-96.40610750084566,,,-95.39402713061827
TX,Dallas / Houston,2024-08-30,238.0,238.0,0.0,0.0,238.0,714.0,29.76977606189995,29.864057844410503,,,29.5990016,-95.21289268508092,-95.4581810200646,,,-95.3688527
TX,Dallas / Houston,2024-09-01,0.0,0.0,0.0,315.0,0.0,315.0,,,,29.626839978434557,,,,,-95.3887735244042,
TX,Dallas / Houston,2024-09-02,853.8,5423.6,639.0,60.6,0.0,6977.000000000001,32.01058081456045,29.711048935374148,31.148640149994023,29.902101823255126,,-96.50560838333985,-95.30227947054884,-95.99453302633633,-95.33180864518005,
TX,Dallas / Houston,2024-09-03,1310.0,1114.0,2119.0,458.5,221.5,5223.0,31.58051243421257,32.60904490988294,31.175629274562528,29.760179612499442,29.57689870697011,-96.2824273628293,-96.82527832698892,-96.03374230966223,-95.36102774665476,-95.4046418051294
TX,Dallas / Houston,2024-09-04,1042.5,2085.0,0.0,0.0,1042.5,4170.0,32.83589001168096,31.28029817174864,,,29.579927516469706,-96.91630718018847,-96.07902630721746,,,-95.39698043860176
TX,Dallas / Houston,2024-09-05,163.33333333333331,32.666666666666664,32.666666666666664,32.666666666666664,1582.6666666666667,1844.0,30.3063753828927,32.720911783384025,32.6035858445378,29.90282766058073,29.58091832153618,-95.72687113095019,-96.85649501928172,-96.78900617984895,-95.33286094132104,-95.39431418626361
TX,Dallas / Houston,2024-09-06,2294.0,3026.0,1562.0,1562.0,0.0,8444.0,30.227798361927512,30.540033857636782,32.77712609201614,32.76747824487442,,-95.56054829382467,-95.78401417934849,-96.61893154920664,-96.62837754717668,
TX,Dallas / Houston,2024-09-07,3938.6666666666665,9104.333333333332,3344.0,0.0,263.0,16650.0,31.513414119991136,30.81273547423641,32.77154429336145,,29.580245261347233,-96.31536685644753,-95.83574827655427,-96.63814915498185,,-95.39563538455086
TX,Dallas / Houston,2024-09-08,1437.9,3429.2,430.5,150.0,256.4,5704.0,32.16622487707866,30.007010919935496,29.83503809636687,29.626839978434553,29.580976493647356,-96.58036921067105,-95.45527991385643,-95.28525435202806,-95.3887735244042,-95.39402713061827
TX,Dallas / Houston,2024-09-09,1699.7666666666667,1704.4666666666667,251.91666666666666,62.0,819.85,4538.0,31.053653862087483,31.190614029350282,31.042722666330107,29.918265693568827,29.585843343004232,-96.00095155282617,-96.07773346960876,-95.93574132799657,-95.35407847589786,-95.38804892326264
TX,Dallas / Houston,2024-09-10,102.33333333333333,102.33333333333333,102.33333333333333,0.0,0.0,307.0,29.657846904941312,29.90187830602264,29.69949137075084,,,-95.47831837249925,-95.35649018929762,-95.3016846555107,,
TX,Dallas / Houston,2024-09-13,74.0,148.0,0.0,148.0,0.0,370.0,29.768639973877388,29.76396012356901,,29.918265693568824,,-95.21383926692674,-95.46774223597075,,-95.35407847589786,
TX,Dallas / Houston,2024-09-14,5627.333333333333,6100.666666666666,1644.0,411.0,1680.0,15463.0,30.886193389758674,31.269103691827002,32.605256662083185,29.90285406390539,29.57911240584263,-96.03288796374636,-96.09628422150337,-96.78893553016782,-95.33106466427998,-95.39911489396906
TX,Dallas / Houston,2024-09-15,46.5,139.5,0.0,0.0,0.0,186.0,32.92596755815977,30.69171381472941,,,,-96.83941959782652,-95.78552402096592,,,
TX,Dallas / Houston,2024-09-16,241.5,483.0,120.75,184.0,120.75,1150.0,31.210170039765988,31.274767057129342,32.60489193795817,29.626839978434553,29.57849330631566,-96.22791635029576,-96.07722870033602,-96.78611703125613,-95.3887735244042,-95.40381472897492
TX,Dallas / Houston,2024-09-17,0.0,0.0,1730.0,0.0,0.0,1730.0,,,29.77131374078411,,,,,-95.22852347472949,,
TX,Dallas / Houston,2024-09-18,4562.640909090909,2153.0015151515154,2498.212121212121,820.1454545454545,324.0,10358.0,31.82848988976261,31.449568218575774,31.674166383764373,29.8488029409387,29.576595677410115,-96.42847897046657,-96.1763537386285,-96.30103035959227,-95.35908767724065,-95.40570521966522
TX,Dallas / Houston,2024-09-19,849.0,849.0,849.0,849.0,0.0,3396.0,29.768506159969505,29.864180390736035,32.77712609201614,32.76747824487442,,-95.2479067351576,-95.47981300431564,-96.61893154920664,-96.62837754717668,
TX,Dallas / Houston,2024-09-20,4139.666666666666,3254.4166666666665,299.3333333333333,219.0,1184.5833333333333,9096.999999999998,31.318999529261852,31.627190516724102,32.6026307254389,29.626839978434553,29.580078869378795,-96.15755699107835,-96.2445594411856,-96.78783244900674,-95.3887735244042,-95.39728780997388
TX,Dallas / Houston,2024-09-21,5381.0,3903.5,3172.0,0.0,1471.5,13928.0,31.902769887749226,32.31355581630846,29.954990270836216,,29.59910474511242,-96.41021686596373,-96.55177291116037,-95.41186516448826,,-95.36744540101677
TX,Dallas / Houston,2024-09-22,1135.2857142857142,1387.5714285714284,252.28571428571428,733.2857142857142,504.57142857142856,4012.9999999999995,32.09370631765751,31.612943326609358,29.701176667237807,29.62263764910793,29.58844133738655,-96.59972280337787,-96.2830529939376,-95.29289902228786,-95.38718977217235,-95.39288118813403
TX,Dallas / Houston,2024-09-23,5682.166666666667,1398.8333333333335,246.5,0.0,916.5,8244.0,31.246842716692093,32.129242976070465,29.83503809636687,,29.599104745112417,-96.12525639762616,-96.57607266313002,-95.28525435202806,,-95.36744540101678
TX,Dallas / Houston,2024-09-24,1320.2,209.8,255.0,29.0,255.0,2069.0,31.502807797106477,32.81424239114162,30.031793294398287,29.90282766058073,29.57982206112646,-96.21656491377665,-96.72893840397016,-95.46397403839606,-95.33286094132104,-95.39874076866037
TX,Dallas / Houston,2024-09-25,818.3571428571429,1000.2142857142858,181.85714285714286,181.85714285714286,363.7142857142857,2546.0,32.09370631765751,31.61294332660935,29.70117666723781,29.614625620318144,29.588441337386552,-96.59972280337787,-96.2830529939376,-95.29289902228786,-95.38417024002928,-95.39288118813403
TX,Dallas / Houston,2024-09-26,2039.5,2135.0,864.0,1009.0,743.5,6791.0,31.835633506771124,30.85048818481835,32.73402362817817,31.643820748160053,29.579927516469706,-96.34975581886825,-95.89715735158262,-96.66150797909629,-96.18487204448009,-95.39698043860176
TX,Dallas / Houston,2024-09-27,390.6,130.2,651.0,130.2,0.0,1302.0,29.76445259691548,29.68484210861412,32.60530777381819,29.902101823255126,,-95.39235948004836,-95.29561335695564,-96.78105987309402,-95.33180864518005,
TX,Dallas / Houston,2024-09-28,3372.94696969697,1776.3560606060605,302.1818181818182,703.1818181818182,104.33333333333333,6258.999999999999,31.862321383763046,31.566094958487874,29.83530377904255,29.69046700707286,29.5990016,-96.44167555966715,-96.24223119527336,-95.27485969099912,-95.38757185934948,-95.3688527
TX,Dallas / Houston,2024-09-29,3269.9285714285716,2322.904761904762,742.3333333333334,223.33333333333334,1393.5,7952.0,31.286303682418453,32.32106169096261,30.89847818213258,29.626225,29.592325061737448,-96.09635377648576,-96.61278849595142,-95.94369887620138,-95.38824800000002,-95.3768358643964
TX,Dallas / Houston,2024-09-30,2567.4,3298.8,1282.5,1682.3,0.0,8831.0,31.16243520013612,31.462128172338474,32.77712609201614,32.052423017134785,,-95.96938861122224,-96.16435634942383,-96.61893154920664,-96.33005587263922,
TX,Dallas / Houston,2024-10-01,13054.833333333334,1794.6666666666667,1266.0,381.75,381.75,16879.0,30.234523136078394,32.77223932240209,32.60514184286799,29.902848046644763,29.577045581577135,-95.69371627961122,-96.74307072741354,-96.7889403852407,-95.33147403193568,-95.40412638151179
TX,Dallas / Houston,2024-10-02,2400.333333333333,433.3333333333333,216.66666666666666,0.0,216.66666666666666,3266.9999999999995,30.707860268333874,31.246368051849498,32.6026307254389,,29.580245261347233,-95.91739075396754,-96.03533878204993,-96.78783244900676,,-95.39563538455086
TX,Dallas / Houston,2024-10-03,1876.4,2774.8,711.0,410.8,267.0,6040.000000000001,31.028459129956673,31.207843402210774,32.60430246873061,29.686341565143575,29.580245261347233,-96.08922647373282,-96.06846706449498,-96.783603161095,-95.37645979199156,-95.39563538455086
TX,Dallas / Houston,2024-10-04,9300.268181818183,6417.413636363636,2382.409090909091,1952.909090909091,996.0,21049.000000000004,31.39964959724572,31.015572561334718,31.801333141506667,32.23950596828972,29.580364135292506,-96.16994200102758,-95.9835083816205,-96.19321142486116,-96.41625934927212,-95.39555037408309
TX,Dallas / Houston,2024-10-05,1071.0,0.0,350.0,282.0,0.0,1703.0,32.75696898856388,,32.604716236664274,29.62683997843455,,-96.80173580770263,,-96.7892372687652,-95.3887735244042,
TX,Dallas / Houston,2024-10-06,4015.7484848484846,2845.80303030303,1303.7575757575758,1114.6909090909091,918.0,10198.0,31.849100475311293,31.222520293070804,31.590864452012056,29.817680774976342,29.579927516469706,-96.45525034230806,-96.06519269303668,-96.2337680733215,-95.37133544509848,-95.39698043860176
TX,Dallas / Houston,2024-10-07,5579.5,248.5,746.0,597.0,0.0,7171.0,32.638199163019664,29.903562731078505,31.681682778169826,29.823481090685245,,-96.73176905915292,-95.41447098281671,-96.28588156051278,-95.36935022851388,
TX,Dallas / Houston,2024-10-08,873.5,248.5,277.0,277.0,142.0,1818.0,32.34879650419965,31.859571399808306,29.703626880599472,29.9335,29.580976493647356,-96.67050945385775,-96.40610750084565,-95.29607189455244,-95.3776,-95.39402713061827
TX,Dallas / Houston,2024-10-09,3953.0,1321.0,447.0,0.0,1311.0,7032.0,31.72745286583313,31.691315467127925,29.835038096366866,,29.599104745112417,-96.32672094412584,-96.34685352919345,-95.28525435202806,,-95.36744540101678
TX,Dallas / Houston,2024-10-10,1719.0,3324.0,466.0,242.0,436.0,6187.0,31.673939717311402,30.219881199350784,29.86344304297927,29.626839978434553,29.580976493647356,-96.31835186473786,-95.57130305640392,-95.29783465127058,-95.3887735244042,-95.39402713061827
TX,Dallas / Houston,2024-10-11,6686.3,2371.0,2725.5,3858.2,0.0,15641.0,30.79718898622404,30.59707147878635,32.71436370994207,31.101243678646526,,-95.90234736645189,-95.83964830282628,-96.6794133098912,-95.94088390592168,
TX,Dallas / Houston,2024-10-13,3153.8863636363635,1628.4772727272727,329.8181818181818,329.8181818181818,0.0,5442.0,32.15815176249295,31.79060079564596,29.835303779042555,29.77490106944459,,-96.58586782798693,-96.35215570021387,-95.27485969099912,-95.3859772310233,
TX,Dallas / Houston,2024-10-14,2403.25,874.0,1026.75,0.0,197.0,4501.0,32.46146387506362,30.50890059879449,31.30950673770722,,29.580245261347233,-96.69811682678645,-95.69435875501108,-96.08586395537222,,-95.39563538455086
TX,Dallas / Houston,2024-10-15,4670.157359307359,5808.363852813853,2085.6060606060605,668.7727272727273,1307.1,14540.0,31.571935127964835,31.17594173002113,30.548937925490204,29.657383757238367,29.58116247250423,-96.27866320957142,-96.05214101920738,-95.7257465284734,-95.38794327171553,-95.39287043878888
TX,Dallas / Houston,2024-10-17,1519.0,1139.25,0.0,0.0,379.75,3038.0,31.322629799237017,31.713036592461002,,,29.580022606557502,-96.157502380025,-96.29172255315116,,,-95.39784655158354
TX,Dallas / Houston,2024-10-18,1341.0,5747.0,1341.0,1341.0,0.0,9770.0,29.768506159969505,29.73715773565544,32.77712609201614,32.76747824487442,,-95.2479067351576,-95.33801758156734,-96.61893154920664,-96.62837754717668,
TX,Dallas / Houston,2024-10-19,363.8,5767.6,0.0,865.6,218.0,7215.000000000001,29.769320752296622,31.05646402776044,,29.725014352895226,29.5990016,-95.21327204635942,-96.03759468624617,,-95.37708558985655,-95.36885270000002
TX,Dallas / Houston,2024-10-20,3124.1,0.0,1062.5,1184.4,0.0,5371.0,31.98228275592835,,31.367461650874432,29.865560258128326,,-96.52310801442526,,-96.15058828013287,-95.37250553625044,
TX,Dallas / Houston,2024-10-21,0.0,201.0,201.0,0.0,0.0,402.0,,32.64894999250624,32.77927387192012,,,,-96.78158674263206,-96.622924875273,,
TX,Dallas / Houston,2024-10-22,514.5,0.0,1029.0,257.25,257.25,2058.0,29.76198299120648,,32.605256662083185,29.90285406390539,29.576595677410115,-95.47525473489691,,-96.78893553016783,-95.33106466427998,-95.40570521966522
TX,Dallas / Houston,2024-10-23,2783.0,0.0,228.5,0.0,851.5,3863.0,31.94810112580657,,32.60402323571779,,29.580920680883597,-96.42483711506587,,-96.78506925203327,,-95.39090161799264
TX,Dallas / Houston,2024-10-24,1757.5,1991.5,1085.0,0.0,518.0,5352.0,31.913475372671684,32.26597746360816,29.8004549788629,,29.580976493647356,-96.49861520893174,-96.6339428335541,-95.30714499342446,,-95.39402713061827
TX,Dallas / Houston,2024-10-25,9033.766666666666,2445.733333333333,2253.0,1191.0,1260.5,16184.0,31.683649324715045,32.50181087658151,30.98031334241446,29.82348109068525,29.57998274618186,-96.324824982793,-96.59238918309474,-95.95109668618592,-95.36935022851388,-95.3987360698811
TX,Dallas / Houston,2024-10-26,6101.0,3359.333333333333,3188.3333333333335,1021.6666666666667,2595.6666666666665,16265.999999999998,30.985261566188147,32.691093252024096,31.806526361618932,29.781236555385806,29.591140504595266,-95.96143067850515,-96.80948482914145,-96.39334878358825,-95.35620480942931,-95.37956501228115
TX,Dallas / Houston,2024-10-28,7326.59696969697,2535.939393939394,937.6818181818182,787.7818181818182,374.0,11962.0,31.526400582434768,31.82837414237495,31.276193029259208,29.811013175337294,29.580976493647356,-96.28635580764771,-96.39321647133997,-96.06388961086428,-95.37361749836029,-95.39402713061826
TX,Dallas / Houston,2024-10-30,1975.0,729.5,1761.5,1428.0,258.0,6152.0,31.871996714198385,29.903562731078505,31.45801031312488,32.27808720951445,29.576595677410115,-96.45889941178119,-95.41447098281671,-96.16620750322888,-96.72336542723589,-95.40570521966522
TX,Dallas / Houston,2024-10-31,771.8,102.6,2000.0,102.6,0.0,2977.0,31.53206346334097,29.68484210861412,32.686769188518525,29.902101823255126,,-96.25698190076935,-95.29561335695564,-96.68187523240448,-95.33180864518006,
TX,Dallas / Houston,2024-11-01,2844.5476190476193,2719.285714285714,881.3333333333334,440.6666666666667,1120.1666666666667,8006.000000000001,31.12655709403144,32.709207526300695,29.77043093891414,29.626225,29.592285465901732,-95.99383649996231,-96.80646856712157,-95.38493284703844,-95.388248,-95.3758137198578
TX,Dallas / Houston,2024-11-02,3233.5,2598.5,2104.0,1469.0,0.0,9405.0,31.371988935747336,30.43791296558453,31.889186036294998,32.76747824487442,,-96.10364157713782,-95.6978478649913,-96.21641965747261,-96.62837754717668,
TX,Dallas / Houston,2024-11-03,1241.0,662.1666666666667,520.8333333333334,19.333333333333332,160.66666666666669,2604.0,32.11375616670055,29.977389145921936,29.937806588778976,29.902827660580733,29.596543004772393,-96.54114049849417,-95.46590337642762,-95.34107361987677,-95.33286094132104,-95.37245359591397
TX,Dallas / Houston,2024-11-04,0.0,0.0,0.0,213.0,0.0,213.0,,,,29.626839978434553,,,,,-95.3887735244042,
TX,Dallas / Houston,2024-11-05,6598.7,6760.566666666667,1352.1666666666665,614.7333333333333,1126.8333333333333,16453.0,31.48083947447416,31.62089848028218,29.776660112818313,29.730930187391664,29.581043193707956,-96.23783541503275,-96.27461589000818,-95.34474311949151,-95.37599721953349,-95.39159734689278
TX,Dallas / Houston,2024-11-06,2513.3333333333335,4212.0,1301.3333333333335,1294.6666666666667,340.6666666666667,9662.0,30.655227299087677,31.666445324616294,31.20292401902933,31.13069133466989,29.581770261158177,-95.80150781648916,-96.30488190189229,-95.97285231067389,-95.98226641740516,-95.3887175155896
TX,Dallas / Houston,2024-11-07,2856.0795454545455,1814.215909090909,146.72727272727272,146.72727272727272,363.25,5327.0,31.733088877062126,31.74401009494862,29.835303779042555,29.77490106944459,29.580022606557502,-96.36794147615288,-96.31585515754882,-95.27485969099912,-95.3859772310233,-95.39784655158356
TX,Dallas / Houston,2024-11-08,33.5,100.5,0.0,669.0,0.0,803.0,32.92596755815977,30.691713814729408,,29.626839978434553,,-96.83941959782652,-95.78552402096594,,-95.3887735244042,
TX,Dallas / Houston,2024-11-09,11210.0,0.0,0.0,0.0,0.0,11210.0,29.67645996907825,,,,,-95.45756722086917,,,,
TX,Dallas / Houston,2024-11-10,1567.6190476190475,2821.714285714286,1097.3333333333333,548.6666666666666,548.6666666666666,6584.0,30.697693051553443,32.729907946695775,29.77043093891414,29.626225,29.58177026115818,-95.7513164710869,-96.803021678172,-95.38493284703843,-95.388248,-95.3887175155896
TX,Dallas / Houston,2024-11-11,538.5,0.0,179.5,0.0,0.0,718.0,32.755090002646114,,32.604716236664274,,,-96.80155716007647,,-96.7892372687652,,
TX,Dallas / Houston,2024-11-12,3568.0,2305.75,217.0,0.0,729.25,6820.0,31.583989550475614,31.763870798464307,32.604716236664274,,29.5800226065575,-96.27501349600412,-96.32070404213742,-96.7892372687652,,-95.39784655158357
TX,Dallas / Houston,2024-11-13,19.5,1746.5,1688.0,0.0,0.0,3454.0,32.92596755815977,32.541419053834446,29.8004549788629,,,-96.83941959782652,-96.78950134155849,-95.30714499342446,,
TX,Dallas / Houston,2024-11-14,3942.969696969697,2754.310606060606,359.4848484848485,101.81818181818181,759.4166666666667,7918.000000000001,31.709612467092562,31.554223067595586,31.818830797942336,29.774901069444592,29.58009815232836,-96.33722389636732,-96.21232933852147,-96.35930775315362,-95.38597723102329,-95.39709631253328
TX,Dallas / Houston,2024-11-15,1466.5,0.0,6064.0,733.25,733.25,8997.0,29.76198299120648,,31.10413626855046,29.90285406390539,29.576595677410115,-95.47525473489691,,-96.02000296249707,-95.33106466427998,-95.40570521966522
TX,Dallas / Houston,2024-11-16,0.0,2652.0,0.0,0.0,0.0,2652.0,,29.696802881646033,,,,,-95.29807773711882,,,
TX,Dallas / Houston,2024-11-17,1424.0,318.0,2682.0,0.0,0.0,4424.0,32.7877664528841,29.903562731078505,30.66914067035421,,,-96.8265697394178,-95.41447098281671,-95.64445441226088,,
TX,Dallas / Houston,2024-11-18,95.33333333333333,2916.3333333333335,1021.3333333333334,0.0,0.0,4033.0000000000005,29.657846904941312,29.705145822832716,29.764609694495103,,,-95.47831837249925,-95.29687567623364,-95.23535248834025,,
TX,Dallas / Houston,2024-11-20,585.5,1693.0,2864.0,292.75,2300.75,7736.0,29.76198299120648,32.60552317497642,30.94725063914605,29.90285406390539,29.580411500824937,-95.47525473489691,-96.8242955792686,-95.91300278620606,-95.33106466427998,-95.39568149962828
TX,Dallas / Houston,2024-11-21,2289.1,1764.7,2373.5,1544.7,0.0,7972.0,30.315459752164788,29.85362269160099,32.44933460299508,32.48515139087658,,-95.57635993811877,-95.45578034660727,-96.54729500869642,-96.50062601815235,
TX,Dallas / Houston,2024-11-22,784.6666666666667,1613.3333333333335,140.0,0.0,140.0,2678.0,32.13264988066292,32.046848013359785,32.60489193795817,,29.578493306315657,-96.57915077959282,-96.41590183103473,-96.78611703125613,,-95.40381472897492
TX,Dallas / Houston,2024-11-23,3848.0142857142855,4280.185714285714,3725.25,1156.75,1527.8,14538.0,30.570606375909552,32.32774747270561,31.717945466841968,29.763384070781324,29.57954617237594,-95.77958286869742,-96.60657048848938,-96.3485381177426,-95.35993384713987,-95.39701166959722
TX,Dallas / Houston,2024-11-24,2311.0,4487.0,15.0,15.0,15.0,6843.0,31.17861597711076,31.266008922649483,32.6035858445378,29.90282766058073,29.57856982586713,-96.21143454944263,-96.11107882572209,-96.78900617984895,-95.33286094132104,-95.39877738673334
TX,Dallas / Houston,2024-11-25,491.0,0.0,491.0,0.0,0.0,982.0,32.704629464818915,,32.60402323571779,,,-96.83053961865276,,-96.7850692520333,,
TX,Dallas / Houston,2024-11-26,927.1666666666667,670.6666666666667,222.5,994.0,259.6666666666667,3074.0,31.919008909767715,29.807065395027724,32.604716236664274,32.80185656982824,29.5990016,-96.35662829938204,-95.31186576358365,-96.7892372687652,-97.03038559547744,-95.3688527
TX,Dallas / Houston,2024-11-27,228.0,228.0,114.0,0.0,114.0,684.0,31.297527169603597,31.246368051849498,32.6026307254389,,29.580245261347233,-96.15788000512045,-96.03533878204992,-96.78783244900674,,-95.39563538455086
TX,Dallas / Houston,2024-11-28,2695.0,416.0,2513.5,0.0,517.5,6142.0,31.65186397592421,32.81514683176421,29.75704919922966,,29.57998274618186,-96.27777126682012,-96.70225735841781,-95.24203871045182,,-95.3987360698811
TX,Dallas / Houston,2024-11-29,1539.0,2516.0,281.0,372.0,1432.0,6140.0,32.27412268403477,31.272719186302165,32.6026307254389,29.626839978434557,29.580208437595303,-96.63935066791542,-96.0692678059678,-96.78783244900674,-95.3887735244042,-95.39598563945634
TX,Dallas / Houston,2024-11-30,222.33333333333334,222.33333333333334,222.33333333333334,0.0,0.0,667.0,29.657846904941312,29.90187830602264,29.69949137075084,,,-95.47831837249925,-95.35649018929762,-95.3016846555107,,
TX,Dallas / Houston,2024-12-01,0.0,0.0,0.0,183.0,0.0,183.0,,,,29.626839978434553,,,,,-95.3887735244042,
TX,Dallas / Houston,2024-12-02,0.0,0.0,1127.0,860.0,0.0,1987.0,,,29.771313740784116,32.768533106287435,,,,-95.22852347472949,-96.62784652477607,
TX,Dallas / Houston,2024-12-03,2071.1666666666665,1486.9166666666665,1115.9166666666665,0.0,212.0,4886.0,31.075284046239148,31.549090797178742,31.511666438661827,,29.580976493647356,-96.06506370407008,-96.30165604183645,-96.2248711389659,,-95.39402713061827
TX,Dallas / Houston,2024-12-04,1091.1,905.3,0.0,0.0,473.6,2470.0,31.52513462345942,31.76088466032025,,,29.580976493647352,-96.25640884371462,-96.35366672297003,,,-95.39402713061827
TX,Dallas / Houston,2024-12-05,4269.575757575758,2241.348484848485,723.6212121212121,385.45454545454544,0.0,7620.0,32.157139948068156,31.49732221738187,29.82683301850009,29.77490106944459,,-96.58681521125034,-96.20583609236581,-95.27259817129463,-95.3859772310233,
TX,Dallas / Houston,2024-12-06,0.0,0.0,1989.0,0.0,0.0,1989.0,,,29.771313740784112,,,,,-95.22852347472949,,
TX,Dallas / Houston,2024-12-07,6457.167965367966,4929.425974025974,1239.3030303030303,865.469696969697,790.6333333333333,14282.000000000002,31.792244908371444,32.08409215870861,29.796166248551604,29.710681523893804,29.585911471544815,-96.37935453519829,-96.49588367750783,-95.34126639513286,-95.38695807314724,-95.38514842931315
TX,Dallas / Houston,2024-12-08,3348.5,284.0,1236.5,1404.0,11.0,6284.0,30.474470693442598,30.01268540563964,30.588623834748965,32.746080998094584,29.57856982586713,-95.81331218409281,-95.47032402648261,-95.61255154150581,-96.61770062633022,-95.39877738673334
TX,Dallas / Houston,2024-12-09,1782.0795454545455,2276.965909090909,90.72727272727273,90.72727272727273,914.5,5155.0,32.50594298789773,31.380694131966113,29.835303779042555,29.77490106944459,29.579927516469702,-96.75543758056001,-96.13276126053607,-95.27485969099912,-95.3859772310233,-95.39698043860176
TX,Dallas / Houston,2024-12-10,217.5,435.0,108.75,0.0,108.75,870.0,31.21017003976599,31.274767057129342,32.60489193795817,,29.57849330631566,-96.22791635029576,-96.07722870033605,-96.78611703125611,,-95.40381472897492
TX,Dallas / Houston,2024-12-11,0.0,1038.0,2250.0,0.0,0.0,3288.0,,32.60552317497642,31.39743749927304,,,,-96.8242955792686,-95.99566171761188,,
TX,Dallas / Houston,2024-12-12,4667.440476190476,10422.642857142857,1607.5833333333335,398.1666666666667,643.1666666666667,17739.0,31.565350822079225,30.661194162790636,30.17785360538518,29.653317935360356,29.588140089154905,-96.28107943845924,-95.78628981347013,-95.53163516426221,-95.38282289672212,-95.38176046218999
TX,Dallas / Houston,2024-12-13,1672.8333333333333,1250.5833333333333,1117.9166666666665,0.0,132.66666666666666,4174.0,31.005721419171845,31.403540377550968,31.641134582124295,,29.580245261347233,-96.03512563119082,-96.21779374790516,-96.29167951806281,,-95.39563538455086
TX,Dallas / Houston,2024-12-14,5569.266666666666,3595.9666666666667,4731.5,1061.0,1799.2666666666667,16757.0,30.80327447063293,31.51736624788901,32.312580030779834,29.82767209340485,29.578730117150037,-95.94896441413975,-96.24427875899964,-96.63786213230198,-95.34678366576527,-95.40037090682802
TX,Dallas / Houston,2024-12-15,0.0,1904.0,1904.0,0.0,0.0,3808.0,,32.8121566450693,29.701354756466987,,,,-96.73043820607651,-95.29660422693028,,
TX,Dallas / Houston,2024-12-16,175.2,58.4,292.0,58.4,0.0,584.0,29.764452596915476,29.68484210861412,32.60530777381819,29.902101823255126,,-95.39235948004836,-95.29561335695564,-96.78105987309402,-95.33180864518005,
TX,Dallas / Houston,2024-12-17,5060.238636363636,2629.647727272727,1293.1818181818182,88.18181818181819,1426.75,10498.0,31.521424379966998,31.928185899074172,32.56536458731993,29.77490106944459,29.591979453845457,-96.24080686308523,-96.42230226365994,-96.49597112925662,-95.3859772310233,-95.37879722366579
TX,Dallas / Houston,2024-12-19,3846.1190476190477,3817.714285714286,1436.3333333333333,517.1666666666666,1290.6666666666665,10908.0,31.336732766986326,32.336966007222735,29.987140400260092,29.626225,29.59051399448143,-96.11793811788263,-96.61836814392544,-95.46466232090685,-95.388248,-95.37887148781917
TX,Dallas / Houston,2024-12-21,1138.5714285714284,2049.4285714285716,797.0,398.5,398.5,4782.0,30.697693051553443,32.729907946695775,29.770430938914135,29.626224999999998,29.581770261158184,-95.75131647108691,-96.803021678172,-95.38493284703843,-95.388248,-95.3887175155896
TX,Dallas / Houston,2024-12-23,1176.0,882.0,0.0,0.0,294.0,2352.0,31.322629799237017,31.713036592461002,,,29.580022606557502,-96.157502380025,-96.29172255315117,,,-95.39784655158356
TX,Dallas / Houston,2024-12-24,910.0,1564.6666666666665,0.0,0.0,255.33333333333334,2730.0,31.818521538247385,32.245814360543974,,,29.5990016,-96.33149810431208,-96.50744903274224,,,-95.3688527
TX,Dallas / Houston,2024-12-25,0.0,0.0,0.0,0.0,0.0,0.0,,,,,,,,,,
TX,Dallas / Houston,2024-12-26,4961.166666666666,8245.833333333332,1676.5,1676.5,0.0,16560.0,30.721475417144497,30.977108571064115,32.77712609201614,32.76747824487442,,-95.89659572368136,-95.98074120364186,-96.61893154920664,-96.62837754717668,
TX,Dallas / Houston,2024-12-27,0.0,0.0,0.0,516.0,0.0,516.0,,,,29.626839978434553,,,,,-95.3887735244042,
TX,Dallas / Houston,2024-12-28,3350.4333333333334,3070.266666666667,1992.5,1089.8,0.0,9503.0,31.66155822883877,30.725450194987403,32.70423754070009,29.83962352259495,,-96.41054648896413,-95.8047069217194,-96.66110188250364,-95.3667493501091,
TX,Dallas / Houston,2024-12-30,2049.833333333333,585.6666666666666,0.0,455.0,878.5,3968.9999999999995,31.467118589822714,32.605646671949536,,29.626839978434553,29.599104745112417,-96.18642197137635,-96.82371279490332,,-95.3887735244042,-95.36744540101678
TX,Dallas / Houston,2024-12-31,3034.6,2636.7,5334.5,742.7,891.5,12640.0,30.021472344714237,32.04627020596555,31.428638384853805,29.902728268444555,29.583456941422497,-95.58425516389985,-96.53892636210443,-96.16538974680529,-95.33118907848191,-95.39442003977896
