date,market,heat_distance_bucket,allocated_visitor_count,n_brands
2020-01-01,Dallas,0-1km,84.5,1
2020-01-01,Dallas,1-2km,1640.0,2
2020-01-01,Dallas,2-3km,594.5,2
2020-01-01,Dallas,3-5km,510.0,1
2020-01-01,Houston,0-1km,594.5,2
2020-01-01,Houston,1-2km,679.0,2
2020-01-01,Houston,2-3km,1471.0,1
2020-01-01,Houston,3-5km,145.0,1
2020-01-01,Houston,5km+,84.5,1
2020-01-02,Dallas,0-1km,4796.1,4
2020-01-02,Dallas,1-2km,1201.9,2
2020-01-02,Houston,0-1km,3133.0,2
2020-01-02,Houston,2-3km,618.0,1
2020-01-02,Houston,3-5km,1730.0,2
2020-01-02,Houston,5km+,2656.0,2
2020-01-03,Dallas,0-1km,3112.5,1
2020-01-03,Dallas,1-2km,3112.5,1
2020-01-03,Houston,0-1km,4668.75,1
2020-01-03,Houston,5km+,1556.25,1
2020-01-04,Dallas,0-1km,7192.5,4
2020-01-04,Dallas,1-2km,2682.5,3
2020-01-04,Dallas,2-3km,447.0,1
2020-01-04,Houston,0-1km,2490.245454545455,3
2020-01-04,Houston,1-2km,1750.3090909090909,3
2020-01-04,Houston,2-3km,527.2727272727273,1
2020-01-04,Houston,3-5km,616.6727272727272,2
2020-01-04,Houston,5km+,2037.5,2
2020-01-05,Dallas,0-1km,1947.5,1
2020-01-05,Dallas,1-2km,1947.5,1
2020-01-05,Houston,0-1km,3138.25,2
2020-01-05,Houston,1-2km,217.0,1
2020-01-05,Houston,2-3km,217.0,1
2020-01-05,Houston,5km+,973.75,1
2020-01-06,Dallas,0-1km,2132.5,2
2020-01-06,Dallas,1-2km,1325.5,2
2020-01-06,Houston,0-1km,1210.5,1
2020-01-06,Houston,5km+,1210.5,1
2020-01-07,Houston,0-1km,1931.6,2
2020-01-07,Houston,1-2km,293.2,1
2020-01-07,Houston,3-5km,293.2,1
2020-01-08,Dallas,0-1km,2239.333333333333,3
2020-01-08,Dallas,1-2km,1107.6666666666665,2
2020-01-08,Houston,0-1km,1579.2,3
2020-01-08,Houston,1-2km,543.6,2
2020-01-08,Houston,3-5km,281.0,1
2020-01-08,Houston,5km+,1579.2,3
2020-01-09,Dallas,0-1km,1245.5,2
2020-01-09,Dallas,1-2km,2232.0,1
2020-01-09,Dallas,2-3km,3730.5,3
2020-01-09,Dallas,3-5km,1546.0,1
2020-01-09,Houston,0-1km,3768.3,4
2020-01-09,Houston,1-2km,1546.0,1
2020-01-09,Houston,2-3km,868.0,1
2020-01-09,Houston,3-5km,1809.95,3
2020-01-09,Houston,5km+,761.75,2
2020-01-10,Dallas,2-3km,3046.0,1
2020-01-10,Houston,1-2km,3046.0,1
2020-01-11,Dallas,0-1km,152.0,1
2020-01-11,Dallas,1-2km,304.0,1
2020-01-11,Dallas,2-3km,4741.0,2
2020-01-11,Houston,0-1km,5040.666666666667,3
2020-01-11,Houston,1-2km,603.6666666666667,2
2020-01-11,Houston,5km+,451.6666666666667,2
2020-01-12,Dallas,0-1km,47.5,1
2020-01-12,Dallas,1-2km,963.5,2
2020-01-12,Houston,1-2km,1011.0,2
2020-01-12,Houston,3-5km,291.0,1
2020-01-13,Dallas,0-1km,8449.833333333334,3
2020-01-13,Dallas,1-2km,227.83333333333334,2
2020-01-13,Dallas,2-3km,153.33333333333334,1
2020-01-13,Houston,0-1km,153.33333333333334,1
2020-01-13,Houston,1-2km,153.33333333333334,1
2020-01-13,Houston,5km+,153.33333333333334,1
2020-01-14,Dallas,0-1km,750.75,2
2020-01-14,Dallas,1-2km,333.0,1
2020-01-14,Dallas,2-3km,361.25,2
2020-01-14,Houston,0-1km,5936.5,2
2020-01-14,Houston,1-2km,333.0,1
2020-01-14,Houston,5km+,166.5,1
2020-01-15,Dallas,0-1km,1163.3333333333333,3
2020-01-15,Dallas,1-2km,745.3333333333333,2
2020-01-15,Dallas,2-3km,366.3333333333333,1
2020-01-15,Houston,0-1km,1420.0333333333333,3
2020-01-15,Houston,1-2km,1202.6833333333334,4
2020-01-15,Houston,2-3km,483.75,2
2020-01-15,Houston,5km+,870.5333333333333,2
2020-01-16,Dallas,0-1km,367.66666666666663,2
2020-01-16,Dallas,1-2km,172.66666666666666,1
2020-01-16,Dallas,2-3km,172.66666666666666,1
2020-01-16,Houston,0-1km,172.66666666666666,1
2020-01-16,Houston,1-2km,270.16666666666663,2
2020-01-16,Houston,2-3km,97.5,1
2020-01-16,Houston,5km+,172.66666666666666,1
2020-01-17,Dallas,0-1km,2880.8,2
2020-01-17,Dallas,1-2km,346.2,1
2020-01-17,Houston,0-1km,865.5,1
2020-01-17,Houston,1-2km,748.0,1
2020-01-17,Houston,2-3km,1180.75,2
2020-01-17,Houston,3-5km,585.0,1
2020-01-17,Houston,5km+,432.75,1
2020-01-18,Dallas,0-1km,734.0,1
2020-01-18,Houston,0-1km,113.4,1
2020-01-18,Houston,1-2km,593.8,2
2020-01-18,Houston,2-3km,367.0,1
2020-01-18,Houston,3-5km,977.8,2
2020-01-20,Dallas,0-1km,326.33333333333337,2
2020-01-20,Dallas,1-2km,478.33333333333337,2
2020-01-20,Dallas,2-3km,326.33333333333337,2
2020-01-20,Houston,0-1km,2620.3333333333335,4
2020-01-20,Houston,1-2km,304.0,1
2020-01-20,Houston,3-5km,858.3333333333334,2
2020-01-20,Houston,5km+,326.33333333333337,2
2020-01-21,Dallas,0-1km,2434.1130952380954,4
2020-01-21,Dallas,1-2km,2961.8869047619046,4
2020-01-21,Houston,0-1km,1908.878787878788,3
2020-01-21,Houston,1-2km,175.9090909090909,1
2020-01-21,Houston,2-3km,874.6060606060606,2
2020-01-21,Houston,3-5km,495.93939393939394,2
2020-01-21,Houston,5km+,1295.6666666666667,2
2020-01-22,Dallas,0-1km,1157.8333333333335,2
2020-01-22,Dallas,1-2km,1983.1666666666667,2
2020-01-22,Houston,0-1km,1152.6666666666667,3
2020-01-22,Houston,1-2km,1845.0,3
2020-01-22,Houston,2-3km,61.333333333333336,1
2020-01-22,Houston,3-5km,349.0,1
2020-01-22,Houston,5km+,266.0,1
2020-01-24,Dallas,0-1km,50.0,1
2020-01-24,Dallas,1-2km,233.0,2
2020-01-24,Dallas,2-3km,50.0,1
2020-01-24,Houston,0-1km,370.4,3
2020-01-24,Houston,1-2km,340.8,1
2020-01-24,Houston,3-5km,390.8,2
2020-01-24,Houston,5km+,50.0,1
2020-01-25,Dallas,0-1km,5701.166666666667,3
2020-01-25,Dallas,1-2km,3282.1666666666665,2
2020-01-25,Dallas,2-3km,209.66666666666666,1
2020-01-25,Houston,0-1km,4818.416666666667,2
2020-01-25,Houston,1-2km,1419.1666666666667,2
2020-01-25,Houston,2-3km,1209.5,1
2020-01-25,Houston,3-5km,251.0,1
2020-01-25,Houston,5km+,7277.916666666667,3
2020-01-26,Dallas,0-1km,3230.833333333333,3
2020-01-26,Dallas,1-2km,681.6666666666666,1
2020-01-26,Dallas,2-3km,1414.5,2
2020-01-26,Houston,0-1km,3202.0666666666666,3
2020-01-26,Houston,1-2km,206.66666666666666,1
2020-01-26,Houston,2-3km,206.66666666666666,1
2020-01-26,Houston,3-5km,1425.6,1
2020-01-27,Dallas,0-1km,640.5,1
2020-01-27,Dallas,1-2km,640.5,1
2020-01-27,Houston,0-1km,91.33333333333333,1
2020-01-27,Houston,1-2km,391.3333333333333,2
2020-01-27,Houston,5km+,91.33333333333333,1
2020-01-28,Dallas,2-3km,933.0,1
2020-01-28,Houston,0-1km,631.8333333333334,2
2020-01-28,Houston,1-2km,165.33333333333334,1
2020-01-28,Houston,3-5km,233.25,1
2020-01-28,Houston,5km+,398.58333333333337,2
2020-01-29,Dallas,0-1km,851.5,1
2020-01-29,Dallas,1-2km,851.5,1
2020-01-29,Dallas,2-3km,1592.0,3
2020-01-29,Dallas,3-5km,747.0,1
2020-01-29,Houston,0-1km,2093.866666666667,5
2020-01-29,Houston,1-2km,1351.2666666666667,4
2020-01-29,Houston,2-3km,222.66666666666666,2
2020-01-29,Houston,3-5km,121.0,1
2020-01-29,Houston,5km+,681.2,1
2020-01-30,Dallas,0-1km,2801.0,2
2020-01-30,Dallas,1-2km,1049.0,1
2020-01-30,Houston,0-1km,1573.5,1
2020-01-30,Houston,1-2km,351.5,1
2020-01-30,Houston,2-3km,351.5,1
2020-01-30,Houston,5km+,1573.5,1
2020-01-31,Dallas,0-1km,15453.857142857143,3
2020-01-31,Dallas,1-2km,1348.142857142857,2
2020-01-31,Houston,0-1km,745.8666666666667,2
2020-01-31,Houston,1-2km,215.6,1
2020-01-31,Houston,2-3km,314.6666666666667,1
2020-01-31,Houston,3-5km,157.33333333333334,1
2020-01-31,Houston,5km+,588.5333333333333,2
2020-02-01,Dallas,0-1km,208.0,1
2020-02-01,Dallas,1-2km,1248.0,1
2020-02-01,Houston,0-1km,855.0,2
2020-02-01,Houston,1-2km,369.6666666666667,1
2020-02-01,Houston,2-3km,855.0,2
2020-02-01,Houston,3-5km,617.6666666666666,2
2020-02-01,Houston,5km+,242.66666666666666,1
2020-02-02,Dallas,0-1km,2059.0,1
2020-02-02,Houston,0-1km,2297.0,1
2020-02-02,Houston,2-3km,3367.5,2
2020-02-02,Houston,3-5km,1029.5,1
2020-02-03,Dallas,0-1km,2432.8,1
2020-02-03,Dallas,1-2km,608.2,1
2020-02-03,Houston,0-1km,1599.8333333333333,2
2020-02-03,Houston,1-2km,79.33333333333333,1
2020-02-03,Houston,2-3km,839.5833333333334,2
2020-02-03,Houston,5km+,760.25,1
2020-02-04,Dallas,0-1km,1276.3333333333335,2
2020-02-04,Dallas,1-2km,1286.6666666666667,1
2020-02-04,Dallas,2-3km,633.0,1
2020-02-04,Houston,0-1km,1149.7333333333333,2
2020-02-04,Houston,1-2km,1286.6666666666667,1
2020-02-04,Houston,3-5km,759.6,1
2020-02-06,Dallas,0-1km,1144.7142857142858,2
2020-02-06,Dallas,1-2km,2116.285714285714,1
2020-02-06,Houston,0-1km,1225.0,2
2020-02-06,Houston,1-2km,798.0,2
2020-02-06,Houston,2-3km,1219.0,2
2020-02-06,Houston,3-5km,750.5,2
2020-02-06,Houston,5km+,813.5,2
2020-02-07,Dallas,0-1km,1160.2857142857142,2
2020-02-07,Dallas,1-2km,3751.714285714286,1
2020-02-07,Dallas,2-3km,2441.0,1
2020-02-07,Houston,0-1km,1810.6666666666667,2
2020-02-07,Houston,1-2km,3060.166666666667,3
2020-02-07,Houston,2-3km,1726.5,2
2020-02-07,Houston,3-5km,1081.1666666666667,2
2020-02-07,Houston,5km+,729.5,1
2020-02-08,Dallas,0-1km,1835.0,2
2020-02-08,Dallas,1-2km,2362.0,1
2020-02-08,Houston,0-1km,1181.0,1
2020-02-08,Houston,1-2km,2689.0,2
2020-02-08,Houston,2-3km,327.0,1
2020-02-08,Houston,3-5km,521.0,1
2020-02-09,Dallas,0-1km,598.5,2
2020-02-09,Dallas,1-2km,2535.5,2
2020-02-09,Dallas,2-3km,1740.0,1
2020-02-09,Houston,0-1km,9225.0,1
2020-02-09,Houston,1-2km,411.0,2
2020-02-09,Houston,2-3km,2723.0,2
2020-02-11,Dallas,0-1km,2470.75,3
2020-02-11,Dallas,1-2km,720.0,1
2020-02-11,Dallas,2-3km,588.25,2
2020-02-11,Houston,0-1km,1511.9333333333334,3
2020-02-11,Houston,1-2km,138.33333333333334,1
2020-02-11,Houston,3-5km,440.4,1
2020-02-11,Houston,5km+,1218.3333333333333,2
2020-02-13,Dallas,0-1km,3673.0,5
2020-02-13,Dallas,1-2km,1965.25,4
2020-02-13,Dallas,2-3km,684.75,2
2020-02-13,Houston,0-1km,1814.1818181818182,3
2020-02-13,Houston,1-2km,1648.6363636363635,4
2020-02-13,Houston,2-3km,105.0909090909091,1
2020-02-13,Houston,3-5km,105.0909090909091,1
2020-02-13,Houston,5km+,932.0,2
2020-02-14,Dallas,0-1km,2425.0,2
2020-02-14,Dallas,2-3km,4327.0,3
2020-02-14,Dallas,3-5km,1562.0,1
2020-02-14,Houston,0-1km,15481.0,2
2020-02-14,Houston,1-2km,2521.5,2
2020-02-14,Houston,2-3km,3218.5,2
2020-02-14,Houston,3-5km,332.0,1
2020-02-16,Dallas,0-1km,3863.75,5
2020-02-16,Dallas,1-2km,456.25,2
2020-02-16,Dallas,2-3km,2120.5,2
2020-02-16,Dallas,3-5km,942.5,1
2020-02-16,Houston,0-1km,2735.3545454545456,4
2020-02-16,Houston,1-2km,2705.590909090909,4
2020-02-16,Houston,2-3km,388.72727272727275,2
2020-02-16,Houston,3-5km,1546.3272727272727,2
2020-02-16,Houston,5km+,585.0,1
2020-02-17,Dallas,0-1km,1572.6,2
2020-02-17,Dallas,1-2km,617.4,2
2020-02-17,Dallas,2-3km,804.0,2
2020-02-17,Houston,0-1km,1398.0,3
2020-02-17,Houston,1-2km,400.0,2
2020-02-17,Houston,2-3km,398.0,1
2020-02-17,Houston,3-5km,485.0,2
2020-02-17,Houston,5km+,2340.0,3
2020-02-18,Dallas,0-1km,139.0,1
2020-02-18,Dallas,1-2km,281.0,2
2020-02-18,Houston,2-3km,972.0,1
2020-02-19,Dallas,0-1km,1207.3333333333333,1
2020-02-19,Dallas,1-2km,603.6666666666666,1
2020-02-19,Houston,0-1km,905.5,1
2020-02-19,Houston,5km+,905.5,1
2020-02-20,Dallas,0-1km,2792.4,2
2020-02-20,Dallas,1-2km,585.6,1
2020-02-20,Dallas,2-3km,1816.0,1
2020-02-20,Houston,0-1km,2372.0,2
2020-02-20,Houston,1-2km,595.0,2
2020-02-20,Houston,2-3km,957.0,2
2020-02-20,Houston,3-5km,454.0,1
2020-02-20,Houston,5km+,1186.0,2
2020-02-21,Dallas,2-3km,1648.0,2
2020-02-21,Houston,0-1km,843.8333333333334,2
2020-02-21,Houston,2-3km,39.666666666666664,1
2020-02-21,Houston,3-5km,382.25,1
2020-02-21,Houston,5km+,382.25,1
2020-02-22,Dallas,0-1km,2317.333333333333,3
2020-02-22,Dallas,1-2km,52.333333333333336,1
2020-02-22,Dallas,2-3km,3512.333333333333,3
2020-02-22,Houston,0-1km,3600.4333333333334,5
2020-02-22,Houston,1-2km,301.5,1
2020-02-22,Houston,3-5km,2395.7333333333336,3
2020-02-22,Houston,5km+,52.333333333333336,1
2020-02-23,Dallas,0-1km,1567.5,2
2020-02-23,Dallas,1-2km,712.5,2
2020-02-23,Houston,0-1km,2542.5454545454545,2
2020-02-23,Houston,1-2km,310.90909090909093,1
2020-02-23,Houston,2-3km,207.27272727272728,1
2020-02-23,Houston,3-5km,207.27272727272728,1
2020-02-24,Dallas,0-1km,807.3333333333334,2
2020-02-24,Dallas,1-2km,161.33333333333334,1
2020-02-24,Dallas,2-3km,1559.3333333333333,2
2020-02-24,Dallas,3-5km,1398.0,1
2020-02-24,Houston,0-1km,1685.3333333333333,3
2020-02-24,Houston,1-2km,2008.3333333333333,4
2020-02-24,Houston,2-3km,1913.0,2
2020-02-24,Houston,5km+,287.33333333333337,2
2020-02-25,Dallas,0-1km,1694.5,3
2020-02-25,Dallas,1-2km,535.5,1
2020-02-25,Dallas,2-3km,762.0,1
2020-02-25,Houston,0-1km,428.4,1
2020-02-25,Houston,1-2km,412.7,2
2020-02-25,Houston,2-3km,1722.5,2
2020-02-25,Houston,5km+,428.4,1
2020-02-28,Dallas,0-1km,5135.0,3
2020-02-28,Dallas,1-2km,4026.0,3
2020-02-28,Dallas,2-3km,2496.0,1
2020-02-28,Dallas,3-5km,2496.0,1
2020-02-28,Houston,0-1km,8431.5,3
2020-02-28,Houston,1-2km,3674.0,2
2020-02-28,Houston,5km+,2047.5,2
2020-02-29,Dallas,0-1km,32.5,1
2020-02-29,Dallas,1-2km,32.5,1
2020-02-29,Houston,1-2km,65.0,1
2020-03-01,Houston,0-1km,83.2,1
2020-03-01,Houston,1-2km,2145.4,2
2020-03-01,Houston,3-5km,166.4,1
2020-03-02,Dallas,0-1km,1170.25,2
2020-03-02,Dallas,1-2km,1291.5,2
2020-03-02,Dallas,2-3km,121.25,1
2020-03-02,Houston,0-1km,1170.25,2
2020-03-02,Houston,1-2km,767.0,2
2020-03-02,Houston,3-5km,328.0,1
2020-03-02,Houston,5km+,645.75,2
2020-03-03,Dallas,0-1km,1040.0,2
2020-03-03,Dallas,1-2km,1040.0,2
2020-03-03,Houston,0-1km,1049.5333333333333,3
2020-03-03,Houston,1-2km,574.4333333333334,3
2020-03-03,Houston,2-3km,99.33333333333333,1
2020-03-03,Houston,5km+,654.7,2
2020-03-04,Dallas,0-1km,402.0,1
2020-03-04,Dallas,1-2km,402.0,1
2020-03-04,Dallas,2-3km,2194.5,2
2020-03-04,Dallas,3-5km,898.5,1
2020-03-04,Houston,0-1km,2071.4333333333334,4
2020-03-04,Houston,1-2km,1262.6333333333334,3
2020-03-04,Houston,2-3km,203.33333333333334,1
2020-03-04,Houston,3-5km,651.0,2
2020-03-04,Houston,5km+,645.6,2
2020-03-05,Dallas,0-1km,1052.5,1
2020-03-05,Dallas,2-3km,1052.5,1
2020-03-05,Houston,0-1km,842.0,1
2020-03-05,Houston,1-2km,3452.0,1
2020-03-05,Houston,3-5km,1496.0,2
2020-03-06,Dallas,0-1km,1793.3333333333333,3
2020-03-06,Dallas,1-2km,2132.6666666666665,1
2020-03-06,Houston,0-1km,1066.3333333333333,1
2020-03-06,Houston,1-2km,2230.1666666666665,2
2020-03-06,Houston,2-3km,97.5,1
2020-03-07,Dallas,0-1km,1754.5714285714284,2
2020-03-07,Dallas,1-2km,3279.4285714285716,1
2020-03-07,Dallas,2-3km,1827.0,2
2020-03-07,Houston,0-1km,2774.4666666666667,4
2020-03-07,Houston,1-2km,285.1333333333333,2
2020-03-07,Houston,2-3km,1436.6666666666665,2
2020-03-07,Houston,3-5km,2211.0666666666666,3
2020-03-07,Houston,5km+,637.6666666666666,1
2020-03-08,Dallas,0-1km,1459.3333333333335,2
2020-03-08,Dallas,1-2km,2205.666666666667,2
2020-03-08,Dallas,2-3km,719.0,1
2020-03-08,Houston,0-1km,1890.7333333333333,3
2020-03-08,Houston,1-2km,1992.9666666666667,3
2020-03-08,Houston,3-5km,143.8,1
2020-03-08,Houston,5km+,356.5,1
2020-03-09,Dallas,0-1km,1845.5,2
2020-03-09,Dallas,2-3km,947.5,1
2020-03-09,Houston,0-1km,888.6666666666666,2
2020-03-09,Houston,1-2km,579.6666666666666,2
2020-03-09,Houston,2-3km,449.0,1
2020-03-09,Houston,3-5km,1512.0,2
2020-03-09,Houston,5km+,130.66666666666666,1
2020-03-10,Dallas,0-1km,791.7142857142858,2
2020-03-10,Dallas,1-2km,2550.285714285714,2
2020-03-10,Houston,0-1km,3843.6666666666665,3
2020-03-10,Houston,1-2km,176.0,1
2020-03-10,Houston,2-3km,820.6666666666666,1
2020-03-10,Houston,3-5km,410.3333333333333,1
2020-03-10,Houston,5km+,2830.3333333333335,3
2020-03-11,Houston,0-1km,207.33333333333334,2
2020-03-11,Houston,1-2km,207.33333333333334,2
2020-03-11,Houston,2-3km,98.66666666666667,1
2020-03-11,Houston,3-5km,277.0,1
2020-03-11,Houston,5km+,108.66666666666667,1
2020-03-12,Dallas,0-1km,301.2857142857143,1
2020-03-12,Dallas,1-2km,1807.7142857142858,1
2020-03-12,Houston,0-1km,703.0,1
2020-03-12,Houston,2-3km,703.0,1
2020-03-12,Houston,3-5km,351.5,1
2020-03-12,Houston,5km+,351.5,1
2020-03-13,Dallas,1-2km,1420.0,1
2020-03-13,Houston,2-3km,1420.0,1
2020-03-14,Dallas,0-1km,1546.0,1
2020-03-14,Houston,1-2km,773.0,1
2020-03-14,Houston,2-3km,773.0,1
2020-03-15,Dallas,0-1km,836.0,1
2020-03-15,Houston,1-2km,418.0,1
2020-03-15,Houston,2-3km,418.0,1
2020-03-16,Dallas,0-1km,2160.5,4
2020-03-16,Dallas,1-2km,1753.5,3
2020-03-16,Dallas,2-3km,624.0,2
2020-03-16,Houston,0-1km,1312.8,3
2020-03-16,Houston,1-2km,966.7,4
2020-03-16,Houston,2-3km,203.5,1
2020-03-16,Houston,3-5km,947.4,2
2020-03-16,Houston,5km+,1107.6,2
2020-03-17,Dallas,0-1km,1485.1666666666665,3
2020-03-17,Dallas,1-2km,714.8333333333333,3
2020-03-17,Houston,0-1km,1473.4545454545455,2
2020-03-17,Houston,1-2km,121.0909090909091,1
2020-03-17,Houston,2-3km,80.72727272727273,1
2020-03-17,Houston,3-5km,421.72727272727275,2
2020-03-18,Dallas,0-1km,698.1666666666667,3
2020-03-18,Dallas,1-2km,365.1666666666667,3
2020-03-18,Dallas,2-3km,87.66666666666667,1
2020-03-18,Houston,0-1km,249.12121212121212,2
2020-03-18,Houston,1-2km,208.75757575757575,2
2020-03-18,Houston,2-3km,80.72727272727273,1
2020-03-18,Houston,3-5km,80.72727272727273,1
2020-03-18,Houston,5km+,87.66666666666667,1
2020-03-19,Dallas,0-1km,84.5,1
2020-03-19,Dallas,1-2km,84.5,1
2020-03-19,Houston,0-1km,67.6,1
2020-03-19,Houston,1-2km,33.8,1
2020-03-19,Houston,5km+,67.6,1
2020-03-20,Dallas,0-1km,313.6666666666667,2
2020-03-20,Dallas,1-2km,627.3333333333334,2
2020-03-20,Houston,0-1km,163.33333333333334,1
2020-03-20,Houston,1-2km,326.6666666666667,1
2020-03-21,Houston,2-3km,410.0,1
2020-03-22,Dallas,0-1km,4849.333333333333,3
2020-03-22,Dallas,1-2km,86.66666666666667,1
2020-03-22,Dallas,2-3km,98.0,1
2020-03-22,Dallas,3-5km,98.0,1
2020-03-22,Houston,0-1km,4095.0,4
2020-03-22,Houston,1-2km,98.0,2
2020-03-22,Houston,2-3km,0.0,1
2020-03-23,Dallas,0-1km,137.0,2
2020-03-23,Dallas,1-2km,137.0,2
2020-03-23,Dallas,2-3km,1925.0,3
2020-03-23,Houston,0-1km,0.0,3
2020-03-23,Houston,1-2km,137.0,4
2020-03-23,Houston,2-3km,1925.0,2
2020-03-23,Houston,3-5km,108.0,2
2020-03-23,Houston,5km+,137.0,2
2020-03-24,Dallas,0-1km,331.875,4
2020-03-24,Dallas,1-2km,244.125,4
2020-03-24,Dallas,2-3km,68.0,1
2020-03-24,Houston,0-1km,635.2121212121212,5
2020-03-24,Houston,1-2km,301.07575757575756,3
2020-03-24,Houston,2-3km,21.272727272727273,1
2020-03-24,Houston,3-5km,89.27272727272728,2
2020-03-24,Houston,5km+,337.16666666666663,3
2020-03-25,Dallas,0-1km,176.0,3
2020-03-25,Dallas,1-2km,80.0,2
2020-03-25,Dallas,2-3km,668.0,1
2020-03-25,Houston,0-1km,492.54545454545456,3
2020-03-25,Houston,1-2km,146.9090909090909,3
2020-03-25,Houston,2-3km,23.272727272727273,2
2020-03-25,Houston,3-5km,190.27272727272728,2
2020-03-25,Houston,5km+,279.0,2
2020-03-26,Dallas,0-1km,85.0,2
2020-03-26,Dallas,1-2km,85.0,2
2020-03-26,Houston,0-1km,46.8,1
2020-03-26,Houston,1-2km,23.4,1
2020-03-26,Houston,5km+,46.8,1
2020-03-27,Dallas,2-3km,0.0,1
2020-03-27,Houston,0-1km,0.0,1
2020-03-27,Houston,1-2km,0.0,1
2020-03-27,Houston,3-5km,0.0,1
2020-03-28,Dallas,0-1km,203.66666666666666,1
2020-03-28,Dallas,1-2km,407.3333333333333,1
2020-03-28,Houston,0-1km,203.66666666666666,1
2020-03-28,Houston,1-2km,407.3333333333333,2
2020-03-29,Dallas,0-1km,0.0,1
2020-03-29,Dallas,1-2km,0.0,1
2020-03-29,Dallas,2-3km,0.0,1
2020-03-29,Houston,0-1km,0.0,1
2020-03-29,Houston,1-2km,0.0,1
2020-03-29,Houston,5km+,0.0,1
2020-03-30,Dallas,0-1km,58.333333333333336,2
2020-03-30,Dallas,1-2km,106.66666666666667,2
2020-03-30,Houston,0-1km,56.333333333333336,2
2020-03-30,Houston,1-2km,100.66666666666667,2
2020-03-30,Houston,5km+,8.0,1
2020-03-31,Dallas,0-1km,875.5,4
2020-03-31,Dallas,1-2km,171.0,2
2020-03-31,Dallas,2-3km,204.5,1
2020-03-31,Houston,0-1km,231.35714285714286,3
2020-03-31,Houston,1-2km,310.7142857142857,4
2020-03-31,Houston,2-3km,22.857142857142858,2
2020-03-31,Houston,3-5km,22.857142857142858,1
2020-03-31,Houston,5km+,254.21428571428572,3
2020-04-01,Dallas,0-1km,263.0,1
2020-04-02,Dallas,0-1km,10.0,2
2020-04-02,Dallas,1-2km,10.0,1
2020-04-02,Dallas,2-3km,10.0,1
2020-04-02,Houston,0-1km,10.0,1
2020-04-02,Houston,1-2km,10.0,2
2020-04-02,Houston,2-3km,0.0,1
2020-04-02,Houston,5km+,10.0,1
2020-04-03,Dallas,0-1km,100.5,1
2020-04-03,Dallas,2-3km,515.5,2
2020-04-03,Houston,0-1km,287.9,2
2020-04-03,Houston,3-5km,224.35,2
2020-04-03,Houston,5km+,103.75,1
2020-04-04,Dallas,0-1km,404.25,1
2020-04-04,Dallas,2-3km,134.75,1
2020-04-04,Houston,3-5km,26.0,1
2020-04-05,Houston,0-1km,0.0,1
2020-04-05,Houston,1-2km,0.0,1
2020-04-05,Houston,3-5km,0.0,1
2020-04-06,Dallas,0-1km,2912.75,3
2020-04-06,Dallas,1-2km,2384.0,2
2020-04-06,Dallas,2-3km,176.25,1
2020-04-06,Houston,0-1km,3378.75,1
2020-04-06,Houston,5km+,1126.25,1
2020-04-07,Dallas,0-1km,101.75,2
2020-04-07,Dallas,1-2km,46.25,2
2020-04-07,Houston,0-1km,26.90909090909091,1
2020-04-07,Houston,1-2km,20.181818181818183,1
2020-04-07,Houston,2-3km,13.454545454545455,1
2020-04-07,Houston,3-5km,13.454545454545455,1
2020-04-08,Dallas,0-1km,197.25,3
2020-04-08,Dallas,1-2km,296.75,3
2020-04-08,Houston,0-1km,150.72727272727272,2
2020-04-08,Houston,1-2km,280.54545454545456,3
2020-04-08,Houston,2-3km,8.363636363636363,1
2020-04-08,Houston,3-5km,8.363636363636363,1
2020-04-09,Dallas,0-1km,627.25,2
2020-04-09,Dallas,2-3km,188.75,1
2020-04-09,Houston,0-1km,61.0,1
2020-04-09,Houston,1-2km,4399.0,1
2020-04-10,Dallas,0-1km,308.0,2
2020-04-10,Dallas,1-2km,154.0,2
2020-04-10,Dallas,2-3km,0.0,1
2020-04-10,Houston,0-1km,231.0,2
2020-04-10,Houston,1-2km,0.0,1
2020-04-10,Houston,5km+,231.0,2
2020-04-11,Dallas,0-1km,163.625,3
2020-04-11,Dallas,1-2km,122.375,3
2020-04-11,Dallas,2-3km,88.0,1
2020-04-11,Houston,0-1km,152.0,2
2020-04-11,Houston,1-2km,81.0,2
2020-04-11,Houston,2-3km,76.0,2
2020-04-11,Houston,3-5km,10.0,1
2020-04-12,Dallas,0-1km,15.75,2
2020-04-12,Dallas,1-2km,0.0,1
2020-04-12,Dallas,2-3km,5.25,1
2020-04-12,Houston,0-1km,0.0,1
2020-04-12,Houston,1-2km,0.0,1
2020-04-12,Houston,2-3km,50.0,1
2020-04-12,Houston,5km+,0.0,1
2020-04-13,Dallas,0-1km,207.0,2
2020-04-13,Dallas,1-2km,83.0,1
2020-04-13,Dallas,2-3km,124.0,1
2020-04-13,Houston,0-1km,165.60000000000002,2
2020-04-13,Houston,1-2km,435.2,2
2020-04-13,Houston,3-5km,148.8,1
2020-04-13,Houston,5km+,66.4,1
2020-04-14,Dallas,0-1km,400.07142857142856,3
2020-04-14,Dallas,1-2km,692.9285714285714,3
2020-04-14,Dallas,2-3km,136.0,1
2020-04-14,Houston,0-1km,399.3809523809524,3
2020-04-14,Houston,1-2km,219.42857142857144,2
2020-04-14,Houston,2-3km,297.3809523809524,3
2020-04-14,Houston,3-5km,127.04761904761904,2
2020-04-14,Houston,5km+,185.76190476190476,2
2020-04-15,Dallas,0-1km,111.375,2
2020-04-15,Dallas,1-2km,50.625,2
2020-04-15,Houston,0-1km,29.454545454545453,1
2020-04-15,Houston,1-2km,22.09090909090909,1
2020-04-15,Houston,2-3km,14.727272727272727,1
2020-04-15,Houston,3-5km,14.727272727272727,1
2020-04-16,Houston,0-1km,7770.0,1
2020-04-17,Dallas,0-1km,323.0,1
2020-04-17,Dallas,1-2km,323.0,1
2020-04-17,Houston,0-1km,12.0,1
2020-04-17,Houston,1-2km,335.0,2
2020-04-17,Houston,2-3km,1952.0,2
2020-04-17,Houston,5km+,323.0,1
2020-04-18,Dallas,0-1km,18.0,2
2020-04-18,Dallas,1-2km,18.0,1
2020-04-18,Dallas,2-3km,18.0,1
2020-04-18,Houston,0-1km,72.0,2
2020-04-18,Houston,1-2km,0.0,1
2020-04-18,Houston,2-3km,0.0,1
2020-04-18,Houston,3-5km,18.0,1
2020-04-18,Houston,5km+,18.0,1
2020-04-19,Dallas,0-1km,0.0,1
2020-04-19,Houston,1-2km,470.0,3
2020-04-19,Houston,2-3km,0.0,1
2020-04-20,Dallas,0-1km,0.0,1
2020-04-20,Dallas,1-2km,0.0,1
2020-04-20,Dallas,2-3km,0.0,1
2020-04-20,Houston,0-1km,0.0,1
2020-04-20,Houston,1-2km,0.0,1
2020-04-20,Houston,5km+,0.0,1
2020-04-21,Dallas,0-1km,1518.0,2
2020-04-21,Dallas,1-2km,276.0,1
2020-04-21,Dallas,2-3km,134.0,1
2020-04-21,Dallas,3-5km,134.0,1
2020-04-21,Houston,0-1km,302.66666666666663,3
2020-04-21,Houston,1-2km,1820.6666666666667,4
2020-04-21,Houston,2-3km,30.666666666666668,1
2020-04-21,Houston,3-5km,38.0,1
2020-04-23,Dallas,0-1km,358.33333333333337,2
2020-04-23,Dallas,1-2km,192.33333333333334,1
2020-04-23,Dallas,2-3km,192.33333333333334,1
2020-04-23,Houston,0-1km,7984.166666666667,4
2020-04-23,Houston,1-2km,182.91666666666666,2
2020-04-23,Houston,2-3km,182.91666666666666,2
2020-04-24,Dallas,0-1km,0.0,1
2020-04-24,Dallas,1-2km,0.0,1
2020-04-24,Houston,0-1km,9404.0,2
2020-04-24,Houston,1-2km,0.0,2
2020-04-24,Houston,2-3km,200.0,1
2020-04-24,Houston,3-5km,97.0,2
2020-04-25,Dallas,0-1km,293.0,1
2020-04-26,Dallas,0-1km,178.0,2
2020-04-26,Dallas,1-2km,89.0,1
2020-04-26,Houston,0-1km,133.5,1
2020-04-26,Houston,1-2km,0.0,1
2020-04-26,Houston,2-3km,0.0,1
2020-04-26,Houston,5km+,133.5,1
2020-04-27,Dallas,0-1km,199.5,1
2020-04-27,Dallas,2-3km,199.5,1
2020-04-27,Houston,0-1km,159.6,1
2020-04-27,Houston,3-5km,239.4,1
2020-04-28,Dallas,0-1km,492.0,4
2020-04-28,Dallas,1-2km,213.0,3
2020-04-28,Dallas,2-3km,0.0,1
2020-04-28,Houston,0-1km,268.530303030303,4
2020-04-28,Houston,1-2km,206.93939393939394,3
2020-04-28,Houston,2-3km,74.43181818181819,2
2020-04-28,Houston,3-5km,58.18181818181818,2
2020-04-28,Houston,5km+,135.91666666666669,2
2020-04-29,Dallas,0-1km,581.975,4
2020-04-29,Dallas,1-2km,229.025,3
2020-04-29,Dallas,2-3km,0.0,1
2020-04-29,Houston,0-1km,267.5,4
2020-04-29,Houston,1-2km,132.0,4
2020-04-29,Houston,2-3km,108.25,3
2020-04-29,Houston,3-5km,54.0,2
2020-04-29,Houston,5km+,105.25,2
2020-04-30,Dallas,0-1km,492.0,1
2020-04-30,Dallas,1-2km,246.0,1
2020-04-30,Houston,0-1km,369.0,1
2020-04-30,Houston,5km+,369.0,1
2020-05-01,Dallas,0-1km,1173.875,4
2020-05-01,Dallas,1-2km,445.375,3
2020-05-01,Dallas,2-3km,399.75,2
2020-05-01,Houston,0-1km,251.47727272727272,2
2020-05-01,Houston,1-2km,247.04545454545453,2
2020-05-01,Houston,2-3km,102.36363636363636,1
2020-05-01,Houston,3-5km,102.36363636363636,2
2020-05-01,Houston,5km+,46.75,1
2020-05-02,Dallas,0-1km,420.75,2
2020-05-02,Dallas,1-2km,191.25,2
2020-05-02,Dallas,2-3km,1302.0,2
2020-05-02,Dallas,3-5km,476.0,1
2020-05-02,Houston,0-1km,2174.272727272727,4
2020-05-02,Houston,1-2km,559.4545454545455,2
2020-05-02,Houston,2-3km,55.63636363636363,1
2020-05-02,Houston,3-5km,262.1363636363636,2
2020-05-02,Houston,5km+,206.5,1
2020-05-03,Houston,0-1km,180.0,1
2020-05-04,Dallas,0-1km,865.5,2
2020-05-04,Dallas,1-2km,510.5,1
2020-05-04,Houston,1-2km,688.0,2
2020-05-04,Houston,2-3km,177.5,1
2020-05-04,Houston,5km+,510.5,1
2020-05-05,Houston,0-1km,78.33333333333333,1
2020-05-05,Houston,1-2km,107.0,2
2020-05-05,Houston,2-3km,57.333333333333336,1
2020-05-05,Houston,3-5km,48.0,1
2020-05-05,Houston,5km+,78.33333333333333,1
2020-05-06,Dallas,0-1km,2002.725,4
2020-05-06,Dallas,1-2km,526.275,3
2020-05-06,Houston,0-1km,775.0,2
2020-05-06,Houston,1-2km,3235.5,3
2020-05-06,Houston,2-3km,590.0,3
2020-05-06,Houston,3-5km,82.0,1
2020-05-06,Houston,5km+,305.5,1
2020-05-07,Dallas,0-1km,347.875,2
2020-05-07,Dallas,1-2km,158.125,2
2020-05-07,Houston,0-1km,92.0,1
2020-05-07,Houston,1-2km,69.0,1
2020-05-07,Houston,2-3km,46.0,1
2020-05-07,Houston,3-5km,46.0,1
2020-05-08,Houston,0-1km,162.0,1
2020-05-08,Houston,1-2km,162.0,1
2020-05-08,Houston,2-3km,162.0,1
2020-05-09,Dallas,0-1km,963.0,1
2020-05-09,Houston,2-3km,481.5,1
2020-05-09,Houston,3-5km,481.5,1
2020-05-10,Dallas,2-3km,0.0,1
2020-05-10,Houston,0-1km,87.33333333333334,3
2020-05-10,Houston,1-2km,87.33333333333334,3
2020-05-10,Houston,2-3km,40.0,1
2020-05-10,Houston,3-5km,0.0,1
2020-05-10,Houston,5km+,47.333333333333336,1
2020-05-11,Dallas,0-1km,1703.6666666666665,3
2020-05-11,Dallas,1-2km,742.8333333333333,2
2020-05-11,Dallas,2-3km,203.5,1
2020-05-11,Houston,0-1km,616.8333333333334,3
2020-05-11,Houston,1-2km,91.33333333333333,2
2020-05-11,Houston,2-3km,91.33333333333333,1
2020-05-11,Houston,3-5km,36.0,2
2020-05-11,Houston,5km+,525.5,1
2020-05-12,Dallas,0-1km,1118.0,2
2020-05-12,Dallas,1-2km,305.0,1
2020-05-12,Dallas,2-3km,0.0,1
2020-05-12,Houston,0-1km,948.0,3
2020-05-12,Houston,1-2km,541.0,3
2020-05-12,Houston,3-5km,0.0,1
2020-05-12,Houston,5km+,33.0,1
2020-05-13,Dallas,0-1km,11.0,1
2020-05-13,Dallas,1-2km,33.0,1
2020-05-13,Houston,0-1km,620.0,2
2020-05-13,Houston,1-2km,3302.0,2
2020-05-13,Houston,2-3km,118.0,1
2020-05-14,Dallas,0-1km,913.0,2
2020-05-14,Dallas,1-2km,415.0,2
2020-05-14,Houston,0-1km,241.45454545454547,1
2020-05-14,Houston,1-2km,181.0909090909091,1
2020-05-14,Houston,2-3km,120.72727272727273,1
2020-05-14,Houston,3-5km,120.72727272727273,1
2020-05-15,Dallas,0-1km,60.5,1
2020-05-15,Dallas,1-2km,121.0,1
2020-05-15,Dallas,2-3km,60.5,1
2020-05-15,Houston,0-1km,60.5,2
2020-05-15,Houston,1-2km,121.0,2
2020-05-15,Houston,2-3km,0.0,1
2020-05-15,Houston,3-5km,79.0,1
2020-05-15,Houston,5km+,60.5,1
2020-05-16,Dallas,0-1km,2393.0,3
2020-05-16,Dallas,2-3km,387.0,1
2020-05-16,Houston,0-1km,309.6,1
2020-05-16,Houston,1-2km,1166.0,1
2020-05-16,Houston,3-5km,464.4,1
2020-05-17,Dallas,0-1km,1639.625,3
2020-05-17,Dallas,1-2km,1259.375,3
2020-05-17,Houston,0-1km,453.64935064935065,2
2020-05-17,Houston,1-2km,676.8441558441558,2
2020-05-17,Houston,2-3km,361.46753246753246,2
2020-05-17,Houston,3-5km,361.46753246753246,2
2020-05-17,Houston,5km+,538.5714285714286,1
2020-05-18,Dallas,0-1km,57.5,1
2020-05-18,Dallas,1-2km,57.5,1
2020-05-18,Dallas,2-3km,25.0,1
2020-05-18,Houston,0-1km,16.666666666666668,1
2020-05-18,Houston,1-2km,115.0,1
2020-05-18,Houston,2-3km,8.333333333333334,1
2020-05-19,Dallas,0-1km,2227.375,5
2020-05-19,Dallas,1-2km,1602.625,4
2020-05-19,Dallas,2-3km,26.0,1
2020-05-19,Houston,0-1km,4171.69696969697,5
2020-05-19,Houston,1-2km,914.2727272727273,2
2020-05-19,Houston,2-3km,264.8484848484849,3
2020-05-19,Houston,3-5km,128.1818181818182,1
2020-05-19,Houston,5km+,660.0,1
2020-05-20,Dallas,0-1km,537.0,2
2020-05-20,Dallas,2-3km,208.0,1
2020-05-21,Dallas,0-1km,2059.5,3
2020-05-21,Dallas,1-2km,632.5,2
2020-05-21,Dallas,2-3km,1888.0,2
2020-05-21,Houston,0-1km,1902.5,3
2020-05-21,Houston,1-2km,610.0,2
2020-05-21,Houston,2-3km,518.0,2
2020-05-21,Houston,3-5km,360.75,2
2020-05-21,Houston,5km+,176.75,1
2020-05-22,Dallas,0-1km,686.125,2
2020-05-22,Dallas,1-2km,311.875,2
2020-05-22,Houston,0-1km,181.45454545454547,1
2020-05-22,Houston,1-2km,136.0909090909091,1
2020-05-22,Houston,2-3km,90.72727272727273,1
2020-05-22,Houston,3-5km,90.72727272727273,1
2020-05-23,Dallas,0-1km,383.5,1
2020-05-23,Dallas,1-2km,383.5,1
2020-05-23,Houston,0-1km,306.8,1
2020-05-23,Houston,1-2km,1837.4,2
2020-05-23,Houston,5km+,306.8,1
2020-05-25,Dallas,0-1km,351.0,2
2020-05-25,Dallas,1-2km,1368.0,1
2020-05-25,Houston,0-1km,532.0,1
2020-05-25,Houston,2-3km,532.0,1
2020-05-25,Houston,3-5km,266.0,1
2020-05-25,Houston,5km+,266.0,1
2020-05-26,Houston,0-1km,0.0,1
2020-05-26,Houston,1-2km,0.0,1
2020-05-26,Houston,3-5km,0.0,1
2020-05-27,Dallas,0-1km,328.0,2
2020-05-27,Dallas,1-2km,158.0,1
2020-05-27,Houston,0-1km,126.4,1
2020-05-27,Houston,1-2km,148.2,2
2020-05-27,Houston,2-3km,85.0,1
2020-05-27,Houston,5km+,1035.4,2
2020-05-28,Dallas,0-1km,546.5,2
2020-05-28,Dallas,1-2km,546.5,2
2020-05-28,Dallas,2-3km,456.0,1
2020-05-28,Houston,0-1km,124.8,1
2020-05-28,Houston,1-2km,518.4,2
2020-05-28,Houston,3-5km,781.0,1
2020-05-28,Houston,5km+,124.8,1
2020-05-29,Dallas,0-1km,729.3333333333334,2
2020-05-29,Dallas,1-2km,384.3333333333333,2
2020-05-29,Dallas,2-3km,39.333333333333336,1
2020-05-29,Houston,0-1km,1192.3333333333333,3
2020-05-29,Houston,3-5km,39.333333333333336,1
2020-05-29,Houston,5km+,39.333333333333336,1
2020-05-30,Dallas,0-1km,1053.6666666666665,2
2020-05-30,Dallas,1-2km,1219.3333333333333,2
2020-05-30,Dallas,2-3km,54.0,1
2020-05-30,Houston,0-1km,729.5,2
2020-05-30,Houston,1-2km,821.5,2
2020-05-30,Houston,2-3km,82.5,2
2020-05-30,Houston,5km+,693.5,1
2020-05-31,Dallas,2-3km,1406.0,2
2020-05-31,Dallas,3-5km,427.0,1
2020-05-31,Houston,0-1km,427.0,2
2020-05-31,Houston,1-2km,427.0,2
2020-05-31,Houston,3-5km,0.0,1
2020-06-01,Dallas,0-1km,1388.8333333333335,3
2020-06-01,Dallas,1-2km,1136.6666666666667,1
2020-06-01,Dallas,2-3km,496.5,1
2020-06-01,Houston,0-1km,1040.5333333333333,3
2020-06-01,Houston,1-2km,1373.6666666666667,3
2020-06-01,Houston,2-3km,162.0,1
2020-06-01,Houston,3-5km,670.8,2
2020-06-02,Dallas,0-1km,36.0,1
2020-06-02,Dallas,1-2km,36.0,1
2020-06-02,Dallas,2-3km,747.0,1
2020-06-02,Houston,0-1km,89.0,1
2020-06-02,Houston,1-2km,161.0,2
2020-06-02,Houston,2-3km,89.0,1
2020-06-04,Dallas,0-1km,995.25,3
2020-06-04,Dallas,1-2km,1823.5,3
2020-06-04,Dallas,2-3km,154.25,1
2020-06-04,Houston,0-1km,977.25,3
2020-06-04,Houston,1-2km,1656.5,2
2020-06-04,Houston,5km+,154.25,1
2020-06-05,Dallas,0-1km,1285.75,3
2020-06-05,Dallas,1-2km,612.25,3
2020-06-05,Dallas,2-3km,51.0,1
2020-06-05,Houston,0-1km,530.5454545454545,3
2020-06-05,Houston,1-2km,244.9090909090909,1
2020-06-05,Houston,2-3km,163.27272727272728,1
2020-06-05,Houston,3-5km,214.27272727272728,2
2020-06-05,Houston,5km+,51.0,1
2020-06-06,Dallas,0-1km,2308.666666666667,2
2020-06-06,Dallas,1-2km,1693.3333333333335,2
2020-06-06,Houston,0-1km,2924.0,3
2020-06-06,Houston,1-2km,539.0,2
2020-06-06,Houston,2-3km,0.0,1
2020-06-06,Houston,5km+,539.0,1
2020-06-07,Dallas,0-1km,128.08333333333334,2
2020-06-07,Dallas,1-2km,225.83333333333334,2
2020-06-07,Dallas,2-3km,728.5833333333334,3
2020-06-07,Dallas,3-5km,600.5,1
2020-06-07,Houston,0-1km,819.5833333333334,4
2020-06-07,Houston,1-2km,796.0,2
2020-06-07,Houston,3-5km,30.333333333333332,1
2020-06-07,Houston,5km+,128.08333333333334,2
2020-06-09,Dallas,0-1km,835.0,1
2020-06-09,Dallas,2-3km,2561.0,2
2020-06-09,Dallas,3-5km,624.0,1
2020-06-09,Houston,0-1km,11109.5,3
2020-06-09,Houston,1-2km,1041.5,2
2020-06-09,Houston,2-3km,417.5,1
2020-06-09,Houston,3-5km,484.25,1
2020-06-09,Houston,5km+,484.25,1
2020-06-10,Dallas,0-1km,970.6666666666667,2
2020-06-10,Dallas,1-2km,398.6666666666667,1
2020-06-10,Dallas,2-3km,398.6666666666667,1
2020-06-10,Houston,0-1km,598.0,1
2020-06-10,Houston,1-2km,299.0,1
2020-06-10,Houston,2-3km,299.0,1
2020-06-11,Dallas,0-1km,1567.0,2
2020-06-11,Dallas,1-2km,995.5,1
2020-06-11,Dallas,2-3km,571.5,1
2020-06-11,Houston,0-1km,457.2,1
2020-06-11,Houston,1-2km,995.5,1
2020-06-11,Houston,3-5km,685.8,1
2020-06-11,Houston,5km+,995.5,1
2020-06-12,Dallas,0-1km,852.0,1
2020-06-12,Dallas,2-3km,1640.5,2
2020-06-12,Dallas,3-5km,1356.5,1
2020-06-12,Houston,0-1km,1518.8333333333333,2
2020-06-12,Houston,1-2km,1518.8333333333333,2
2020-06-12,Houston,3-5km,314.0,1
2020-06-12,Houston,5km+,162.33333333333334,1
2020-06-13,Dallas,0-1km,24.666666666666668,1
2020-06-13,Dallas,1-2km,219.66666666666666,2
2020-06-13,Dallas,2-3km,24.666666666666668,1
2020-06-13,Houston,0-1km,98.66666666666667,2
2020-06-13,Houston,3-5km,24.666666666666668,1
2020-06-13,Houston,5km+,24.666666666666668,1
2020-06-15,Dallas,0-1km,1319.1666666666665,3
2020-06-15,Dallas,1-2km,2323.833333333333,3
2020-06-15,Houston,0-1km,1229.8666666666666,3
2020-06-15,Houston,1-2km,2187.9333333333334,4
2020-06-15,Houston,3-5km,0.0,1
2020-06-15,Houston,5km+,225.2,1
2020-06-16,Dallas,0-1km,863.0,1
2020-06-16,Dallas,1-2km,863.0,1
2020-06-16,Dallas,2-3km,1249.0,1
2020-06-16,Houston,0-1km,624.5,2
2020-06-16,Houston,1-2km,976.0,3
2020-06-16,Houston,3-5km,312.25,2
2020-06-16,Houston,5km+,1175.25,2
2020-06-17,Dallas,0-1km,105.5,2
2020-06-17,Dallas,1-2km,105.5,2
2020-06-17,Dallas,2-3km,1033.0,1
2020-06-17,Houston,0-1km,0.0,1
2020-06-17,Houston,1-2km,1086.0,3
2020-06-17,Houston,3-5km,0.0,1
2020-06-18,Dallas,0-1km,365.6666666666667,1
2020-06-18,Dallas,1-2km,731.3333333333334,1
2020-06-18,Dallas,2-3km,0.0,1
2020-06-18,Houston,0-1km,1439.6666666666667,3
2020-06-18,Houston,1-2km,731.3333333333334,2
2020-06-18,Houston,3-5km,0.0,1
2020-06-19,Houston,3-5km,181.0,1
2020-06-20,Houston,0-1km,139.66666666666666,1
2020-06-20,Houston,1-2km,139.66666666666666,1
2020-06-20,Houston,2-3km,139.66666666666666,1
2020-06-21,Houston,0-1km,253.33333333333334,1
2020-06-21,Houston,1-2km,253.33333333333334,1
2020-06-21,Houston,3-5km,253.33333333333334,1
2020-06-23,Dallas,0-1km,111.75,1
2020-06-23,Dallas,1-2km,223.5,1
2020-06-23,Dallas,2-3km,111.75,2
2020-06-23,Houston,0-1km,111.75,2
2020-06-23,Houston,1-2km,223.5,2
2020-06-23,Houston,3-5km,0.0,1
2020-06-23,Houston,5km+,111.75,1
2020-06-24,Dallas,0-1km,581.0,1
2020-06-24,Houston,1-2km,290.5,1
2020-06-24,Houston,2-3km,290.5,1
2020-06-25,Dallas,0-1km,1322.6666666666667,1
2020-06-25,Dallas,1-2km,661.3333333333334,1
2020-06-25,Houston,0-1km,9917.0,2
2020-06-25,Houston,5km+,992.0,1
2020-06-26,Dallas,0-1km,2083.125,2
2020-06-26,Dallas,1-2km,946.875,2
2020-06-26,Houston,0-1km,550.9090909090909,1
2020-06-26,Houston,1-2km,413.1818181818182,1
2020-06-26,Houston,2-3km,275.45454545454544,1
2020-06-26,Houston,3-5km,275.45454545454544,1
2020-06-27,Dallas,0-1km,726.0,2
2020-06-27,Dallas,1-2km,330.0,2
2020-06-27,Dallas,2-3km,0.0,1
2020-06-27,Houston,0-1km,192.0,2
2020-06-27,Houston,1-2km,144.0,2
2020-06-27,Houston,2-3km,96.0,1
2020-06-27,Houston,3-5km,96.0,2
2020-06-28,Dallas,0-1km,93.25,1
2020-06-28,Dallas,1-2km,186.5,1
2020-06-28,Dallas,2-3km,93.25,1
2020-06-28,Houston,0-1km,93.25,1
2020-06-28,Houston,1-2km,186.5,1
2020-06-28,Houston,5km+,93.25,1
2020-06-29,Dallas,2-3km,0.0,1
2020-06-29,Houston,0-1km,0.0,1
2020-06-29,Houston,1-2km,2530.0,2
2020-06-29,Houston,3-5km,0.0,1
2020-06-30,Dallas,0-1km,1766.5,3
2020-06-30,Dallas,1-2km,1600.5,2
2020-06-30,Dallas,2-3km,166.0,1
2020-06-30,Houston,0-1km,1091.5714285714287,2
2020-06-30,Houston,1-2km,851.1428571428571,2
2020-06-30,Houston,2-3km,203.57142857142858,1
2020-06-30,Houston,3-5km,449.57142857142856,2
2020-06-30,Houston,5km+,851.1428571428571,2
2020-07-01,Dallas,0-1km,658.0,1
2020-07-01,Dallas,2-3km,1247.0,1
2020-07-01,Dallas,3-5km,1247.0,1
2020-07-01,Houston,0-1km,1247.0,1
2020-07-01,Houston,1-2km,1576.0,2
2020-07-01,Houston,2-3km,329.0,1
2020-07-01,Houston,3-5km,394.0,1
2020-07-02,Dallas,0-1km,1122.75,3
2020-07-02,Dallas,1-2km,683.0,2
2020-07-02,Dallas,2-3km,1135.25,2
2020-07-02,Houston,0-1km,886.05,3
2020-07-02,Houston,1-2km,4270.4,4
2020-07-02,Houston,2-3km,1224.5,2
2020-07-02,Houston,3-5km,232.0,1
2020-07-02,Houston,5km+,654.05,3
2020-07-03,Dallas,0-1km,1185.6666666666667,2
2020-07-03,Dallas,1-2km,56.666666666666664,1
2020-07-03,Dallas,2-3km,1931.6666666666665,3
2020-07-03,Houston,0-1km,1129.8666666666668,3
2020-07-03,Houston,3-5km,1411.4666666666667,2
2020-07-03,Houston,5km+,56.666666666666664,1
2020-07-04,Houston,2-3km,1462.0,1
2020-07-06,Dallas,0-1km,394.0,1
2020-07-06,Dallas,1-2km,394.0,1
2020-07-06,Houston,0-1km,468.2,2
2020-07-06,Houston,1-2km,310.6,2
2020-07-06,Houston,2-3km,248.0,1
2020-07-06,Houston,5km+,468.2,2
2020-07-07,Dallas,0-1km,1605.0,2
2020-07-07,Dallas,1-2km,879.0,2
2020-07-07,Dallas,2-3km,515.0,1
2020-07-07,Dallas,3-5km,515.0,1
2020-07-07,Houston,0-1km,1806.1666666666665,4
2020-07-07,Houston,1-2km,1246.6666666666665,3
2020-07-07,Houston,2-3km,540.25,2
2020-07-07,Houston,5km+,601.9166666666666,2
2020-07-08,Dallas,0-1km,528.5,1
2020-07-08,Dallas,1-2km,606.0,1
2020-07-08,Dallas,2-3km,1153.5,2
2020-07-08,Dallas,3-5km,625.0,1
2020-07-08,Houston,0-1km,1047.8,2
2020-07-08,Houston,1-2km,625.0,1
2020-07-08,Houston,2-3km,606.0,1
2020-07-08,Houston,3-5km,634.2,1
2020-07-09,Dallas,2-3km,1091.0,1
2020-07-09,Houston,0-1km,545.5,1
2020-07-09,Houston,3-5km,272.75,1
2020-07-09,Houston,5km+,272.75,1
2020-07-10,Houston,0-1km,83.66666666666667,2
2020-07-10,Houston,1-2km,83.66666666666667,2
2020-07-10,Houston,2-3km,0.0,1
2020-07-10,Houston,5km+,83.66666666666667,1
2020-07-11,Dallas,2-3km,961.0,1
2020-07-11,Dallas,3-5km,961.0,1
2020-07-11,Houston,0-1km,961.0,1
2020-07-11,Houston,1-2km,961.0,1
2020-07-12,Dallas,0-1km,3177.625,4
2020-07-12,Dallas,1-2km,552.375,3
2020-07-12,Dallas,2-3km,1744.0,1
2020-07-12,Houston,0-1km,1881.8181818181818,3
2020-07-12,Houston,1-2km,103.36363636363636,2
2020-07-12,Houston,2-3km,1239.409090909091,2
2020-07-12,Houston,3-5km,1375.409090909091,4
2020-07-13,Dallas,0-1km,647.625,2
2020-07-13,Dallas,1-2km,294.375,2
2020-07-13,Houston,0-1km,171.27272727272728,1
2020-07-13,Houston,1-2km,128.45454545454547,1
2020-07-13,Houston,2-3km,85.63636363636364,1
2020-07-13,Houston,3-5km,85.63636363636364,1
2020-07-14,Dallas,0-1km,3224.75,3
2020-07-14,Dallas,1-2km,3340.25,4
2020-07-14,Houston,0-1km,4201.75,2
2020-07-14,Houston,1-2km,102.0,1
2020-07-14,Houston,2-3km,464.0,2
2020-07-14,Houston,3-5km,68.0,1
2020-07-14,Houston,5km+,1355.25,1
2020-07-15,Dallas,0-1km,1720.0,3
2020-07-15,Dallas,1-2km,476.33333333333337,2
2020-07-15,Dallas,2-3km,109.66666666666667,1
2020-07-15,Houston,0-1km,742.3333333333334,3
2020-07-15,Houston,1-2km,630.8333333333334,3
2020-07-15,Houston,2-3km,1191.1666666666667,3
2020-07-15,Houston,5km+,659.6666666666666,2
2020-07-16,Dallas,0-1km,1410.5,2
2020-07-16,Dallas,1-2km,764.5,1
2020-07-16,Houston,0-1km,924.5,2
2020-07-16,Houston,1-2km,1481.25,3
2020-07-16,Houston,2-3km,323.0,1
2020-07-16,Houston,5km+,382.25,1
2020-07-17,Dallas,0-1km,1593.0,1
2020-07-17,Houston,1-2km,1593.0,1
2020-07-18,Dallas,0-1km,2073.5,2
2020-07-18,Dallas,1-2km,942.5,2
2020-07-18,Houston,0-1km,1508.0,2
2020-07-18,Houston,1-2km,282.75,1
2020-07-18,Houston,2-3km,471.25,1
2020-07-18,Houston,5km+,754.0,2
2020-07-19,Dallas,0-1km,427.5,1
2020-07-19,Dallas,2-3km,142.5,2
2020-07-19,Houston,0-1km,0.0,1
2020-07-19,Houston,1-2km,0.0,1
2020-07-19,Houston,3-5km,0.0,1
2020-07-20,Dallas,0-1km,70.33333333333333,1
2020-07-20,Dallas,1-2km,70.33333333333333,1
2020-07-20,Dallas,2-3km,1069.3333333333333,3
2020-07-20,Houston,0-1km,939.5,5
2020-07-20,Houston,1-2km,158.66666666666666,2
2020-07-20,Houston,3-5km,320.0833333333333,3
2020-07-20,Houston,5km+,478.75,3
2020-07-21,Dallas,0-1km,1656.0,1
2020-07-21,Dallas,1-2km,866.0,2
2020-07-21,Dallas,2-3km,707.0,1
2020-07-21,Dallas,3-5km,707.0,1
2020-07-21,Houston,0-1km,1742.0,2
2020-07-21,Houston,1-2km,3792.0,2
2020-07-21,Houston,2-3km,969.5,2
2020-07-21,Houston,5km+,517.5,1
2020-07-22,Dallas,2-3km,1053.0,1
2020-07-22,Houston,0-1km,526.5,1
2020-07-22,Houston,3-5km,263.25,1
2020-07-22,Houston,5km+,263.25,1
2020-07-23,Houston,3-5km,262.0,1
2020-07-24,Dallas,2-3km,2143.0,1
2020-07-24,Houston,0-1km,1459.5,2
2020-07-24,Houston,1-2km,388.0,1
2020-07-24,Houston,3-5km,535.75,1
2020-07-24,Houston,5km+,923.75,2
2020-07-25,Dallas,0-1km,355.6666666666667,1
2020-07-25,Dallas,1-2km,711.3333333333334,1
2020-07-25,Houston,0-1km,355.6666666666667,1
2020-07-25,Houston,1-2km,711.3333333333334,1
2020-07-26,Dallas,0-1km,449.0,1
2020-07-26,Dallas,1-2km,449.0,1
2020-07-26,Houston,0-1km,359.2,1
2020-07-26,Houston,1-2km,179.6,1
2020-07-26,Houston,5km+,359.2,1
2020-07-27,Dallas,0-1km,833.0,2
2020-07-27,Dallas,1-2km,833.0,2
2020-07-27,Houston,0-1km,505.0,1
2020-07-27,Houston,1-2km,252.5,1
2020-07-27,Houston,5km+,252.5,1
2020-07-28,Dallas,0-1km,756.0,2
2020-07-28,Dallas,1-2km,290.0,1
2020-07-28,Houston,0-1km,1098.3333333333333,2
2020-07-28,Houston,1-2km,228.33333333333334,1
2020-07-28,Houston,5km+,228.33333333333334,1
2020-07-29,Dallas,0-1km,3114.6,3
2020-07-29,Dallas,1-2km,1502.4,3
2020-07-29,Houston,0-1km,1667.1,3
2020-07-29,Houston,1-2km,248.8,2
2020-07-29,Houston,2-3km,671.75,1
2020-07-29,Houston,3-5km,339.0,1
2020-07-29,Houston,5km+,995.35,3
2020-07-30,Dallas,0-1km,1403.1666666666665,3
2020-07-30,Dallas,1-2km,210.66666666666666,1
2020-07-30,Dallas,2-3km,471.16666666666663,2
2020-07-30,Houston,0-1km,210.66666666666666,1
2020-07-30,Houston,1-2km,416.16666666666663,2
2020-07-30,Houston,2-3km,205.5,1
2020-07-30,Houston,3-5km,178.0,1
2020-07-30,Houston,5km+,210.66666666666666,1
2020-07-31,Dallas,0-1km,816.6666666666666,2
2020-07-31,Dallas,1-2km,157.66666666666666,1
2020-07-31,Dallas,2-3km,157.66666666666666,1
2020-07-31,Houston,0-1km,157.66666666666666,1
2020-07-31,Houston,1-2km,487.16666666666663,2
2020-07-31,Houston,2-3km,329.5,1
2020-07-31,Houston,5km+,157.66666666666666,1
2020-08-01,Dallas,0-1km,1125.75,3
2020-08-01,Dallas,1-2km,197.0,2
2020-08-01,Dallas,2-3km,756.25,2
2020-08-01,Dallas,3-5km,686.0,1
2020-08-01,Houston,0-1km,756.25,2
2020-08-01,Houston,1-2km,1439.0,4
2020-08-01,Houston,2-3km,499.5,1
2020-08-01,Houston,5km+,70.25,1
2020-08-02,Dallas,0-1km,782.0,1
2020-08-02,Houston,0-1km,0.0,1
2020-08-02,Houston,1-2km,0.0,1
2020-08-02,Houston,3-5km,0.0,1
2020-08-03,Dallas,0-1km,2457.4166666666665,4
2020-08-03,Dallas,1-2km,805.9166666666666,3
2020-08-03,Dallas,2-3km,169.66666666666666,1
2020-08-03,Houston,0-1km,539.8484848484849,2
2020-08-03,Houston,1-2km,891.3030303030303,3
2020-08-03,Houston,2-3km,629.0909090909091,2
2020-08-03,Houston,3-5km,185.0909090909091,1
2020-08-03,Houston,5km+,169.66666666666666,1
2020-08-04,Dallas,0-1km,36.5,1
2020-08-04,Dallas,1-2km,36.5,1
2020-08-04,Houston,0-1km,0.0,1
2020-08-04,Houston,1-2km,73.0,2
2020-08-04,Houston,3-5km,228.0,2
2020-08-04,Houston,5km+,874.0,1
2020-08-05,Dallas,0-1km,1887.125,3
2020-08-05,Dallas,1-2km,631.875,2
2020-08-05,Houston,0-1km,494.96969696969694,2
2020-08-05,Houston,1-2km,403.06060606060606,2
2020-08-05,Houston,2-3km,311.1515151515151,2
2020-08-05,Houston,3-5km,183.8181818181818,1
2020-08-06,Dallas,0-1km,953.6666666666666,3
2020-08-06,Dallas,1-2km,1119.6666666666667,2
2020-08-06,Dallas,2-3km,796.6666666666666,2
2020-08-06,Houston,0-1km,1039.1999999999998,3
2020-08-06,Houston,1-2km,177.66666666666666,1
2020-08-06,Houston,2-3km,366.3333333333333,1
2020-08-06,Houston,3-5km,925.9666666666666,2
2020-08-06,Houston,5km+,360.8333333333333,2
2020-08-07,Dallas,2-3km,114.0,1
2020-08-07,Houston,0-1km,76.0,1
2020-08-07,Houston,2-3km,38.0,1
2020-08-07,Houston,3-5km,235.0,1
2020-08-08,Dallas,0-1km,3076.0,3
2020-08-08,Dallas,1-2km,2659.0,3
2020-08-08,Houston,0-1km,2513.681818181818,2
2020-08-08,Houston,1-2km,1307.3863636363635,2
2020-08-08,Houston,2-3km,101.0909090909091,1
2020-08-08,Houston,3-5km,101.0909090909091,1
2020-08-08,Houston,5km+,1155.75,1
2020-08-09,Dallas,0-1km,883.1666666666666,2
2020-08-09,Dallas,1-2km,883.1666666666666,2
2020-08-09,Dallas,2-3km,39.666666666666664,1
2020-08-09,Houston,0-1km,158.66666666666666,2
2020-08-09,Houston,2-3km,525.0,1
2020-08-09,Houston,3-5km,39.666666666666664,1
2020-08-09,Houston,5km+,39.666666666666664,1
2020-08-10,Dallas,1-2km,976.0,1
2020-08-10,Houston,2-3km,976.0,1
2020-08-10,Houston,3-5km,271.0,1
2020-08-11,Dallas,0-1km,1579.0,2
2020-08-11,Dallas,1-2km,1589.0,2
2020-08-11,Houston,0-1km,2102.0,2
2020-08-11,Houston,1-2km,1594.0,2
2020-08-12,Dallas,0-1km,974.0,1
2020-08-12,Dallas,1-2km,487.0,1
2020-08-12,Houston,0-1km,730.5,1
2020-08-12,Houston,1-2km,1794.0,1
2020-08-12,Houston,5km+,730.5,1
2020-08-13,Dallas,0-1km,2389.3,2
2020-08-13,Dallas,1-2km,1002.7,2
2020-08-13,Houston,0-1km,1396.5,2
2020-08-13,Houston,2-3km,577.75,1
2020-08-13,Houston,5km+,577.75,1
2020-08-14,Dallas,0-1km,1406.625,3
2020-08-14,Dallas,1-2km,404.375,2
2020-08-14,Houston,0-1km,235.27272727272728,1
2020-08-14,Houston,1-2km,176.45454545454547,1
2020-08-14,Houston,2-3km,117.63636363636364,1
2020-08-14,Houston,3-5km,117.63636363636364,1
2020-08-15,Dallas,0-1km,5963.675,6
2020-08-15,Dallas,1-2km,2559.325,5
2020-08-15,Dallas,2-3km,67.0,1
2020-08-15,Houston,0-1km,1915.6666666666665,4
2020-08-15,Houston,1-2km,1701.5,3
2020-08-15,Houston,2-3km,619.3333333333333,3
2020-08-15,Houston,3-5km,358.0,1
2020-08-15,Houston,5km+,2026.5,3
2020-08-16,Dallas,0-1km,218.66666666666666,1
2020-08-16,Dallas,1-2km,218.66666666666666,1
2020-08-16,Dallas,2-3km,218.66666666666666,1
2020-08-16,Houston,0-1km,1427.0,2
2020-08-16,Houston,1-2km,164.0,1
2020-08-16,Houston,2-3km,2324.0,2
2020-08-16,Houston,3-5km,172.0,1
2020-08-17,Dallas,0-1km,1183.0,2
2020-08-17,Dallas,1-2km,822.0,1
2020-08-17,Houston,0-1km,1046.0,2
2020-08-17,Houston,1-2km,591.5,2
2020-08-17,Houston,2-3km,180.5,1
2020-08-17,Houston,3-5km,325.0,1
2020-08-17,Houston,5km+,411.0,1
2020-08-18,Dallas,0-1km,482.0,1
2020-08-18,Houston,0-1km,1369.0,1
2020-08-19,Dallas,0-1km,615.5,2
2020-08-19,Dallas,1-2km,175.5,1
2020-08-19,Dallas,2-3km,504.0,2
2020-08-19,Houston,0-1km,535.0666666666666,3
2020-08-19,Houston,1-2km,70.2,1
2020-08-19,Houston,2-3km,21.333333333333332,1
2020-08-19,Houston,3-5km,528.0,1
2020-08-19,Houston,5km+,140.4,1
2020-08-21,Dallas,0-1km,458.41666666666663,4
2020-08-21,Dallas,1-2km,586.1666666666666,4
2020-08-21,Dallas,2-3km,367.41666666666663,2
2020-08-21,Houston,0-1km,367.41666666666663,2
2020-08-21,Houston,1-2km,535.1666666666666,3
2020-08-21,Houston,5km+,367.41666666666663,2
2020-08-22,Dallas,2-3km,1749.0,1
2020-08-22,Houston,1-2km,1873.0,1
2020-08-23,Dallas,0-1km,357.0,1
2020-08-23,Dallas,1-2km,2142.0,1
2020-08-23,Houston,0-1km,833.0,1
2020-08-23,Houston,2-3km,833.0,1
2020-08-23,Houston,3-5km,416.5,1
2020-08-23,Houston,5km+,416.5,1
2020-08-24,Dallas,0-1km,934.5,3
2020-08-24,Dallas,1-2km,25.5,1
2020-08-24,Dallas,2-3km,349.0,1
2020-08-24,Houston,0-1km,280.0,1
2020-08-24,Houston,1-2km,51.0,1
2020-08-24,Houston,5km+,280.0,1
2020-08-25,Dallas,0-1km,232.0,1
2020-08-25,Dallas,1-2km,464.0,1
2020-08-25,Dallas,2-3km,771.0,1
2020-08-25,Houston,0-1km,232.0,1
2020-08-25,Houston,1-2km,464.0,1
2020-08-26,Dallas,0-1km,1532.6666666666667,2
2020-08-26,Dallas,1-2km,643.3333333333334,1
2020-08-26,Dallas,2-3km,1966.0,1
2020-08-26,Houston,0-1km,2025.6666666666665,3
2020-08-26,Houston,1-2km,200.66666666666669,2
2020-08-26,Houston,2-3km,123.0,1
2020-08-26,Houston,3-5km,491.5,1
2020-08-26,Houston,5km+,1534.1666666666667,3
2020-08-27,Dallas,0-1km,73.25,1
2020-08-27,Dallas,1-2km,146.5,1
2020-08-27,Dallas,2-3km,666.25,2
2020-08-27,Dallas,3-5km,593.0,1
2020-08-27,Houston,0-1km,848.5833333333334,3
2020-08-27,Houston,1-2km,921.8333333333334,3
2020-08-27,Houston,3-5km,235.0,1
2020-08-27,Houston,5km+,255.58333333333334,2
2020-08-28,Dallas,0-1km,868.3333333333334,2
2020-08-28,Dallas,1-2km,527.3333333333334,2
2020-08-28,Dallas,2-3km,186.33333333333334,1
2020-08-28,Houston,0-1km,1209.3333333333333,2
2020-08-28,Houston,1-2km,299.33333333333337,2
2020-08-28,Houston,3-5km,205.0,1
2020-08-28,Houston,5km+,186.33333333333334,1
2020-08-29,Dallas,0-1km,486.0,1
2020-08-29,Dallas,2-3km,486.0,1
2020-08-30,Dallas,0-1km,837.5,3
2020-08-30,Dallas,1-2km,837.5,3
2020-08-30,Houston,0-1km,734.3,2
2020-08-30,Houston,1-2km,367.15,2
2020-08-30,Houston,3-5km,316.0,1
2020-08-30,Houston,5km+,429.55,2
2020-08-31,Dallas,0-1km,28.333333333333332,1
2020-08-31,Dallas,1-2km,28.333333333333332,1
2020-08-31,Dallas,2-3km,28.333333333333332,1
2020-08-31,Dallas,3-5km,1612.0,1
2020-08-31,Houston,0-1km,113.33333333333333,2
2020-08-31,Houston,2-3km,506.0,1
2020-08-31,Houston,3-5km,28.333333333333332,1
2020-08-31,Houston,5km+,28.333333333333332,1
2020-09-01,Dallas,0-1km,424.6666666666667,1
2020-09-01,Dallas,1-2km,849.3333333333334,1
2020-09-01,Houston,0-1km,424.6666666666667,1
2020-09-01,Houston,1-2km,849.3333333333334,1
2020-09-01,Houston,3-5km,383.0,1
2020-09-02,Dallas,0-1km,2659.0,3
2020-09-02,Dallas,1-2km,556.0,1
2020-09-02,Houston,0-1km,1390.0,2
2020-09-02,Houston,1-2km,208.5,2
2020-09-02,Houston,2-3km,903.5,2
2020-09-02,Houston,3-5km,0.0,1
2020-09-02,Houston,5km+,695.0,1
2020-09-03,Dallas,0-1km,719.5,2
2020-09-03,Dallas,1-2km,140.5,1
2020-09-03,Dallas,2-3km,193.0,1
2020-09-03,Houston,0-1km,242.4,2
2020-09-03,Houston,1-2km,855.2,3
2020-09-03,Houston,5km+,242.4,2
2020-09-04,Dallas,0-1km,2420.0,1
2020-09-04,Dallas,1-2km,605.0,1
2020-09-04,Dallas,2-3km,91.0,1
2020-09-04,Houston,0-1km,1573.1666666666667,2
2020-09-04,Houston,2-3km,786.5833333333334,2
2020-09-04,Houston,5km+,756.25,1
2020-09-05,Dallas,0-1km,518.5,1
2020-09-05,Dallas,1-2km,518.5,1
2020-09-05,Houston,0-1km,414.8,1
2020-09-05,Houston,1-2km,207.4,1
2020-09-05,Houston,5km+,414.8,1
2020-09-06,Dallas,0-1km,1796.125,3
2020-09-06,Dallas,1-2km,596.875,2
2020-09-06,Houston,0-1km,347.27272727272725,2
2020-09-06,Houston,1-2km,501.95454545454544,3
2020-09-06,Houston,2-3km,415.1363636363636,2
2020-09-06,Houston,3-5km,173.63636363636363,2
2020-09-07,Dallas,0-1km,2937.0666666666666,3
2020-09-07,Dallas,1-2km,1297.9333333333332,2
2020-09-07,Houston,0-1km,1110.1666666666665,2
2020-09-07,Houston,1-2km,1067.3333333333333,1
2020-09-07,Houston,2-3km,288.25,1
2020-09-07,Houston,5km+,288.25,1
2020-09-08,Dallas,0-1km,726.0,2
2020-09-08,Dallas,1-2km,492.0,2
2020-09-08,Dallas,2-3km,86.0,1
2020-09-08,Houston,0-1km,1046.0,2
2020-09-08,Houston,1-2km,172.0,1
2020-09-08,Houston,5km+,86.0,1
2020-09-09,Dallas,0-1km,1771.6666666666665,3
2020-09-09,Dallas,1-2km,1802.3333333333333,2
2020-09-09,Dallas,2-3km,1387.0,2
2020-09-09,Houston,0-1km,2041.6666666666665,4
2020-09-09,Houston,1-2km,1536.8333333333333,2
2020-09-09,Houston,3-5km,921.5,2
2020-09-09,Houston,5km+,461.0,2
2020-09-10,Dallas,0-1km,580.6666666666667,2
2020-09-10,Dallas,1-2km,1161.3333333333335,2
2020-09-10,Dallas,2-3km,283.0,2
2020-09-10,Houston,0-1km,2473.3333333333335,4
2020-09-10,Houston,1-2km,1161.3333333333335,2
2020-09-10,Houston,2-3km,59.333333333333336,1
2020-09-10,Houston,5km+,105.0,1
2020-09-11,Dallas,2-3km,865.5,1
2020-09-11,Dallas,3-5km,865.5,1
2020-09-11,Houston,0-1km,865.5,1
2020-09-11,Houston,1-2km,3299.5,2
2020-09-12,Dallas,0-1km,673.0,1
2020-09-12,Houston,0-1km,281.6666666666667,1
2020-09-12,Houston,1-2km,618.1666666666667,2
2020-09-12,Houston,2-3km,618.1666666666667,2
2020-09-13,Dallas,0-1km,5097.875,4
2020-09-13,Dallas,1-2km,2049.125,3
2020-09-13,Dallas,2-3km,1845.5,2
2020-09-13,Dallas,3-5km,1424.5,1
2020-09-13,Houston,0-1km,2739.118181818182,3
2020-09-13,Houston,1-2km,2298.2636363636366,3
2020-09-13,Houston,2-3km,566.909090909091,2
2020-09-13,Houston,3-5km,432.90909090909093,1
2020-09-13,Houston,5km+,448.8,1
2020-09-14,Dallas,0-1km,2353.3333333333335,4
2020-09-14,Dallas,1-2km,1446.3333333333335,3
2020-09-14,Dallas,2-3km,70.33333333333333,1
2020-09-14,Houston,0-1km,1509.3333333333333,4
2020-09-14,Houston,1-2km,1228.5,2
2020-09-14,Houston,2-3km,392.5,1
2020-09-14,Houston,3-5km,70.33333333333333,1
2020-09-14,Houston,5km+,880.3333333333334,2
2020-09-15,Dallas,0-1km,749.0,1
2020-09-15,Dallas,2-3km,749.0,1
2020-09-15,Houston,0-1km,599.2,1
2020-09-15,Houston,3-5km,898.8,1
2020-09-16,Dallas,0-1km,3243.75,3
2020-09-16,Dallas,1-2km,567.0,1
2020-09-16,Dallas,2-3km,2125.25,2
2020-09-16,Houston,0-1km,2311.5,3
2020-09-16,Houston,3-5km,449.25,1
2020-09-16,Houston,5km+,1862.25,3
2020-09-17,Dallas,0-1km,559.0,1
2020-09-17,Houston,0-1km,229.0,1
2020-09-17,Houston,1-2km,3409.5,3
2020-09-17,Houston,2-3km,279.5,1
2020-09-17,Houston,5km+,229.0,1
2020-09-18,Dallas,0-1km,726.0,1
2020-09-18,Dallas,2-3km,242.0,1
2020-09-19,Dallas,0-1km,3534.0,3
2020-09-19,Dallas,1-2km,389.0,1
2020-09-19,Dallas,2-3km,389.0,1
2020-09-19,Houston,0-1km,2206.0,2
2020-09-19,Houston,1-2km,3220.0,3
2020-09-19,Houston,2-3km,2064.0,2
2020-09-19,Houston,5km+,389.0,1
2020-09-20,Houston,0-1km,0.0,1
2020-09-20,Houston,1-2km,0.0,1
2020-09-20,Houston,3-5km,0.0,1
2020-09-21,Dallas,0-1km,4097.683333333333,5
2020-09-21,Dallas,1-2km,1577.3166666666666,4
2020-09-21,Dallas,2-3km,890.5,2
2020-09-21,Dallas,3-5km,578.5,1
2020-09-21,Houston,0-1km,9368.545454545454,5
2020-09-21,Houston,1-2km,919.409090909091,2
2020-09-21,Houston,2-3km,1148.0227272727273,3
2020-09-21,Houston,3-5km,227.27272727272728,1
2020-09-21,Houston,5km+,296.75,1
2020-09-22,Dallas,2-3km,902.0,1
2020-09-22,Dallas,3-5km,902.0,1
2020-09-22,Houston,0-1km,902.0,1
2020-09-22,Houston,1-2km,902.0,1
2020-09-23,Dallas,0-1km,1750.875,4
2020-09-23,Dallas,1-2km,831.125,3
2020-09-23,Dallas,2-3km,565.0,1
2020-09-23,Houston,0-1km,707.5,2
2020-09-23,Houston,1-2km,396.75,2
2020-09-23,Houston,2-3km,86.0,1
2020-09-23,Houston,3-5km,534.0,2
2020-09-23,Houston,5km+,267.75,1
2020-09-25,Dallas,0-1km,1906.0,1
2020-09-25,Houston,0-1km,953.0,1
2020-09-25,Houston,5km+,953.0,1
2020-09-26,Dallas,0-1km,384.0,1
2020-09-26,Houston,0-1km,93.33333333333333,1
2020-09-26,Houston,1-2km,285.3333333333333,2
2020-09-26,Houston,2-3km,285.3333333333333,2
2020-09-27,Dallas,0-1km,578.0,1
2020-09-27,Houston,1-2km,289.0,1
2020-09-27,Houston,2-3km,289.0,1
2020-09-28,Dallas,0-1km,275.3333333333333,1
2020-09-28,Dallas,1-2km,550.6666666666666,1
2020-09-28,Dallas,2-3km,573.0,1
2020-09-28,Dallas,3-5km,573.0,1
2020-09-28,Houston,0-1km,848.3333333333333,2
2020-09-28,Houston,1-2km,1123.6666666666665,2
2020-09-29,Dallas,0-1km,1014.75,2
2020-09-29,Dallas,1-2km,818.25,3
2020-09-29,Dallas,2-3km,357.0,1
2020-09-29,Houston,0-1km,268.3636363636364,1
2020-09-29,Houston,1-2km,201.27272727272728,1
2020-09-29,Houston,2-3km,134.1818181818182,1
2020-09-29,Houston,3-5km,134.1818181818182,1
2020-09-30,Dallas,0-1km,2580.2,2
2020-09-30,Dallas,1-2km,519.8,1
2020-09-30,Houston,0-1km,1299.5,1
2020-09-30,Houston,1-2km,250.5,1
2020-09-30,Houston,2-3km,900.25,2
2020-09-30,Houston,5km+,649.75,1
2020-10-01,Dallas,1-2km,1110.0,1
2020-10-01,Houston,2-3km,1110.0,1
2020-10-02,Dallas,0-1km,2958.1428571428573,4
2020-10-02,Dallas,1-2km,3104.857142857143,4
2020-10-02,Dallas,2-3km,1261.0,1
2020-10-02,Houston,0-1km,4044.4666666666667,4
2020-10-02,Houston,1-2km,1253.0666666666668,2
2020-10-02,Houston,2-3km,266.3333333333333,1
2020-10-02,Houston,3-5km,133.16666666666666,1
2020-10-02,Houston,5km+,365.9666666666667,2
2020-10-03,Dallas,0-1km,1326.6666666666667,2
2020-10-03,Dallas,1-2km,366.6666666666667,2
2020-10-03,Dallas,2-3km,243.66666666666666,2
2020-10-03,Houston,0-1km,1118.0,4
2020-10-03,Houston,2-3km,465.6666666666667,2
2020-10-03,Houston,3-5km,378.6666666666667,2
2020-10-03,Houston,5km+,446.6666666666667,2
2020-10-04,Dallas,0-1km,2096.6666666666665,2
2020-10-04,Dallas,1-2km,2096.6666666666665,2
2020-10-04,Dallas,2-3km,46.666666666666664,1
2020-10-04,Houston,0-1km,3261.6666666666665,3
2020-10-04,Houston,3-5km,249.66666666666666,2
2020-10-04,Houston,5km+,1071.6666666666667,2
2020-10-05,Dallas,0-1km,2202.25,4
2020-10-05,Dallas,1-2km,185.0,2
2020-10-05,Dallas,2-3km,1382.75,3
2020-10-05,Houston,0-1km,630.75,2
2020-10-05,Houston,1-2km,957.5,3
2020-10-05,Houston,2-3km,747.0,1
2020-10-05,Houston,3-5km,275.5,1
2020-10-05,Houston,5km+,355.25,2
2020-10-07,Dallas,0-1km,4070.45,3
2020-10-07,Dallas,1-2km,1579.55,3
2020-10-07,Houston,0-1km,1553.5454545454545,2
2020-10-07,Houston,1-2km,544.9090909090909,1
2020-10-07,Houston,2-3km,776.7727272727273,2
2020-10-07,Houston,3-5km,363.27272727272725,1
2020-10-07,Houston,5km+,413.5,1
2020-10-08,Dallas,0-1km,1029.5,1
2020-10-08,Dallas,1-2km,1029.5,1
2020-10-08,Houston,0-1km,1544.25,1
2020-10-08,Houston,5km+,514.75,1
2020-10-09,Dallas,0-1km,581.5,2
2020-10-09,Dallas,1-2km,571.5,1
2020-10-09,Houston,0-1km,571.5,1
2020-10-09,Houston,1-2km,285.75,1
2020-10-09,Houston,2-3km,1908.0,1
2020-10-09,Houston,3-5km,961.0,1
2020-10-09,Houston,5km+,285.75,1
2020-10-10,Dallas,0-1km,2428.1785714285716,5
2020-10-10,Dallas,1-2km,2650.5714285714284,5
2020-10-10,Dallas,2-3km,171.25,1
2020-10-10,Houston,0-1km,1214.189393939394,3
2020-10-10,Houston,1-2km,869.9545454545455,3
2020-10-10,Houston,2-3km,783.3030303030303,2
2020-10-10,Houston,3-5km,521.469696969697,2
2020-10-10,Houston,5km+,433.0833333333333,2
2020-10-11,Dallas,0-1km,1249.375,3
2020-10-11,Dallas,1-2km,1238.625,3
2020-10-11,Houston,0-1km,649.6363636363636,2
2020-10-11,Houston,1-2km,1029.7272727272727,2
2020-10-11,Houston,2-3km,107.81818181818181,1
2020-10-11,Houston,3-5km,107.81818181818181,1
2020-10-12,Dallas,0-1km,1035.6666666666665,2
2020-10-12,Dallas,1-2km,699.3333333333333,2
2020-10-12,Dallas,2-3km,121.0,1
2020-10-12,Houston,0-1km,807.0,2
2020-10-12,Houston,1-2km,4345.0,2
2020-10-12,Houston,5km+,807.0,2
2020-10-13,Dallas,0-1km,116.25,2
2020-10-13,Dallas,1-2km,1734.5,3
2020-10-13,Dallas,2-3km,83.25,2
2020-10-13,Houston,0-1km,83.25,2
2020-10-13,Houston,1-2km,1767.5,4
2020-10-13,Houston,3-5km,0.0,1
2020-10-13,Houston,5km+,83.25,1
2020-10-14,Dallas,0-1km,376.0,1
2020-10-14,Dallas,1-2km,376.0,1
2020-10-14,Dallas,2-3km,376.0,1
2020-10-14,Houston,0-1km,564.0,1
2020-10-14,Houston,1-2km,282.0,1
2020-10-14,Houston,2-3km,282.0,1
2020-10-15,Dallas,0-1km,560.0,2
2020-10-15,Dallas,1-2km,114.0,1
2020-10-15,Dallas,2-3km,114.0,1
2020-10-15,Houston,0-1km,365.0,3
2020-10-15,Houston,1-2km,337.0,3
2020-10-15,Houston,2-3km,223.0,1
2020-10-15,Houston,3-5km,0.0,1
2020-10-15,Houston,5km+,114.0,1
2020-10-16,Dallas,0-1km,494.0,1
2020-10-16,Dallas,1-2km,988.0,1
2020-10-16,Houston,0-1km,494.0,1
2020-10-16,Houston,1-2km,988.0,1
2020-10-17,Dallas,0-1km,740.0,1
2020-10-17,Dallas,1-2km,1480.0,1
2020-10-17,Houston,0-1km,740.0,1
2020-10-17,Houston,1-2km,1480.0,1
2020-10-18,Dallas,1-2km,232.0,1
2020-10-18,Dallas,2-3km,232.0,1
2020-10-19,Dallas,2-3km,2025.0,2
2020-10-19,Dallas,3-5km,668.0,1
2020-10-19,Houston,0-1km,1346.5,2
2020-10-19,Houston,1-2km,668.0,1
2020-10-19,Houston,3-5km,339.25,1
2020-10-19,Houston,5km+,339.25,1
2020-10-21,Houston,0-1km,155.66666666666666,1
2020-10-21,Houston,1-2km,155.66666666666666,1
2020-10-21,Houston,5km+,155.66666666666666,1
2020-10-22,Dallas,0-1km,300.0,1
2020-10-22,Dallas,1-2km,300.0,1
2020-10-22,Houston,0-1km,240.0,1
2020-10-22,Houston,1-2km,120.0,1
2020-10-22,Houston,5km+,240.0,1
2020-10-23,Houston,0-1km,0.0,1
2020-10-23,Houston,1-2km,0.0,1
2020-10-23,Houston,3-5km,0.0,1
2020-10-24,Dallas,0-1km,1324.0,1
2020-10-24,Dallas,2-3km,3251.0,1
2020-10-24,Houston,0-1km,1625.5,1
2020-10-24,Houston,1-2km,662.0,1
2020-10-24,Houston,2-3km,662.0,1
2020-10-24,Houston,3-5km,812.75,1
2020-10-24,Houston,5km+,812.75,1
2020-10-26,Dallas,0-1km,301.3333333333333,1
2020-10-26,Dallas,1-2km,602.6666666666666,1
2020-10-27,Dallas,0-1km,380.5,1
2020-10-27,Dallas,1-2km,380.5,1
2020-10-27,Dallas,2-3km,124.0,1
2020-10-27,Houston,0-1km,463.1666666666667,2
2020-10-27,Houston,1-2km,2653.25,2
2020-10-27,Houston,2-3km,41.333333333333336,1
2020-10-27,Houston,5km+,190.25,1
2020-10-28,Dallas,0-1km,1594.7,2
2020-10-28,Dallas,1-2km,222.8,1
2020-10-28,Dallas,2-3km,703.5,1
2020-10-28,Houston,0-1km,1119.8,2
2020-10-28,Houston,2-3km,278.5,1
2020-10-28,Houston,3-5km,844.2,1
2020-10-28,Houston,5km+,278.5,1
2020-10-29,Dallas,0-1km,610.5833333333334,3
2020-10-29,Dallas,1-2km,689.8333333333334,3
2020-10-29,Dallas,2-3km,298.58333333333337,2
2020-10-29,Houston,0-1km,548.1833333333334,3
2020-10-29,Houston,1-2km,502.6333333333333,3
2020-10-29,Houston,3-5km,247.0,1
2020-10-29,Houston,5km+,548.1833333333334,3
2020-10-30,Dallas,0-1km,392.0,1
2020-10-30,Houston,0-1km,11335.666666666666,3
2020-10-30,Houston,1-2km,255.66666666666666,1
2020-10-30,Houston,2-3km,1526.0,1
2020-10-30,Houston,5km+,255.66666666666666,1
2020-10-31,Dallas,0-1km,384.42857142857144,1
2020-10-31,Dallas,1-2km,2306.5714285714284,1
2020-10-31,Houston,0-1km,897.0,1
2020-10-31,Houston,2-3km,897.0,1
2020-10-31,Houston,3-5km,448.5,1
2020-10-31,Houston,5km+,448.5,1
2020-11-01,Dallas,0-1km,184.33333333333334,1
2020-11-01,Dallas,1-2km,184.33333333333334,1
2020-11-01,Dallas,2-3km,184.33333333333334,1
2020-11-01,Houston,0-1km,184.33333333333334,1
2020-11-01,Houston,1-2km,956.3333333333334,2
2020-11-01,Houston,5km+,184.33333333333334,1
2020-11-02,Dallas,0-1km,942.125,3
2020-11-02,Dallas,1-2km,416.875,2
2020-11-02,Houston,0-1km,242.54545454545453,1
2020-11-02,Houston,1-2km,181.9090909090909,1
2020-11-02,Houston,2-3km,121.27272727272727,1
2020-11-02,Houston,3-5km,121.27272727272727,1
2020-11-03,Dallas,0-1km,3233.5,3
2020-11-03,Dallas,1-2km,1297.5,2
2020-11-03,Houston,0-1km,754.9090909090909,1
2020-11-03,Houston,1-2km,755.6818181818181,2
2020-11-03,Houston,2-3km,566.9545454545455,2
2020-11-03,Houston,3-5km,377.45454545454544,1
2020-11-04,Dallas,1-2km,1059.0,1
2020-11-04,Houston,2-3km,1059.0,1
2020-11-05,Houston,3-5km,358.0,1
2020-11-06,Dallas,0-1km,401.0,1
2020-11-06,Dallas,2-3km,2256.0,1
2020-11-06,Houston,0-1km,1128.0,1
2020-11-06,Houston,1-2km,200.5,1
2020-11-06,Houston,2-3km,200.5,1
2020-11-06,Houston,3-5km,564.0,1
2020-11-06,Houston,5km+,564.0,1
2020-11-07,Dallas,0-1km,1480.6666666666667,1
2020-11-07,Dallas,1-2km,740.3333333333334,1
2020-11-07,Houston,0-1km,1110.5,1
2020-11-07,Houston,2-3km,4173.0,1
2020-11-07,Houston,5km+,1110.5,1
2020-11-08,Dallas,0-1km,1655.0,1
2020-11-08,Houston,0-1km,827.5,2
2020-11-08,Houston,1-2km,0.0,1
2020-11-08,Houston,3-5km,0.0,1
2020-11-08,Houston,5km+,827.5,1
2020-11-09,Dallas,2-3km,71.0,1
2020-11-09,Houston,0-1km,47.333333333333336,1
2020-11-09,Houston,2-3km,23.666666666666668,1
2020-11-09,Houston,3-5km,377.0,1
2020-11-10,Houston,3-5km,300.0,1
2020-11-11,Dallas,0-1km,1327.0,2
2020-11-11,Dallas,2-3km,0.0,1
2020-11-11,Houston,0-1km,392.5,2
2020-11-11,Houston,1-2km,271.0,2
2020-11-11,Houston,2-3km,271.0,1
2020-11-11,Houston,3-5km,0.0,1
2020-11-11,Houston,5km+,392.5,1
2020-11-12,Dallas,0-1km,530.5,1
2020-11-12,Dallas,2-3km,530.5,1
2020-11-12,Houston,0-1km,424.4,2
2020-11-12,Houston,1-2km,0.0,1
2020-11-12,Houston,3-5km,636.6,2
2020-11-13,Dallas,0-1km,814.3333333333334,1
2020-11-13,Dallas,1-2km,1628.6666666666667,1
2020-11-13,Houston,0-1km,1433.3333333333335,3
2020-11-13,Houston,1-2km,1628.6666666666667,1
2020-11-14,Dallas,2-3km,0.0,1
2020-11-14,Houston,0-1km,0.0,1
2020-11-14,Houston,1-2km,0.0,1
2020-11-14,Houston,3-5km,0.0,1
2020-11-15,Dallas,1-2km,145.0,1
2020-11-17,Dallas,2-3km,862.0,1
2020-11-17,Houston,0-1km,431.0,1
2020-11-17,Houston,3-5km,418.5,2
2020-11-17,Houston,5km+,215.5,1
2020-11-18,Dallas,0-1km,1312.3333333333333,2
2020-11-18,Dallas,1-2km,673.6666666666666,2
2020-11-18,Houston,0-1km,958.0,1
2020-11-18,Houston,1-2km,70.0,1
2020-11-18,Houston,5km+,958.0,1
2020-11-19,Dallas,0-1km,202.16666666666669,2
2020-11-19,Dallas,1-2km,322.6666666666667,2
2020-11-19,Dallas,2-3km,202.16666666666669,2
2020-11-19,Houston,0-1km,202.16666666666669,2
2020-11-19,Houston,1-2km,2004.6666666666667,4
2020-11-19,Houston,2-3km,492.0,1
2020-11-19,Houston,5km+,202.16666666666669,2
2020-11-20,Dallas,0-1km,156.33333333333334,1
2020-11-20,Dallas,1-2km,156.33333333333334,1
2020-11-20,Dallas,2-3km,156.33333333333334,1
2020-11-20,Houston,0-1km,156.33333333333334,1
2020-11-20,Houston,1-2km,156.33333333333334,1
2020-11-20,Houston,5km+,156.33333333333334,1
2020-11-21,Dallas,0-1km,829.5,2
2020-11-21,Dallas,1-2km,829.5,2
2020-11-21,Dallas,2-3km,351.0,1
2020-11-21,Houston,0-1km,1207.9666666666667,4
2020-11-21,Houston,1-2km,753.3166666666666,4
2020-11-21,Houston,2-3km,399.25,2
2020-11-21,Houston,5km+,545.4666666666667,2
2020-11-22,Dallas,0-1km,906.125,2
2020-11-22,Dallas,1-2km,411.875,2
2020-11-22,Houston,0-1km,239.63636363636363,1
2020-11-22,Houston,1-2km,179.72727272727272,1
2020-11-22,Houston,2-3km,119.81818181818181,1
2020-11-22,Houston,3-5km,119.81818181818181,1
2020-11-23,Dallas,0-1km,1324.6666666666665,2
2020-11-23,Dallas,1-2km,1065.3333333333333,1
2020-11-23,Dallas,2-3km,264.0,1
2020-11-23,Houston,0-1km,532.6666666666666,1
2020-11-23,Houston,1-2km,1065.3333333333333,1
2020-11-24,Dallas,0-1km,1014.0,1
2020-11-24,Dallas,1-2km,1014.0,1
2020-11-24,Houston,0-1km,289.7142857142857,2
2020-11-24,Houston,1-2km,579.4285714285714,2
2020-11-24,Houston,2-3km,289.7142857142857,1
2020-11-24,Houston,3-5km,289.7142857142857,2
2020-11-24,Houston,5km+,579.4285714285714,1
2020-11-26,Dallas,0-1km,9.0,1
2020-11-26,Dallas,2-3km,1242.0,1
2020-11-26,Dallas,3-5km,1242.0,1
2020-11-26,Houston,0-1km,1242.0,1
2020-11-26,Houston,1-2km,1246.5,2
2020-11-26,Houston,2-3km,4.5,1
2020-11-27,Dallas,0-1km,76.0,1
2020-11-27,Dallas,1-2km,1882.0,2
2020-11-27,Dallas,2-3km,76.0,1
2020-11-27,Houston,0-1km,28812.0,3
2020-11-27,Houston,2-3km,1806.0,1
2020-11-27,Houston,3-5km,76.0,1
2020-11-27,Houston,5km+,76.0,1
2020-11-28,Dallas,2-3km,1913.5,1
2020-11-28,Dallas,3-5km,1913.5,1
2020-11-28,Houston,0-1km,1913.5,1
2020-11-28,Houston,1-2km,1913.5,1
2020-11-29,Dallas,0-1km,822.0,1
2020-11-30,Dallas,0-1km,629.0,1
2020-11-30,Houston,1-2km,314.5,1
2020-11-30,Houston,2-3km,314.5,1
2020-12-01,Dallas,0-1km,2048.5,2
2020-12-01,Dallas,1-2km,686.5,1
2020-12-01,Dallas,2-3km,296.0,1
2020-12-01,Houston,0-1km,393.4761904761905,2
2020-12-01,Houston,1-2km,392.2857142857143,1
2020-12-01,Houston,2-3km,294.8095238095238,2
2020-12-01,Houston,3-5km,196.14285714285714,1
2020-12-01,Houston,5km+,1754.2857142857142,2
2020-12-02,Dallas,0-1km,1209.5,2
2020-12-02,Dallas,1-2km,304.5,1
2020-12-02,Houston,0-1km,243.6,1
2020-12-02,Houston,1-2km,574.3,2
2020-12-02,Houston,2-3km,452.5,1
2020-12-02,Houston,3-5km,282.0,1
2020-12-02,Houston,5km+,243.6,1
2020-12-03,Dallas,2-3km,3412.0,2
2020-12-03,Dallas,3-5km,1233.0,1
2020-12-03,Houston,0-1km,2489.5,3
2020-12-03,Houston,1-2km,1400.0,2
2020-12-03,Houston,3-5km,544.75,1
2020-12-03,Houston,5km+,711.75,2
2020-12-04,Dallas,0-1km,1322.3333333333333,2
2020-12-04,Dallas,1-2km,2378.6666666666665,2
2020-12-04,Dallas,2-3km,266.0,1
2020-12-04,Houston,0-1km,1538.0,3
2020-12-04,Houston,1-2km,2594.333333333333,3
2020-12-04,Houston,5km+,481.66666666666663,2
2020-12-05,Dallas,0-1km,4014.3333333333335,3
2020-12-05,Dallas,1-2km,455.6666666666667,1
2020-12-05,Dallas,2-3km,627.0,1
2020-12-05,Houston,0-1km,1185.1,3
2020-12-05,Houston,1-2km,1238.0,2
2020-12-05,Houston,2-3km,1238.0,1
2020-12-05,Houston,3-5km,752.4,2
2020-12-05,Houston,5km+,683.5,1
2020-12-08,Dallas,0-1km,692.0,1
2020-12-08,Houston,1-2km,346.0,1
2020-12-08,Houston,2-3km,346.0,1
2020-12-10,Dallas,0-1km,736.9166666666666,2
2020-12-10,Dallas,1-2km,80.66666666666667,1
2020-12-10,Dallas,2-3km,299.4166666666667,2
2020-12-10,Houston,0-1km,1929.6666666666667,3
2020-12-10,Houston,1-2km,1301.0,1
2020-12-10,Houston,3-5km,80.66666666666667,1
2020-12-10,Houston,5km+,80.66666666666667,1
2020-12-11,Houston,0-1km,308.6666666666667,2
2020-12-11,Houston,1-2km,308.6666666666667,2
2020-12-11,Houston,2-3km,164.33333333333334,1
2020-12-11,Houston,5km+,144.33333333333334,1
2020-12-12,Dallas,0-1km,1600.6666666666667,2
2020-12-12,Dallas,1-2km,822.3333333333334,2
2020-12-12,Dallas,2-3km,44.0,1
2020-12-12,Houston,0-1km,1343.5,3
2020-12-12,Houston,3-5km,44.0,1
2020-12-12,Houston,5km+,1211.5,2
2020-12-13,Houston,0-1km,0.0,1
2020-12-13,Houston,1-2km,0.0,1
2020-12-13,Houston,3-5km,0.0,1
2020-12-14,Dallas,0-1km,423.5,1
2020-12-14,Dallas,2-3km,423.5,1
2020-12-16,Dallas,0-1km,3796.775,4
2020-12-16,Dallas,1-2km,1496.225,4
2020-12-16,Dallas,2-3km,1236.0,1
2020-12-16,Houston,0-1km,2484.8454545454547,4
2020-12-16,Houston,1-2km,430.30909090909097,2
2020-12-16,Houston,2-3km,811.0227272727273,2
2020-12-16,Houston,3-5km,514.2727272727273,2
2020-12-16,Houston,5km+,1159.55,3
2020-12-18,Dallas,0-1km,463.7142857142857,1
2020-12-18,Dallas,1-2km,2782.285714285714,1
2020-12-18,Houston,0-1km,1256.0,2
2020-12-18,Houston,1-2km,174.0,1
2020-12-18,Houston,2-3km,1082.0,1
2020-12-18,Houston,3-5km,541.0,1
2020-12-18,Houston,5km+,715.0,2
2020-12-19,Dallas,0-1km,193.0,1
2020-12-19,Dallas,2-3km,743.5,1
2020-12-19,Dallas,3-5km,743.5,1
2020-12-19,Houston,0-1km,856.8333333333334,2
2020-12-19,Houston,1-2km,953.3333333333334,3
2020-12-19,Houston,2-3km,209.83333333333331,2
2020-12-19,Houston,3-5km,410.0,1
2020-12-20,Dallas,0-1km,386.7142857142857,2
2020-12-20,Dallas,1-2km,805.2857142857142,2
2020-12-20,Dallas,2-3km,303.0,2
2020-12-20,Houston,0-1km,594.3333333333334,4
2020-12-20,Houston,1-2km,399.0,3
2020-12-20,Houston,2-3km,195.33333333333334,1
2020-12-20,Houston,3-5km,97.66666666666667,2
2020-12-20,Houston,5km+,496.6666666666667,3
2020-12-21,Dallas,0-1km,11188.0,1
2020-12-21,Houston,3-5km,283.0,1
2020-12-22,Dallas,0-1km,750.6666666666666,3
2020-12-22,Dallas,1-2km,715.6666666666666,2
2020-12-22,Dallas,2-3km,42.666666666666664,1
2020-12-22,Houston,0-1km,843.6666666666666,3
2020-12-22,Houston,1-2km,336.5,1
2020-12-22,Houston,3-5km,604.6666666666666,2
2020-12-22,Houston,5km+,379.1666666666667,2
2020-12-23,Dallas,0-1km,1559.25,2
2020-12-23,Dallas,1-2km,708.75,2
2020-12-23,Houston,0-1km,412.3636363636364,1
2020-12-23,Houston,1-2km,309.27272727272725,1
2020-12-23,Houston,2-3km,2387.181818181818,2
2020-12-23,Houston,3-5km,206.1818181818182,1
2020-12-24,Houston,0-1km,12424.333333333334,2
2020-12-24,Houston,1-2km,202.33333333333334,1
2020-12-24,Houston,2-3km,202.33333333333334,1
2020-12-25,Dallas,0-1km,1157.75,3
2020-12-25,Dallas,1-2km,526.25,2
2020-12-25,Dallas,2-3km,1711.5,2
2020-12-25,Dallas,3-5km,1711.5,1
2020-12-25,Houston,0-1km,2017.6818181818182,2
2020-12-25,Houston,1-2km,1941.1363636363635,2
2020-12-25,Houston,2-3km,153.0909090909091,1
2020-12-25,Houston,3-5km,153.0909090909091,1
2020-12-26,Dallas,0-1km,851.0,2
2020-12-26,Dallas,1-2km,851.0,2
2020-12-26,Dallas,2-3km,0.0,1
2020-12-26,Houston,0-1km,0.0,1
2020-12-26,Houston,1-2km,929.0,3
2020-12-26,Houston,2-3km,957.0,1
2020-12-26,Houston,3-5km,0.0,1
2020-12-26,Houston,5km+,773.0,1
2020-12-27,Dallas,0-1km,1081.6785714285713,4
2020-12-27,Dallas,1-2km,1465.3214285714284,4
2020-12-27,Dallas,2-3km,2907.0,3
2020-12-27,Houston,0-1km,1427.3333333333333,4
2020-12-27,Houston,1-2km,1280.75,3
2020-12-27,Houston,2-3km,401.3333333333333,2
2020-12-27,Houston,3-5km,529.9166666666666,3
2020-12-27,Houston,5km+,637.6666666666666,3
2020-12-28,Dallas,0-1km,38.0,1
2020-12-28,Dallas,1-2km,38.0,1
2020-12-28,Dallas,2-3km,38.0,1
2020-12-28,Dallas,3-5km,1776.0,1
2020-12-28,Houston,0-1km,152.0,2
2020-12-28,Houston,3-5km,38.0,1
2020-12-28,Houston,5km+,38.0,1
2020-12-29,Houston,0-1km,1338.0,1
2020-12-30,Dallas,2-3km,1087.0,1
2020-12-30,Houston,0-1km,672.1666666666666,2
2020-12-30,Houston,1-2km,128.66666666666666,1
2020-12-30,Houston,2-3km,128.66666666666666,1
2020-12-30,Houston,3-5km,271.75,1
2020-12-30,Houston,5km+,271.75,1
2020-12-31,Dallas,1-2km,967.0,1
2020-12-31,Houston,2-3km,967.0,1
2020-12-31,Houston,3-5km,295.0,1
2021-01-01,Dallas,0-1km,2410.6428571428573,6
2021-01-01,Dallas,1-2km,1539.357142857143,4
2021-01-01,Dallas,2-3km,1779.0,3
2021-01-01,Houston,0-1km,1053.2060606060606,4
2021-01-01,Houston,1-2km,1567.4545454545455,4
2021-01-01,Houston,2-3km,513.969696969697,3
2021-01-01,Houston,3-5km,846.2030303030302,3
2021-01-01,Houston,5km+,147.16666666666666,1
2021-01-02,Dallas,1-2km,2262.0,1
2021-01-02,Houston,2-3km,2262.0,1
2021-01-02,Houston,3-5km,450.0,1
2021-01-03,Dallas,0-1km,283.0,1
2021-01-03,Dallas,1-2km,283.0,1
2021-01-03,Houston,0-1km,226.4,1
2021-01-03,Houston,1-2km,113.2,1
2021-01-03,Houston,5km+,226.4,1
2021-01-04,Dallas,0-1km,459.0,1
2021-01-04,Dallas,2-3km,906.0,1
2021-01-04,Houston,0-1km,453.0,1
2021-01-04,Houston,1-2km,229.5,1
2021-01-04,Houston,2-3km,512.5,2
2021-01-04,Houston,3-5km,490.5,2
2021-01-04,Houston,5km+,226.5,1
2021-01-05,Dallas,0-1km,636.1666666666667,2
2021-01-05,Dallas,1-2km,1272.3333333333335,2
2021-01-05,Dallas,2-3km,138.5,1
2021-01-05,Houston,0-1km,636.1666666666667,2
2021-01-05,Houston,1-2km,1272.3333333333335,2
2021-01-05,Houston,5km+,138.5,1
2021-01-06,Dallas,0-1km,639.0,1
2021-01-06,Dallas,1-2km,639.0,1
2021-01-06,Houston,0-1km,639.0,1
2021-01-06,Houston,1-2km,319.5,1
2021-01-06,Houston,5km+,319.5,1
2021-01-07,Dallas,0-1km,464.5,2
2021-01-07,Dallas,1-2km,240.5,1
2021-01-07,Houston,0-1km,192.4,1
2021-01-07,Houston,1-2km,208.2,2
2021-01-07,Houston,2-3km,112.0,1
2021-01-07,Houston,3-5km,211.0,1
2021-01-07,Houston,5km+,192.4,1
2021-01-08,Dallas,0-1km,1954.75,2
2021-01-08,Dallas,1-2km,1116.5,2
2021-01-08,Dallas,2-3km,92.75,1
2021-01-08,Houston,0-1km,2885.75,2
2021-01-08,Houston,1-2km,185.5,1
2021-01-08,Houston,5km+,92.75,1
2021-01-09,Dallas,0-1km,5639.166666666667,3
2021-01-09,Dallas,1-2km,6216.333333333334,2
2021-01-09,Dallas,2-3km,655.5,1
2021-01-09,Houston,0-1km,7383.566666666667,3
2021-01-09,Houston,1-2km,2465.3333333333335,1
2021-01-09,Houston,3-5km,786.6,1
2021-01-09,Houston,5km+,1875.5,1
2021-01-10,Dallas,0-1km,37.75,1
2021-01-10,Dallas,1-2km,640.5,2
2021-01-10,Dallas,2-3km,706.75,2
2021-01-10,Houston,0-1km,468.25,3
2021-01-10,Houston,1-2km,788.5,3
2021-01-10,Houston,2-3km,565.0,1
2021-01-10,Houston,3-5km,167.25,1
2021-01-10,Houston,5km+,301.0,3
2021-01-11,Dallas,0-1km,53.666666666666664,1
2021-01-11,Dallas,1-2km,53.666666666666664,1
2021-01-11,Dallas,2-3km,53.666666666666664,1
2021-01-11,Houston,0-1km,53.666666666666664,1
2021-01-11,Houston,1-2km,53.666666666666664,1
2021-01-11,Houston,5km+,53.666666666666664,1
2021-01-12,Dallas,0-1km,1658.25,2
2021-01-12,Dallas,1-2km,753.75,2
2021-01-12,Houston,0-1km,438.54545454545456,1
2021-01-12,Houston,1-2km,328.90909090909093,1
2021-01-12,Houston,2-3km,219.27272727272728,1
2021-01-12,Houston,3-5km,219.27272727272728,1
2021-01-13,Dallas,0-1km,2459.3333333333335,2
2021-01-13,Dallas,1-2km,2881.6666666666665,2
2021-01-13,Houston,0-1km,3477.8333333333335,2
2021-01-13,Houston,1-2km,844.6666666666666,1
2021-01-13,Houston,3-5km,353.0,1
2021-01-13,Houston,5km+,1018.5,1
2021-01-14,Dallas,0-1km,2721.125,4
2021-01-14,Dallas,1-2km,1170.875,3
2021-01-14,Dallas,2-3km,916.0,1
2021-01-14,Houston,0-1km,1187.5636363636363,3
2021-01-14,Houston,1-2km,708.3727272727273,3
2021-01-14,Houston,2-3km,481.6818181818182,2
2021-01-14,Houston,3-5km,505.1818181818182,2
2021-01-14,Houston,5km+,406.2,2
2021-01-15,Dallas,0-1km,2503.416666666667,3
2021-01-15,Dallas,1-2km,532.3333333333334,1
2021-01-15,Dallas,2-3km,265.25,1
2021-01-15,Houston,0-1km,2240.0,2
2021-01-15,Houston,1-2km,4033.0,1
2021-01-16,Dallas,0-1km,588.5,1
2021-01-16,Dallas,2-3km,588.5,1
2021-01-16,Houston,0-1km,470.8,1
2021-01-16,Houston,3-5km,706.2,1
2021-01-17,Dallas,0-1km,17.0,2
2021-01-17,Dallas,1-2km,903.0,3
2021-01-17,Houston,0-1km,1339.0,2
2021-01-17,Houston,1-2km,34.0,1
2021-01-17,Houston,2-3km,886.0,2
2021-01-17,Houston,5km+,0.0,1
2021-01-18,Dallas,0-1km,1108.7142857142858,4
2021-01-18,Dallas,1-2km,1864.2857142857142,3
2021-01-18,Dallas,2-3km,448.0,1
2021-01-18,Houston,0-1km,868.8666666666666,2
2021-01-18,Houston,1-2km,225.6,2
2021-01-18,Houston,2-3km,1457.6666666666665,2
2021-01-18,Houston,3-5km,280.8333333333333,1
2021-01-18,Houston,5km+,588.0333333333333,2
2021-01-19,Dallas,0-1km,267.5,1
2021-01-19,Dallas,1-2km,267.5,1
2021-01-19,Houston,0-1km,453.0,2
2021-01-19,Houston,1-2km,346.0,2
2021-01-19,Houston,5km+,453.0,2
2021-01-20,Dallas,0-1km,1922.4,1
2021-01-20,Dallas,1-2km,480.6,1
2021-01-20,Houston,0-1km,1201.5,1
2021-01-20,Houston,2-3km,600.75,1
2021-01-20,Houston,5km+,600.75,1
2021-01-21,Dallas,0-1km,2658.791666666667,3
2021-01-21,Dallas,1-2km,1775.2083333333335,3
2021-01-21,Houston,0-1km,2995.848484848485,3
2021-01-21,Houston,1-2km,1187.969696969697,2
2021-01-21,Houston,2-3km,303.09090909090907,1
2021-01-21,Houston,3-5km,303.09090909090907,1
2021-01-22,Dallas,0-1km,1529.5,2
2021-01-22,Dallas,1-2km,923.5,1
2021-01-22,Dallas,2-3km,606.0,1
2021-01-22,Houston,0-1km,484.8,1
2021-01-22,Houston,1-2km,923.5,1
2021-01-22,Houston,3-5km,727.2,1
2021-01-22,Houston,5km+,923.5,1
2021-01-23,Dallas,0-1km,2653.0,3
2021-01-23,Dallas,1-2km,1341.0,3
2021-01-23,Houston,0-1km,2959.0,2
2021-01-23,Houston,1-2km,58.0,1
2021-01-23,Houston,5km+,977.0,1
2021-01-24,Dallas,0-1km,1408.3333333333335,3
2021-01-24,Dallas,1-2km,1069.6666666666667,3
2021-01-24,Dallas,2-3km,245.0,1
2021-01-24,Houston,0-1km,1747.0,3
2021-01-24,Houston,1-2km,488.0,2
2021-01-24,Houston,5km+,488.0,2
2021-01-25,Dallas,0-1km,423.0,1
2021-01-25,Dallas,2-3km,351.0,1
2021-01-25,Dallas,3-5km,351.0,1
2021-01-25,Houston,0-1km,351.0,2
2021-01-25,Houston,1-2km,351.0,2
2021-01-25,Houston,3-5km,0.0,1
2021-01-26,Houston,0-1km,153.66666666666666,1
2021-01-26,Houston,1-2km,1485.6666666666667,2
2021-01-26,Houston,2-3km,153.66666666666666,1
2021-01-27,Dallas,0-1km,2389.625,5
2021-01-27,Dallas,1-2km,857.875,3
2021-01-27,Dallas,2-3km,309.5,1
2021-01-27,Houston,0-1km,581.7818181818182,2
2021-01-27,Houston,1-2km,517.1363636363636,2
2021-01-27,Houston,2-3km,433.5909090909091,2
2021-01-27,Houston,3-5km,538.4909090909091,2
2021-01-28,Dallas,2-3km,950.0,1
2021-01-28,Houston,0-1km,475.0,1
2021-01-28,Houston,3-5km,237.5,1
2021-01-28,Houston,5km+,237.5,1
2021-01-29,Dallas,0-1km,191.57142857142858,1
2021-01-29,Dallas,1-2km,1149.4285714285713,1
2021-01-29,Houston,0-1km,447.0,2
2021-01-29,Houston,1-2km,0.0,1
2021-01-29,Houston,2-3km,447.0,2
2021-01-29,Houston,3-5km,223.5,1
2021-01-29,Houston,5km+,223.5,1
2021-01-30,Dallas,0-1km,1538.75,3
2021-01-30,Dallas,1-2km,38.5,1
2021-01-30,Dallas,2-3km,271.75,1
2021-01-30,Houston,1-2km,419.5,2
2021-01-30,Houston,2-3km,342.5,1
2021-01-31,Dallas,0-1km,164.5,1
2021-01-31,Dallas,1-2km,164.5,1
2021-01-31,Dallas,2-3km,1434.0,1
2021-01-31,Houston,0-1km,848.6,2
2021-01-31,Houston,1-2km,65.8,1
2021-01-31,Houston,3-5km,358.5,1
2021-01-31,Houston,5km+,490.1,2
2021-02-01,Dallas,2-3km,1351.0,1
2021-02-01,Houston,0-1km,675.5,1
2021-02-01,Houston,3-5km,337.75,1
2021-02-01,Houston,5km+,337.75,1
2021-02-02,Dallas,2-3km,162.0,1
2021-02-02,Houston,0-1km,108.0,1
2021-02-02,Houston,2-3km,54.0,1
2021-02-02,Houston,3-5km,390.0,1
2021-02-03,Dallas,0-1km,576.0,1
2021-02-03,Houston,1-2km,288.0,1
2021-02-03,Houston,2-3km,288.0,1
2021-02-05,Dallas,0-1km,1670.8333333333333,2
2021-02-05,Dallas,1-2km,1670.8333333333333,2
2021-02-05,Dallas,2-3km,2405.3333333333335,2
2021-02-05,Houston,0-1km,2958.083333333333,5
2021-02-05,Houston,1-2km,91.0,1
2021-02-05,Houston,2-3km,2341.0,1
2021-02-05,Houston,3-5km,64.33333333333333,1
2021-02-05,Houston,5km+,958.5833333333333,3
2021-02-06,Dallas,0-1km,158.75,1
2021-02-06,Dallas,1-2km,317.5,1
2021-02-06,Dallas,2-3km,158.75,1
2021-02-06,Houston,0-1km,158.75,1
2021-02-06,Houston,1-2km,317.5,1
2021-02-06,Houston,5km+,158.75,1
2021-02-07,Dallas,2-3km,0.0,1
2021-02-07,Houston,0-1km,499.5,3
2021-02-07,Houston,1-2km,339.5,2
2021-02-07,Houston,2-3km,1275.0,1
2021-02-07,Houston,3-5km,0.0,1
2021-02-08,Dallas,0-1km,1147.5,3
2021-02-08,Dallas,1-2km,826.5,3
2021-02-08,Houston,0-1km,155.63636363636363,1
2021-02-08,Houston,1-2km,116.72727272727273,1
2021-02-08,Houston,2-3km,77.81818181818181,1
2021-02-08,Houston,3-5km,1195.8181818181818,2
2021-02-09,Dallas,0-1km,1201.75,3
2021-02-09,Dallas,1-2km,426.25,2
2021-02-09,Dallas,2-3km,264.0,1
2021-02-09,Houston,0-1km,624.5333333333333,3
2021-02-09,Houston,1-2km,351.33333333333337,2
2021-02-09,Houston,2-3km,124.0,1
2021-02-09,Houston,3-5km,440.8,2
2021-02-09,Houston,5km+,165.33333333333334,1
2021-02-10,Dallas,0-1km,1068.6666666666667,2
2021-02-10,Dallas,1-2km,920.3333333333333,2
2021-02-10,Dallas,2-3km,109.0,1
2021-02-10,Houston,0-1km,938.5,3
2021-02-10,Houston,1-2km,514.6666666666666,1
2021-02-10,Houston,2-3km,36.333333333333336,1
2021-02-10,Houston,5km+,608.5,1
2021-02-12,Dallas,0-1km,2074.875,3
2021-02-12,Dallas,1-2km,703.125,2
2021-02-12,Dallas,3-5km,1830.0,1
2021-02-12,Houston,0-1km,409.09090909090907,1
2021-02-12,Houston,1-2km,570.8181818181818,2
2021-02-12,Houston,2-3km,468.5454545454545,2
2021-02-12,Houston,3-5km,204.54545454545453,1
2021-02-13,Dallas,0-1km,6501.75,3
2021-02-13,Dallas,1-2km,2461.25,2
2021-02-13,Dallas,2-3km,962.0,1
2021-02-13,Dallas,3-5km,962.0,1
2021-02-13,Houston,0-1km,2394.0,2
2021-02-13,Houston,1-2km,2036.0,2
2021-02-13,Houston,2-3km,716.0,1
2021-02-13,Houston,3-5km,716.0,1
2021-02-14,Dallas,0-1km,718.0,2
2021-02-14,Dallas,1-2km,497.0,1
2021-02-14,Houston,0-1km,1286.6666666666665,4
2021-02-14,Houston,1-2km,437.16666666666663,3
2021-02-14,Houston,2-3km,295.16666666666663,3
2021-02-14,Houston,3-5km,142.0,1
2021-02-14,Houston,5km+,284.0,1
2021-02-15,Dallas,1-2km,200.0,1
2021-02-15,Houston,2-3km,400.0,2
2021-02-16,Dallas,0-1km,341.6,1
2021-02-16,Dallas,1-2km,85.4,1
2021-02-16,Houston,0-1km,213.5,1
2021-02-16,Houston,2-3km,106.75,1
2021-02-16,Houston,5km+,106.75,1
2021-02-17,Dallas,0-1km,79.33333333333333,2
2021-02-17,Dallas,1-2km,21.333333333333332,1
2021-02-17,Dallas,2-3km,21.333333333333332,1
2021-02-17,Houston,0-1km,32.0,1
2021-02-17,Houston,1-2km,45.0,2
2021-02-17,Houston,2-3km,45.0,2
2021-02-17,Houston,3-5km,137.0,1
2021-02-18,Dallas,0-1km,26.833333333333332,2
2021-02-18,Dallas,1-2km,26.833333333333332,2
2021-02-18,Dallas,2-3km,17.333333333333332,1
2021-02-18,Houston,0-1km,69.33333333333333,2
2021-02-18,Houston,1-2km,19.0,1
2021-02-18,Houston,3-5km,17.333333333333332,1
2021-02-18,Houston,5km+,17.333333333333332,1
2021-02-19,Dallas,1-2km,70.0,1
2021-02-19,Houston,1-2km,5282.0,1
2021-02-20,Dallas,0-1km,2472.708333333333,4
2021-02-20,Dallas,1-2km,1180.625,4
2021-02-20,Dallas,2-3km,46.666666666666664,1
2021-02-20,Houston,0-1km,1676.6666666666667,4
2021-02-20,Houston,1-2km,345.0,1
2021-02-20,Houston,2-3km,230.0,1
2021-02-20,Houston,3-5km,276.6666666666667,2
2021-02-20,Houston,5km+,46.666666666666664,1
2021-02-21,Dallas,0-1km,1201.3333333333333,1
2021-02-21,Dallas,1-2km,600.6666666666666,1
2021-02-21,Houston,0-1km,901.0,1
2021-02-21,Houston,2-3km,1057.0,1
2021-02-21,Houston,5km+,901.0,1
2021-02-22,Dallas,0-1km,621.6666666666666,1
2021-02-22,Dallas,1-2km,1243.3333333333333,1
2021-02-22,Houston,0-1km,621.6666666666666,1
2021-02-22,Houston,1-2km,1243.3333333333333,1
2021-02-24,Dallas,0-1km,1137.7333333333333,2
2021-02-24,Dallas,1-2km,484.9333333333333,2
2021-02-24,Dallas,2-3km,267.3333333333333,1
2021-02-24,Houston,0-1km,811.3333333333333,2
2021-02-24,Houston,1-2km,267.3333333333333,1
2021-02-24,Houston,2-3km,272.0,1
2021-02-24,Houston,3-5km,360.0,1
2021-02-24,Houston,5km+,680.3333333333333,3
2021-02-25,Dallas,0-1km,558.3333333333334,2
2021-02-25,Dallas,1-2km,139.33333333333334,1
2021-02-25,Dallas,2-3km,558.3333333333334,2
2021-02-25,Houston,0-1km,474.5333333333333,2
2021-02-25,Houston,1-2km,139.33333333333334,1
2021-02-25,Houston,3-5km,502.8,1
2021-02-25,Houston,5km+,139.33333333333334,1
2021-02-26,Dallas,0-1km,816.0,1
2021-02-26,Dallas,1-2km,408.0,1
2021-02-26,Houston,0-1km,612.0,1
2021-02-26,Houston,3-5km,301.0,1
2021-02-26,Houston,5km+,612.0,1
2021-02-27,Dallas,0-1km,1009.0,1
2021-02-27,Dallas,1-2km,1009.0,1
2021-02-27,Dallas,2-3km,0.0,1
2021-02-27,Houston,0-1km,1009.0,2
2021-02-27,Houston,1-2km,504.5,2
2021-02-27,Houston,3-5km,0.0,1
2021-02-27,Houston,5km+,504.5,1
2021-02-28,Dallas,0-1km,448.0,2
2021-02-28,Dallas,1-2km,448.0,2
2021-02-28,Houston,0-1km,358.4,2
2021-02-28,Houston,1-2km,6951.2,3
2021-02-28,Houston,2-3km,0.0,1
2021-02-28,Houston,5km+,358.4,2
2021-03-01,Dallas,0-1km,319.25,2
2021-03-01,Dallas,1-2km,638.5,2
2021-03-01,Dallas,2-3km,71.25,1
2021-03-01,Houston,0-1km,1129.25,3
2021-03-01,Houston,1-2km,638.5,2
2021-03-01,Houston,5km+,71.25,1
2021-03-02,Dallas,0-1km,1457.0,1
2021-03-02,Dallas,1-2km,740.0,1
2021-03-02,Houston,5km+,1457.0,1
2021-03-03,Dallas,2-3km,2239.0,1
2021-03-03,Houston,0-1km,1119.5,1
2021-03-03,Houston,3-5km,559.75,1
2021-03-03,Houston,5km+,559.75,1
2021-03-04,Dallas,0-1km,681.0,1
2021-03-04,Dallas,1-2km,681.0,1
2021-03-04,Dallas,2-3km,686.0,1
2021-03-04,Dallas,3-5km,686.0,1
2021-03-04,Houston,0-1km,1367.0,2
2021-03-04,Houston,1-2km,1026.5,2
2021-03-04,Houston,5km+,340.5,1
2021-03-05,Dallas,0-1km,1762.0,1
2021-03-05,Houston,2-3km,881.0,1
2021-03-05,Houston,3-5km,881.0,1
2021-03-06,Dallas,0-1km,2986.4,1
2021-03-06,Dallas,1-2km,746.6,1
2021-03-06,Dallas,2-3km,609.0,1
2021-03-06,Dallas,3-5km,609.0,1
2021-03-06,Houston,0-1km,2475.5,2
2021-03-06,Houston,1-2km,609.0,1
2021-03-06,Houston,2-3km,933.25,1
2021-03-06,Houston,5km+,933.25,1
2021-03-07,Dallas,0-1km,1238.0,2
2021-03-07,Dallas,1-2km,2093.0,2
2021-03-07,Dallas,2-3km,1437.0,1
2021-03-07,Houston,0-1km,1061.6666666666667,2
2021-03-07,Houston,1-2km,1916.6666666666667,2
2021-03-07,Houston,2-3km,1437.0,1
2021-03-07,Houston,3-5km,204.0,1
2021-03-07,Houston,5km+,206.66666666666666,1
2021-03-08,Dallas,0-1km,1278.0,1
2021-03-08,Dallas,1-2km,639.0,1
2021-03-08,Houston,0-1km,958.5,1
2021-03-08,Houston,5km+,958.5,1
2021-03-09,Dallas,0-1km,1015.5,1
2021-03-09,Dallas,1-2km,1015.5,1
2021-03-09,Dallas,2-3km,4247.0,1
2021-03-09,Houston,0-1km,2155.0,2
2021-03-09,Houston,1-2km,1015.5,1
2021-03-09,Houston,2-3km,31.5,1
2021-03-09,Houston,3-5km,1061.75,1
2021-03-09,Houston,5km+,2077.25,2
2021-03-11,Dallas,0-1km,829.75,2
2021-03-11,Dallas,1-2km,207.5,1
2021-03-11,Dallas,2-3km,1443.75,2
2021-03-11,Houston,0-1km,1136.75,3
2021-03-11,Houston,1-2km,570.5,2
2021-03-11,Houston,2-3km,691.0,1
2021-03-11,Houston,3-5km,335.0,1
2021-03-11,Houston,5km+,438.75,2
2021-03-12,Dallas,3-5km,1609.0,1
2021-03-13,Houston,1-2km,315.0,1
2021-03-14,Dallas,0-1km,155.0,1
2021-03-14,Dallas,1-2km,1193.0,2
2021-03-14,Dallas,2-3km,155.0,1
2021-03-14,Houston,0-1km,155.0,1
2021-03-14,Houston,1-2km,310.0,1
2021-03-14,Houston,2-3km,883.0,1
2021-03-14,Houston,5km+,155.0,1
2021-03-15,Dallas,0-1km,1472.5,2
2021-03-15,Dallas,1-2km,861.5,1
2021-03-15,Houston,1-2km,305.5,1
2021-03-15,Houston,2-3km,305.5,1
2021-03-15,Houston,3-5km,1723.0,1
2021-03-16,Dallas,0-1km,242.0,1
2021-03-16,Dallas,1-2km,242.0,1
2021-03-16,Dallas,2-3km,2093.0,1
2021-03-16,Houston,0-1km,1240.1,2
2021-03-16,Houston,1-2km,96.8,1
2021-03-16,Houston,3-5km,523.25,1
2021-03-16,Houston,5km+,716.85,2
2021-03-17,Dallas,0-1km,1389.1666666666665,5
2021-03-17,Dallas,1-2km,1370.1666666666665,4
2021-03-17,Dallas,2-3km,64.66666666666667,1
2021-03-17,Houston,0-1km,819.3523809523809,4
2021-03-17,Houston,1-2km,2412.7714285714287,4
2021-03-17,Houston,2-3km,264.2857142857143,1
2021-03-17,Houston,3-5km,328.95238095238096,2
2021-03-17,Houston,5km+,889.6380952380952,3
2021-03-18,Dallas,0-1km,181.0,1
2021-03-18,Houston,0-1km,179.33333333333334,1
2021-03-18,Houston,1-2km,5204.833333333333,3
2021-03-18,Houston,2-3km,269.83333333333337,2
2021-03-19,Dallas,0-1km,716.0,1
2021-03-19,Dallas,2-3km,716.0,1
2021-03-20,Dallas,0-1km,695.0,1
2021-03-20,Dallas,1-2km,1390.0,1
2021-03-20,Houston,0-1km,1811.0,1
2021-03-20,Houston,2-3km,128.0,1
2021-03-21,Dallas,0-1km,3600.0,3
2021-03-21,Dallas,1-2km,1484.0,1
2021-03-21,Houston,1-2km,706.0,1
2021-03-21,Houston,2-3km,2699.0,4
2021-03-21,Houston,3-5km,352.0,1
2021-03-22,Houston,0-1km,107.66666666666667,1
2021-03-22,Houston,1-2km,107.66666666666667,1
2021-03-22,Houston,2-3km,1049.6666666666667,2
2021-03-23,Dallas,0-1km,1041.6666666666667,2
2021-03-23,Dallas,1-2km,1041.6666666666667,2
2021-03-23,Dallas,2-3km,1088.6666666666667,2
2021-03-23,Dallas,3-5km,880.0,1
2021-03-23,Houston,0-1km,2097.6666666666665,4
2021-03-23,Houston,1-2km,1681.1666666666665,4
2021-03-23,Houston,5km+,801.1666666666666,3
2021-03-24,Dallas,0-1km,1483.5,2
2021-03-24,Dallas,1-2km,2255.5,2
2021-03-24,Dallas,2-3km,1774.0,1
2021-03-24,Dallas,3-5km,1774.0,1
2021-03-24,Houston,0-1km,2546.0,2
2021-03-24,Houston,1-2km,4029.5,3
2021-03-24,Houston,5km+,711.5,1
2021-03-25,Dallas,0-1km,662.0,1
2021-03-25,Dallas,1-2km,662.0,1
2021-03-25,Houston,0-1km,529.6,1
2021-03-25,Houston,1-2km,264.8,1
2021-03-25,Houston,5km+,529.6,1
2021-03-26,Dallas,0-1km,898.0,1
2021-03-26,Dallas,1-2km,898.0,1
2021-03-26,Houston,0-1km,898.0,1
2021-03-26,Houston,1-2km,449.0,1
2021-03-26,Houston,3-5km,495.0,1
2021-03-26,Houston,5km+,449.0,1
2021-03-27,Dallas,0-1km,0.0,1
2021-03-27,Dallas,1-2km,0.0,1
2021-03-27,Dallas,2-3km,1024.0,1
2021-03-27,Dallas,3-5km,1024.0,1
2021-03-27,Houston,0-1km,1024.0,2
2021-03-27,Houston,1-2km,1024.0,1
2021-03-27,Houston,2-3km,0.0,1
2021-03-27,Houston,5km+,0.0,1
2021-03-28,Houston,1-2km,2740.0,1
2021-03-29,Dallas,0-1km,913.7142857142858,2
2021-03-29,Dallas,1-2km,2906.285714285714,2
2021-03-29,Houston,0-1km,1273.3333333333335,2
2021-03-29,Houston,1-2km,1288.0,1
2021-03-29,Houston,2-3km,629.3333333333334,1
2021-03-29,Houston,3-5km,821.6666666666667,2
2021-03-29,Houston,5km+,314.6666666666667,1
2021-03-30,Houston,0-1km,0.0,1
2021-03-30,Houston,1-2km,0.0,1
2021-03-30,Houston,3-5km,0.0,1
2021-03-31,Dallas,0-1km,398.0,1
2021-03-31,Dallas,1-2km,2388.0,1
2021-03-31,Houston,0-1km,1066.0,2
2021-03-31,Houston,1-2km,137.33333333333334,1
2021-03-31,Houston,2-3km,1066.0,2
2021-03-31,Houston,3-5km,464.3333333333333,1
2021-03-31,Houston,5km+,464.3333333333333,1
2021-04-01,Dallas,0-1km,558.0,1
2021-04-01,Houston,0-1km,12862.0,1
2021-04-01,Houston,1-2km,279.0,1
2021-04-01,Houston,2-3km,279.0,1
2021-04-01,Houston,3-5km,305.0,1
2021-04-02,Dallas,0-1km,1923.75,1
2021-04-02,Dallas,2-3km,641.25,1
2021-04-03,Dallas,0-1km,516.0,1
2021-04-03,Dallas,1-2km,516.0,1
2021-04-03,Dallas,2-3km,2262.0,2
2021-04-03,Houston,0-1km,1389.0,2
2021-04-03,Houston,1-2km,1676.0,2
2021-04-03,Houston,3-5km,436.5,1
2021-04-03,Houston,5km+,952.5,2
2021-04-04,Dallas,0-1km,1160.2142857142858,2
2021-04-04,Dallas,1-2km,2208.785714285714,2
2021-04-04,Dallas,2-3km,2210.0,1
2021-04-04,Houston,0-1km,2634.1666666666665,4
2021-04-04,Houston,1-2km,564.5833333333334,2
2021-04-04,Houston,2-3km,489.3333333333333,1
2021-04-04,Houston,3-5km,797.1666666666666,2
2021-04-04,Houston,5km+,1361.75,4
2021-04-05,Dallas,0-1km,1455.0,2
2021-04-05,Houston,0-1km,401.0,1
2021-04-05,Houston,1-2km,401.0,1
2021-04-06,Dallas,0-1km,2279.2,1
2021-04-06,Dallas,1-2km,569.8,1
2021-04-06,Houston,0-1km,1424.5,1
2021-04-06,Houston,2-3km,712.25,1
2021-04-06,Houston,3-5km,313.0,1
2021-04-06,Houston,5km+,712.25,1
2021-04-07,Dallas,0-1km,241.0,1
2021-04-07,Dallas,1-2km,482.0,1
2021-04-07,Dallas,2-3km,241.0,1
2021-04-07,Houston,0-1km,241.0,1
2021-04-07,Houston,1-2km,482.0,1
2021-04-07,Houston,5km+,241.0,1
2021-04-08,Dallas,1-2km,2071.0,1
2021-04-08,Dallas,2-3km,0.0,1
2021-04-08,Houston,0-1km,0.0,1
2021-04-08,Houston,1-2km,0.0,1
2021-04-08,Houston,2-3km,2917.0,2
2021-04-08,Houston,3-5km,0.0,1
2021-04-09,Dallas,0-1km,168.66666666666666,1
2021-04-09,Dallas,1-2km,168.66666666666666,1
2021-04-09,Dallas,2-3km,168.66666666666666,1
2021-04-09,Houston,0-1km,168.66666666666666,1
2021-04-09,Houston,1-2km,168.66666666666666,1
2021-04-09,Houston,5km+,168.66666666666666,1
2021-04-10,Dallas,0-1km,366.7142857142857,1
2021-04-10,Dallas,1-2km,2200.285714285714,1
2021-04-10,Houston,0-1km,855.6666666666666,1
2021-04-10,Houston,2-3km,855.6666666666666,1
2021-04-10,Houston,3-5km,427.8333333333333,1
2021-04-10,Houston,5km+,427.8333333333333,1
2021-04-11,Dallas,0-1km,4833.0,5
2021-04-11,Dallas,1-2km,249.0,2
2021-04-11,Dallas,2-3km,227.0,1
2021-04-11,Houston,0-1km,1339.5,2
2021-04-11,Houston,1-2km,393.5,3
2021-04-11,Houston,2-3km,2499.5,2
2021-04-11,Houston,3-5km,246.0,1
2021-04-11,Houston,5km+,1339.5,2
2021-04-12,Dallas,1-2km,1484.0,1
2021-04-12,Houston,0-1km,347.6666666666667,1
2021-04-12,Houston,1-2km,347.6666666666667,1
2021-04-12,Houston,2-3km,1484.0,1
2021-04-12,Houston,5km+,347.6666666666667,1
2021-04-13,Dallas,0-1km,623.0,1
2021-04-13,Dallas,1-2km,1246.0,1
2021-04-13,Houston,0-1km,623.0,1
2021-04-13,Houston,1-2km,1246.0,1
2021-04-14,Houston,0-1km,1466.0,1
2021-04-16,Dallas,0-1km,9159.0,1
2021-04-16,Dallas,2-3km,2279.0,1
2021-04-16,Houston,0-1km,1139.5,2
2021-04-16,Houston,1-2km,257.0,2
2021-04-16,Houston,3-5km,569.75,2
2021-04-16,Houston,5km+,569.75,1
2021-04-17,Dallas,0-1km,405.5,3
2021-04-17,Dallas,1-2km,0.0,2
2021-04-17,Dallas,2-3km,2073.0,2
2021-04-17,Dallas,3-5km,1667.5,1
2021-04-17,Houston,0-1km,1667.5,2
2021-04-17,Houston,1-2km,1667.5,2
2021-04-17,Houston,2-3km,0.0,1
2021-04-17,Houston,3-5km,0.0,1
2021-04-18,Houston,3-5km,162.0,1
2021-04-19,Dallas,0-1km,2671.5,3
2021-04-19,Dallas,1-2km,2124.5,2
2021-04-19,Dallas,2-3km,547.0,1
2021-04-19,Houston,0-1km,690.3142857142857,3
2021-04-19,Houston,1-2km,505.42857142857144,2
2021-04-19,Houston,2-3km,252.71428571428572,1
2021-04-19,Houston,3-5km,909.1142857142856,3
2021-04-19,Houston,5km+,505.42857142857144,1
2021-04-20,Dallas,0-1km,976.0,1
2021-04-20,Houston,1-2km,488.0,1
2021-04-20,Houston,2-3km,488.0,1
2021-04-21,Dallas,0-1km,2538.666666666667,3
2021-04-21,Dallas,1-2km,1113.6666666666667,2
2021-04-21,Dallas,2-3km,41.666666666666664,1
2021-04-21,Houston,0-1km,1089.6666666666665,4
2021-04-21,Houston,1-2km,2375.0,2
2021-04-21,Houston,3-5km,41.666666666666664,1
2021-04-21,Houston,5km+,2002.6666666666667,2
2021-04-22,Dallas,0-1km,364.57142857142856,1
2021-04-22,Dallas,1-2km,2187.4285714285716,1
2021-04-22,Houston,0-1km,982.6666666666666,2
2021-04-22,Houston,1-2km,132.0,1
2021-04-22,Houston,2-3km,850.6666666666666,1
2021-04-22,Houston,3-5km,425.3333333333333,1
2021-04-22,Houston,5km+,557.3333333333333,2
2021-04-23,Dallas,0-1km,51.333333333333336,1
2021-04-23,Dallas,1-2km,51.333333333333336,1
2021-04-23,Dallas,2-3km,51.333333333333336,2
2021-04-23,Houston,0-1km,205.33333333333334,4
2021-04-23,Houston,1-2km,1231.0,3
2021-04-23,Houston,3-5km,51.333333333333336,3
2021-04-23,Houston,5km+,2184.3333333333335,2
2021-04-24,Dallas,0-1km,812.5,1
2021-04-24,Dallas,1-2km,812.5,1
2021-04-24,Dallas,2-3km,3439.0,1
2021-04-24,Houston,0-1km,2369.5,2
2021-04-24,Houston,1-2km,325.0,1
2021-04-24,Houston,3-5km,1147.75,2
2021-04-24,Houston,5km+,1509.75,2
2021-04-25,Houston,2-3km,1460.0,1
2021-04-26,Dallas,2-3km,1239.0,1
2021-04-26,Houston,0-1km,1045.5,2
2021-04-26,Houston,3-5km,309.75,1
2021-04-26,Houston,5km+,309.75,1
2021-04-27,Dallas,0-1km,3089.833333333333,3
2021-04-27,Dallas,1-2km,841.6666666666666,1
2021-04-27,Dallas,2-3km,745.5,1
2021-04-27,Houston,0-1km,1593.0,2
2021-04-27,Houston,1-2km,330.5,1
2021-04-27,Houston,5km+,1262.5,1
2021-04-28,Dallas,0-1km,1584.0,2
2021-04-28,Houston,1-2km,496.5,1
2021-04-28,Houston,2-3km,496.5,1
2021-04-29,Dallas,0-1km,3539.5,3
2021-04-29,Dallas,1-2km,1784.5,3
2021-04-29,Dallas,2-3km,1947.0,1
2021-04-29,Houston,0-1km,2082.009090909091,3
2021-04-29,Houston,1-2km,766.9818181818182,2
2021-04-29,Houston,2-3km,425.45454545454544,1
2021-04-29,Houston,3-5km,912.2045454545455,2
2021-04-29,Houston,5km+,2213.35,3
2021-04-30,Dallas,2-3km,1830.5,1
2021-04-30,Dallas,3-5km,1830.5,1
2021-04-30,Houston,0-1km,1830.5,2
2021-04-30,Houston,1-2km,7974.5,3
2021-04-30,Houston,3-5km,0.0,1
2021-05-01,Dallas,0-1km,830.0,1
2021-05-02,Dallas,0-1km,1870.6666666666667,1
2021-05-02,Dallas,1-2km,935.3333333333334,1
2021-05-02,Houston,0-1km,2806.0,1
2021-05-03,Dallas,0-1km,950.5,1
2021-05-03,Dallas,1-2km,950.5,1
2021-05-03,Houston,0-1km,950.5,1
2021-05-03,Houston,1-2km,475.25,1
2021-05-03,Houston,5km+,475.25,1
2021-05-04,Dallas,2-3km,905.5,1
2021-05-04,Dallas,3-5km,905.5,1
2021-05-04,Houston,0-1km,905.5,1
2021-05-04,Houston,1-2km,905.5,1
2021-05-04,Houston,3-5km,381.0,1
2021-05-05,Dallas,0-1km,332.3333333333333,1
2021-05-05,Dallas,1-2km,332.3333333333333,1
2021-05-05,Dallas,2-3km,332.3333333333333,1
2021-05-05,Houston,0-1km,498.5,1
2021-05-05,Houston,1-2km,249.25,1
2021-05-05,Houston,2-3km,249.25,1
2021-05-06,Dallas,0-1km,912.0,1
2021-05-06,Dallas,2-3km,912.0,1
2021-05-06,Houston,0-1km,729.6,1
2021-05-06,Houston,3-5km,1094.4,1
2021-05-07,Dallas,0-1km,586.0,1
2021-05-07,Dallas,1-2km,586.0,1
2021-05-07,Dallas,2-3km,586.0,1
2021-05-07,Houston,0-1km,879.0,1
2021-05-07,Houston,1-2km,439.5,1
2021-05-07,Houston,2-3km,439.5,1
2021-05-08,Dallas,1-2km,235.0,1
2021-05-08,Houston,0-1km,0.0,1
2021-05-08,Houston,1-2km,0.0,1
2021-05-08,Houston,3-5km,0.0,1
2021-05-09,Dallas,0-1km,1082.0,1
2021-05-09,Dallas,1-2km,541.0,1
2021-05-09,Dallas,2-3km,3712.0,1
2021-05-09,Houston,0-1km,3479.0,2
2021-05-09,Houston,3-5km,928.0,1
2021-05-09,Houston,5km+,928.0,1
2021-05-10,Dallas,0-1km,1307.625,2
2021-05-10,Dallas,1-2km,594.375,2
2021-05-10,Dallas,2-3km,849.0,1
2021-05-10,Dallas,3-5km,849.0,1
2021-05-10,Houston,0-1km,1194.8181818181818,2
2021-05-10,Houston,1-2km,1108.3636363636365,2
2021-05-10,Houston,2-3km,172.9090909090909,1
2021-05-10,Houston,3-5km,172.9090909090909,1
2021-05-11,Dallas,0-1km,2953.875,3
2021-05-11,Dallas,1-2km,1903.125,3
2021-05-11,Houston,0-1km,509.45454545454544,1
2021-05-11,Houston,1-2km,382.09090909090907,1
2021-05-11,Houston,2-3km,254.72727272727272,1
2021-05-11,Houston,3-5km,586.7272727272727,2
2021-05-12,Dallas,0-1km,1154.0,1
2021-05-12,Dallas,1-2km,1154.0,1
2021-05-12,Houston,0-1km,1154.0,1
2021-05-12,Houston,1-2km,577.0,1
2021-05-12,Houston,5km+,577.0,1
2021-05-13,Dallas,0-1km,783.6666666666666,2
2021-05-13,Dallas,1-2km,2948.6666666666665,3
2021-05-13,Dallas,2-3km,55.666666666666664,1
2021-05-13,Houston,0-1km,611.0,4
2021-05-13,Houston,1-2km,596.3333333333334,2
2021-05-13,Houston,2-3km,2373.0,2
2021-05-13,Houston,3-5km,469.66666666666663,3
2021-05-13,Houston,5km+,652.0,3
2021-05-14,Dallas,0-1km,65.0,1
2021-05-14,Dallas,1-2km,1437.0,2
2021-05-14,Dallas,2-3km,65.0,1
2021-05-14,Houston,0-1km,260.0,2
2021-05-14,Houston,2-3km,1372.0,1
2021-05-14,Houston,3-5km,65.0,1
2021-05-14,Houston,5km+,65.0,1
2021-05-15,Dallas,0-1km,434.5,1
2021-05-15,Dallas,1-2km,434.5,1
2021-05-15,Houston,0-1km,347.6,1
2021-05-15,Houston,1-2km,173.8,1
2021-05-15,Houston,3-5km,204.0,1
2021-05-15,Houston,5km+,347.6,1
2021-05-16,Dallas,0-1km,36.0,1
2021-05-16,Dallas,1-2km,36.0,1
2021-05-16,Dallas,2-3km,36.0,1
2021-05-16,Houston,0-1km,144.0,2
2021-05-16,Houston,3-5km,36.0,1
2021-05-16,Houston,5km+,36.0,1
2021-05-17,Dallas,0-1km,1415.6666666666665,2
2021-05-17,Dallas,1-2km,1151.3333333333333,1
2021-05-17,Houston,1-2km,420.0,1
2021-05-17,Houston,2-3km,420.0,1
2021-05-19,Dallas,0-1km,358.6666666666667,1
2021-05-19,Dallas,1-2km,717.3333333333334,1
2021-05-19,Houston,0-1km,358.6666666666667,1
2021-05-19,Houston,1-2km,717.3333333333334,1
2021-05-20,Dallas,0-1km,4146.333333333334,2
2021-05-20,Dallas,1-2km,3088.666666666667,2
2021-05-20,Dallas,2-3km,1854.0,2
2021-05-20,Houston,0-1km,5575.5,4
2021-05-20,Houston,1-2km,187.0,1
2021-05-20,Houston,2-3km,31.0,1
2021-05-20,Houston,3-5km,440.25,1
2021-05-20,Houston,5km+,3042.25,3
2021-05-21,Dallas,0-1km,3000.25,2
2021-05-21,Dallas,1-2km,3580.75,3
2021-05-21,Dallas,2-3km,1517.0,1
2021-05-21,Dallas,3-5km,1517.0,1
2021-05-21,Houston,0-1km,2310.4545454545455,2
2021-05-21,Houston,1-2km,4329.090909090909,3
2021-05-21,Houston,2-3km,396.72727272727275,1
2021-05-21,Houston,3-5km,396.72727272727275,1
2021-05-22,Dallas,0-1km,3575.8333333333335,2
2021-05-22,Dallas,1-2km,3575.8333333333335,2
2021-05-22,Dallas,2-3km,3984.3333333333335,3
2021-05-22,Houston,0-1km,6315.75,3
2021-05-22,Houston,1-2km,393.25,1
2021-05-22,Houston,2-3km,393.25,1
2021-05-22,Houston,3-5km,476.0,1
2021-05-22,Houston,5km+,2001.75,2
2021-05-23,Dallas,0-1km,2129.875,2
2021-05-23,Dallas,1-2km,968.125,2
2021-05-23,Houston,0-1km,563.2727272727273,1
2021-05-23,Houston,1-2km,422.45454545454544,1
2021-05-23,Houston,2-3km,281.6363636363636,1
2021-05-23,Houston,3-5km,281.6363636363636,1
2021-05-24,Dallas,0-1km,438.0,3
2021-05-24,Dallas,1-2km,438.0,3
2021-05-24,Dallas,2-3km,49.0,1
2021-05-24,Houston,0-1km,445.2,3
2021-05-24,Houston,1-2km,279.6,2
2021-05-24,Houston,3-5km,49.0,1
2021-05-24,Houston,5km+,298.2,2
2021-05-25,Dallas,0-1km,641.3333333333334,1
2021-05-25,Dallas,1-2km,1282.6666666666667,1
2021-05-25,Houston,0-1km,723.6666666666667,2
2021-05-25,Houston,1-2km,1365.0,2
2021-05-25,Houston,5km+,82.33333333333333,1
2021-05-26,Dallas,0-1km,2177.125,3
2021-05-26,Dallas,1-2km,656.875,2
2021-05-26,Dallas,3-5km,2231.0,1
2021-05-26,Houston,0-1km,590.5151515151515,2
2021-05-26,Houston,1-2km,860.969696969697,3
2021-05-26,Houston,2-3km,765.4242424242425,3
2021-05-26,Houston,3-5km,191.0909090909091,1
2021-05-27,Dallas,0-1km,1037.857142857143,2
2021-05-27,Dallas,1-2km,773.1428571428571,1
2021-05-27,Dallas,2-3km,303.0,1
2021-05-27,Houston,0-1km,11741.666666666666,2
2021-05-27,Houston,2-3km,300.6666666666667,1
2021-05-27,Houston,3-5km,150.33333333333334,1
2021-05-27,Houston,5km+,150.33333333333334,1
2021-05-28,Dallas,0-1km,2317.75,3
2021-05-28,Dallas,1-2km,678.75,2
2021-05-28,Dallas,2-3km,824.5,1
2021-05-28,Houston,0-1km,1054.509090909091,2
2021-05-28,Houston,1-2km,296.1818181818182,1
2021-05-28,Houston,2-3km,197.45454545454547,1
2021-05-28,Houston,3-5km,1186.8545454545454,2
2021-05-30,Dallas,0-1km,492.0,1
2021-05-30,Dallas,1-2km,492.0,1
2021-05-30,Dallas,2-3km,815.0,1
2021-05-30,Dallas,3-5km,815.0,1
2021-05-30,Houston,0-1km,1208.6,2
2021-05-30,Houston,1-2km,1011.8,2
2021-05-30,Houston,5km+,393.6,1
2021-05-31,Dallas,0-1km,284.0,1
2021-05-31,Dallas,1-2km,284.0,1
2021-05-31,Dallas,2-3km,284.0,1
2021-05-31,Houston,0-1km,284.0,1
2021-05-31,Houston,1-2km,2395.0,2
2021-05-31,Houston,3-5km,282.0,1
2021-05-31,Houston,5km+,284.0,1
2021-06-01,Dallas,0-1km,2406.25,2
2021-06-01,Dallas,1-2km,1093.75,2
2021-06-01,Dallas,2-3km,972.0,1
2021-06-01,Dallas,3-5km,972.0,1
2021-06-01,Houston,0-1km,1608.3636363636365,4
2021-06-01,Houston,1-2km,1449.2727272727273,4
2021-06-01,Houston,2-3km,318.1818181818182,2
2021-06-01,Houston,3-5km,318.1818181818182,2
2021-06-02,Dallas,0-1km,4010.666666666667,4
2021-06-02,Dallas,1-2km,603.3333333333334,1
2021-06-02,Dallas,2-3km,685.0,1
2021-06-02,Houston,0-1km,1453.0,2
2021-06-02,Houston,1-2km,1746.0,1
2021-06-02,Houston,3-5km,1038.0,2
2021-06-02,Houston,5km+,1078.0,2
2021-06-04,Dallas,0-1km,4168.625,4
2021-06-04,Dallas,1-2km,2684.875,4
2021-06-04,Dallas,2-3km,198.5,1
2021-06-04,Houston,0-1km,1014.1363636363636,2
2021-06-04,Houston,1-2km,1894.7272727272727,3
2021-06-04,Houston,2-3km,407.8181818181818,1
2021-06-04,Houston,3-5km,766.8181818181818,2
2021-06-04,Houston,5km+,1084.5,2
2021-06-05,Dallas,0-1km,152.25,1
2021-06-05,Dallas,1-2km,304.5,1
2021-06-05,Dallas,2-3km,152.25,1
2021-06-05,Houston,0-1km,152.25,1
2021-06-05,Houston,1-2km,304.5,1
2021-06-05,Houston,5km+,152.25,1
2021-06-07,Dallas,0-1km,118.0,1
2021-06-07,Dallas,1-2km,236.0,1
2021-06-07,Dallas,2-3km,118.0,1
2021-06-07,Houston,0-1km,118.0,1
2021-06-07,Houston,1-2km,236.0,1
2021-06-07,Houston,5km+,118.0,1
2021-06-09,Dallas,2-3km,1003.0,1
2021-06-09,Dallas,3-5km,1003.0,1
2021-06-09,Houston,0-1km,1003.0,1
2021-06-09,Houston,1-2km,1003.0,1
2021-06-10,Dallas,2-3km,1591.5,1
2021-06-10,Dallas,3-5km,1591.5,1
2021-06-10,Houston,0-1km,1591.5,1
2021-06-10,Houston,1-2km,1591.5,1
2021-06-11,Dallas,0-1km,2038.0,2
2021-06-11,Houston,0-1km,1007.0,1
2021-06-11,Houston,1-2km,3970.0,1
2021-06-11,Houston,5km+,1007.0,1
2021-06-12,Dallas,0-1km,771.0,1
2021-06-12,Dallas,2-3km,257.0,1
2021-06-12,Houston,0-1km,3395.0,2
2021-06-12,Houston,1-2km,5242.0,2
2021-06-12,Houston,3-5km,0.0,1
2021-06-13,Dallas,0-1km,1208.5,1
2021-06-13,Dallas,1-2km,1208.5,1
2021-06-13,Dallas,2-3km,3150.0,1
2021-06-13,Houston,0-1km,1871.0,2
2021-06-13,Houston,1-2km,0.0,1
2021-06-13,Houston,2-3km,3150.0,1
2021-06-13,Houston,3-5km,2417.0,2
2021-06-14,Houston,0-1km,588.0,1
2021-06-14,Houston,1-2km,385.0,1
2021-06-15,Dallas,0-1km,1840.5,2
2021-06-15,Dallas,1-2km,159.0,1
2021-06-15,Dallas,2-3km,1580.0,2
2021-06-15,Dallas,3-5km,1019.5,1
2021-06-15,Houston,0-1km,9676.5,2
2021-06-15,Houston,1-2km,1019.5,1
2021-06-16,Dallas,0-1km,2393.0,2
2021-06-16,Houston,1-2km,260.5,1
2021-06-16,Houston,2-3km,260.5,1
2021-06-17,Dallas,0-1km,789.0,1
2021-06-17,Dallas,2-3km,2541.5,2
2021-06-17,Dallas,3-5km,1752.5,1
2021-06-17,Houston,0-1km,2383.7,2
2021-06-17,Houston,1-2km,1752.5,1
2021-06-17,Houston,3-5km,946.8,1
2021-06-18,Dallas,0-1km,5021.75,3
2021-06-18,Dallas,1-2km,2965.25,3
2021-06-18,Houston,0-1km,2248.590909090909,2
2021-06-18,Houston,1-2km,1373.568181818182,2
2021-06-18,Houston,2-3km,498.54545454545456,1
2021-06-18,Houston,3-5km,498.54545454545456,1
2021-06-18,Houston,5km+,3670.75,2
2021-06-19,Dallas,0-1km,1586.5,1
2021-06-19,Dallas,1-2km,1586.5,1
2021-06-19,Houston,0-1km,1269.2,1
2021-06-19,Houston,1-2km,634.6,1
2021-06-19,Houston,5km+,1269.2,1
2021-06-20,Dallas,0-1km,1500.0,3
2021-06-20,Dallas,1-2km,638.0,2
2021-06-20,Dallas,2-3km,2756.0,2
2021-06-20,Houston,0-1km,1135.3333333333335,4
2021-06-20,Houston,1-2km,4694.333333333334,5
2021-06-20,Houston,2-3km,2760.3333333333335,2
2021-06-20,Houston,5km+,542.0,2
2021-06-21,Dallas,2-3km,2041.0,1
2021-06-21,Houston,0-1km,1020.5,1
2021-06-21,Houston,3-5km,510.25,1
2021-06-21,Houston,5km+,510.25,1
2021-06-22,Dallas,0-1km,234.5,1
2021-06-22,Dallas,1-2km,234.5,1
2021-06-22,Houston,0-1km,187.6,1
2021-06-22,Houston,1-2km,93.8,1
2021-06-22,Houston,5km+,187.6,1
2021-06-23,Dallas,2-3km,1291.0,1
2021-06-23,Houston,0-1km,147.0,1
2021-06-23,Houston,1-2km,147.0,1
2021-06-23,Houston,3-5km,261.0,1
2021-06-23,Houston,5km+,147.0,1
2021-06-24,Dallas,0-1km,29.0,1
2021-06-24,Dallas,2-3km,1620.0,1
2021-06-24,Houston,0-1km,3155.0,2
2021-06-24,Houston,1-2km,1523.0,1
2021-06-24,Houston,3-5km,405.0,1
2021-06-24,Houston,5km+,405.0,1
2021-06-25,Dallas,0-1km,3034.0,2
2021-06-25,Dallas,1-2km,3090.0,1
2021-06-25,Dallas,2-3km,1460.0,2
2021-06-25,Dallas,3-5km,983.0,1
2021-06-25,Houston,0-1km,14390.5,4
2021-06-25,Houston,1-2km,983.0,2
2021-06-25,Houston,2-3km,3090.0,2
2021-06-25,Houston,5km+,1278.5,1
2021-06-26,Dallas,0-1km,806.0,2
2021-06-26,Dallas,1-2km,44.0,1
2021-06-26,Dallas,2-3km,1940.0,2
2021-06-26,Houston,0-1km,557.0,3
2021-06-26,Houston,1-2km,381.0,1
2021-06-26,Houston,3-5km,44.0,1
2021-06-26,Houston,5km+,2484.0,2
2021-06-27,Dallas,0-1km,4086.5,4
2021-06-27,Dallas,1-2km,1917.0,2
2021-06-27,Dallas,2-3km,393.5,2
2021-06-27,Houston,0-1km,145.0,2
2021-06-27,Houston,1-2km,3486.0,4
2021-06-27,Houston,3-5km,0.0,1
2021-06-27,Houston,5km+,1772.0,2
2021-06-28,Dallas,0-1km,812.3333333333334,2
2021-06-28,Dallas,1-2km,740.3333333333334,2
2021-06-28,Dallas,2-3km,812.3333333333334,3
2021-06-28,Houston,0-1km,1020.8000000000001,4
2021-06-28,Houston,1-2km,1080.0,4
2021-06-28,Houston,2-3km,339.6666666666667,1
2021-06-28,Houston,3-5km,1045.2,3
2021-06-28,Houston,5km+,156.33333333333334,1
2021-06-30,Dallas,0-1km,6807.0,4
2021-06-30,Dallas,1-2km,1968.0,2
2021-06-30,Dallas,2-3km,130.0,1
2021-06-30,Houston,0-1km,2345.6666666666665,5
2021-06-30,Houston,1-2km,3466.5,4
2021-06-30,Houston,2-3km,1817.8333333333333,2
2021-06-30,Houston,3-5km,0.0,1
2021-06-30,Houston,5km+,1275.0,2
2021-07-01,Dallas,0-1km,739.0,2
2021-07-01,Dallas,1-2km,739.0,2
2021-07-01,Houston,0-1km,550.4,2
2021-07-01,Houston,1-2km,377.2,3
2021-07-01,Houston,3-5km,0.0,1
2021-07-01,Houston,5km+,550.4,1
2021-07-02,Dallas,0-1km,2935.125,3
2021-07-02,Dallas,1-2km,2005.875,3
2021-07-02,Houston,0-1km,450.54545454545456,1
2021-07-02,Houston,1-2km,337.90909090909093,1
2021-07-02,Houston,2-3km,225.27272727272728,1
2021-07-02,Houston,3-5km,2688.2727272727275,2
2021-07-03,Dallas,0-1km,505.3333333333333,2
2021-07-03,Dallas,1-2km,505.3333333333333,2
2021-07-03,Dallas,2-3km,124.33333333333333,1
2021-07-03,Houston,0-1km,124.33333333333333,1
2021-07-03,Houston,1-2km,124.33333333333333,1
2021-07-03,Houston,3-5km,282.0,1
2021-07-03,Houston,5km+,124.33333333333333,1
2021-07-04,Dallas,0-1km,604.0,1
2021-07-04,Dallas,2-3km,604.0,1
2021-07-05,Dallas,0-1km,1543.0833333333333,3
2021-07-05,Dallas,1-2km,971.5833333333333,3
2021-07-05,Dallas,2-3km,495.3333333333333,1
2021-07-05,Houston,0-1km,1084.590909090909,3
2021-07-05,Houston,1-2km,1071.3181818181818,3
2021-07-05,Houston,2-3km,574.5454545454545,3
2021-07-05,Houston,3-5km,138.54545454545453,1
2021-07-06,Dallas,0-1km,3117.166666666667,3
2021-07-06,Dallas,1-2km,2538.8333333333335,3
2021-07-06,Houston,0-1km,4565.5,2
2021-07-06,Houston,1-2km,147.0,1
2021-07-06,Houston,5km+,943.5,1
2021-07-07,Dallas,0-1km,3792.475,4
2021-07-07,Dallas,1-2km,870.525,3
2021-07-07,Houston,0-1km,1192.0454545454545,2
2021-07-07,Houston,1-2km,840.9090909090909,2
2021-07-07,Houston,2-3km,1213.0227272727273,3
2021-07-07,Houston,3-5km,149.27272727272728,1
2021-07-07,Houston,5km+,446.75,1
2021-07-08,Houston,0-1km,0.0,1
2021-07-08,Houston,1-2km,0.0,1
2021-07-08,Houston,2-3km,2974.0,2
2021-07-09,Dallas,0-1km,879.75,1
2021-07-09,Dallas,1-2km,2020.0,1
2021-07-09,Dallas,2-3km,293.25,1
2021-07-09,Houston,2-3km,2020.0,1
2021-07-09,Houston,3-5km,339.0,1
2021-07-10,Dallas,1-2km,2848.0,1
2021-07-10,Houston,2-3km,2848.0,1
2021-07-11,Dallas,0-1km,928.0,3
2021-07-11,Dallas,1-2km,0.0,1
2021-07-11,Dallas,2-3km,1600.0,2
2021-07-11,Houston,0-1km,1600.0,3
2021-07-11,Houston,1-2km,284.0,2
2021-07-11,Houston,2-3km,284.0,2
2021-07-11,Houston,3-5km,0.0,1
2021-07-11,Houston,5km+,0.0,1
2021-07-12,Dallas,0-1km,1206.0,1
2021-07-12,Dallas,1-2km,951.0,1
2021-07-12,Dallas,2-3km,656.0,1
2021-07-12,Dallas,3-5km,656.0,1
2021-07-12,Houston,0-1km,841.3333333333334,2
2021-07-12,Houston,1-2km,2395.3333333333335,4
2021-07-12,Houston,2-3km,788.3333333333334,2
2021-07-14,Dallas,0-1km,4065.6,1
2021-07-14,Dallas,1-2km,1016.4,1
2021-07-14,Houston,0-1km,13423.0,3
2021-07-14,Houston,1-2km,137.0,1
2021-07-14,Houston,2-3km,1270.5,1
2021-07-14,Houston,3-5km,260.0,1
2021-07-14,Houston,5km+,1407.5,2
2021-07-16,Dallas,2-3km,0.0,1
2021-07-16,Houston,0-1km,0.0,1
2021-07-16,Houston,1-2km,0.0,1
2021-07-16,Houston,2-3km,4980.0,2
2021-07-16,Houston,3-5km,0.0,1
2021-07-17,Dallas,0-1km,967.0,2
2021-07-17,Dallas,1-2km,1067.0,2
2021-07-17,Dallas,2-3km,100.0,1
2021-07-17,Houston,0-1km,967.0,3
2021-07-17,Houston,1-2km,633.5,3
2021-07-17,Houston,2-3km,0.0,1
2021-07-17,Houston,3-5km,290.0,1
2021-07-17,Houston,5km+,533.5,2
2021-07-18,Dallas,0-1km,1239.6666666666665,2
2021-07-18,Dallas,1-2km,689.0,2
2021-07-18,Dallas,2-3km,138.33333333333334,1
2021-07-18,Houston,0-1km,1790.3333333333333,2
2021-07-18,Houston,1-2km,138.33333333333334,1
2021-07-18,Houston,5km+,138.33333333333334,1
2021-07-19,Dallas,0-1km,2685.375,2
2021-07-19,Dallas,1-2km,1220.625,2
2021-07-19,Dallas,2-3km,1846.0,1
2021-07-19,Houston,0-1km,2556.181818181818,2
2021-07-19,Houston,1-2km,532.6363636363636,1
2021-07-19,Houston,2-3km,355.09090909090907,1
2021-07-19,Houston,3-5km,355.09090909090907,1
2021-07-20,Dallas,1-2km,1901.0,1
2021-07-20,Houston,1-2km,6289.0,2
2021-07-21,Dallas,0-1km,1766.75,3
2021-07-21,Dallas,1-2km,386.25,2
2021-07-21,Houston,0-1km,224.72727272727272,1
2021-07-21,Houston,1-2km,627.0454545454545,2
2021-07-21,Houston,2-3km,570.8636363636364,2
2021-07-21,Houston,3-5km,112.36363636363636,1
2021-07-22,Dallas,0-1km,1083.5,1
2021-07-22,Dallas,2-3km,1083.5,1
2021-07-22,Houston,0-1km,866.8,1
2021-07-22,Houston,3-5km,1300.2,1
2021-07-23,Dallas,0-1km,2601.5,3
2021-07-23,Dallas,1-2km,642.5,2
2021-07-23,Houston,0-1km,373.8181818181818,1
2021-07-23,Houston,1-2km,874.3636363636364,2
2021-07-23,Houston,2-3km,780.9090909090909,2
2021-07-23,Houston,3-5km,186.9090909090909,1
2021-07-24,Dallas,0-1km,1061.5,1
2021-07-24,Dallas,1-2km,1061.5,1
2021-07-24,Houston,0-1km,1061.5,1
2021-07-24,Houston,1-2km,530.75,1
2021-07-24,Houston,5km+,530.75,1
2021-07-25,Dallas,0-1km,709.8571428571429,2
2021-07-25,Dallas,1-2km,803.1428571428571,1
2021-07-25,Dallas,2-3km,576.0,1
2021-07-25,Houston,0-1km,312.3333333333333,1
2021-07-25,Houston,2-3km,312.3333333333333,1
2021-07-25,Houston,3-5km,156.16666666666666,1
2021-07-25,Houston,5km+,156.16666666666666,1
2021-07-26,Houston,0-1km,0.0,1
2021-07-26,Houston,1-2km,0.0,1
2021-07-26,Houston,3-5km,0.0,1
2021-07-26,Houston,5km+,98.0,1
2021-07-27,Houston,0-1km,130.0,1
2021-07-27,Houston,1-2km,130.0,1
2021-07-27,Houston,5km+,130.0,1
2021-07-28,Dallas,0-1km,178.25,1
2021-07-28,Dallas,1-2km,356.5,1
2021-07-28,Dallas,2-3km,178.25,1
2021-07-28,Houston,0-1km,178.25,1
2021-07-28,Houston,1-2km,356.5,1
2021-07-28,Houston,5km+,178.25,1
2021-07-29,Dallas,0-1km,5006.166666666666,3
2021-07-29,Dallas,1-2km,3997.833333333333,3
2021-07-29,Dallas,2-3km,0.0,1
2021-07-29,Houston,0-1km,3421.0,2
2021-07-29,Houston,1-2km,1503.5,2
2021-07-29,Houston,2-3km,3127.0,2
2021-07-29,Houston,3-5km,0.0,1
2021-07-29,Houston,5km+,1503.5,1
2021-07-31,Houston,2-3km,1679.0,1
2021-08-01,Dallas,0-1km,445.3333333333333,1
2021-08-01,Dallas,1-2km,445.3333333333333,1
2021-08-01,Dallas,2-3km,445.3333333333333,1
2021-08-01,Houston,0-1km,668.0,1
2021-08-01,Houston,1-2km,334.0,1
2021-08-01,Houston,2-3km,334.0,1
2021-08-01,Houston,3-5km,422.0,1
2021-08-02,Dallas,0-1km,589.0,1
2021-08-02,Dallas,1-2km,2125.0,2
2021-08-02,Houston,0-1km,210.0,1
2021-08-02,Houston,1-2km,799.0,2
2021-08-02,Houston,2-3km,1536.0,1
2021-08-02,Houston,5km+,799.0,2
2021-08-03,Dallas,0-1km,45.333333333333336,1
2021-08-03,Dallas,1-2km,775.3333333333334,2
2021-08-03,Dallas,2-3km,45.333333333333336,1
2021-08-03,Houston,0-1km,358.33333333333337,3
2021-08-03,Houston,1-2km,907.0,2
2021-08-03,Houston,3-5km,45.333333333333336,1
2021-08-03,Houston,5km+,222.33333333333334,2
2021-08-04,Dallas,0-1km,2167.904761904762,4
2021-08-04,Dallas,1-2km,3710.761904761905,2
2021-08-04,Dallas,2-3km,2199.333333333333,3
2021-08-04,Houston,0-1km,2522.333333333333,4
2021-08-04,Houston,1-2km,481.5,1
2021-08-04,Houston,2-3km,1894.5,2
2021-08-04,Houston,3-5km,1183.8333333333333,3
2021-08-04,Houston,5km+,1183.8333333333333,3
2021-08-05,Dallas,0-1km,709.3333333333334,1
2021-08-05,Dallas,1-2km,1418.6666666666667,1
2021-08-05,Houston,0-1km,797.0,2
2021-08-05,Houston,1-2km,1506.3333333333335,2
2021-08-05,Houston,5km+,87.66666666666667,1
2021-08-07,Dallas,0-1km,1167.5,1
2021-08-07,Dallas,1-2km,1167.5,1
2021-08-07,Houston,1-2km,1167.5,1
2021-08-07,Houston,5km+,1167.5,1
2021-08-08,Dallas,0-1km,1283.0,1
2021-08-08,Dallas,1-2km,1283.0,1
2021-08-08,Dallas,2-3km,0.0,1
2021-08-08,Houston,0-1km,1161.7333333333333,3
2021-08-08,Houston,1-2km,648.5333333333334,3
2021-08-08,Houston,3-5km,0.0,1
2021-08-08,Houston,5km+,1161.7333333333333,2
2021-08-09,Dallas,0-1km,1667.4285714285716,2
2021-08-09,Dallas,1-2km,3154.5714285714284,2
2021-08-09,Houston,0-1km,2064.0,2
2021-08-09,Houston,1-2km,685.0,1
2021-08-09,Houston,2-3km,1543.0,2
2021-08-09,Houston,3-5km,347.0,1
2021-08-09,Houston,5km+,1032.0,2
2021-08-10,Dallas,0-1km,187.0,1
2021-08-10,Dallas,1-2km,187.0,1
2021-08-10,Dallas,2-3km,807.0,1
2021-08-10,Dallas,3-5km,807.0,1
2021-08-10,Houston,0-1km,956.6,2
2021-08-10,Houston,1-2km,1542.8,3
2021-08-10,Houston,5km+,149.6,1
2021-08-11,Dallas,2-3km,0.0,1
2021-08-11,Houston,0-1km,0.0,1
2021-08-11,Houston,1-2km,0.0,1
2021-08-11,Houston,3-5km,0.0,1
2021-08-12,Dallas,0-1km,49.0,1
2021-08-12,Dallas,1-2km,1728.0,2
2021-08-12,Houston,1-2km,1777.0,2
2021-08-13,Dallas,0-1km,898.8333333333334,3
2021-08-13,Dallas,1-2km,104.83333333333333,2
2021-08-13,Dallas,2-3km,72.33333333333333,1
2021-08-13,Houston,0-1km,289.3333333333333,2
2021-08-13,Houston,1-2km,462.0,2
2021-08-13,Houston,2-3km,397.0,1
2021-08-13,Houston,3-5km,72.33333333333333,1
2021-08-13,Houston,5km+,72.33333333333333,1
2021-08-14,Dallas,0-1km,1358.2142857142858,2
2021-08-14,Dallas,1-2km,1792.2857142857142,1
2021-08-14,Dallas,2-3km,1059.5,1
2021-08-14,Houston,0-1km,697.0,1
2021-08-14,Houston,2-3km,2816.0,2
2021-08-14,Houston,3-5km,348.5,1
2021-08-14,Houston,5km+,348.5,1
2021-08-15,Dallas,0-1km,1168.75,2
2021-08-15,Dallas,1-2km,531.25,2
2021-08-15,Houston,0-1km,1861.090909090909,2
2021-08-15,Houston,1-2km,1783.8181818181818,2
2021-08-15,Houston,2-3km,154.54545454545453,1
2021-08-15,Houston,3-5km,154.54545454545453,1
2021-08-16,Dallas,0-1km,2843.3333333333335,3
2021-08-16,Dallas,1-2km,1997.3333333333333,2
2021-08-16,Dallas,2-3km,235.33333333333334,1
2021-08-16,Houston,0-1km,856.4285714285714,2
2021-08-16,Houston,1-2km,1606.357142857143,3
2021-08-16,Houston,2-3km,1102.9285714285716,3
2021-08-16,Houston,3-5km,817.4285714285714,2
2021-08-16,Houston,5km+,1006.8571428571429,1
2021-08-17,Dallas,0-1km,178.0,1
2021-08-17,Houston,1-2km,89.0,1
2021-08-17,Houston,2-3km,89.0,1
2021-08-17,Houston,3-5km,203.0,1
2021-08-18,Dallas,0-1km,1794.142857142857,2
2021-08-18,Dallas,1-2km,2734.857142857143,2
2021-08-18,Houston,0-1km,2848.0,2
2021-08-18,Houston,2-3km,439.0,1
2021-08-18,Houston,3-5km,219.5,1
2021-08-18,Houston,5km+,1022.5,2
2021-08-19,Dallas,0-1km,977.6666666666666,2
2021-08-19,Dallas,1-2km,132.66666666666666,1
2021-08-19,Dallas,2-3km,132.66666666666666,1
2021-08-19,Houston,0-1km,282.66666666666663,2
2021-08-19,Houston,1-2km,1042.1666666666665,4
2021-08-19,Houston,2-3km,572.5,2
2021-08-19,Houston,5km+,132.66666666666666,1
2021-08-20,Dallas,0-1km,3491.1666666666665,4
2021-08-20,Dallas,1-2km,982.6666666666666,2
2021-08-20,Dallas,2-3km,6568.166666666666,4
2021-08-20,Houston,0-1km,2199.866666666667,4
2021-08-20,Houston,1-2km,2110.866666666667,3
2021-08-20,Houston,2-3km,4172.0,1
2021-08-20,Houston,3-5km,1407.7,2
2021-08-20,Houston,5km+,1151.5666666666666,3
2021-08-21,Dallas,0-1km,292.5833333333333,3
2021-08-21,Dallas,1-2km,480.8333333333333,3
2021-08-21,Dallas,2-3km,3027.5833333333335,3
2021-08-21,Houston,0-1km,4279.083333333333,5
2021-08-21,Houston,1-2km,448.5,2
2021-08-21,Houston,3-5km,1093.0833333333333,3
2021-08-21,Houston,5km+,949.3333333333333,3
2021-08-22,Dallas,0-1km,637.0,1
2021-08-22,Dallas,2-3km,0.0,1
2021-08-22,Houston,0-1km,318.5,2
2021-08-22,Houston,1-2km,318.5,2
2021-08-22,Houston,3-5km,0.0,1
2021-08-22,Houston,5km+,94.0,1
2021-08-23,Dallas,0-1km,3972.75,3
2021-08-23,Dallas,1-2km,2171.25,3
2021-08-23,Houston,0-1km,1543.4545454545455,2
2021-08-23,Houston,1-2km,990.0909090909091,2
2021-08-23,Houston,2-3km,436.72727272727275,1
2021-08-23,Houston,3-5km,697.7272727272727,2
2021-08-23,Houston,5km+,335.0,1
2021-08-24,Dallas,2-3km,0.0,1
2021-08-24,Houston,0-1km,0.0,1
2021-08-24,Houston,1-2km,0.0,1
2021-08-24,Houston,3-5km,0.0,1
2021-08-25,Dallas,0-1km,396.0,1
2021-08-25,Dallas,1-2km,2574.0,2
2021-08-25,Dallas,2-3km,396.0,1
2021-08-25,Houston,0-1km,594.0,1
2021-08-25,Houston,1-2km,2475.0,2
2021-08-25,Houston,2-3km,297.0,1
2021-08-26,Dallas,0-1km,1084.0,1
2021-08-26,Houston,0-1km,273.6666666666667,1
2021-08-26,Houston,1-2km,815.6666666666667,2
2021-08-26,Houston,2-3km,542.0,1
2021-08-26,Houston,5km+,273.6666666666667,1
2021-08-27,Dallas,0-1km,197.0,1
2021-08-27,Dallas,2-3km,1101.0,1
2021-08-27,Houston,1-2km,98.5,1
2021-08-27,Houston,2-3km,98.5,1
2021-08-28,Dallas,0-1km,1143.0,3
2021-08-28,Dallas,1-2km,439.5,2
2021-08-28,Dallas,2-3km,1090.5,2
2021-08-28,Houston,0-1km,580.5,1
2021-08-28,Houston,1-2km,395.25,2
2021-08-28,Houston,2-3km,290.25,1
2021-08-29,Dallas,0-1km,445.0,2
2021-08-29,Dallas,1-2km,2039.5,2
2021-08-29,Dallas,2-3km,408.5,1
2021-08-29,Houston,1-2km,73.0,1
2021-08-29,Houston,2-3km,2003.0,1
2021-08-30,Dallas,0-1km,2892.7333333333336,4
2021-08-30,Dallas,1-2km,606.2666666666667,2
2021-08-30,Houston,0-1km,1822.8333333333333,3
2021-08-30,Houston,1-2km,262.33333333333337,2
2021-08-30,Houston,2-3km,628.0833333333334,3
2021-08-30,Houston,5km+,365.75,1
2021-08-31,Dallas,0-1km,4092.7083333333335,3
2021-08-31,Dallas,1-2km,2726.291666666667,3
2021-08-31,Houston,0-1km,1494.5151515151515,2
2021-08-31,Houston,1-2km,1821.3030303030305,2
2021-08-31,Houston,2-3km,467.09090909090907,1
2021-08-31,Houston,3-5km,467.09090909090907,1
2021-09-01,Houston,0-1km,2577.0,1
2021-09-03,Dallas,0-1km,25.5,1
2021-09-03,Dallas,1-2km,1479.5,2
2021-09-03,Houston,0-1km,359.0,1
2021-09-03,Houston,1-2km,51.0,1
2021-09-04,Houston,0-1km,0.0,1
2021-09-04,Houston,1-2km,0.0,1
2021-09-04,Houston,3-5km,0.0,1
2021-09-05,Dallas,0-1km,1513.6666666666665,3
2021-09-05,Dallas,1-2km,212.66666666666666,1
2021-09-05,Dallas,2-3km,212.66666666666666,1
2021-09-05,Houston,0-1km,212.66666666666666,1
2021-09-05,Houston,1-2km,541.1666666666666,2
2021-09-05,Houston,2-3km,2082.5,2
2021-09-05,Houston,5km+,212.66666666666666,1
2021-09-06,Dallas,0-1km,2996.785714285714,5
2021-09-06,Dallas,1-2km,862.2142857142857,2
2021-09-06,Dallas,2-3km,657.0,2
2021-09-06,Houston,0-1km,306.3333333333333,2
2021-09-06,Houston,1-2km,526.0,3
2021-09-06,Houston,2-3km,683.3333333333333,2
2021-09-06,Houston,3-5km,153.16666666666666,2
2021-09-06,Houston,5km+,153.16666666666666,1
2021-09-07,Dallas,0-1km,985.5,1
2021-09-07,Dallas,1-2km,1202.5,2
2021-09-07,Dallas,2-3km,1898.0,2
2021-09-07,Houston,0-1km,840.5,1
2021-09-07,Houston,1-2km,924.0,1
2021-09-07,Houston,3-5km,2391.25,2
2021-09-07,Houston,5km+,420.25,1
2021-09-08,Dallas,0-1km,1243.0,1
2021-09-08,Dallas,1-2km,2495.0,1
2021-09-08,Houston,0-1km,621.5,1
2021-09-08,Houston,1-2km,2495.0,1
2021-09-08,Houston,3-5km,300.0,1
2021-09-08,Houston,5km+,621.5,1
2021-09-09,Dallas,0-1km,1320.0,1
2021-09-09,Dallas,2-3km,2632.0,1
2021-09-09,Dallas,3-5km,2632.0,1
2021-09-09,Houston,0-1km,2632.0,1
2021-09-09,Houston,1-2km,3292.0,2
2021-09-09,Houston,2-3km,660.0,1
2021-09-10,Dallas,0-1km,2990.625,3
2021-09-10,Dallas,1-2km,1184.375,2
2021-09-10,Houston,0-1km,689.0909090909091,1
2021-09-10,Houston,1-2km,709.3181818181819,2
2021-09-10,Houston,2-3km,537.0454545454545,2
2021-09-10,Houston,3-5km,344.54545454545456,1
2021-09-11,Dallas,0-1km,7102.6,2
2021-09-11,Dallas,1-2km,1505.4,1
2021-09-11,Houston,0-1km,3763.5,1
2021-09-11,Houston,1-2km,540.5,1
2021-09-11,Houston,2-3km,2422.25,2
2021-09-11,Houston,5km+,1881.75,1
2021-09-12,Dallas,0-1km,1444.0,1
2021-09-12,Houston,0-1km,722.0,1
2021-09-12,Houston,5km+,722.0,1
2021-09-13,Dallas,0-1km,713.0,1
2021-09-13,Dallas,1-2km,713.0,1
2021-09-13,Houston,1-2km,713.0,1
2021-09-13,Houston,5km+,713.0,1
2021-09-14,Dallas,0-1km,439.25,2
2021-09-14,Dallas,1-2km,222.5,1
2021-09-14,Dallas,2-3km,111.25,1
2021-09-14,Houston,0-1km,111.25,1
2021-09-14,Houston,1-2km,386.5,2
2021-09-14,Houston,2-3km,164.0,1
2021-09-14,Houston,5km+,111.25,1
2021-09-15,Dallas,0-1km,3439.375,3
2021-09-15,Dallas,1-2km,2076.625,3
2021-09-15,Houston,0-1km,660.7272727272727,1
2021-09-15,Houston,1-2km,495.54545454545456,1
2021-09-15,Houston,2-3km,330.3636363636364,1
2021-09-15,Houston,3-5km,2212.3636363636365,2
2021-09-18,Dallas,0-1km,5091.714285714285,2
2021-09-18,Dallas,1-2km,2764.285714285714,1
2021-09-18,Houston,0-1km,1075.0,1
2021-09-18,Houston,2-3km,1075.0,1
2021-09-18,Houston,3-5km,537.5,1
2021-09-18,Houston,5km+,537.5,1
2021-09-19,Dallas,0-1km,946.7857142857143,2
2021-09-19,Dallas,1-2km,3553.214285714286,2
2021-09-19,Houston,0-1km,1556.7333333333331,2
2021-09-19,Houston,1-2km,170.2,1
2021-09-19,Houston,2-3km,1216.3333333333333,1
2021-09-19,Houston,3-5km,608.1666666666666,1
2021-09-19,Houston,5km+,948.5666666666666,2
2021-09-21,Dallas,0-1km,578.0,1
2021-09-21,Houston,1-2km,289.0,1
2021-09-21,Houston,2-3km,289.0,1
2021-09-22,Dallas,0-1km,3476.075,6
2021-09-22,Dallas,1-2km,1331.175,5
2021-09-22,Dallas,2-3km,132.75,1
2021-09-22,Houston,0-1km,1865.75,5
2021-09-22,Houston,1-2km,1041.5,5
2021-09-22,Houston,2-3km,919.0,3
2021-09-22,Houston,3-5km,106.0,1
2021-09-22,Houston,5km+,1117.75,4
2021-09-23,Dallas,0-1km,1058.0,2
2021-09-23,Houston,0-1km,288.5,1
2021-09-23,Houston,1-2km,529.0,2
2021-09-23,Houston,2-3km,240.5,1
2021-09-23,Houston,5km+,170.0,1
2021-09-24,Dallas,0-1km,188.0,1
2021-09-24,Dallas,1-2km,188.0,1
2021-09-24,Dallas,2-3km,188.0,1
2021-09-24,Houston,0-1km,188.0,1
2021-09-24,Houston,1-2km,188.0,1
2021-09-24,Houston,5km+,188.0,1
2021-09-25,Dallas,0-1km,2112.5,2
2021-09-25,Dallas,1-2km,1313.5,2
2021-09-25,Houston,0-1km,2936.9333333333334,3
2021-09-25,Houston,1-2km,7992.133333333333,3
2021-09-25,Houston,2-3km,128.33333333333334,1
2021-09-25,Houston,5km+,411.6,1
2021-09-26,Dallas,0-1km,1486.3333333333333,2
2021-09-26,Dallas,1-2km,320.3333333333333,1
2021-09-26,Dallas,2-3km,2151.3333333333335,2
2021-09-26,Houston,0-1km,320.3333333333333,1
2021-09-26,Houston,1-2km,903.3333333333333,2
2021-09-26,Houston,2-3km,583.0,1
2021-09-26,Houston,5km+,320.3333333333333,1
2021-09-28,Dallas,0-1km,2040.0416666666665,4
2021-09-28,Dallas,1-2km,1289.2916666666665,4
2021-09-28,Dallas,2-3km,119.66666666666667,1
2021-09-28,Houston,0-1km,918.8666666666667,3
2021-09-28,Houston,1-2km,610.2666666666667,3
2021-09-28,Houston,2-3km,182.0,1
2021-09-28,Houston,3-5km,606.0,2
2021-09-28,Houston,5km+,554.8666666666667,2
2021-09-29,Dallas,0-1km,408.3333333333333,1
2021-09-29,Dallas,1-2km,816.6666666666666,1
2021-09-29,Dallas,2-3km,852.5,1
2021-09-29,Dallas,3-5km,852.5,1
2021-09-29,Houston,0-1km,2809.833333333333,3
2021-09-29,Houston,1-2km,1669.1666666666665,2
2021-09-30,Dallas,0-1km,4176.0,4
2021-09-30,Dallas,1-2km,1953.0,3
2021-09-30,Houston,0-1km,760.7272727272727,1
2021-09-30,Houston,1-2km,897.5454545454545,2
2021-09-30,Houston,2-3km,707.3636363636364,2
2021-09-30,Houston,3-5km,380.3636363636364,1
2021-10-01,Dallas,1-2km,1533.0,1
2021-10-01,Houston,0-1km,15017.0,1
2021-10-01,Houston,2-3km,1533.0,1
2021-10-02,Dallas,0-1km,1560.6666666666667,2
2021-10-02,Dallas,1-2km,2594.3333333333335,2
2021-10-02,Dallas,2-3km,2807.5,2
2021-10-02,Dallas,3-5km,1086.5,1
2021-10-02,Houston,0-1km,3402.266666666667,4
2021-10-02,Houston,1-2km,3364.6333333333337,3
2021-10-02,Houston,3-5km,430.25,1
2021-10-02,Houston,5km+,851.85,2
2021-10-03,Dallas,0-1km,365.0,1
2021-10-03,Houston,0-1km,2596.0,1
2021-10-03,Houston,1-2km,182.5,1
2021-10-03,Houston,2-3km,182.5,1
2021-10-04,Dallas,0-1km,1906.1916666666666,4
2021-10-04,Dallas,1-2km,840.1416666666667,4
2021-10-04,Dallas,2-3km,228.66666666666666,1
2021-10-04,Houston,0-1km,938.530303030303,3
2021-10-04,Houston,1-2km,414.93939393939394,2
2021-10-04,Houston,2-3km,354.9318181818182,2
2021-10-04,Houston,3-5km,124.18181818181819,1
2021-10-04,Houston,5km+,459.41666666666663,2
2021-10-05,Dallas,0-1km,2465.375,2
2021-10-05,Dallas,1-2km,1120.625,2
2021-10-05,Houston,0-1km,9341.333333333334,3
2021-10-05,Houston,1-2km,587.3333333333334,2
2021-10-05,Houston,2-3km,326.0,1
2021-10-05,Houston,3-5km,326.0,1
2021-10-05,Houston,5km+,98.33333333333333,1
2021-10-06,Dallas,0-1km,483.0,1
2021-10-06,Houston,0-1km,416.16666666666663,2
2021-10-06,Houston,1-2km,416.16666666666663,2
2021-10-06,Houston,2-3km,174.66666666666666,1
2021-10-07,Dallas,0-1km,2551.25,3
2021-10-07,Dallas,1-2km,1870.0,2
2021-10-07,Dallas,2-3km,81.75,1
2021-10-07,Houston,0-1km,569.3214285714286,2
2021-10-07,Houston,1-2km,1520.142857142857,3
2021-10-07,Houston,2-3km,869.0714285714286,2
2021-10-07,Houston,3-5km,487.57142857142856,1
2021-10-07,Houston,5km+,1056.892857142857,2
2021-10-08,Dallas,0-1km,2881.6666666666665,2
2021-10-08,Dallas,1-2km,1078.3333333333333,1
2021-10-08,Dallas,2-3km,3828.0,1
2021-10-08,Houston,0-1km,5445.5,2
2021-10-08,Houston,1-2km,1101.5,2
2021-10-08,Houston,2-3km,362.5,1
2021-10-08,Houston,5km+,1617.5,1
2021-10-10,Dallas,0-1km,3735.5,3
2021-10-10,Dallas,1-2km,1672.5,2
2021-10-10,Houston,0-1km,477.85714285714283,2
2021-10-10,Houston,1-2km,1987.2142857142858,2
2021-10-10,Houston,2-3km,1509.357142857143,3
2021-10-10,Houston,3-5km,826.8571428571429,2
2021-10-10,Houston,5km+,955.7142857142857,2
2021-10-11,Dallas,0-1km,2468.5,4
2021-10-11,Dallas,1-2km,1912.5,3
2021-10-11,Dallas,2-3km,1240.5,2
2021-10-11,Dallas,3-5km,1140.5,1
2021-10-11,Houston,0-1km,2695.5,4
2021-10-11,Houston,1-2km,2555.0,5
2021-10-11,Houston,2-3km,3263.0,2
2021-10-11,Houston,3-5km,212.0,1
2021-10-11,Houston,5km+,774.5,2
2021-10-12,Dallas,0-1km,91.0,1
2021-10-12,Dallas,1-2km,91.0,1
2021-10-12,Dallas,2-3km,91.0,1
2021-10-12,Houston,0-1km,364.0,2
2021-10-12,Houston,3-5km,91.0,1
2021-10-12,Houston,5km+,91.0,1
2021-10-13,Dallas,0-1km,593.25,1
2021-10-13,Dallas,2-3km,197.75,1
2021-10-13,Houston,0-1km,356.0,2
2021-10-13,Houston,1-2km,356.0,2
2021-10-13,Houston,2-3km,175.33333333333334,1
2021-10-13,Houston,3-5km,180.66666666666666,1
2021-10-14,Houston,0-1km,1673.0,1
2021-10-15,Dallas,0-1km,1527.0,1
2021-10-15,Houston,1-2km,1527.0,1
2021-10-16,Dallas,0-1km,1352.5,1
2021-10-16,Dallas,1-2km,3334.5,2
2021-10-16,Dallas,2-3km,510.0,1
2021-10-16,Houston,0-1km,306.0,1
2021-10-16,Houston,1-2km,102.0,1
2021-10-16,Houston,2-3km,1982.0,1
2021-10-16,Houston,3-5km,102.0,1
2021-10-18,Dallas,0-1km,5282.125,4
2021-10-18,Dallas,1-2km,2409.875,3
2021-10-18,Dallas,2-3km,1602.0,2
2021-10-18,Houston,0-1km,1772.2424242424242,3
2021-10-18,Houston,1-2km,1404.5151515151515,3
2021-10-18,Houston,2-3km,2205.4545454545455,3
2021-10-18,Houston,3-5km,1282.4545454545455,2
2021-10-18,Houston,5km+,301.3333333333333,1
2021-10-19,Houston,0-1km,55.0,1
2021-10-19,Houston,1-2km,110.0,1
2021-10-19,Houston,3-5km,110.0,1
2021-10-20,Dallas,0-1km,808.25,2
2021-10-20,Dallas,1-2km,124.5,1
2021-10-20,Dallas,2-3km,755.75,2
2021-10-20,Dallas,3-5km,693.5,1
2021-10-20,Houston,0-1km,967.75,3
2021-10-20,Houston,1-2km,1030.0,3
2021-10-20,Houston,2-3km,212.0,1
2021-10-20,Houston,5km+,62.25,1
2021-10-21,Dallas,0-1km,911.0,1
2021-10-21,Dallas,2-3km,911.0,1
2021-10-21,Houston,0-1km,728.8,1
2021-10-21,Houston,3-5km,1093.2,1
2021-10-22,Dallas,0-1km,2212.0,2
2021-10-22,Dallas,1-2km,1875.0,1
2021-10-22,Dallas,2-3km,373.0,1
2021-10-22,Houston,0-1km,223.8,1
2021-10-22,Houston,1-2km,74.6,1
2021-10-22,Houston,3-5km,74.6,1
2021-10-23,Dallas,0-1km,1195.0,1
2021-10-23,Houston,1-2km,597.5,1
2021-10-23,Houston,2-3km,597.5,1
2021-10-24,Dallas,0-1km,897.0,1
2021-10-24,Dallas,1-2km,897.0,1
2021-10-25,Dallas,2-3km,1726.5,2
2021-10-25,Dallas,3-5km,470.5,1
2021-10-25,Houston,0-1km,1098.5,2
2021-10-25,Houston,1-2km,470.5,1
2021-10-25,Houston,3-5km,314.0,1
2021-10-25,Houston,5km+,314.0,1
2021-10-26,Dallas,2-3km,843.5,1
2021-10-26,Dallas,3-5km,843.5,1
2021-10-26,Houston,0-1km,843.5,1
2021-10-26,Houston,1-2km,843.5,1
2021-10-27,Dallas,0-1km,409.6666666666667,1
2021-10-27,Dallas,1-2km,819.3333333333334,1
2021-10-27,Houston,0-1km,409.6666666666667,1
2021-10-27,Houston,1-2km,819.3333333333334,1
2021-10-28,Dallas,0-1km,2343.3035714285716,4
2021-10-28,Dallas,1-2km,3140.6964285714284,4
2021-10-28,Houston,0-1km,1027.030303030303,3
2021-10-28,Houston,1-2km,1368.7727272727273,3
2021-10-28,Houston,2-3km,793.8484848484848,2
2021-10-28,Houston,3-5km,647.0151515151515,3
2021-10-28,Houston,5km+,1299.3333333333333,2
2021-10-29,Dallas,0-1km,1380.0,1
2021-10-29,Houston,0-1km,3754.0,2
2021-10-29,Houston,1-2km,690.0,1
2021-10-29,Houston,2-3km,690.0,1
2021-10-30,Houston,3-5km,421.0,1
2021-10-31,Dallas,0-1km,1089.0,2
2021-10-31,Dallas,1-2km,406.0,1
2021-10-31,Dallas,2-3km,406.0,1
2021-10-31,Houston,0-1km,2636.0,2
2021-10-31,Houston,1-2km,646.0,2
2021-10-31,Houston,2-3km,646.0,2
2021-11-01,Dallas,0-1km,313.5238095238095,2
2021-11-01,Dallas,1-2km,1692.8095238095239,2
2021-11-01,Dallas,2-3km,37.666666666666664,1
2021-11-01,Houston,0-1km,794.3333333333333,3
2021-11-01,Houston,2-3km,643.6666666666666,1
2021-11-01,Houston,3-5km,359.5,2
2021-11-01,Houston,5km+,359.5,2
2021-11-02,Dallas,0-1km,680.8333333333334,2
2021-11-02,Dallas,1-2km,134.33333333333334,1
2021-11-02,Dallas,2-3km,680.8333333333334,2
2021-11-02,Houston,0-1km,571.5333333333333,2
2021-11-02,Houston,1-2km,134.33333333333334,1
2021-11-02,Houston,3-5km,655.8,1
2021-11-02,Houston,5km+,134.33333333333334,1
2021-11-03,Dallas,0-1km,384.0,1
2021-11-03,Houston,0-1km,111.33333333333333,1
2021-11-03,Houston,1-2km,303.3333333333333,2
2021-11-03,Houston,2-3km,192.0,1
2021-11-03,Houston,5km+,111.33333333333333,1
2021-11-04,Dallas,0-1km,1712.25,3
2021-11-04,Dallas,1-2km,1141.5,2
2021-11-04,Dallas,2-3km,157.25,1
2021-11-04,Houston,0-1km,201.58333333333334,2
2021-11-04,Houston,1-2km,1549.8333333333333,4
2021-11-04,Houston,2-3km,408.3333333333333,2
2021-11-04,Houston,5km+,984.25,2
2021-11-05,Dallas,0-1km,2218.5,2
2021-11-05,Dallas,1-2km,822.5,1
2021-11-05,Houston,0-1km,658.0,1
2021-11-05,Houston,1-2km,1027.0,2
2021-11-05,Houston,2-3km,1968.0,2
2021-11-05,Houston,5km+,658.0,1
2021-11-06,Dallas,0-1km,1527.0,1
2021-11-06,Dallas,2-3km,3412.0,1
2021-11-06,Houston,0-1km,1706.0,1
2021-11-06,Houston,1-2km,4495.5,2
2021-11-06,Houston,2-3km,763.5,1
2021-11-06,Houston,3-5km,853.0,1
2021-11-06,Houston,5km+,853.0,1
2021-11-07,Dallas,0-1km,3858.5,3
2021-11-07,Dallas,1-2km,1352.5,2
2021-11-07,Houston,0-1km,786.9090909090909,1
2021-11-07,Houston,1-2km,1031.681818181818,2
2021-11-07,Houston,2-3km,834.9545454545455,2
2021-11-07,Houston,3-5km,393.45454545454544,1
2021-11-09,Dallas,0-1km,1305.1666666666667,3
2021-11-09,Dallas,1-2km,1032.8333333333335,2
2021-11-09,Dallas,2-3km,750.0,1
2021-11-09,Houston,0-1km,1077.6666666666667,2
2021-11-09,Houston,1-2km,1110.3333333333335,2
2021-11-09,Houston,3-5km,900.0,1
2021-11-10,Dallas,0-1km,679.1666666666666,2
2021-11-10,Dallas,1-2km,679.1666666666666,2
2021-11-10,Dallas,2-3km,71.66666666666667,1
2021-11-10,Houston,0-1km,772.6666666666667,3
2021-11-10,Houston,1-2km,243.0,1
2021-11-10,Houston,2-3km,1071.0,1
2021-11-10,Houston,3-5km,301.6666666666667,2
2021-11-10,Houston,5km+,557.6666666666666,2
2021-11-11,Dallas,0-1km,47.666666666666664,1
2021-11-11,Dallas,1-2km,47.666666666666664,1
2021-11-11,Dallas,2-3km,47.666666666666664,1
2021-11-11,Houston,0-1km,190.66666666666666,2
2021-11-11,Houston,3-5km,47.666666666666664,1
2021-11-11,Houston,5km+,47.666666666666664,1
2021-11-12,Dallas,0-1km,2000.8095238095239,3
2021-11-12,Dallas,1-2km,4356.190476190476,2
2021-11-12,Houston,0-1km,2483.1666666666665,4
2021-11-12,Houston,1-2km,1677.3333333333333,2
2021-11-12,Houston,2-3km,1132.0,1
2021-11-12,Houston,3-5km,1197.0,3
2021-11-12,Houston,5km+,962.5,2
2021-11-13,Dallas,0-1km,1378.0,1
2021-11-13,Dallas,1-2km,2697.0,2
2021-11-13,Houston,2-3km,1319.0,1
2021-11-13,Houston,3-5km,2756.0,1
2021-11-14,Dallas,0-1km,111.0,2
2021-11-14,Dallas,1-2km,2087.0,3
2021-11-14,Dallas,2-3km,1148.0,2
2021-11-14,Dallas,3-5km,1037.0,1
2021-11-14,Houston,0-1km,1148.0,3
2021-11-14,Houston,1-2km,1259.0,2
2021-11-14,Houston,2-3km,1865.0,2
2021-11-14,Houston,5km+,111.0,2
2021-11-15,Dallas,0-1km,1190.3333333333333,2
2021-11-15,Dallas,1-2km,2031.0,2
2021-11-15,Dallas,2-3km,3484.6666666666665,2
2021-11-15,Houston,0-1km,1190.3333333333333,2
2021-11-15,Houston,1-2km,2031.0,2
2021-11-15,Houston,2-3km,3135.0,1
2021-11-15,Houston,5km+,349.6666666666667,1
2021-11-17,Dallas,0-1km,967.25,4
2021-11-17,Dallas,1-2km,370.5,2
2021-11-17,Dallas,2-3km,517.25,2
2021-11-17,Houston,0-1km,16837.516666666666,5
2021-11-17,Houston,1-2km,600.1666666666666,3
2021-11-17,Houston,2-3km,139.66666666666666,1
2021-11-17,Houston,3-5km,452.4,1
2021-11-17,Houston,5km+,140.25,1
2021-11-18,Dallas,0-1km,4303.625,3
2021-11-18,Dallas,1-2km,1229.375,2
2021-11-18,Houston,0-1km,1514.7727272727273,2
2021-11-18,Houston,1-2km,536.4545454545455,1
2021-11-18,Houston,2-3km,357.6363636363636,1
2021-11-18,Houston,3-5km,357.6363636363636,1
2021-11-18,Houston,5km+,799.5,1
2021-11-19,Dallas,0-1km,1076.8333333333333,2
2021-11-19,Dallas,1-2km,1076.8333333333333,2
2021-11-19,Dallas,2-3km,334.3333333333333,1
2021-11-19,Houston,0-1km,928.3333333333333,2
2021-11-19,Houston,1-2km,631.3333333333333,2
2021-11-19,Houston,5km+,928.3333333333333,2
2021-11-20,Dallas,0-1km,524.5,1
2021-11-20,Dallas,1-2km,524.5,1
2021-11-20,Dallas,2-3km,5433.0,2
2021-11-20,Houston,0-1km,3193.9,3
2021-11-20,Houston,1-2km,325.4,2
2021-11-20,Houston,2-3km,1936.0,1
2021-11-20,Houston,3-5km,1329.35,2
2021-11-20,Houston,5km+,1633.35,2
2021-11-21,Houston,0-1km,2851.0,1
2021-11-23,Dallas,0-1km,7365.666666666666,5
2021-11-23,Dallas,1-2km,2851.333333333333,4
2021-11-23,Houston,0-1km,2347.4545454545455,2
2021-11-23,Houston,1-2km,553.0909090909091,1
2021-11-23,Houston,2-3km,1328.7272727272727,2
2021-11-23,Houston,3-5km,1328.7272727272727,2
2021-11-23,Houston,5km+,1610.0,1
2021-11-24,Dallas,0-1km,2628.916666666667,2
2021-11-24,Dallas,1-2km,2163.3333333333335,1
2021-11-24,Dallas,2-3km,515.75,1
2021-11-24,Houston,0-1km,1288.3333333333335,2
2021-11-24,Houston,1-2km,2370.0,2
2021-11-24,Houston,5km+,206.66666666666666,1
2021-11-25,Dallas,0-1km,126.0,1
2021-11-25,Houston,0-1km,165.0,1
2021-11-26,Dallas,0-1km,4457.333333333333,2
2021-11-26,Dallas,1-2km,801.6666666666666,1
2021-11-26,Dallas,3-5km,3224.0,1
2021-11-26,Houston,0-1km,1315.9,2
2021-11-26,Houston,1-2km,226.8,1
2021-11-26,Houston,3-5km,226.8,1
2021-11-26,Houston,5km+,1202.5,1
2021-11-27,Dallas,0-1km,3446.5,2
2021-11-27,Dallas,1-2km,1801.5,1
2021-11-27,Houston,1-2km,1801.5,1
2021-11-27,Houston,3-5km,272.0,1
2021-11-27,Houston,5km+,1801.5,1
2021-11-28,Dallas,1-2km,1151.0,1
2021-11-28,Dallas,2-3km,152.0,1
2021-11-28,Houston,0-1km,433.2,2
2021-11-28,Houston,1-2km,30.4,1
2021-11-28,Houston,2-3km,1151.0,1
2021-11-28,Houston,3-5km,30.4,1
2021-11-29,Dallas,0-1km,2121.5,1
2021-11-29,Dallas,1-2km,2121.5,1
2021-11-29,Houston,0-1km,3182.25,1
2021-11-29,Houston,3-5km,222.0,1
2021-11-29,Houston,5km+,1060.75,1
2021-11-30,Dallas,0-1km,908.5,2
2021-11-30,Dallas,1-2km,378.5,1
2021-11-30,Dallas,2-3km,429.0,2
2021-11-30,Houston,0-1km,189.25,1
2021-11-30,Houston,1-2km,378.5,1
2021-11-30,Houston,5km+,189.25,1
2021-12-01,Dallas,0-1km,4577.5,3
2021-12-01,Dallas,1-2km,1562.5,2
2021-12-01,Dallas,2-3km,1140.0,1
2021-12-01,Houston,0-1km,1821.090909090909,2
2021-12-01,Houston,1-2km,681.8181818181819,1
2021-12-01,Houston,2-3km,454.54545454545456,1
2021-12-01,Houston,3-5km,1822.5454545454545,2
2021-12-02,Dallas,0-1km,647.5,1
2021-12-02,Dallas,1-2km,647.5,1
2021-12-02,Dallas,2-3km,1455.0,1
2021-12-02,Dallas,3-5km,3956.0,2
2021-12-02,Houston,0-1km,1973.0,2
2021-12-02,Houston,1-2km,1714.0,2
2021-12-02,Houston,5km+,518.0,1
2021-12-03,Dallas,0-1km,60.5,1
2021-12-03,Dallas,1-2km,60.5,1
2021-12-03,Houston,1-2km,121.0,1
2021-12-03,Houston,2-3km,1964.0,1
2021-12-04,Dallas,0-1km,831.3571428571429,3
2021-12-04,Dallas,1-2km,888.6428571428571,2
2021-12-04,Dallas,2-3km,2841.0,1
2021-12-04,Houston,0-1km,2072.6666666666665,3
2021-12-04,Houston,1-2km,410.5,2
2021-12-04,Houston,2-3km,328.6666666666667,1
2021-12-04,Houston,3-5km,874.5833333333334,2
2021-12-04,Houston,5km+,874.5833333333334,2
2021-12-05,Houston,3-5km,212.0,1
2021-12-06,Dallas,0-1km,2653.8928571428573,4
2021-12-06,Dallas,1-2km,2426.107142857143,3
2021-12-06,Houston,0-1km,1082.6363636363635,2
2021-12-06,Houston,1-2km,706.2272727272727,2
2021-12-06,Houston,2-3km,1264.3181818181818,3
2021-12-06,Houston,3-5km,541.3181818181818,2
2021-12-06,Houston,5km+,331.5,1
2021-12-07,Dallas,2-3km,1000.0,1
2021-12-08,Dallas,0-1km,1882.6666666666665,2
2021-12-08,Dallas,1-2km,385.3333333333333,1
2021-12-08,Dallas,2-3km,648.0,1
2021-12-08,Houston,0-1km,966.8,2
2021-12-08,Houston,1-2km,129.6,1
2021-12-08,Houston,3-5km,400.6,2
2021-12-08,Houston,5km+,578.0,1
2021-12-09,Dallas,0-1km,759.0,1
2021-12-09,Dallas,1-2km,759.0,1
2021-12-09,Houston,1-2km,759.0,1
2021-12-09,Houston,3-5km,517.0,1
2021-12-09,Houston,5km+,2904.0,2
2021-12-10,Dallas,0-1km,2631.75,2
2021-12-10,Dallas,1-2km,1196.25,2
2021-12-10,Houston,0-1km,696.0,1
2021-12-10,Houston,1-2km,522.0,1
2021-12-10,Houston,2-3km,348.0,1
2021-12-10,Houston,3-5km,348.0,1
2021-12-11,Dallas,0-1km,1361.25,2
2021-12-11,Dallas,1-2km,4040.75,4
2021-12-11,Dallas,2-3km,1841.0,1
2021-12-11,Dallas,3-5km,1841.0,1
2021-12-11,Houston,0-1km,2201.0,2
2021-12-11,Houston,1-2km,2111.0,2
2021-12-11,Houston,2-3km,3602.0,3
2021-12-11,Houston,3-5km,378.0,2
2021-12-12,Dallas,2-3km,286.0,1
2021-12-12,Houston,0-1km,344.26666666666665,2
2021-12-12,Houston,1-2km,229.86666666666667,2
2021-12-12,Houston,2-3km,172.66666666666666,1
2021-12-12,Houston,3-5km,57.2,1
2021-12-13,Dallas,0-1km,392.0,1
2021-12-13,Dallas,2-3km,852.5,1
2021-12-13,Dallas,3-5km,852.5,1
2021-12-13,Houston,0-1km,852.5,1
2021-12-13,Houston,1-2km,1048.5,2
2021-12-13,Houston,2-3km,196.0,1
2021-12-14,Dallas,0-1km,914.0,2
2021-12-14,Dallas,1-2km,255.0,1
2021-12-14,Dallas,2-3km,255.0,1
2021-12-14,Houston,0-1km,255.0,1
2021-12-14,Houston,1-2km,584.5,2
2021-12-14,Houston,2-3km,329.5,1
2021-12-14,Houston,5km+,255.0,1
2021-12-15,Dallas,0-1km,3816.0,5
2021-12-15,Dallas,1-2km,1219.0,2
2021-12-15,Dallas,2-3km,643.0,2
2021-12-15,Houston,0-1km,1371.0,3
2021-12-15,Houston,1-2km,1191.5,3
2021-12-15,Houston,2-3km,515.5,1
2021-12-15,Houston,5km+,1038.0,2
2021-12-17,Dallas,0-1km,1614.5,2
2021-12-17,Dallas,1-2km,1614.5,2
2021-12-17,Dallas,2-3km,1049.0,2
2021-12-17,Houston,0-1km,1236.0,2
2021-12-17,Houston,1-2km,483.0,1
2021-12-17,Houston,2-3km,618.0,2
2021-12-18,Dallas,0-1km,981.0,1
2021-12-18,Dallas,1-2km,981.0,1
2021-12-18,Houston,0-1km,280.2857142857143,1
2021-12-18,Houston,1-2km,2734.5714285714284,2
2021-12-18,Houston,2-3km,280.2857142857143,1
2021-12-18,Houston,3-5km,280.2857142857143,1
2021-12-18,Houston,5km+,560.5714285714286,1
2021-12-19,Dallas,0-1km,0.0,1
2021-12-19,Dallas,1-2km,0.0,1
2021-12-19,Houston,0-1km,0.0,1
2021-12-19,Houston,2-3km,0.0,1
2021-12-19,Houston,5km+,0.0,1
2021-12-20,Dallas,2-3km,745.5,1
2021-12-20,Dallas,3-5km,745.5,1
2021-12-20,Houston,0-1km,745.5,1
2021-12-20,Houston,1-2km,745.5,1
2021-12-21,Dallas,0-1km,877.6,1
2021-12-21,Dallas,1-2km,219.4,1
2021-12-21,Houston,0-1km,548.5,1
2021-12-21,Houston,2-3km,274.25,1
2021-12-21,Houston,5km+,274.25,1
2021-12-22,Houston,0-1km,320.3333333333333,1
2021-12-22,Houston,1-2km,320.3333333333333,1
2021-12-22,Houston,3-5km,320.3333333333333,1
2021-12-22,Houston,5km+,2856.0,1
2021-12-23,Dallas,0-1km,267.75,1
2021-12-23,Dallas,1-2km,535.5,1
2021-12-23,Dallas,2-3km,267.75,1
2021-12-23,Houston,0-1km,267.75,1
2021-12-23,Houston,1-2km,535.5,1
2021-12-23,Houston,5km+,267.75,1
2021-12-24,Dallas,0-1km,1736.0,1
2021-12-24,Dallas,1-2km,868.0,1
2021-12-24,Houston,0-1km,1302.0,1
2021-12-24,Houston,5km+,1302.0,1
2021-12-25,Dallas,0-1km,311.3333333333333,1
2021-12-25,Dallas,1-2km,311.3333333333333,1
2021-12-25,Dallas,2-3km,311.3333333333333,2
2021-12-25,Houston,0-1km,311.3333333333333,3
2021-12-25,Houston,1-2km,4604.333333333333,4
2021-12-25,Houston,3-5km,0.0,2
2021-12-25,Houston,5km+,311.3333333333333,1
2021-12-26,Dallas,0-1km,2801.5,3
2021-12-26,Dallas,1-2km,447.0,1
2021-12-26,Dallas,2-3km,787.5,1
2021-12-26,Houston,0-1km,987.6,2
2021-12-26,Houston,1-2km,962.3,2
2021-12-26,Houston,2-3km,783.5,1
2021-12-26,Houston,3-5km,945.0,1
2021-12-26,Houston,5km+,357.6,1
2021-12-27,Dallas,0-1km,1173.0,1
2021-12-27,Houston,0-1km,131.6,1
2021-12-27,Houston,1-2km,263.2,1
2021-12-27,Houston,3-5km,263.2,1
2021-12-28,Dallas,0-1km,1749.0,2
2021-12-28,Dallas,1-2km,3816.0,2
2021-12-28,Dallas,2-3km,2255.0,2
2021-12-28,Houston,0-1km,1310.3095238095239,3
2021-12-28,Houston,1-2km,3604.285714285714,2
2021-12-28,Houston,2-3km,224.47619047619048,2
2021-12-28,Houston,3-5km,642.3928571428571,2
2021-12-28,Houston,5km+,783.5357142857142,2
2021-12-29,Dallas,0-1km,1474.5,2
2021-12-29,Dallas,1-2km,722.0,1
2021-12-29,Dallas,2-3km,2416.0,2
2021-12-29,Dallas,3-5km,1663.5,1
2021-12-29,Houston,0-1km,2241.1,2
2021-12-29,Houston,1-2km,1952.3,2
2021-12-29,Houston,5km+,577.6,1
2021-12-30,Dallas,0-1km,2388.5,2
2021-12-30,Dallas,1-2km,401.0,1
2021-12-30,Dallas,2-3km,1586.5,1
2021-12-30,Houston,0-1km,9694.2,3
2021-12-30,Houston,3-5km,1903.8,1
2021-12-31,Dallas,0-1km,2372.0,2
2021-12-31,Dallas,1-2km,2597.0,1
2021-12-31,Dallas,2-3km,1232.0,2
2021-12-31,Houston,0-1km,949.4,2
2021-12-31,Houston,1-2km,696.7,2
2021-12-31,Houston,2-3km,3421.5,3
2021-12-31,Houston,3-5km,1297.4,2
2022-01-01,Dallas,0-1km,1824.6666666666665,4
2022-01-01,Dallas,1-2km,929.3333333333333,3
2022-01-01,Dallas,2-3km,672.0,3
2022-01-01,Houston,0-1km,2029.8,5
2022-01-01,Houston,1-2km,1369.1,5
2022-01-01,Houston,2-3km,469.0,2
2022-01-01,Houston,3-5km,30.6,1
2022-01-01,Houston,5km+,1571.5,3
2022-01-02,Dallas,0-1km,1874.0,1
2022-01-02,Houston,0-1km,232.0,1
2022-01-02,Houston,2-3km,937.0,1
2022-01-02,Houston,3-5km,937.0,1
2022-01-03,Dallas,0-1km,944.0,1
2022-01-03,Dallas,1-2km,944.0,1
2022-01-03,Houston,0-1km,1119.0,2
2022-01-03,Houston,1-2km,3006.0,3
2022-01-03,Houston,5km+,647.0,2
2022-01-04,Dallas,0-1km,3101.6,1
2022-01-04,Dallas,1-2km,775.4,1
2022-01-04,Dallas,2-3km,2955.0,1
2022-01-04,Houston,0-1km,3416.0,2
2022-01-04,Houston,2-3km,969.25,1
2022-01-04,Houston,3-5km,738.75,1
2022-01-04,Houston,5km+,1708.0,2
2022-01-05,Dallas,0-1km,135.75,1
2022-01-05,Dallas,1-2km,271.5,1
2022-01-05,Dallas,2-3km,135.75,1
2022-01-05,Houston,0-1km,246.08333333333331,2
2022-01-05,Houston,1-2km,381.8333333333333,2
2022-01-05,Houston,5km+,246.08333333333331,2
2022-01-06,Dallas,0-1km,1376.5,1
2022-01-06,Dallas,1-2km,1376.5,1
2022-01-06,Dallas,2-3km,1709.0,1
2022-01-06,Houston,0-1km,1295.8333333333333,2
2022-01-06,Houston,1-2km,1817.8333333333333,2
2022-01-06,Houston,3-5km,427.25,1
2022-01-06,Houston,5km+,2245.083333333333,3
2022-01-07,Dallas,0-1km,1866.0,2
2022-01-07,Dallas,1-2km,922.0,1
2022-01-07,Houston,1-2km,3331.0,2
2022-01-07,Houston,2-3km,472.0,1
2022-01-07,Houston,3-5km,1844.0,1
2022-01-09,Dallas,0-1km,220.71428571428572,2
2022-01-09,Dallas,1-2km,1324.2857142857142,2
2022-01-09,Houston,0-1km,515.0,2
2022-01-09,Houston,2-3km,1523.0,3
2022-01-09,Houston,3-5km,257.5,1
2022-01-09,Houston,5km+,257.5,2
2022-01-10,Dallas,0-1km,1743.6666666666667,3
2022-01-10,Dallas,1-2km,852.0,2
2022-01-10,Dallas,2-3km,490.3333333333333,1
2022-01-10,Houston,0-1km,1362.0,3
2022-01-10,Houston,1-2km,716.75,3
2022-01-10,Houston,2-3km,632.75,2
2022-01-10,Houston,5km+,626.5,2
2022-01-11,Dallas,0-1km,1935.9166666666667,6
2022-01-11,Dallas,1-2km,2468.1666666666665,4
2022-01-11,Dallas,2-3km,872.9166666666667,3
2022-01-11,Houston,0-1km,1735.4166666666667,4
2022-01-11,Houston,1-2km,1825.1666666666667,4
2022-01-11,Houston,2-3km,1313.0,2
2022-01-11,Houston,3-5km,220.0,1
2022-01-11,Houston,5km+,531.4166666666667,2
2022-01-12,Dallas,0-1km,1060.2083333333335,3
2022-01-12,Dallas,1-2km,618.4583333333334,3
2022-01-12,Dallas,2-3km,1245.3333333333333,2
2022-01-12,Dallas,3-5km,995.0,1
2022-01-12,Houston,0-1km,1459.5151515151515,3
2022-01-12,Houston,1-2km,1405.969696969697,3
2022-01-12,Houston,2-3km,107.0909090909091,1
2022-01-12,Houston,3-5km,107.0909090909091,1
2022-01-12,Houston,5km+,250.33333333333334,1
2022-01-13,Dallas,0-1km,57.5,1
2022-01-13,Dallas,1-2km,115.0,1
2022-01-13,Dallas,2-3km,57.5,1
2022-01-13,Houston,0-1km,312.5,2
2022-01-13,Houston,1-2km,370.0,2
2022-01-13,Houston,5km+,57.5,1
2022-01-14,Dallas,0-1km,506.0,1
2022-01-14,Houston,0-1km,73.2,1
2022-01-14,Houston,1-2km,399.4,2
2022-01-14,Houston,2-3km,963.0,2
2022-01-14,Houston,3-5km,146.4,1
2022-01-15,Dallas,0-1km,1730.3333333333333,2
2022-01-15,Dallas,1-2km,1802.6666666666665,2
2022-01-15,Houston,0-1km,2283.0,2
2022-01-15,Houston,1-2km,4195.0,2
2022-01-16,Dallas,0-1km,394.0,1
2022-01-16,Houston,0-1km,119.0,1
2022-01-16,Houston,1-2km,316.0,2
2022-01-16,Houston,2-3km,197.0,1
2022-01-16,Houston,5km+,119.0,1
2022-01-17,Dallas,0-1km,1895.0,2
2022-01-17,Dallas,1-2km,1895.0,2
2022-01-17,Houston,1-2km,1100.5,1
2022-01-17,Houston,2-3km,112.0,1
2022-01-17,Houston,5km+,1100.5,1
2022-01-18,Dallas,2-3km,686.5,2
2022-01-18,Dallas,3-5km,598.5,1
2022-01-18,Houston,0-1km,759.8333333333333,3
2022-01-18,Houston,1-2km,701.1666666666666,2
2022-01-18,Houston,2-3km,29.333333333333332,1
2022-01-18,Houston,3-5km,230.0,1
2022-01-18,Houston,5km+,102.66666666666667,1
2022-01-19,Dallas,0-1km,222.58333333333331,3
2022-01-19,Dallas,1-2km,346.3333333333333,3
2022-01-19,Dallas,2-3km,197.08333333333331,2
2022-01-19,Houston,0-1km,1921.0833333333333,3
2022-01-19,Houston,1-2km,371.8333333333333,3
2022-01-19,Houston,5km+,197.08333333333331,2
2022-01-20,Dallas,0-1km,675.5,2
2022-01-20,Dallas,1-2km,663.5,1
2022-01-20,Houston,0-1km,663.5,1
2022-01-20,Houston,1-2km,331.75,1
2022-01-20,Houston,5km+,331.75,1
2022-01-21,Dallas,0-1km,3364.125,3
2022-01-21,Dallas,1-2km,2335.875,3
2022-01-21,Houston,0-1km,498.54545454545456,1
2022-01-21,Houston,1-2km,373.90909090909093,1
2022-01-21,Houston,2-3km,249.27272727272728,1
2022-01-21,Houston,3-5km,249.27272727272728,1
2022-01-23,Dallas,0-1km,1618.0,3
2022-01-23,Dallas,1-2km,533.6666666666666,2
2022-01-23,Dallas,2-3km,40.333333333333336,1
2022-01-23,Houston,0-1km,901.3333333333334,3
2022-01-23,Houston,1-2km,591.0,1
2022-01-23,Houston,3-5km,40.333333333333336,1
2022-01-23,Houston,5km+,780.3333333333334,2
2022-01-24,Dallas,0-1km,2997.8333333333335,7
2022-01-24,Dallas,1-2km,740.0833333333333,3
2022-01-24,Dallas,2-3km,1245.0833333333333,3
2022-01-24,Houston,0-1km,1301.2818181818182,3
2022-01-24,Houston,1-2km,648.8863636363636,3
2022-01-24,Houston,2-3km,600.3409090909091,3
2022-01-24,Houston,3-5km,843.4909090909091,2
2022-01-25,Dallas,0-1km,278.0,1
2022-01-25,Dallas,1-2km,278.0,1
2022-01-25,Dallas,2-3km,1846.0,2
2022-01-25,Houston,0-1km,1062.0,2
2022-01-25,Houston,1-2km,278.0,1
2022-01-25,Houston,2-3km,842.0,1
2022-01-25,Houston,3-5km,392.0,1
2022-01-25,Houston,5km+,670.0,2
2022-01-26,Dallas,0-1km,22.0,1
2022-01-27,Houston,3-5km,234.0,1
2022-01-28,Houston,2-3km,1714.0,1
2022-01-29,Dallas,0-1km,1342.6666666666667,2
2022-01-29,Dallas,1-2km,331.6666666666667,1
2022-01-29,Dallas,2-3km,331.6666666666667,1
2022-01-29,Houston,0-1km,331.6666666666667,1
2022-01-29,Houston,1-2km,837.1666666666667,2
2022-01-29,Houston,2-3km,505.5,1
2022-01-29,Houston,5km+,331.6666666666667,1
2022-01-30,Dallas,0-1km,3548.7083333333335,3
2022-01-30,Dallas,1-2km,1933.9583333333335,3
2022-01-30,Dallas,2-3km,588.3333333333334,1
2022-01-30,Houston,0-1km,1665.409090909091,2
2022-01-30,Houston,1-2km,1028.431818181818,2
2022-01-30,Houston,2-3km,832.7045454545455,2
2022-01-30,Houston,3-5km,391.45454545454544,1
2022-01-31,Dallas,0-1km,89.75,1
2022-01-31,Dallas,1-2km,179.5,1
2022-01-31,Dallas,2-3km,89.75,1
2022-01-31,Houston,0-1km,194.08333333333331,2
2022-01-31,Houston,1-2km,283.8333333333333,2
2022-01-31,Houston,5km+,194.08333333333331,2
2022-02-01,Dallas,0-1km,3510.0,3
2022-02-01,Dallas,1-2km,1709.0,1
2022-02-01,Dallas,2-3km,1067.0,1
2022-02-01,Dallas,3-5km,1067.0,1
2022-02-01,Houston,0-1km,2776.0,2
2022-02-01,Houston,1-2km,1921.5,2
2022-02-01,Houston,2-3km,893.0,1
2022-02-01,Houston,3-5km,893.0,1
2022-02-01,Houston,5km+,854.5,1
2022-02-02,Dallas,0-1km,640.0,1
2022-02-02,Dallas,1-2km,160.0,1
2022-02-02,Dallas,2-3km,2479.0,1
2022-02-02,Houston,0-1km,1085.5,2
2022-02-02,Houston,1-2km,685.5,1
2022-02-02,Houston,2-3km,2679.0,2
2022-02-02,Houston,3-5km,168.0,1
2022-02-02,Houston,5km+,200.0,1
2022-02-04,Houston,1-2km,2556.0,1
2022-02-04,Houston,3-5km,351.0,1
2022-02-05,Dallas,0-1km,5198.875,4
2022-02-05,Dallas,1-2km,2139.125,3
2022-02-05,Dallas,2-3km,1636.0,1
2022-02-05,Dallas,3-5km,1636.0,1
2022-02-05,Houston,0-1km,3065.7090909090907,3
2022-02-05,Houston,1-2km,2538.581818181818,3
2022-02-05,Houston,2-3km,375.45454545454544,1
2022-02-05,Houston,3-5km,375.45454545454544,1
2022-02-05,Houston,5km+,678.8,1
2022-02-06,Dallas,0-1km,4223.666666666666,4
2022-02-06,Dallas,1-2km,1569.3333333333333,3
2022-02-06,Dallas,2-3km,1268.0,1
2022-02-06,Houston,0-1km,4474.4,3
2022-02-06,Houston,1-2km,324.5,1
2022-02-06,Houston,2-3km,324.5,2
2022-02-06,Houston,3-5km,1521.6,1
2022-02-06,Houston,5km+,0.0,1
2022-02-07,Dallas,0-1km,921.4761904761906,2
2022-02-07,Dallas,1-2km,3083.5238095238096,2
2022-02-07,Dallas,2-3km,1156.0,1
2022-02-07,Houston,0-1km,1913.0,3
2022-02-07,Houston,1-2km,1222.6666666666667,1
2022-02-07,Houston,2-3km,723.6666666666666,1
2022-02-07,Houston,3-5km,650.8333333333333,2
2022-02-07,Houston,5km+,650.8333333333333,2
2022-02-08,Dallas,0-1km,2625.3333333333335,2
2022-02-08,Dallas,1-2km,1312.6666666666667,2
2022-02-08,Houston,0-1km,3345.7,3
2022-02-08,Houston,1-2km,316.4,1
2022-02-08,Houston,3-5km,316.4,1
2022-02-08,Houston,5km+,750.5,1
2022-02-09,Dallas,0-1km,932.3333333333333,2
2022-02-09,Dallas,1-2km,946.6666666666666,1
2022-02-09,Dallas,2-3km,459.0,1
2022-02-09,Houston,0-1km,473.3333333333333,1
2022-02-09,Houston,1-2km,946.6666666666666,1
2022-02-10,Dallas,0-1km,845.0,2
2022-02-10,Dallas,1-2km,761.0,1
2022-02-10,Houston,0-1km,761.0,1
2022-02-10,Houston,1-2km,422.5,2
2022-02-10,Houston,2-3km,42.0,1
2022-02-10,Houston,5km+,380.5,1
2022-02-11,Dallas,0-1km,3910.410714285714,5
2022-02-11,Dallas,1-2km,5835.589285714286,5
2022-02-11,Houston,0-1km,3083.757575757576,4
2022-02-11,Houston,1-2km,2242.818181818182,3
2022-02-11,Houston,2-3km,1307.2121212121212,2
2022-02-11,Houston,3-5km,1324.878787878788,3
2022-02-11,Houston,5km+,919.3333333333334,2
2022-02-12,Dallas,0-1km,2144.125,3
2022-02-12,Dallas,1-2km,2598.875,3
2022-02-12,Houston,0-1km,1340.090909090909,2
2022-02-12,Houston,1-2km,2318.818181818182,2
2022-02-12,Houston,2-3km,144.54545454545453,1
2022-02-12,Houston,3-5km,144.54545454545453,1
2022-02-13,Dallas,0-1km,2747.75,5
2022-02-13,Dallas,1-2km,1527.5,5
2022-02-13,Dallas,2-3km,162.75,1
2022-02-13,Houston,0-1km,833.2954545454545,3
2022-02-13,Houston,1-2km,927.409090909091,3
2022-02-13,Houston,2-3km,335.27272727272725,2
2022-02-13,Houston,3-5km,728.2727272727273,2
2022-02-13,Houston,5km+,162.75,2
2022-02-14,Dallas,0-1km,2563.375,3
2022-02-14,Dallas,1-2km,919.375,2
2022-02-14,Dallas,2-3km,180.25,1
2022-02-14,Houston,0-1km,534.9090909090909,1
2022-02-14,Houston,1-2km,401.1818181818182,1
2022-02-14,Houston,2-3km,267.45454545454544,1
2022-02-14,Houston,3-5km,267.45454545454544,1
2022-02-16,Dallas,0-1km,1262.25,2
2022-02-16,Dallas,1-2km,30.0,1
2022-02-16,Dallas,2-3km,410.75,1
2022-02-16,Houston,0-1km,75.4,1
2022-02-16,Houston,1-2km,210.8,2
2022-02-16,Houston,3-5km,150.8,1
2022-02-17,Dallas,0-1km,3868.95,2
2022-02-17,Dallas,1-2km,718.8,1
2022-02-17,Dallas,2-3km,331.25,1
2022-02-17,Houston,0-1km,1797.0,1
2022-02-17,Houston,2-3km,898.5,1
2022-02-17,Houston,5km+,898.5,1
2022-02-18,Dallas,2-3km,1360.5,1
2022-02-18,Dallas,3-5km,1360.5,1
2022-02-18,Houston,0-1km,1360.5,1
2022-02-18,Houston,1-2km,1360.5,1
2022-02-19,Dallas,0-1km,3119.625,3
2022-02-19,Dallas,1-2km,739.375,2
2022-02-19,Houston,0-1km,430.1818181818182,1
2022-02-19,Houston,1-2km,3395.1363636363635,3
2022-02-19,Houston,2-3km,961.5909090909091,2
2022-02-19,Houston,3-5km,215.0909090909091,1
2022-02-20,Dallas,0-1km,1599.5,2
2022-02-20,Dallas,1-2km,3145.5,2
2022-02-20,Houston,0-1km,811.5,1
2022-02-20,Houston,1-2km,4953.75,3
2022-02-20,Houston,2-3km,2728.0,2
2022-02-20,Houston,3-5km,367.0,1
2022-02-20,Houston,5km+,405.75,1
2022-02-22,Dallas,2-3km,578.0,1
2022-02-22,Houston,0-1km,1664.8,2
2022-02-22,Houston,1-2km,227.6,2
2022-02-22,Houston,3-5km,286.6,2
2022-02-23,Houston,3-5km,351.0,1
2022-02-24,Dallas,0-1km,3077.714285714286,2
2022-02-24,Dallas,1-2km,5011.285714285714,2
2022-02-24,Houston,0-1km,4938.833333333333,2
2022-02-24,Houston,2-3km,902.3333333333334,1
2022-02-24,Houston,3-5km,715.1666666666667,2
2022-02-24,Houston,5km+,1796.6666666666667,2
2022-02-25,Dallas,0-1km,36.0,1
2022-02-25,Dallas,1-2km,36.0,1
2022-02-25,Dallas,2-3km,36.0,1
2022-02-25,Houston,0-1km,144.0,2
2022-02-25,Houston,3-5km,36.0,1
2022-02-25,Houston,5km+,36.0,1
2022-02-28,Dallas,0-1km,56.0,1
2022-02-28,Dallas,1-2km,56.0,1
2022-02-28,Houston,0-1km,112.0,1
2022-02-28,Houston,1-2km,224.0,2
2022-02-28,Houston,5km+,112.0,1
2022-03-01,Dallas,0-1km,4608.657142857143,5
2022-03-01,Dallas,1-2km,3829.342857142857,5
2022-03-01,Houston,0-1km,3759.7,4
2022-03-01,Houston,1-2km,945.1,3
2022-03-01,Houston,2-3km,4808.25,4
2022-03-01,Houston,3-5km,263.5,1
2022-03-01,Houston,5km+,2147.45,4
2022-03-02,Dallas,0-1km,2316.666666666667,2
2022-03-02,Dallas,1-2km,2301.3333333333335,1
2022-03-02,Dallas,2-3km,2526.0,1
2022-03-02,Houston,0-1km,2413.666666666667,2
2022-03-02,Houston,1-2km,2884.3333333333335,2
2022-03-02,Houston,2-3km,583.0,1
2022-03-02,Houston,3-5km,631.5,1
2022-03-02,Houston,5km+,631.5,1
2022-03-03,Dallas,0-1km,1057.0,2
2022-03-03,Dallas,1-2km,295.0,1
2022-03-03,Dallas,2-3km,1261.0,2
2022-03-03,Houston,0-1km,1041.3,3
2022-03-03,Houston,1-2km,833.85,3
2022-03-03,Houston,2-3km,602.25,2
2022-03-03,Houston,3-5km,473.1,2
2022-03-03,Houston,5km+,241.5,1
2022-03-04,Dallas,0-1km,1792.1666666666667,3
2022-03-04,Dallas,1-2km,959.3333333333334,2
2022-03-04,Dallas,2-3km,1717.0,2
2022-03-04,Dallas,3-5km,1537.5,1
2022-03-04,Houston,0-1km,3518.0,3
2022-03-04,Houston,1-2km,2102.5,3
2022-03-04,Houston,2-3km,206.0,1
2022-03-04,Houston,5km+,179.5,1
2022-03-05,Dallas,0-1km,2101.1666666666665,2
2022-03-05,Dallas,1-2km,1937.3333333333333,1
2022-03-05,Dallas,2-3km,377.5,1
2022-03-06,Dallas,0-1km,2177.125,3
2022-03-06,Dallas,1-2km,926.875,2
2022-03-06,Dallas,2-3km,1873.0,1
2022-03-06,Houston,0-1km,2412.272727272727,2
2022-03-06,Houston,1-2km,473.45454545454544,2
2022-03-06,Houston,2-3km,338.6363636363636,2
2022-03-06,Houston,3-5km,269.6363636363636,1
2022-03-07,Dallas,0-1km,1237.5,2
2022-03-07,Dallas,2-3km,730.5,1
2022-03-07,Houston,0-1km,6607.4,2
2022-03-07,Houston,1-2km,253.5,1
2022-03-07,Houston,2-3km,253.5,1
2022-03-07,Houston,3-5km,876.6,1
2022-03-08,Dallas,0-1km,2490.0,3
2022-03-08,Dallas,1-2km,1476.0,3
2022-03-08,Houston,0-1km,1122.6363636363635,2
2022-03-08,Houston,1-2km,684.2272727272727,2
2022-03-08,Houston,2-3km,245.8181818181818,1
2022-03-08,Houston,3-5km,492.8181818181818,2
2022-03-08,Houston,5km+,315.5,1
2022-03-09,Dallas,0-1km,1087.5,3
2022-03-09,Dallas,1-2km,3955.0,3
2022-03-09,Dallas,2-3km,157.5,1
2022-03-09,Houston,0-1km,1680.8333333333333,3
2022-03-09,Houston,1-2km,1285.0,2
2022-03-09,Houston,2-3km,1038.3333333333333,1
2022-03-09,Houston,3-5km,519.1666666666666,1
2022-03-09,Houston,5km+,676.6666666666666,2
2022-03-10,Dallas,0-1km,1754.5,2
2022-03-10,Dallas,1-2km,797.5,2
2022-03-10,Houston,0-1km,681.0,2
2022-03-10,Houston,1-2km,565.0,2
2022-03-10,Houston,2-3km,449.0,2
2022-03-10,Houston,3-5km,232.0,1
2022-03-11,Dallas,0-1km,2034.5666666666666,3
2022-03-11,Dallas,1-2km,931.7666666666667,3
2022-03-11,Dallas,2-3km,528.6666666666666,1
2022-03-11,Houston,0-1km,1900.0,3
2022-03-11,Houston,1-2km,655.5,3
2022-03-11,Houston,2-3km,1044.0,3
2022-03-11,Houston,3-5km,497.0,1
2022-03-11,Houston,5km+,459.5,1
2022-03-12,Dallas,0-1km,25.0,1
2022-03-12,Houston,1-2km,1711.0,1
2022-03-13,Dallas,0-1km,2018.0,2
2022-03-13,Dallas,1-2km,2018.0,2
2022-03-13,Houston,0-1km,1002.4,2
2022-03-13,Houston,1-2km,1011.2,2
2022-03-13,Houston,2-3km,340.0,1
2022-03-13,Houston,3-5km,340.0,1
2022-03-13,Houston,5km+,1342.4,2
2022-03-14,Dallas,0-1km,658.0,1
2022-03-15,Dallas,0-1km,3997.25,4
2022-03-15,Dallas,1-2km,1203.75,2
2022-03-15,Dallas,2-3km,193.0,1
2022-03-15,Houston,0-1km,829.030303030303,2
2022-03-15,Houston,1-2km,649.7727272727273,2
2022-03-15,Houston,2-3km,539.0151515151515,3
2022-03-15,Houston,3-5km,350.1818181818182,1
2022-03-16,Dallas,0-1km,2779.5,3
2022-03-16,Dallas,1-2km,3915.5,2
2022-03-16,Houston,0-1km,1802.0,1
2022-03-16,Houston,1-2km,3937.0,2
2022-03-16,Houston,2-3km,333.0,1
2022-03-18,Dallas,0-1km,805.0,1
2022-03-18,Houston,0-1km,92.8,1
2022-03-18,Houston,1-2km,588.1,2
2022-03-18,Houston,2-3km,2971.5,2
2022-03-18,Houston,3-5km,716.6,2
2022-03-19,Dallas,0-1km,5332.625,4
2022-03-19,Dallas,1-2km,2571.375,3
2022-03-19,Dallas,2-3km,231.0,1
2022-03-19,Houston,0-1km,5826.272727272727,3
2022-03-19,Houston,1-2km,368.45454545454544,1
2022-03-19,Houston,2-3km,322.6363636363636,2
2022-03-19,Houston,3-5km,245.63636363636363,1
2022-03-20,Dallas,2-3km,1652.0,2
2022-03-20,Houston,0-1km,857.8333333333334,2
2022-03-20,Houston,2-3km,63.666666666666664,1
2022-03-20,Houston,3-5km,365.25,1
2022-03-20,Houston,5km+,365.25,1
2022-03-21,Dallas,0-1km,743.0,1
2022-03-21,Houston,1-2km,371.5,1
2022-03-21,Houston,2-3km,1682.5,2
2022-03-22,Dallas,2-3km,1151.5,1
2022-03-22,Dallas,3-5km,1151.5,1
2022-03-22,Houston,0-1km,1151.5,1
2022-03-22,Houston,1-2km,1151.5,1
2022-03-23,Dallas,2-3km,777.0,1
2022-03-23,Dallas,3-5km,777.0,1
2022-03-23,Houston,0-1km,777.0,1
2022-03-23,Houston,1-2km,777.0,1
2022-03-24,Dallas,0-1km,203.0,1
2022-03-24,Houston,1-2km,101.5,1
2022-03-24,Houston,2-3km,1786.5,2
2022-03-24,Houston,3-5km,342.0,1
2022-03-25,Dallas,0-1km,742.0,1
2022-03-25,Houston,1-2km,371.0,1
2022-03-25,Houston,2-3km,371.0,1
2022-03-26,Dallas,0-1km,2594.5,3
2022-03-26,Dallas,1-2km,1738.0,2
2022-03-26,Dallas,2-3km,557.5,2
2022-03-26,Houston,0-1km,1738.0,2
2022-03-26,Houston,1-2km,1005.0,2
2022-03-26,Houston,5km+,1005.0,2
2022-03-27,Dallas,0-1km,949.0,1
2022-03-27,Dallas,2-3km,1020.0,2
2022-03-27,Houston,0-1km,4431.533333333334,3
2022-03-27,Houston,1-2km,388.0,1
2022-03-27,Houston,2-3km,23.666666666666668,1
2022-03-27,Houston,3-5km,1138.8,1
2022-03-29,Dallas,0-1km,691.25,3
2022-03-29,Dallas,1-2km,215.5,1
2022-03-29,Dallas,2-3km,314.25,2
2022-03-29,Houston,0-1km,107.75,1
2022-03-29,Houston,1-2km,215.5,1
2022-03-29,Houston,5km+,107.75,1
2022-03-30,Dallas,0-1km,535.3333333333334,1
2022-03-30,Dallas,1-2km,1070.6666666666667,1
2022-03-30,Houston,0-1km,535.3333333333334,1
2022-03-30,Houston,1-2km,1070.6666666666667,1
2022-03-31,Dallas,2-3km,2819.0,1
2022-03-31,Houston,0-1km,310.53333333333336,2
2022-03-31,Houston,1-2km,417.73333333333335,2
2022-03-31,Houston,2-3km,2819.0,1
2022-03-31,Houston,3-5km,214.4,1
2022-03-31,Houston,5km+,203.33333333333334,1
2022-04-01,Dallas,0-1km,268.0,1
2022-04-01,Houston,1-2km,510.0,2
2022-04-01,Houston,2-3km,134.0,1
2022-04-02,Dallas,0-1km,1093.9285714285716,2
2022-04-02,Dallas,1-2km,5051.071428571428,2
2022-04-02,Houston,0-1km,2088.666666666667,2
2022-04-02,Houston,1-2km,121.0,1
2022-04-02,Houston,2-3km,1846.6666666666667,1
2022-04-02,Houston,3-5km,923.3333333333334,1
2022-04-02,Houston,5km+,1165.3333333333335,2
2022-04-03,Dallas,0-1km,223.0,1
2022-04-03,Dallas,1-2km,223.0,1
2022-04-03,Dallas,2-3km,223.0,1
2022-04-03,Houston,0-1km,223.0,1
2022-04-03,Houston,1-2km,223.0,1
2022-04-03,Houston,5km+,223.0,1
2022-04-05,Dallas,0-1km,122.66666666666667,1
2022-04-05,Dallas,1-2km,122.66666666666667,1
2022-04-05,Dallas,2-3km,351.6666666666667,2
2022-04-05,Houston,0-1km,275.3333333333333,2
2022-04-05,Houston,1-2km,122.66666666666667,1
2022-04-05,Houston,2-3km,76.33333333333333,1
2022-04-05,Houston,5km+,122.66666666666667,1
2022-04-06,Dallas,0-1km,1002.0,1
2022-04-06,Houston,1-2km,501.0,1
2022-04-06,Houston,2-3km,501.0,1
2022-04-07,Dallas,0-1km,1575.357142857143,4
2022-04-07,Dallas,1-2km,1475.142857142857,3
2022-04-07,Dallas,2-3km,546.5,3
2022-04-07,Houston,0-1km,1121.9333333333334,5
2022-04-07,Houston,1-2km,2219.8,4
2022-04-07,Houston,2-3km,355.6666666666667,2
2022-04-07,Houston,3-5km,144.5,1
2022-04-07,Houston,5km+,844.1,4
2022-04-08,Dallas,0-1km,937.0,1
2022-04-08,Houston,1-2km,468.5,1
2022-04-08,Houston,2-3km,468.5,1
2022-04-09,Dallas,2-3km,1236.0,1
2022-04-09,Houston,3-5km,228.0,1
2022-04-11,Dallas,0-1km,3183.5,3
2022-04-11,Dallas,1-2km,3296.0,2
2022-04-11,Dallas,2-3km,497.5,1
2022-04-11,Houston,0-1km,4325.666666666666,4
2022-04-11,Houston,1-2km,1423.6666666666667,2
2022-04-11,Houston,2-3km,203.66666666666666,1
2022-04-11,Houston,3-5km,597.0,1
2022-04-11,Houston,5km+,1038.0,1
2022-04-12,Dallas,0-1km,2040.5,2
2022-04-12,Dallas,1-2km,927.5,2
2022-04-12,Houston,0-1km,539.6363636363636,1
2022-04-12,Houston,1-2km,404.72727272727275,1
2022-04-12,Houston,2-3km,269.8181818181818,1
2022-04-12,Houston,3-5km,269.8181818181818,1
2022-04-13,Dallas,2-3km,674.5,1
2022-04-13,Dallas,3-5km,674.5,1
2022-04-13,Houston,0-1km,674.5,1
2022-04-13,Houston,1-2km,674.5,1
2022-04-14,Dallas,0-1km,778.0,2
2022-04-14,Dallas,1-2km,956.0,2
2022-04-14,Dallas,2-3km,778.0,2
2022-04-14,Houston,0-1km,1078.0,2
2022-04-14,Houston,1-2km,806.0,2
2022-04-14,Houston,2-3km,450.0,1
2022-04-14,Houston,5km+,178.0,1
2022-04-15,Dallas,0-1km,2152.0,1
2022-04-15,Houston,0-1km,13379.0,1
2022-04-15,Houston,1-2km,1076.0,1
2022-04-15,Houston,2-3km,1076.0,1
2022-04-16,Dallas,0-1km,809.6666666666666,2
2022-04-16,Dallas,1-2km,1393.3333333333333,1
2022-04-16,Dallas,2-3km,2314.0,1
2022-04-16,Houston,1-2km,56.5,1
2022-04-16,Houston,2-3km,56.5,1
2022-04-16,Houston,3-5km,263.0,1
2022-04-18,Dallas,0-1km,1039.3333333333333,1
2022-04-18,Dallas,1-2km,519.6666666666666,1
2022-04-18,Dallas,2-3km,2386.0,1
2022-04-18,Houston,0-1km,1972.5,2
2022-04-18,Houston,3-5km,596.5,1
2022-04-18,Houston,5km+,1376.0,2
2022-04-19,Houston,0-1km,134.33333333333334,1
2022-04-19,Houston,1-2km,134.33333333333334,1
2022-04-19,Houston,5km+,134.33333333333334,1
2022-04-20,Dallas,0-1km,19565.6,5
2022-04-20,Dallas,1-2km,2851.4,3
2022-04-20,Dallas,2-3km,1282.0,1
2022-04-20,Houston,0-1km,6704.0,3
2022-04-20,Houston,1-2km,301.0,1
2022-04-20,Houston,2-3km,2017.75,2
2022-04-20,Houston,5km+,2880.25,2
2022-04-21,Dallas,0-1km,1501.3333333333335,2
2022-04-21,Dallas,1-2km,1176.6666666666667,1
2022-04-21,Dallas,2-3km,1382.0,1
2022-04-21,Houston,0-1km,1970.3333333333335,2
2022-04-21,Houston,1-2km,1633.1666666666667,2
2022-04-21,Houston,2-3km,456.5,1
2022-04-22,Dallas,0-1km,5484.5,3
2022-04-22,Dallas,1-2km,3390.5,3
2022-04-22,Houston,0-1km,2660.772727272727,2
2022-04-22,Houston,1-2km,1584.2045454545455,2
2022-04-22,Houston,2-3km,507.6363636363636,1
2022-04-22,Houston,3-5km,507.6363636363636,1
2022-04-22,Houston,5km+,822.75,1
2022-04-23,Dallas,0-1km,2512.8333333333335,4
2022-04-23,Dallas,1-2km,1017.3333333333334,3
2022-04-23,Dallas,2-3km,642.8333333333334,2
2022-04-23,Houston,0-1km,661.8787878787879,2
2022-04-23,Houston,1-2km,538.2424242424242,2
2022-04-23,Houston,2-3km,247.27272727272728,1
2022-04-23,Houston,3-5km,247.27272727272728,1
2022-04-23,Houston,5km+,167.33333333333334,1
2022-04-24,Dallas,0-1km,486.0,2
2022-04-24,Dallas,1-2km,486.0,2
2022-04-24,Dallas,2-3km,517.0,2
2022-04-24,Houston,0-1km,659.4000000000001,3
2022-04-24,Houston,1-2km,371.4,3
2022-04-24,Houston,2-3km,28.0,1
2022-04-24,Houston,3-5km,86.6,1
2022-04-24,Houston,5km+,343.6,1
2022-04-25,Dallas,0-1km,899.5,1
2022-04-25,Dallas,1-2km,899.5,1
2022-04-25,Houston,1-2km,899.5,1
2022-04-25,Houston,3-5km,246.0,1
2022-04-25,Houston,5km+,899.5,1
2022-04-26,Dallas,0-1km,146.85714285714286,1
2022-04-26,Dallas,1-2km,881.1428571428571,1
2022-04-26,Houston,0-1km,342.6666666666667,1
2022-04-26,Houston,2-3km,342.6666666666667,1
2022-04-26,Houston,3-5km,171.33333333333334,1
2022-04-26,Houston,5km+,171.33333333333334,1
2022-04-27,Houston,0-1km,9341.0,2
2022-04-28,Dallas,0-1km,1780.6666666666667,3
2022-04-28,Dallas,1-2km,2631.6666666666665,3
2022-04-28,Dallas,2-3km,281.6666666666667,1
2022-04-28,Houston,0-1km,281.6666666666667,1
2022-04-28,Houston,1-2km,1806.6666666666667,3
2022-04-28,Houston,2-3km,2324.0,1
2022-04-28,Houston,3-5km,473.0,1
2022-04-28,Houston,5km+,281.6666666666667,1
2022-04-29,Dallas,0-1km,998.0,1
2022-04-29,Dallas,1-2km,998.0,1
2022-04-29,Houston,1-2km,998.0,1
2022-04-29,Houston,5km+,998.0,1
2022-04-30,Dallas,0-1km,1508.4761904761904,3
2022-04-30,Dallas,1-2km,3065.190476190476,2
2022-04-30,Dallas,2-3km,2972.3333333333335,2
2022-04-30,Houston,0-1km,4436.333333333333,4
2022-04-30,Houston,1-2km,1050.3333333333333,2
2022-04-30,Houston,2-3km,1069.0,1
2022-04-30,Houston,3-5km,2041.5,3
2022-04-30,Houston,5km+,1514.8333333333333,3
2022-05-01,Dallas,0-1km,1542.3333333333333,2
2022-05-01,Dallas,1-2km,981.6666666666666,2
2022-05-01,Dallas,2-3km,421.0,1
2022-05-01,Houston,0-1km,1630.8333333333335,3
2022-05-01,Houston,1-2km,474.08333333333337,2
2022-05-01,Houston,2-3km,315.75,1
2022-05-01,Houston,5km+,999.3333333333334,2
2022-05-02,Dallas,0-1km,1171.0,1
2022-05-02,Dallas,1-2km,1171.0,1
2022-05-02,Houston,0-1km,1756.5,1
2022-05-02,Houston,3-5km,251.0,1
2022-05-02,Houston,5km+,585.5,1
2022-05-03,Dallas,0-1km,2542.3333333333335,3
2022-05-03,Dallas,1-2km,2184.666666666667,3
2022-05-03,Houston,0-1km,1455.0142857142857,3
2022-05-03,Houston,1-2km,911.8285714285714,2
2022-05-03,Houston,2-3km,301.7142857142857,1
2022-05-03,Houston,3-5km,301.7142857142857,1
2022-05-03,Houston,5km+,1756.7285714285713,3
2022-05-04,Dallas,0-1km,511.5,2
2022-05-04,Dallas,1-2km,26.5,1
2022-05-04,Dallas,2-3km,2104.0,1
2022-05-04,Houston,0-1km,1052.0,1
2022-05-04,Houston,1-2km,295.5,2
2022-05-04,Houston,2-3km,242.5,1
2022-05-04,Houston,3-5km,526.0,1
2022-05-04,Houston,5km+,526.0,1
2022-05-05,Dallas,0-1km,1290.0,1
2022-05-05,Dallas,2-3km,855.0,1
2022-05-05,Dallas,3-5km,855.0,1
2022-05-05,Houston,0-1km,855.0,1
2022-05-05,Houston,1-2km,1500.0,2
2022-05-05,Houston,2-3km,645.0,1
2022-05-06,Dallas,0-1km,981.0,1
2022-05-06,Dallas,2-3km,545.0,2
2022-05-06,Houston,0-1km,145.33333333333334,1
2022-05-06,Houston,2-3km,72.66666666666667,1
2022-05-07,Dallas,0-1km,0.0,1
2022-05-07,Dallas,1-2km,0.0,1
2022-05-07,Houston,0-1km,0.0,1
2022-05-07,Houston,1-2km,0.0,1
2022-05-07,Houston,5km+,0.0,1
2022-05-08,Dallas,0-1km,3388.0,2
2022-05-08,Dallas,1-2km,1540.0,2
2022-05-08,Houston,0-1km,896.0,1
2022-05-08,Houston,1-2km,672.0,1
2022-05-08,Houston,2-3km,448.0,1
2022-05-08,Houston,3-5km,448.0,1
2022-05-09,Dallas,0-1km,846.0,1
2022-05-09,Houston,0-1km,978.0,1
2022-05-09,Houston,1-2km,423.0,1
2022-05-09,Houston,2-3km,423.0,1
2022-05-10,Dallas,0-1km,344.08333333333337,2
2022-05-10,Dallas,1-2km,511.83333333333337,2
2022-05-10,Dallas,2-3km,3347.0833333333335,3
2022-05-10,Houston,0-1km,1391.0833333333333,3
2022-05-10,Houston,1-2km,511.83333333333337,2
2022-05-10,Houston,2-3km,3003.0,1
2022-05-10,Houston,3-5km,321.0,1
2022-05-10,Houston,5km+,344.08333333333337,2
2022-05-11,Houston,0-1km,334.6666666666667,1
2022-05-11,Houston,1-2km,334.6666666666667,1
2022-05-11,Houston,5km+,334.6666666666667,1
2022-05-12,Dallas,0-1km,395.3333333333333,1
2022-05-12,Dallas,1-2km,790.6666666666666,1
2022-05-12,Dallas,2-3km,1810.0,2
2022-05-12,Houston,0-1km,1596.2333333333333,4
2022-05-12,Houston,1-2km,888.4666666666666,2
2022-05-12,Houston,2-3km,1265.0,1
2022-05-12,Houston,3-5km,428.05,2
2022-05-12,Houston,5km+,330.25,1
2022-05-13,Dallas,0-1km,1253.0,1
2022-05-13,Houston,1-2km,626.5,1
2022-05-13,Houston,2-3km,626.5,1
2022-05-14,Dallas,0-1km,4770.333333333333,3
2022-05-14,Dallas,1-2km,2172.6666666666665,4
2022-05-14,Houston,0-1km,4134.5,3
2022-05-14,Houston,1-2km,171.0,1
2022-05-14,Houston,2-3km,1008.75,1
2022-05-14,Houston,5km+,1179.75,2
2022-05-15,Dallas,0-1km,7166.833333333334,5
2022-05-15,Dallas,1-2km,5913.166666666667,5
2022-05-15,Houston,0-1km,2253.6060606060605,3
2022-05-15,Houston,1-2km,2720.287878787879,4
2022-05-15,Houston,2-3km,681.969696969697,2
2022-05-15,Houston,3-5km,523.6363636363636,1
2022-05-15,Houston,5km+,1776.5,2
2022-05-16,Dallas,0-1km,2414.342857142857,2
2022-05-16,Dallas,1-2km,2576.6571428571424,2
2022-05-16,Houston,0-1km,2095.1666666666665,2
2022-05-16,Houston,1-2km,1195.0,1
2022-05-16,Houston,2-3km,1447.9166666666665,2
2022-05-16,Houston,3-5km,400.3333333333333,1
2022-05-16,Houston,5km+,1047.5833333333333,2
2022-05-17,Dallas,0-1km,34.5,1
2022-05-17,Dallas,1-2km,34.5,1
2022-05-17,Houston,0-1km,280.0,1
2022-05-17,Houston,1-2km,69.0,1
2022-05-18,Dallas,0-1km,11.0,1
2022-05-19,Dallas,0-1km,4352.708333333334,4
2022-05-19,Dallas,1-2km,5263.291666666667,4
2022-05-19,Dallas,2-3km,4319.0,2
2022-05-19,Dallas,3-5km,2067.0,1
2022-05-19,Houston,0-1km,2912.606060606061,4
2022-05-19,Houston,1-2km,4645.121212121212,2
2022-05-19,Houston,2-3km,4551.636363636364,2
2022-05-19,Houston,3-5km,346.6363636363636,2
2022-05-19,Houston,5km+,57.0,1
2022-05-20,Dallas,0-1km,1834.4,1
2022-05-20,Dallas,1-2km,458.6,1
2022-05-20,Dallas,2-3km,1518.0,1
2022-05-20,Dallas,3-5km,1518.0,1
2022-05-20,Houston,0-1km,2664.5,2
2022-05-20,Houston,1-2km,1518.0,1
2022-05-20,Houston,2-3km,573.25,1
2022-05-20,Houston,5km+,573.25,1
2022-05-21,Dallas,0-1km,1667.6666666666665,3
2022-05-21,Dallas,1-2km,1667.6666666666665,3
2022-05-21,Dallas,2-3km,3544.666666666667,3
2022-05-21,Houston,0-1km,3574.7,6
2022-05-21,Houston,1-2km,1052.7666666666667,3
2022-05-21,Houston,2-3km,619.1666666666666,2
2022-05-21,Houston,3-5km,792.5833333333334,2
2022-05-21,Houston,5km+,1659.7833333333333,3
2022-05-22,Dallas,0-1km,619.5,1
2022-05-22,Dallas,1-2km,619.5,1
2022-05-22,Houston,0-1km,495.6,1
2022-05-22,Houston,1-2km,247.8,1
2022-05-22,Houston,5km+,495.6,1
2022-05-23,Dallas,0-1km,2656.8,2
2022-05-23,Dallas,1-2km,2818.2,2
2022-05-23,Houston,0-1km,2648.7,5
2022-05-23,Houston,1-2km,382.4,2
2022-05-23,Houston,2-3km,2894.75,2
2022-05-23,Houston,3-5km,216.4,1
2022-05-23,Houston,5km+,1264.75,3
2022-05-24,Dallas,0-1km,659.0,2
2022-05-24,Dallas,1-2km,2034.0,1
2022-05-24,Houston,0-1km,1056.0,2
2022-05-24,Houston,1-2km,265.0,1
2022-05-24,Houston,2-3km,2527.0,3
2022-05-24,Houston,3-5km,395.5,1
2022-05-24,Houston,5km+,395.5,1
2022-05-25,Dallas,0-1km,1141.0,1
2022-05-25,Dallas,1-2km,1141.0,1
2022-05-25,Dallas,2-3km,1160.0,1
2022-05-25,Dallas,3-5km,1160.0,1
2022-05-25,Houston,0-1km,1235.8,2
2022-05-25,Houston,1-2km,2452.6,3
2022-05-25,Houston,3-5km,151.6,1
2022-05-25,Houston,5km+,1141.0,1
2022-05-26,Dallas,0-1km,800.0,2
2022-05-26,Dallas,1-2km,1555.3333333333335,2
2022-05-26,Dallas,2-3km,44.666666666666664,1
2022-05-26,Houston,0-1km,934.0,3
2022-05-26,Houston,1-2km,1510.6666666666667,1
2022-05-26,Houston,3-5km,44.666666666666664,1
2022-05-26,Houston,5km+,44.666666666666664,1
2022-05-27,Dallas,0-1km,1058.5,1
2022-05-27,Dallas,1-2km,1058.5,1
2022-05-27,Houston,0-1km,1574.1333333333332,2
2022-05-27,Houston,1-2km,1150.7333333333333,2
2022-05-27,Houston,3-5km,727.3333333333334,1
2022-05-27,Houston,5km+,846.8,1
2022-05-29,Dallas,0-1km,457.07142857142856,2
2022-05-29,Dallas,1-2km,2208.4285714285716,2
2022-05-29,Dallas,2-3km,133.5,1
2022-05-29,Houston,0-1km,888.5,2
2022-05-29,Houston,1-2km,267.0,1
2022-05-29,Houston,2-3km,755.0,1
2022-05-29,Houston,3-5km,377.5,1
2022-05-29,Houston,5km+,511.0,2
2022-05-30,Dallas,0-1km,1104.8,1
2022-05-30,Dallas,1-2km,276.2,1
2022-05-30,Dallas,2-3km,515.0,1
2022-05-30,Houston,0-1km,1220.5,3
2022-05-30,Houston,1-2km,324.0,2
2022-05-30,Houston,2-3km,345.25,1
2022-05-30,Houston,3-5km,502.0,2
2022-05-30,Houston,5km+,566.25,2
2022-05-31,Houston,0-1km,85.8,1
2022-05-31,Houston,1-2km,171.6,1
2022-05-31,Houston,3-5km,171.6,1
2022-06-02,Dallas,0-1km,782.0,1
2022-06-02,Dallas,2-3km,782.0,1
2022-06-02,Houston,2-3km,1564.0,1
2022-06-02,Houston,3-5km,355.0,1
2022-06-03,Dallas,0-1km,1039.5,1
2022-06-03,Dallas,1-2km,1039.5,1
2022-06-03,Houston,0-1km,1039.5,1
2022-06-03,Houston,1-2km,519.75,1
2022-06-03,Houston,5km+,519.75,1
2022-06-04,Dallas,0-1km,603.0,1
2022-06-04,Dallas,1-2km,603.0,1
2022-06-04,Dallas,2-3km,603.0,1
2022-06-04,Houston,0-1km,904.5,1
2022-06-04,Houston,1-2km,452.25,1
2022-06-04,Houston,2-3km,452.25,1
2022-06-05,Dallas,0-1km,1500.0,1
2022-06-05,Dallas,1-2km,1500.0,1
2022-06-05,Houston,0-1km,1500.0,1
2022-06-05,Houston,1-2km,750.0,1
2022-06-05,Houston,5km+,750.0,1
2022-06-06,Dallas,0-1km,853.6666666666666,2
2022-06-06,Dallas,1-2km,2317.666666666667,3
2022-06-06,Dallas,2-3km,36.666666666666664,1
2022-06-06,Houston,0-1km,146.66666666666666,2
2022-06-06,Houston,2-3km,1464.0,1
2022-06-06,Houston,3-5km,1670.6666666666667,2
2022-06-06,Houston,5km+,36.666666666666664,1
2022-06-07,Dallas,0-1km,478.5,1
2022-06-07,Dallas,1-2km,478.5,1
2022-06-07,Dallas,2-3km,1891.0,1
2022-06-07,Houston,0-1km,1878.8,3
2022-06-07,Houston,1-2km,741.9,2
2022-06-07,Houston,3-5km,472.75,1
2022-06-07,Houston,5km+,855.55,2
2022-06-08,Dallas,0-1km,896.3333333333334,2
2022-06-08,Dallas,1-2km,896.3333333333334,2
2022-06-08,Dallas,2-3km,896.3333333333334,2
2022-06-08,Houston,0-1km,1412.8333333333333,3
2022-06-08,Houston,1-2km,651.75,1
2022-06-08,Houston,2-3km,651.75,1
2022-06-08,Houston,3-5km,392.3333333333333,2
2022-06-08,Houston,5km+,27.333333333333332,1
2022-06-09,Dallas,0-1km,31.666666666666668,1
2022-06-09,Dallas,1-2km,31.666666666666668,1
2022-06-09,Dallas,2-3km,31.666666666666668,1
2022-06-09,Houston,0-1km,876.6666666666666,3
2022-06-09,Houston,3-5km,31.666666666666668,1
2022-06-09,Houston,5km+,31.666666666666668,1
2022-06-10,Dallas,0-1km,1778.6666666666665,3
2022-06-10,Dallas,1-2km,1756.6666666666665,2
2022-06-10,Dallas,2-3km,622.6666666666666,1
2022-06-10,Houston,0-1km,1841.2,2
2022-06-10,Houston,1-2km,920.6,2
2022-06-10,Houston,2-3km,467.0,1
2022-06-10,Houston,5km+,907.2,1
2022-06-11,Dallas,2-3km,2064.5,1
2022-06-11,Dallas,3-5km,2064.5,1
2022-06-11,Houston,0-1km,2064.5,1
2022-06-11,Houston,1-2km,2064.5,1
2022-06-12,Dallas,0-1km,1292.5,2
2022-06-12,Dallas,1-2km,587.5,2
2022-06-12,Dallas,2-3km,718.5,1
2022-06-12,Dallas,3-5km,718.5,1
2022-06-12,Houston,0-1km,1060.3181818181818,2
2022-06-12,Houston,1-2km,974.8636363636364,2
2022-06-12,Houston,2-3km,170.9090909090909,1
2022-06-12,Houston,3-5km,170.9090909090909,1
2022-06-13,Dallas,0-1km,1322.6666666666667,2
2022-06-13,Dallas,1-2km,773.3333333333334,2
2022-06-13,Dallas,2-3km,224.0,1
2022-06-13,Houston,0-1km,1263.6666666666667,3
2022-06-13,Houston,1-2km,439.66666666666663,2
2022-06-13,Houston,5km+,1263.6666666666667,3
2022-06-14,Dallas,0-1km,1520.3,2
2022-06-14,Dallas,1-2km,220.2,1
2022-06-14,Dallas,2-3km,639.5,1
2022-06-14,Houston,0-1km,2547.1,3
2022-06-14,Houston,2-3km,275.25,1
2022-06-14,Houston,3-5km,767.4,1
2022-06-14,Houston,5km+,275.25,1
2022-06-15,Dallas,0-1km,1273.3333333333333,2
2022-06-15,Dallas,1-2km,2029.3333333333333,2
2022-06-15,Dallas,2-3km,140.33333333333334,1
2022-06-15,Houston,0-1km,288.0,2
2022-06-15,Houston,1-2km,854.5,3
2022-06-15,Houston,2-3km,2455.5,2
2022-06-15,Houston,5km+,288.0,2
2022-06-16,Dallas,0-1km,2153.5,4
2022-06-16,Dallas,1-2km,479.5,2
2022-06-16,Dallas,2-3km,2128.0,3
2022-06-16,Houston,0-1km,1473.0,2
2022-06-16,Houston,1-2km,391.5,2
2022-06-16,Houston,2-3km,1708.5,2
2022-06-16,Houston,3-5km,1188.0,1
2022-06-17,Dallas,0-1km,1611.5,1
2022-06-17,Dallas,1-2km,1611.5,1
2022-06-17,Dallas,2-3km,502.0,1
2022-06-17,Houston,0-1km,2001.2,2
2022-06-17,Houston,1-2km,1711.9,2
2022-06-17,Houston,2-3km,1918.0,1
2022-06-17,Houston,3-5km,100.4,1
2022-06-17,Houston,5km+,1611.5,1
2022-06-18,Dallas,2-3km,1597.5,1
2022-06-18,Dallas,3-5km,1597.5,1
2022-06-18,Houston,0-1km,1886.1666666666667,2
2022-06-18,Houston,1-2km,1886.1666666666667,2
2022-06-18,Houston,2-3km,288.6666666666667,1
2022-06-18,Houston,3-5km,349.0,1
2022-06-19,Dallas,0-1km,1313.0,1
2022-06-19,Houston,1-2km,656.5,1
2022-06-19,Houston,2-3km,656.5,1
2022-06-20,Dallas,0-1km,484.5238095238095,3
2022-06-20,Dallas,1-2km,2208.809523809524,2
2022-06-20,Dallas,2-3km,127.66666666666667,1
2022-06-20,Houston,0-1km,12510.0,3
2022-06-20,Houston,1-2km,774.6666666666666,2
2022-06-20,Houston,2-3km,809.3333333333334,1
2022-06-20,Houston,3-5km,404.6666666666667,1
2022-06-20,Houston,5km+,532.3333333333334,2
2022-06-21,Dallas,0-1km,683.0,1
2022-06-21,Houston,0-1km,239.66666666666666,1
2022-06-21,Houston,1-2km,581.1666666666666,2
2022-06-21,Houston,2-3km,341.5,1
2022-06-21,Houston,5km+,239.66666666666666,1
2022-06-22,Dallas,0-1km,247.33333333333334,1
2022-06-22,Dallas,1-2km,247.33333333333334,1
2022-06-22,Dallas,2-3km,247.33333333333334,1
2022-06-22,Houston,0-1km,247.33333333333334,1
2022-06-22,Houston,1-2km,247.33333333333334,1
2022-06-22,Houston,5km+,247.33333333333334,1
2022-06-23,Dallas,0-1km,898.5,1
2022-06-23,Dallas,1-2km,1943.5,2
2022-06-23,Houston,0-1km,718.8,1
2022-06-23,Houston,1-2km,359.4,1
2022-06-23,Houston,2-3km,1045.0,1
2022-06-23,Houston,5km+,2371.8,2
2022-06-24,Dallas,0-1km,5532.266666666667,2
2022-06-24,Dallas,1-2km,2808.7333333333336,2
2022-06-24,Dallas,2-3km,471.0,1
2022-06-24,Houston,0-1km,4045.7666666666664,3
2022-06-24,Houston,1-2km,1723.5333333333333,2
2022-06-24,Houston,2-3km,1474.25,1
2022-06-24,Houston,3-5km,94.2,1
2022-06-24,Houston,5km+,1474.25,1
2022-06-25,Dallas,0-1km,1259.0,2
2022-06-25,Dallas,2-3km,2135.0,2
2022-06-25,Dallas,3-5km,1396.0,1
2022-06-25,Houston,0-1km,1987.2,2
2022-06-25,Houston,1-2km,1656.0,2
2022-06-25,Houston,2-3km,260.0,1
2022-06-25,Houston,3-5km,886.8,1
2022-06-26,Dallas,0-1km,0.0,1
2022-06-26,Dallas,1-2km,0.0,1
2022-06-26,Houston,0-1km,0.0,1
2022-06-26,Houston,2-3km,0.0,1
2022-06-26,Houston,5km+,0.0,1
2022-06-27,Houston,3-5km,360.0,1
2022-06-28,Dallas,0-1km,233.0,1
2022-06-28,Dallas,1-2km,233.0,1
2022-06-28,Dallas,2-3km,2122.0,2
2022-06-28,Dallas,3-5km,750.0,1
2022-06-28,Houston,0-1km,1622.4,3
2022-06-28,Houston,1-2km,843.2,2
2022-06-28,Houston,3-5km,343.0,1
2022-06-28,Houston,5km+,529.4,2
2022-06-29,Dallas,0-1km,200.66666666666666,2
2022-06-29,Dallas,1-2km,179.66666666666666,1
2022-06-29,Dallas,2-3km,179.66666666666666,1
2022-06-29,Houston,0-1km,179.66666666666666,1
2022-06-29,Houston,1-2km,179.66666666666666,1
2022-06-29,Houston,5km+,179.66666666666666,1
2022-06-30,Dallas,0-1km,2880.5,3
2022-06-30,Dallas,1-2km,1370.5,3
2022-06-30,Houston,0-1km,10231.818181818182,3
2022-06-30,Houston,1-2km,304.3636363636364,1
2022-06-30,Houston,2-3km,330.9090909090909,2
2022-06-30,Houston,3-5km,202.9090909090909,1
2022-07-01,Dallas,0-1km,3344.166666666667,3
2022-07-01,Dallas,1-2km,3787.8333333333335,3
2022-07-01,Houston,0-1km,1525.6666666666667,2
2022-07-01,Houston,1-2km,1428.3333333333335,2
2022-07-01,Houston,5km+,1082.0,1
2022-07-02,Dallas,0-1km,1638.0,2
2022-07-02,Dallas,1-2km,1638.0,2
2022-07-02,Houston,0-1km,473.2,1
2022-07-02,Houston,1-2km,1283.1,2
2022-07-02,Houston,5km+,1519.7,2
2022-07-03,Dallas,0-1km,1851.5,3
2022-07-03,Dallas,1-2km,858.5,3
2022-07-03,Dallas,2-3km,3830.0,2
2022-07-03,Houston,0-1km,2504.9545454545455,4
2022-07-03,Houston,1-2km,361.09090909090907,1
2022-07-03,Houston,2-3km,240.72727272727272,1
2022-07-03,Houston,3-5km,1221.4772727272727,3
2022-07-03,Houston,5km+,980.75,2
2022-07-05,Dallas,0-1km,742.0,1
2022-07-06,Dallas,0-1km,1786.125,2
2022-07-06,Dallas,1-2km,811.875,2
2022-07-06,Dallas,2-3km,511.0,1
2022-07-06,Houston,0-1km,778.9636363636364,2
2022-07-06,Houston,1-2km,456.47272727272724,2
2022-07-06,Houston,2-3km,1636.1818181818182,2
2022-07-06,Houston,3-5km,338.3818181818182,2
2022-07-07,Dallas,0-1km,2121.625,3
2022-07-07,Dallas,1-2km,1372.375,3
2022-07-07,Houston,0-1km,491.27272727272725,1
2022-07-07,Houston,1-2km,368.45454545454544,1
2022-07-07,Houston,2-3km,245.63636363636363,1
2022-07-07,Houston,3-5km,767.6363636363636,2
2022-07-08,Dallas,1-2km,2635.0,1
2022-07-08,Houston,1-2km,473.0,1
2022-07-08,Houston,2-3km,3581.0,2
2022-07-09,Dallas,0-1km,2575.5,2
2022-07-09,Dallas,1-2km,1457.5,1
2022-07-09,Houston,0-1km,1457.5,1
2022-07-09,Houston,1-2km,1287.75,2
2022-07-09,Houston,2-3km,559.0,1
2022-07-09,Houston,5km+,728.75,1
2022-07-10,Dallas,0-1km,1463.5,2
2022-07-10,Dallas,1-2km,1030.5,1
2022-07-10,Houston,0-1km,294.42857142857144,1
2022-07-10,Houston,1-2km,805.3571428571429,2
2022-07-10,Houston,2-3km,510.92857142857144,2
2022-07-10,Houston,3-5km,294.42857142857144,1
2022-07-10,Houston,5km+,588.8571428571429,1
2022-07-11,Dallas,0-1km,538.0,1
2022-07-11,Dallas,1-2km,1076.0,1
2022-07-11,Houston,0-1km,538.0,1
2022-07-11,Houston,1-2km,1076.0,1
2022-07-12,Dallas,0-1km,944.625,2
2022-07-12,Dallas,1-2km,429.375,2
2022-07-12,Houston,0-1km,249.8181818181818,1
2022-07-12,Houston,1-2km,187.36363636363637,1
2022-07-12,Houston,2-3km,124.9090909090909,1
2022-07-12,Houston,3-5km,124.9090909090909,1
2022-07-13,Dallas,0-1km,3232.166666666667,4
2022-07-13,Dallas,1-2km,1780.5,3
2022-07-13,Dallas,2-3km,38.333333333333336,1
2022-07-13,Houston,0-1km,1008.6666666666667,3
2022-07-13,Houston,1-2km,2927.166666666667,3
2022-07-13,Houston,2-3km,1153.5,1
2022-07-13,Houston,3-5km,38.333333333333336,1
2022-07-13,Houston,5km+,38.333333333333336,1
2022-07-14,Dallas,0-1km,3878.5,3
2022-07-14,Dallas,1-2km,1477.0,3
2022-07-14,Dallas,2-3km,1194.5,1
2022-07-14,Houston,0-1km,1665.418181818182,2
2022-07-14,Houston,1-2km,532.3636363636364,1
2022-07-14,Houston,2-3km,440.90909090909093,2
2022-07-14,Houston,3-5km,1788.309090909091,2
2022-07-15,Houston,2-3km,1738.0,1
2022-07-16,Dallas,0-1km,3132.1190476190477,3
2022-07-16,Dallas,1-2km,5912.880952380952,3
2022-07-16,Houston,0-1km,3233.7333333333336,3
2022-07-16,Houston,1-2km,2994.866666666667,2
2022-07-16,Houston,2-3km,752.0,1
2022-07-16,Houston,3-5km,376.0,1
2022-07-16,Houston,5km+,1688.4,2
2022-07-17,Dallas,0-1km,88.66666666666667,1
2022-07-17,Dallas,1-2km,88.66666666666667,1
2022-07-17,Dallas,2-3km,88.66666666666667,1
2022-07-17,Houston,0-1km,197.33333333333334,2
2022-07-17,Houston,1-2km,197.33333333333334,2
2022-07-17,Houston,2-3km,108.66666666666667,1
2022-07-17,Houston,5km+,88.66666666666667,1
2022-07-18,Dallas,2-3km,402.0,1
2022-07-18,Houston,0-1km,384.5333333333333,2
2022-07-18,Houston,1-2km,223.73333333333335,2
2022-07-18,Houston,3-5km,80.4,1
2022-07-18,Houston,5km+,143.33333333333334,1
2022-07-19,Dallas,0-1km,192.0,1
2022-07-19,Houston,1-2km,96.0,1
2022-07-19,Houston,2-3km,96.0,1
2022-07-19,Houston,3-5km,436.0,1
2022-07-20,Dallas,2-3km,1777.0,1
2022-07-20,Dallas,3-5km,1777.0,1
2022-07-20,Houston,0-1km,1952.6666666666667,2
2022-07-20,Houston,1-2km,1952.6666666666667,2
2022-07-20,Houston,2-3km,175.66666666666666,1
2022-07-21,Houston,0-1km,8345.0,2
2022-07-22,Dallas,0-1km,1499.8214285714284,2
2022-07-22,Dallas,1-2km,3297.4285714285716,1
2022-07-22,Dallas,2-3km,316.75,1
2022-07-22,Houston,0-1km,1282.3333333333333,1
2022-07-22,Houston,2-3km,1282.3333333333333,1
2022-07-22,Houston,3-5km,641.1666666666666,1
2022-07-22,Houston,5km+,641.1666666666666,1
2022-07-23,Dallas,0-1km,238.0,1
2022-07-23,Houston,1-2km,119.0,1
2022-07-23,Houston,2-3km,2749.0,2
2022-07-24,Dallas,0-1km,4337.75,5
2022-07-24,Dallas,1-2km,3538.25,5
2022-07-24,Houston,0-1km,3195.4363636363637,3
2022-07-24,Houston,1-2km,1805.1272727272726,3
2022-07-24,Houston,2-3km,193.8181818181818,1
2022-07-24,Houston,3-5km,2343.818181818182,2
2022-07-24,Houston,5km+,1702.8,2
2022-07-25,Dallas,0-1km,526.0,1
2022-07-25,Houston,1-2km,263.0,1
2022-07-25,Houston,2-3km,1105.0,2
2022-07-25,Houston,3-5km,271.0,1
2022-07-26,Dallas,0-1km,8729.75,3
2022-07-26,Dallas,1-2km,813.0,1
2022-07-26,Dallas,2-3km,290.25,1
2022-07-26,Houston,0-1km,650.4,1
2022-07-26,Houston,1-2km,325.2,1
2022-07-26,Houston,5km+,650.4,1
2022-07-27,Dallas,0-1km,958.0,1
2022-07-27,Houston,0-1km,7962.0,1
2022-07-27,Houston,1-2km,479.0,1
2022-07-27,Houston,2-3km,479.0,1
2022-07-28,Dallas,0-1km,2290.416666666667,2
2022-07-28,Dallas,1-2km,777.3333333333334,1
2022-07-28,Dallas,2-3km,1401.25,2
2022-07-28,Houston,0-1km,2910.0,2
2022-07-28,Houston,3-5km,289.0,1
2022-07-28,Houston,5km+,289.0,1
2022-07-29,Dallas,0-1km,2307.5,3
2022-07-29,Dallas,1-2km,225.0,1
2022-07-29,Dallas,2-3km,112.5,1
2022-07-29,Houston,0-1km,112.5,1
2022-07-29,Houston,1-2km,225.0,1
2022-07-29,Houston,5km+,112.5,1
2022-07-30,Houston,2-3km,997.0,1
2022-07-31,Dallas,0-1km,17.0,1
2022-07-31,Dallas,1-2km,2492.0,1
2022-07-31,Houston,0-1km,9973.0,1
2022-07-31,Houston,2-3km,2492.0,1
2022-08-01,Dallas,0-1km,693.0,1
2022-08-01,Houston,1-2km,346.5,1
2022-08-01,Houston,2-3km,346.5,1
2022-08-02,Dallas,0-1km,811.0,1
2022-08-02,Dallas,1-2km,811.0,1
2022-08-02,Houston,0-1km,1447.0,1
2022-08-02,Houston,1-2km,811.0,1
2022-08-02,Houston,5km+,811.0,1
2022-08-03,Dallas,1-2km,443.0,1
2022-08-03,Dallas,2-3km,2076.0,1
2022-08-03,Houston,0-1km,2220.3333333333335,2
2022-08-03,Houston,1-2km,144.33333333333334,1
2022-08-03,Houston,2-3km,144.33333333333334,1
2022-08-04,Dallas,0-1km,86.66666666666666,2
2022-08-04,Dallas,1-2km,86.66666666666666,2
2022-08-04,Dallas,2-3km,35.666666666666664,1
2022-08-04,Houston,0-1km,142.66666666666666,2
2022-08-04,Houston,1-2km,102.0,1
2022-08-04,Houston,3-5km,35.666666666666664,1
2022-08-04,Houston,5km+,35.666666666666664,1
2022-08-05,Dallas,0-1km,3160.125,3
2022-08-05,Dallas,1-2km,1636.875,3
2022-08-05,Houston,0-1km,1032.5454545454545,2
2022-08-05,Houston,1-2km,700.9090909090909,2
2022-08-05,Houston,2-3km,369.27272727272725,1
2022-08-05,Houston,3-5km,369.27272727272725,1
2022-08-05,Houston,5km+,294.0,1
2022-08-06,Dallas,1-2km,1099.0,1
2022-08-06,Houston,1-2km,1099.0,1
2022-08-07,Dallas,0-1km,2264.0,4
2022-08-07,Dallas,1-2km,1742.5,3
2022-08-07,Dallas,2-3km,1111.5,3
2022-08-07,Houston,0-1km,330.6,3
2022-08-07,Houston,1-2km,1813.7,3
2022-08-07,Houston,2-3km,0.0,1
2022-08-07,Houston,3-5km,71.2,1
2022-08-07,Houston,5km+,1625.5,3
2022-08-08,Dallas,0-1km,439.6666666666667,1
2022-08-08,Dallas,1-2km,879.3333333333334,1
2022-08-08,Houston,0-1km,555.3333333333334,2
2022-08-08,Houston,1-2km,1291.0,3
2022-08-08,Houston,5km+,115.66666666666667,1
2022-08-09,Dallas,0-1km,4608.6,3
2022-08-09,Dallas,1-2km,1219.4,2
2022-08-09,Dallas,2-3km,162.0,1
2022-08-09,Houston,0-1km,2400.5,2
2022-08-09,Houston,1-2km,324.0,1
2022-08-09,Houston,2-3km,1551.75,2
2022-08-09,Houston,3-5km,432.5,1
2022-08-09,Houston,5km+,1281.25,2
2022-08-10,Dallas,0-1km,1330.6666666666667,1
2022-08-10,Dallas,1-2km,665.3333333333334,1
2022-08-10,Dallas,2-3km,2629.0,1
2022-08-10,Houston,0-1km,3416.166666666667,3
2022-08-10,Houston,1-2km,105.66666666666667,1
2022-08-10,Houston,3-5km,657.25,1
2022-08-10,Houston,5km+,762.9166666666666,2
2022-08-11,Dallas,0-1km,1909.6666666666665,3
2022-08-11,Dallas,1-2km,36.666666666666664,1
2022-08-11,Dallas,2-3km,2145.166666666667,3
2022-08-11,Dallas,3-5km,1032.5,1
2022-08-11,Houston,0-1km,1179.1666666666667,3
2022-08-11,Houston,1-2km,1580.5,2
2022-08-11,Houston,2-3km,548.0,1
2022-08-11,Houston,3-5km,36.666666666666664,1
2022-08-11,Houston,5km+,36.666666666666664,1
2022-08-12,Dallas,0-1km,4617.375,6
2022-08-12,Dallas,1-2km,2076.625,4
2022-08-12,Dallas,2-3km,892.5,2
2022-08-12,Dallas,3-5km,771.5,1
2022-08-12,Houston,0-1km,1632.1666666666665,3
2022-08-12,Houston,1-2km,1486.0,4
2022-08-12,Houston,2-3km,485.83333333333337,3
2022-08-12,Houston,3-5km,2131.0,3
2022-08-13,Dallas,0-1km,469.0,1
2022-08-13,Houston,1-2km,234.5,1
2022-08-13,Houston,2-3km,234.5,1
2022-08-14,Dallas,0-1km,3531.0,2
2022-08-14,Dallas,1-2km,3531.0,2
2022-08-14,Dallas,2-3km,1350.0,1
2022-08-14,Houston,0-1km,13413.75,3
2022-08-14,Houston,1-2km,1130.5,1
2022-08-14,Houston,3-5km,337.5,1
2022-08-14,Houston,5km+,2668.25,3
2022-08-15,Dallas,0-1km,465.0,1
2022-08-15,Houston,1-2km,232.5,1
2022-08-15,Houston,2-3km,232.5,1
2022-08-16,Dallas,0-1km,4235.333333333334,3
2022-08-16,Dallas,1-2km,467.3333333333333,2
2022-08-16,Dallas,2-3km,54.333333333333336,1
2022-08-16,Houston,0-1km,547.7333333333333,3
2022-08-16,Houston,1-2km,666.2,2
2022-08-16,Houston,3-5km,54.333333333333336,1
2022-08-16,Houston,5km+,384.7333333333333,2
2022-08-17,Dallas,2-3km,79.0,1
2022-08-17,Houston,0-1km,263.6666666666667,2
2022-08-17,Houston,1-2km,211.0,1
2022-08-17,Houston,2-3km,750.3333333333334,2
2022-08-17,Houston,5km+,211.0,1
2022-08-18,Dallas,0-1km,1977.25,2
2022-08-18,Dallas,1-2km,898.75,2
2022-08-18,Houston,0-1km,522.9090909090909,1
2022-08-18,Houston,1-2km,392.1818181818182,1
2022-08-18,Houston,2-3km,261.45454545454544,1
2022-08-18,Houston,3-5km,598.4545454545455,2
2022-08-19,Dallas,0-1km,1139.875,2
2022-08-19,Dallas,1-2km,518.125,2
2022-08-19,Houston,0-1km,444.1212121212121,2
2022-08-19,Houston,1-2km,368.75757575757575,2
2022-08-19,Houston,2-3km,150.72727272727272,1
2022-08-19,Houston,3-5km,150.72727272727272,1
2022-08-19,Houston,5km+,142.66666666666666,1
2022-08-20,Dallas,2-3km,3292.0,2
2022-08-20,Houston,0-1km,1884.1666666666667,3
2022-08-20,Houston,1-2km,196.0,1
2022-08-20,Houston,2-3km,84.33333333333333,1
2022-08-20,Houston,3-5km,759.75,1
2022-08-20,Houston,5km+,955.75,2
2022-08-23,Houston,3-5km,301.0,1
2022-08-24,Dallas,0-1km,369.25,2
2022-08-24,Dallas,1-2km,292.5,1
2022-08-24,Dallas,2-3km,3448.25,2
2022-08-24,Houston,0-1km,2083.75,3
2022-08-24,Houston,1-2km,841.0,3
2022-08-24,Houston,3-5km,825.5,1
2022-08-24,Houston,5km+,971.75,2
2022-08-25,Dallas,0-1km,812.3333333333333,2
2022-08-25,Dallas,1-2km,812.3333333333333,2
2022-08-25,Dallas,2-3km,473.3333333333333,2
2022-08-25,Houston,0-1km,576.6666666666666,2
2022-08-25,Houston,1-2km,1507.0,3
2022-08-25,Houston,2-3km,288.3333333333333,2
2022-08-25,Houston,5km+,499.0,1
2022-08-26,Dallas,0-1km,3781.133333333333,3
2022-08-26,Dallas,1-2km,1554.5333333333333,3
2022-08-26,Dallas,2-3km,4088.8333333333335,3
2022-08-26,Dallas,3-5km,1390.5,1
2022-08-26,Houston,0-1km,6488.333333333333,5
2022-08-26,Houston,1-2km,1930.8333333333333,3
2022-08-26,Houston,2-3km,927.75,1
2022-08-26,Houston,5km+,1468.0833333333333,3
2022-08-27,Dallas,0-1km,1368.0,2
2022-08-27,Dallas,2-3km,299.0,1
2022-08-28,Dallas,0-1km,3451.875,5
2022-08-28,Dallas,1-2km,1994.625,3
2022-08-28,Dallas,2-3km,450.5,1
2022-08-28,Houston,0-1km,1057.909090909091,2
2022-08-28,Houston,1-2km,1949.6818181818182,3
2022-08-28,Houston,2-3km,587.9545454545455,2
2022-08-28,Houston,3-5km,215.45454545454547,1
2022-08-29,Dallas,0-1km,677.4285714285714,2
2022-08-29,Dallas,1-2km,2354.5714285714284,2
2022-08-29,Dallas,2-3km,342.0,1
2022-08-29,Houston,0-1km,1295.6666666666665,2
2022-08-29,Houston,1-2km,256.5,1
2022-08-29,Houston,2-3km,1039.1666666666665,2
2022-08-29,Houston,3-5km,391.3333333333333,1
2022-08-29,Houston,5km+,391.3333333333333,1
2022-08-30,Houston,1-2km,1877.0,1
2022-08-31,Dallas,0-1km,1815.25,2
2022-08-31,Dallas,2-3km,199.75,1
2022-08-31,Houston,1-2km,608.0,1
2022-08-31,Houston,2-3km,608.0,1
2022-08-31,Houston,3-5km,292.0,1
2022-09-01,Dallas,0-1km,137.0,2
2022-09-01,Dallas,1-2km,137.0,2
2022-09-01,Houston,1-2km,64.0,1
2022-09-02,Dallas,0-1km,4523.666666666667,3
2022-09-02,Dallas,1-2km,1012.6666666666667,2
2022-09-02,Dallas,2-3km,303.6666666666667,1
2022-09-02,Houston,0-1km,2076.1666666666665,2
2022-09-02,Houston,1-2km,303.6666666666667,1
2022-09-02,Houston,2-3km,1578.25,2
2022-09-02,Houston,3-5km,692.0,1
2022-09-02,Houston,5km+,1189.9166666666667,2
2022-09-03,Dallas,0-1km,1945.0,1
2022-09-03,Houston,1-2km,972.5,1
2022-09-03,Houston,2-3km,972.5,1
2022-09-04,Dallas,0-1km,326.42857142857144,1
2022-09-04,Dallas,1-2km,4818.571428571428,2
2022-09-04,Houston,0-1km,761.6666666666666,1
2022-09-04,Houston,2-3km,3621.6666666666665,2
2022-09-04,Houston,3-5km,380.8333333333333,1
2022-09-04,Houston,5km+,380.8333333333333,1
2022-09-05,Dallas,0-1km,1765.5,2
2022-09-05,Dallas,1-2km,48.5,1
2022-09-05,Houston,1-2km,1814.0,2
2022-09-06,Dallas,0-1km,161.5,1
2022-09-06,Dallas,1-2km,323.0,1
2022-09-06,Dallas,2-3km,2133.5,2
2022-09-06,Houston,0-1km,161.5,1
2022-09-06,Houston,1-2km,323.0,1
2022-09-06,Houston,2-3km,1972.0,1
2022-09-06,Houston,5km+,161.5,1
2022-09-07,Dallas,0-1km,2022.75,3
2022-09-07,Dallas,1-2km,1037.25,3
2022-09-07,Dallas,2-3km,216.0,1
2022-09-07,Houston,0-1km,693.8181818181818,2
2022-09-07,Houston,1-2km,574.3636363636364,2
2022-09-07,Houston,2-3km,238.9090909090909,1
2022-09-07,Houston,3-5km,238.9090909090909,1
2022-09-07,Houston,5km+,216.0,1
2022-09-08,Dallas,0-1km,120.0,1
2022-09-08,Dallas,1-2km,240.0,1
2022-09-08,Dallas,2-3km,120.0,1
2022-09-08,Houston,0-1km,2054.0,2
2022-09-08,Houston,1-2km,240.0,1
2022-09-08,Houston,5km+,120.0,1
2022-09-09,Dallas,0-1km,178.0,1
2022-09-09,Dallas,1-2km,356.0,1
2022-09-09,Dallas,2-3km,178.0,1
2022-09-09,Houston,0-1km,178.0,1
2022-09-09,Houston,1-2km,356.0,1
2022-09-09,Houston,5km+,178.0,1
2022-09-10,Dallas,0-1km,1779.0,2
2022-09-10,Dallas,1-2km,43.0,1
2022-09-10,Houston,0-1km,18271.0,2
2022-09-10,Houston,1-2km,248.0,2
2022-09-10,Houston,3-5km,162.0,1
2022-09-11,Dallas,0-1km,1692.3333333333335,3
2022-09-11,Dallas,1-2km,4999.666666666667,3
2022-09-11,Dallas,2-3km,1277.0,1
2022-09-11,Houston,0-1km,1309.8333333333335,2
2022-09-11,Houston,1-2km,1417.1666666666667,2
2022-09-11,Houston,2-3km,2859.5,2
2022-09-11,Houston,3-5km,982.25,2
2022-09-11,Houston,5km+,319.25,1
2022-09-12,Dallas,0-1km,598.1666666666667,2
2022-09-12,Dallas,1-2km,1885.3333333333335,3
2022-09-12,Dallas,2-3km,2362.5,2
2022-09-12,Houston,0-1km,1831.0,4
2022-09-12,Houston,1-2km,1994.6666666666665,4
2022-09-12,Houston,2-3km,109.33333333333333,1
2022-09-12,Houston,3-5km,934.75,2
2022-09-12,Houston,5km+,677.25,2
2022-09-13,Dallas,2-3km,2319.0,1
2022-09-13,Houston,0-1km,1159.5,1
2022-09-13,Houston,3-5km,579.75,1
2022-09-13,Houston,5km+,579.75,1
2022-09-14,Dallas,0-1km,995.5,2
2022-09-14,Dallas,1-2km,452.5,2
2022-09-14,Houston,0-1km,461.27272727272725,2
2022-09-14,Houston,1-2km,1476.4545454545455,3
2022-09-14,Houston,2-3km,131.63636363636363,1
2022-09-14,Houston,3-5km,131.63636363636363,1
2022-09-14,Houston,5km+,198.0,1
2022-09-15,Dallas,0-1km,2326.25,4
2022-09-15,Dallas,1-2km,1082.5,2
2022-09-15,Dallas,2-3km,931.25,2
2022-09-15,Houston,0-1km,1011.45,3
2022-09-15,Houston,1-2km,946.9,2
2022-09-15,Houston,2-3km,584.5,1
2022-09-15,Houston,3-5km,1188.1,2
2022-09-15,Houston,5km+,609.05,2
2022-09-17,Dallas,2-3km,2165.5,1
2022-09-17,Dallas,3-5km,2165.5,1
2022-09-17,Houston,0-1km,2385.1666666666665,2
2022-09-17,Houston,1-2km,2385.1666666666665,2
2022-09-17,Houston,2-3km,219.66666666666666,1
2022-09-18,Dallas,0-1km,3859.5,2
2022-09-18,Dallas,1-2km,3217.5,1
2022-09-18,Houston,0-1km,4826.25,1
2022-09-18,Houston,1-2km,321.0,1
2022-09-18,Houston,2-3km,321.0,1
2022-09-18,Houston,5km+,1608.75,1
2022-09-19,Houston,2-3km,670.0,1
2022-09-19,Houston,5km+,83.0,1
2022-09-20,Dallas,0-1km,581.0,1
2022-09-20,Dallas,2-3km,1139.0,1
2022-09-20,Houston,0-1km,569.5,1
2022-09-20,Houston,1-2km,290.5,1
2022-09-20,Houston,2-3km,290.5,1
2022-09-20,Houston,3-5km,284.75,1
2022-09-20,Houston,5km+,284.75,1
2022-09-22,Dallas,0-1km,850.0,1
2022-09-22,Dallas,1-2km,850.0,1
2022-09-22,Houston,0-1km,850.0,1
2022-09-22,Houston,1-2km,425.0,1
2022-09-22,Houston,5km+,425.0,1
2022-09-23,Dallas,1-2km,1255.0,2
2022-09-23,Dallas,2-3km,3056.0,2
2022-09-23,Houston,0-1km,1569.1666666666667,2
2022-09-23,Houston,2-3km,1043.3333333333333,2
2022-09-23,Houston,3-5km,1477.25,2
2022-09-23,Houston,5km+,702.25,1
2022-09-24,Dallas,0-1km,906.7857142857143,2
2022-09-24,Dallas,1-2km,4543.214285714285,2
2022-09-24,Houston,0-1km,1929.3333333333333,2
2022-09-24,Houston,1-2km,591.3333333333334,2
2022-09-24,Houston,2-3km,1697.0,1
2022-09-24,Houston,3-5km,848.5,1
2022-09-24,Houston,5km+,1080.8333333333333,2
2022-09-25,Dallas,0-1km,2923.2083333333335,3
2022-09-25,Dallas,1-2km,1605.4583333333333,3
2022-09-25,Dallas,2-3km,507.3333333333333,1
2022-09-25,Houston,0-1km,1399.909090909091,2
2022-09-25,Houston,1-2km,859.6818181818182,2
2022-09-25,Houston,2-3km,699.9545454545455,2
2022-09-25,Houston,3-5km,319.45454545454544,1
2022-09-26,Dallas,0-1km,662.0,1
2022-09-26,Houston,0-1km,331.0,1
2022-09-26,Houston,5km+,331.0,1
2022-09-27,Dallas,0-1km,1201.875,3
2022-09-27,Dallas,1-2km,812.125,3
2022-09-27,Dallas,2-3km,172.0,1
2022-09-27,Houston,0-1km,578.030303030303,3
2022-09-27,Houston,1-2km,681.939393939394,3
2022-09-27,Houston,2-3km,269.8484848484849,2
2022-09-27,Houston,3-5km,459.1818181818182,2
2022-09-27,Houston,5km+,172.0,1
2022-09-28,Dallas,0-1km,77.33333333333333,1
2022-09-28,Dallas,1-2km,77.33333333333333,1
2022-09-28,Dallas,2-3km,2921.3333333333335,2
2022-09-28,Houston,0-1km,309.3333333333333,2
2022-09-28,Houston,2-3km,2844.0,1
2022-09-28,Houston,3-5km,77.33333333333333,1
2022-09-28,Houston,5km+,77.33333333333333,1
2022-09-29,Dallas,0-1km,2518.0,2
2022-09-29,Dallas,1-2km,2242.0,1
2022-09-29,Houston,0-1km,1819.5,2
2022-09-29,Houston,1-2km,2242.0,1
2022-09-29,Houston,3-5km,304.0,1
2022-09-29,Houston,5km+,698.5,1
2022-09-30,Houston,3-5km,301.0,1
2022-10-01,Houston,1-2km,4074.0,1
2022-10-02,Dallas,0-1km,1082.125,2
2022-10-02,Dallas,1-2km,491.875,2
2022-10-02,Houston,0-1km,286.1818181818182,1
2022-10-02,Houston,1-2km,214.63636363636363,1
2022-10-02,Houston,2-3km,143.0909090909091,1
2022-10-02,Houston,3-5km,143.0909090909091,1
2022-10-03,Houston,0-1km,108.0,1
2022-10-03,Houston,1-2km,108.0,1
2022-10-03,Houston,2-3km,108.0,1
2022-10-04,Dallas,0-1km,1724.75,3
2022-10-04,Dallas,1-2km,899.5,3
2022-10-04,Dallas,2-3km,752.75,2
2022-10-04,Houston,0-1km,850.1136363636364,3
2022-10-04,Houston,1-2km,476.77272727272725,2
2022-10-04,Houston,2-3km,218.1818181818182,1
2022-10-04,Houston,3-5km,756.6818181818182,3
2022-10-04,Houston,5km+,244.25,2
2022-10-05,Dallas,0-1km,89.66666666666667,2
2022-10-05,Dallas,1-2km,72.66666666666667,1
2022-10-05,Dallas,2-3km,72.66666666666667,1
2022-10-05,Houston,0-1km,72.66666666666667,1
2022-10-05,Houston,1-2km,72.66666666666667,1
2022-10-05,Houston,5km+,72.66666666666667,1
2022-10-06,Dallas,0-1km,1391.5,2
2022-10-06,Dallas,1-2km,1829.0,1
2022-10-06,Dallas,2-3km,1762.5,3
2022-10-06,Houston,0-1km,1144.0,3
2022-10-06,Houston,1-2km,2082.2,3
2022-10-06,Houston,2-3km,179.0,1
2022-10-06,Houston,3-5km,1187.8,2
2022-10-06,Houston,5km+,183.0,1
2022-10-07,Dallas,0-1km,183.0,2
2022-10-07,Dallas,1-2km,332.0,2
2022-10-07,Dallas,2-3km,183.0,2
2022-10-07,Houston,0-1km,285.0,3
2022-10-07,Houston,1-2km,298.0,1
2022-10-07,Houston,3-5km,34.0,1
2022-10-07,Houston,5km+,183.0,2
2022-10-08,Dallas,0-1km,1005.0,1
2022-10-08,Houston,1-2km,502.5,1
2022-10-08,Houston,2-3km,502.5,1
2022-10-09,Dallas,2-3km,1991.0,1
2022-10-09,Houston,0-1km,995.5,1
2022-10-09,Houston,1-2km,1517.0,1
2022-10-09,Houston,3-5km,497.75,1
2022-10-09,Houston,5km+,497.75,1
2022-10-10,Dallas,2-3km,861.5,1
2022-10-10,Dallas,3-5km,861.5,1
2022-10-10,Houston,0-1km,861.5,1
2022-10-10,Houston,1-2km,861.5,1
2022-10-11,Dallas,0-1km,202.33333333333334,1
2022-10-11,Dallas,1-2km,202.33333333333334,1
2022-10-11,Dallas,2-3km,1316.3333333333333,3
2022-10-11,Dallas,3-5km,919.0,1
2022-10-11,Houston,0-1km,1238.3333333333333,3
2022-10-11,Houston,1-2km,3625.3333333333335,4
2022-10-11,Houston,3-5km,508.0,2
2022-10-11,Houston,5km+,202.33333333333334,1
2022-10-12,Houston,0-1km,974.0,1
2022-10-13,Dallas,0-1km,799.0,1
2022-10-13,Dallas,1-2km,2096.0,1
2022-10-13,Houston,0-1km,1334.0,1
2022-10-13,Houston,1-2km,1036.5,2
2022-10-13,Houston,2-3km,2495.5,2
2022-10-13,Houston,3-5km,260.0,1
2022-10-14,Dallas,0-1km,934.0,2
2022-10-14,Dallas,1-2km,497.5,1
2022-10-14,Dallas,2-3km,436.5,1
2022-10-14,Houston,0-1km,398.0,1
2022-10-14,Houston,1-2km,199.0,1
2022-10-14,Houston,2-3km,873.0,1
2022-10-14,Houston,5km+,398.0,1
2022-10-15,Dallas,0-1km,935.0,1
2022-10-15,Dallas,1-2km,935.0,1
2022-10-15,Houston,0-1km,935.0,1
2022-10-15,Houston,1-2km,467.5,1
2022-10-15,Houston,5km+,467.5,1
2022-10-16,Dallas,0-1km,2780.0,5
2022-10-16,Dallas,1-2km,664.0,3
2022-10-16,Dallas,2-3km,1217.0,2
2022-10-16,Houston,0-1km,1795.0,5
2022-10-16,Houston,2-3km,0.0,1
2022-10-16,Houston,3-5km,27.0,1
2022-10-16,Houston,5km+,1714.0,4
2022-10-17,Houston,0-1km,10198.0,1
2022-10-18,Houston,0-1km,99.0,1
2022-10-18,Houston,5km+,185.0,1
2022-10-19,Dallas,0-1km,1561.25,3
2022-10-19,Dallas,1-2km,688.75,2
2022-10-19,Dallas,2-3km,876.0,1
2022-10-19,Houston,0-1km,1179.3939393939395,3
2022-10-19,Houston,1-2km,641.2121212121212,2
2022-10-19,Houston,2-3km,200.36363636363637,1
2022-10-19,Houston,3-5km,419.3636363636364,2
2022-10-19,Houston,5km+,559.6666666666667,2
2022-10-20,Houston,0-1km,193.66666666666666,1
2022-10-20,Houston,1-2km,193.66666666666666,1
2022-10-20,Houston,5km+,193.66666666666666,1
2022-10-21,Dallas,0-1km,1358.25,2
2022-10-21,Dallas,1-2km,2494.5,2
2022-10-21,Dallas,2-3km,104.25,1
2022-10-21,Houston,0-1km,104.25,1
2022-10-21,Houston,1-2km,3488.5,4
2022-10-21,Houston,2-3km,627.0,1
2022-10-21,Houston,5km+,104.25,1
2022-10-22,Dallas,0-1km,2013.3333333333333,3
2022-10-22,Dallas,1-2km,401.3333333333333,2
2022-10-22,Dallas,2-3km,401.3333333333333,1
2022-10-22,Houston,0-1km,602.0,2
2022-10-22,Houston,1-2km,1107.0,2
2022-10-22,Houston,2-3km,1107.0,2
2022-10-22,Houston,5km+,0.0,1
2022-10-23,Dallas,0-1km,718.5,2
2022-10-23,Dallas,1-2km,9.5,1
2022-10-23,Dallas,2-3km,709.0,1
2022-10-23,Houston,0-1km,780.5333333333334,3
2022-10-23,Houston,1-2km,232.33333333333331,3
2022-10-23,Houston,2-3km,213.33333333333331,2
2022-10-23,Houston,3-5km,850.8,1
2022-10-24,Dallas,0-1km,2381.6666666666665,4
2022-10-24,Dallas,1-2km,724.3333333333333,3
2022-10-24,Houston,0-1km,760.5454545454545,2
2022-10-24,Houston,1-2km,585.9090909090909,2
2022-10-24,Houston,2-3km,534.2727272727273,2
2022-10-24,Houston,3-5km,103.27272727272727,1
2022-10-24,Houston,5km+,554.0,1
2022-10-25,Dallas,0-1km,4384.0,3
2022-10-25,Dallas,1-2km,3544.0,3
2022-10-25,Dallas,2-3km,2789.0,2
2022-10-25,Dallas,3-5km,675.0,1
2022-10-25,Houston,0-1km,6405.272727272727,4
2022-10-25,Houston,1-2km,980.4545454545455,2
2022-10-25,Houston,2-3km,203.63636363636363,1
2022-10-25,Houston,3-5km,1145.1363636363635,3
2022-10-25,Houston,5km+,1950.5,2
2022-10-27,Dallas,0-1km,871.5,1
2022-10-27,Dallas,1-2km,2171.5,2
2022-10-27,Dallas,2-3km,1167.0,1
2022-10-27,Houston,0-1km,1455.0,2
2022-10-27,Houston,1-2km,435.75,1
2022-10-27,Houston,2-3km,1300.0,1
2022-10-27,Houston,3-5km,291.75,1
2022-10-27,Houston,5km+,727.5,2
2022-10-28,Dallas,0-1km,3201.2916666666665,3
2022-10-28,Dallas,1-2km,1684.0416666666667,3
2022-10-28,Dallas,2-3km,1314.6666666666667,2
2022-10-28,Dallas,3-5km,895.0,1
2022-10-28,Houston,0-1km,2260.1363636363635,3
2022-10-28,Houston,1-2km,4197.477272727273,4
2022-10-28,Houston,2-3km,682.5681818181818,2
2022-10-28,Houston,3-5km,367.8181818181818,1
2022-10-29,Dallas,2-3km,872.0,1
2022-10-29,Houston,0-1km,523.2,1
2022-10-29,Houston,1-2km,174.4,1
2022-10-29,Houston,3-5km,174.4,1
2022-10-30,Dallas,0-1km,1959.3333333333335,2
2022-10-30,Dallas,1-2km,1770.6666666666667,2
2022-10-30,Houston,0-1km,1074.0,1
2022-10-30,Houston,2-3km,1008.0,1
2022-10-30,Houston,5km+,1074.0,1
2022-10-31,Dallas,0-1km,914.5,2
2022-10-31,Dallas,1-2km,698.5,1
2022-10-31,Dallas,2-3km,216.0,1
2022-11-01,Dallas,0-1km,3424.8,1
2022-11-01,Dallas,1-2km,2098.2,2
2022-11-01,Houston,0-1km,2140.5,1
2022-11-01,Houston,2-3km,2312.25,2
2022-11-01,Houston,5km+,1070.25,1
2022-11-02,Dallas,0-1km,1583.25,2
2022-11-02,Dallas,1-2km,691.5,1
2022-11-02,Dallas,2-3km,906.75,2
2022-11-02,Dallas,3-5km,609.5,1
2022-11-02,Houston,0-1km,1301.0,2
2022-11-02,Houston,1-2km,955.25,2
2022-11-02,Houston,5km+,345.75,1
2022-11-03,Dallas,0-1km,1072.5,4
2022-11-03,Dallas,1-2km,420.5,3
2022-11-03,Houston,0-1km,217.2,1
2022-11-03,Houston,1-2km,543.6,3
2022-11-03,Houston,2-3km,326.0,1
2022-11-03,Houston,3-5km,311.0,1
2022-11-03,Houston,5km+,217.2,1
2022-11-04,Dallas,0-1km,480.6666666666667,1
2022-11-04,Dallas,1-2km,480.6666666666667,1
2022-11-04,Dallas,2-3km,1398.1666666666667,2
2022-11-04,Dallas,3-5km,917.5,1
2022-11-04,Houston,0-1km,1638.5,2
2022-11-04,Houston,1-2km,1278.0,2
2022-11-04,Houston,2-3km,360.5,1
2022-11-05,Dallas,0-1km,2214.0,2
2022-11-05,Dallas,1-2km,2343.0,2
2022-11-05,Houston,0-1km,1866.5,2
2022-11-05,Houston,1-2km,1648.0,1
2022-11-05,Houston,5km+,1042.5,1
2022-11-06,Dallas,0-1km,1173.25,2
2022-11-06,Dallas,1-2km,809.5,2
2022-11-06,Dallas,2-3km,179.25,1
2022-11-06,Houston,0-1km,179.25,1
2022-11-06,Houston,1-2km,855.5,2
2022-11-06,Houston,2-3km,2273.0,2
2022-11-06,Houston,5km+,179.25,1
2022-11-07,Dallas,0-1km,444.0,1
2022-11-07,Dallas,1-2km,444.0,1
2022-11-07,Dallas,2-3km,2466.0,2
2022-11-07,Dallas,3-5km,932.0,1
2022-11-07,Houston,0-1km,932.0,1
2022-11-07,Houston,1-2km,1376.0,2
2022-11-07,Houston,2-3km,1534.0,1
2022-11-07,Houston,5km+,444.0,1
2022-11-08,Dallas,0-1km,2963.0,4
2022-11-08,Dallas,1-2km,2592.0,2
2022-11-08,Dallas,2-3km,529.0,1
2022-11-08,Houston,0-1km,2428.866666666667,4
2022-11-08,Houston,1-2km,240.0,1
2022-11-08,Houston,2-3km,774.6666666666666,1
2022-11-08,Houston,3-5km,1022.1333333333332,2
2022-11-08,Houston,5km+,1618.3333333333333,3
2022-11-11,Houston,3-5km,397.0,1
2022-11-12,Dallas,0-1km,1693.0,2
2022-11-12,Dallas,1-2km,751.0,1
2022-11-12,Houston,0-1km,329.0,2
2022-11-12,Houston,1-2km,2131.0,4
2022-11-12,Houston,2-3km,471.0,1
2022-11-12,Houston,3-5km,374.0,2
2022-11-12,Houston,5km+,275.0,1
2022-11-13,Dallas,2-3km,3517.5,2
2022-11-13,Dallas,3-5km,1262.5,1
2022-11-13,Houston,0-1km,2436.0,3
2022-11-13,Houston,1-2km,1354.5,2
2022-11-13,Houston,3-5km,655.75,2
2022-11-13,Houston,5km+,563.75,1
2022-11-14,Dallas,0-1km,1157.2380952380954,3
2022-11-14,Dallas,1-2km,2430.095238095238,3
2022-11-14,Dallas,2-3km,1617.6666666666667,2
2022-11-14,Houston,0-1km,2197.1,4
2022-11-14,Houston,1-2km,487.3,2
2022-11-14,Houston,2-3km,864.5,2
2022-11-14,Houston,3-5km,611.25,2
2022-11-14,Houston,5km+,1044.85,3
2022-11-15,Dallas,0-1km,603.0,1
2022-11-15,Dallas,1-2km,603.0,1
2022-11-15,Houston,0-1km,172.28571428571428,1
2022-11-15,Houston,1-2km,344.57142857142856,1
2022-11-15,Houston,2-3km,172.28571428571428,1
2022-11-15,Houston,3-5km,172.28571428571428,1
2022-11-15,Houston,5km+,344.57142857142856,1
2022-11-16,Dallas,1-2km,367.0,1
2022-11-16,Dallas,2-3km,1285.0,2
2022-11-16,Dallas,3-5km,918.0,1
2022-11-16,Houston,0-1km,13319.0,4
2022-11-16,Houston,1-2km,1270.0,3
2022-11-16,Houston,2-3km,1117.3333333333333,2
2022-11-16,Houston,5km+,186.66666666666666,1
2022-11-17,Dallas,0-1km,46.0,1
2022-11-17,Dallas,1-2km,46.0,1
2022-11-17,Dallas,2-3km,46.0,1
2022-11-17,Houston,0-1km,311.8,3
2022-11-17,Houston,1-2km,255.6,1
2022-11-17,Houston,3-5km,301.6,2
2022-11-17,Houston,5km+,46.0,1
2022-11-18,Dallas,0-1km,290.0,1
2022-11-18,Dallas,1-2km,290.0,1
2022-11-18,Dallas,2-3km,290.0,1
2022-11-18,Houston,0-1km,290.0,1
2022-11-18,Houston,1-2km,290.0,1
2022-11-18,Houston,5km+,290.0,1
2022-11-19,Dallas,0-1km,939.0952380952381,2
2022-11-19,Dallas,1-2km,2347.904761904762,2
2022-11-19,Houston,0-1km,1095.6666666666665,2
2022-11-19,Houston,1-2km,3254.333333333333,2
2022-11-19,Houston,2-3km,274.0,1
2022-11-19,Houston,3-5km,137.0,1
2022-11-19,Houston,5km+,137.0,1
2022-11-20,Dallas,0-1km,3333.0,3
2022-11-20,Dallas,1-2km,1415.0,2
2022-11-20,Houston,0-1km,1132.0,1
2022-11-20,Houston,1-2km,1525.0,3
2022-11-20,Houston,2-3km,959.0,1
2022-11-20,Houston,5km+,1132.0,1
2022-11-21,Dallas,1-2km,175.0,1
2022-11-21,Dallas,2-3km,485.0,1
2022-11-21,Houston,0-1km,291.0,1
2022-11-21,Houston,1-2km,1801.0,2
2022-11-21,Houston,3-5km,530.0,2
2022-11-22,Dallas,0-1km,648.0,1
2022-11-22,Houston,1-2km,324.0,1
2022-11-22,Houston,2-3km,324.0,1
2022-11-22,Houston,3-5km,286.0,1
2022-11-23,Dallas,0-1km,25924.75,3
2022-11-23,Dallas,1-2km,1415.0,2
2022-11-23,Dallas,2-3km,99.25,1
2022-11-23,Houston,0-1km,1072.45,2
2022-11-23,Houston,1-2km,685.1,2
2022-11-23,Houston,5km+,1072.45,2
2022-11-24,Dallas,0-1km,1375.0,4
2022-11-24,Dallas,1-2km,923.25,4
2022-11-24,Dallas,2-3km,2.75,1
2022-11-24,Houston,0-1km,1439.1136363636365,4
2022-11-24,Houston,1-2km,440.27272727272725,3
2022-11-24,Houston,2-3km,110.18181818181819,1
2022-11-24,Houston,3-5km,110.18181818181819,1
2022-11-24,Houston,5km+,272.25,2
2022-11-25,Houston,0-1km,195.0,1
2022-11-25,Houston,1-2km,195.0,1
2022-11-25,Houston,2-3km,195.0,1
2022-11-26,Dallas,0-1km,950.0,1
2022-11-26,Houston,0-1km,475.0,1
2022-11-26,Houston,1-2km,475.0,1
2022-11-27,Dallas,0-1km,270.1666666666667,2
2022-11-27,Dallas,1-2km,412.6666666666667,2
2022-11-27,Dallas,2-3km,270.1666666666667,2
2022-11-27,Houston,0-1km,270.1666666666667,2
2022-11-27,Houston,1-2km,412.6666666666667,2
2022-11-27,Houston,5km+,270.1666666666667,2
2022-11-28,Dallas,0-1km,1001.1666666666667,2
2022-11-28,Dallas,1-2km,1001.1666666666667,2
2022-11-28,Dallas,2-3km,2847.6666666666665,2
2022-11-28,Dallas,3-5km,876.0,1
2022-11-28,Houston,0-1km,2425.0,3
2022-11-28,Houston,1-2km,617.75,2
2022-11-28,Houston,2-3km,351.5,1
2022-11-28,Houston,3-5km,594.75,1
2022-11-28,Houston,5km+,861.0,2
2022-11-29,Dallas,0-1km,4118.041666666667,5
2022-11-29,Dallas,1-2km,1651.9583333333335,4
2022-11-29,Houston,0-1km,1522.3636363636365,2
2022-11-29,Houston,1-2km,849.7727272727273,3
2022-11-29,Houston,2-3km,614.6818181818182,2
2022-11-29,Houston,3-5km,280.1818181818182,1
2022-11-29,Houston,5km+,962.0,1
2022-11-30,Dallas,0-1km,2726.2,2
2022-11-30,Dallas,1-2km,268.8,1
2022-11-30,Houston,0-1km,672.0,1
2022-11-30,Houston,2-3km,336.0,1
2022-11-30,Houston,5km+,336.0,1
2022-12-02,Dallas,0-1km,1238.6666666666667,1
2022-12-02,Dallas,1-2km,619.3333333333334,1
2022-12-02,Houston,0-1km,929.0,1
2022-12-02,Houston,5km+,929.0,1
2022-12-03,Dallas,1-2km,387.0,1
2022-12-03,Dallas,2-3km,387.0,1
2022-12-04,Dallas,2-3km,244.0,1
2022-12-04,Houston,0-1km,162.66666666666666,1
2022-12-04,Houston,2-3km,1413.3333333333333,2
2022-12-05,Dallas,0-1km,1060.6,2
2022-12-05,Dallas,1-2km,158.4,1
2022-12-05,Houston,0-1km,396.0,1
2022-12-05,Houston,1-2km,213.5,1
2022-12-05,Houston,2-3km,411.5,2
2022-12-05,Houston,5km+,198.0,1
2022-12-06,Houston,0-1km,211.66666666666666,1
2022-12-06,Houston,1-2km,211.66666666666666,1
2022-12-06,Houston,5km+,211.66666666666666,1
2022-12-07,Dallas,0-1km,260.6666666666667,1
2022-12-07,Dallas,1-2km,1451.6666666666667,2
2022-12-07,Dallas,2-3km,260.6666666666667,1
2022-12-07,Houston,0-1km,3869.6666666666665,2
2022-12-07,Houston,1-2km,260.6666666666667,1
2022-12-07,Houston,5km+,260.6666666666667,1
2022-12-08,Dallas,0-1km,1124.6666666666667,1
2022-12-08,Dallas,1-2km,2027.3333333333335,2
2022-12-08,Houston,0-1km,843.5,1
2022-12-08,Houston,2-3km,1465.0,1
2022-12-08,Houston,5km+,843.5,1
2022-12-10,Dallas,0-1km,186.33333333333334,1
2022-12-10,Dallas,1-2km,186.33333333333334,1
2022-12-10,Dallas,2-3km,4706.333333333333,3
2022-12-10,Houston,0-1km,21790.666666666668,4
2022-12-10,Houston,1-2km,186.33333333333334,1
2022-12-10,Houston,2-3km,150.66666666666666,1
2022-12-10,Houston,3-5km,1017.0,1
2022-12-10,Houston,5km+,1203.3333333333333,2
2022-12-11,Dallas,0-1km,2470.333333333333,3
2022-12-11,Dallas,1-2km,1633.3333333333333,2
2022-12-11,Dallas,2-3km,316.3333333333333,1
2022-12-11,Houston,0-1km,316.3333333333333,1
2022-12-11,Houston,1-2km,2051.833333333333,3
2022-12-11,Houston,2-3km,418.5,1
2022-12-11,Houston,5km+,1633.3333333333333,2
2022-12-12,Dallas,0-1km,828.0,1
2022-12-12,Dallas,1-2km,2406.0,2
2022-12-12,Houston,0-1km,1242.0,1
2022-12-12,Houston,2-3km,1992.0,1
2022-12-13,Dallas,0-1km,3628.0,4
2022-12-13,Dallas,1-2km,111.5,1
2022-12-13,Dallas,2-3km,918.5,1
2022-12-13,Houston,0-1km,734.8,1
2022-12-13,Houston,1-2km,2344.1666666666665,3
2022-12-13,Houston,2-3km,825.8333333333333,2
2022-12-13,Houston,3-5km,1102.2,1
2022-12-14,Dallas,0-1km,990.0,2
2022-12-14,Dallas,1-2km,450.0,2
2022-12-14,Dallas,2-3km,261.0,1
2022-12-14,Houston,0-1km,435.8181818181818,2
2022-12-14,Houston,1-2km,196.36363636363637,1
2022-12-14,Houston,2-3km,217.9090909090909,2
2022-12-14,Houston,3-5km,649.9090909090909,2
2022-12-15,Dallas,0-1km,294.85714285714283,1
2022-12-15,Dallas,1-2km,1769.142857142857,1
2022-12-15,Dallas,2-3km,1439.0,1
2022-12-15,Houston,0-1km,3947.5,3
2022-12-15,Houston,2-3km,688.0,1
2022-12-15,Houston,3-5km,703.75,2
2022-12-15,Houston,5km+,703.75,2
2022-12-16,Dallas,1-2km,85.0,1
2022-12-17,Dallas,0-1km,1437.4,2
2022-12-17,Dallas,1-2km,814.6,2
2022-12-17,Houston,0-1km,519.0,1
2022-12-17,Houston,1-2km,2477.0,1
2022-12-17,Houston,2-3km,259.5,1
2022-12-17,Houston,5km+,259.5,1
2022-12-18,Dallas,0-1km,785.125,2
2022-12-18,Dallas,1-2km,356.875,2
2022-12-18,Dallas,2-3km,1775.0,1
2022-12-18,Houston,0-1km,1174.469696969697,3
2022-12-18,Houston,1-2km,235.06060606060606,2
2022-12-18,Houston,2-3km,183.15151515151513,2
2022-12-18,Houston,3-5km,547.5681818181818,2
2022-12-18,Houston,5km+,443.75,1
2022-12-19,Dallas,0-1km,2692.5,5
2022-12-19,Dallas,1-2km,1601.5,5
2022-12-19,Dallas,2-3km,162.0,1
2022-12-19,Houston,0-1km,1502.469696969697,5
2022-12-19,Houston,1-2km,910.060606060606,4
2022-12-19,Houston,2-3km,266.1515151515151,2
2022-12-19,Houston,3-5km,197.8181818181818,1
2022-12-19,Houston,5km+,1038.5,3
2022-12-20,Dallas,0-1km,1076.5833333333333,3
2022-12-20,Dallas,1-2km,508.0833333333333,3
2022-12-20,Dallas,2-3km,542.3333333333334,2
2022-12-20,Houston,0-1km,18388.636363636364,5
2022-12-20,Houston,1-2km,206.72727272727272,1
2022-12-20,Houston,2-3km,307.1515151515151,2
2022-12-20,Houston,3-5km,172.15151515151516,2
2022-12-20,Houston,5km+,34.333333333333336,1
2022-12-21,Dallas,0-1km,2084.0,2
2022-12-21,Dallas,1-2km,583.5,1
2022-12-21,Dallas,2-3km,1500.5,1
2022-12-21,Dallas,3-5km,2927.0,2
2022-12-21,Houston,0-1km,1783.9,2
2022-12-21,Houston,1-2km,291.75,1
2022-12-21,Houston,3-5km,1800.6,1
2022-12-21,Houston,5km+,291.75,1
2022-12-22,Dallas,0-1km,972.0,1
2022-12-22,Dallas,1-2km,486.0,1
2022-12-22,Houston,0-1km,729.0,1
2022-12-22,Houston,3-5km,253.0,1
2022-12-22,Houston,5km+,729.0,1
2022-12-23,Dallas,0-1km,2794.3333333333335,2
2022-12-23,Dallas,1-2km,731.3333333333334,1
2022-12-23,Dallas,2-3km,731.3333333333334,1
2022-12-23,Houston,0-1km,1097.0,1
2022-12-23,Houston,1-2km,548.5,1
2022-12-23,Houston,2-3km,1580.0,2
2022-12-23,Houston,3-5km,1031.5,1
2022-12-24,Dallas,0-1km,520.5,1
2022-12-24,Dallas,2-3km,2222.5,3
2022-12-24,Houston,0-1km,1659.3,3
2022-12-24,Houston,1-2km,58.6,1
2022-12-24,Houston,3-5km,410.85,2
2022-12-24,Houston,5km+,352.25,1
2022-12-25,Dallas,0-1km,574.8571428571429,1
2022-12-25,Dallas,1-2km,3449.1428571428573,1
2022-12-25,Houston,0-1km,1341.3333333333333,1
2022-12-25,Houston,2-3km,1341.3333333333333,1
2022-12-25,Houston,3-5km,920.6666666666666,2
2022-12-25,Houston,5km+,670.6666666666666,1
2022-12-26,Dallas,0-1km,3664.75,3
2022-12-26,Dallas,1-2km,3191.75,3
2022-12-26,Dallas,2-3km,2039.5,1
2022-12-26,Houston,0-1km,2061.418181818182,2
2022-12-26,Houston,1-2km,322.3636363636364,1
2022-12-26,Houston,2-3km,2667.909090909091,2
2022-12-26,Houston,3-5km,2662.309090909091,2
2022-12-27,Dallas,0-1km,492.0,1
2022-12-27,Houston,1-2km,246.0,1
2022-12-27,Houston,2-3km,246.0,1
2022-12-28,Dallas,0-1km,4360.625,4
2022-12-28,Dallas,1-2km,359.375,2
2022-12-28,Houston,0-1km,13963.59090909091,3
2022-12-28,Houston,1-2km,156.8181818181818,1
2022-12-28,Houston,2-3km,104.54545454545455,1
2022-12-28,Houston,3-5km,104.54545454545455,1
2022-12-28,Houston,5km+,376.5,1
2022-12-29,Dallas,0-1km,917.5,1
2022-12-29,Dallas,1-2km,917.5,1
2022-12-29,Houston,0-1km,490.4761904761905,2
2022-12-29,Houston,1-2km,752.6190476190477,2
2022-12-29,Houston,2-3km,262.14285714285717,1
2022-12-29,Houston,3-5km,262.14285714285717,1
2022-12-29,Houston,5km+,752.6190476190477,2
2022-12-30,Dallas,0-1km,1137.5,1
2022-12-30,Dallas,1-2km,1137.5,1
2022-12-30,Dallas,2-3km,1243.0,1
2022-12-30,Houston,0-1km,1531.5,2
2022-12-30,Houston,1-2km,455.0,1
2022-12-30,Houston,3-5km,310.75,1
2022-12-30,Houston,5km+,1220.75,2
2023-01-01,Dallas,0-1km,721.5,2
2023-01-01,Dallas,1-2km,103.5,1
2023-01-01,Dallas,2-3km,1349.0,1
2023-01-01,Houston,0-1km,674.5,1
2023-01-01,Houston,3-5km,337.25,1
2023-01-01,Houston,5km+,337.25,1
2023-01-02,Houston,0-1km,949.5,1
2023-01-02,Houston,1-2km,949.5,1
2023-01-03,Dallas,0-1km,1073.875,2
2023-01-03,Dallas,1-2km,488.125,2
2023-01-03,Dallas,2-3km,673.5,1
2023-01-03,Dallas,3-5km,673.5,1
2023-01-03,Houston,0-1km,957.5,2
2023-01-03,Houston,1-2km,886.5,2
2023-01-03,Houston,2-3km,142.0,1
2023-01-03,Houston,3-5km,559.0,2
2023-01-04,Dallas,0-1km,1436.4166666666667,4
2023-01-04,Dallas,1-2km,1124.8333333333335,2
2023-01-04,Dallas,2-3km,110.75,1
2023-01-04,Houston,0-1km,562.4166666666667,2
2023-01-04,Houston,1-2km,1545.3333333333335,3
2023-01-04,Houston,2-3km,420.5,1
2023-01-04,Houston,5km+,110.75,1
2023-01-05,Dallas,0-1km,361.3333333333333,1
2023-01-05,Dallas,1-2km,722.6666666666666,1
2023-01-06,Dallas,0-1km,1375.25,3
2023-01-06,Dallas,1-2km,770.75,3
2023-01-06,Houston,0-1km,293.09090909090907,1
2023-01-06,Houston,1-2km,219.8181818181818,1
2023-01-06,Houston,2-3km,146.54545454545453,1
2023-01-06,Houston,3-5km,146.54545454545453,1
2023-01-07,Dallas,0-1km,5299.333333333333,4
2023-01-07,Dallas,1-2km,2765.6666666666665,3
2023-01-07,Dallas,2-3km,2276.5,3
2023-01-07,Dallas,3-5km,1177.5,1
2023-01-07,Houston,0-1km,4480.3,4
2023-01-07,Houston,1-2km,2836.5,3
2023-01-07,Houston,2-3km,769.0,1
2023-01-07,Houston,3-5km,883.2,1
2023-01-07,Houston,5km+,1824.0,2
2023-01-09,Dallas,0-1km,727.0,1
2023-01-09,Houston,0-1km,883.0,1
2023-01-09,Houston,1-2km,363.5,1
2023-01-09,Houston,2-3km,2067.5,2
2023-01-09,Houston,3-5km,194.0,1
2023-01-10,Dallas,0-1km,123.5,1
2023-01-10,Dallas,1-2km,1408.0,2
2023-01-10,Dallas,2-3km,123.5,1
2023-01-10,Houston,0-1km,123.5,1
2023-01-10,Houston,1-2km,247.0,1
2023-01-10,Houston,2-3km,1161.0,1
2023-01-10,Houston,5km+,123.5,1
2023-01-11,Dallas,0-1km,698.0,1
2023-01-11,Dallas,2-3km,2166.0,2
2023-01-11,Houston,0-1km,1099.0,2
2023-01-11,Houston,2-3km,32.0,1
2023-01-11,Houston,3-5km,517.5,1
2023-01-11,Houston,5km+,517.5,1
2023-01-12,Dallas,0-1km,188.0,1
2023-01-12,Houston,1-2km,94.0,1
2023-01-12,Houston,2-3km,94.0,1
2023-01-13,Dallas,0-1km,358.1666666666667,2
2023-01-13,Dallas,1-2km,358.1666666666667,2
2023-01-13,Dallas,2-3km,333.6666666666667,1
2023-01-13,Houston,0-1km,1468.0,3
2023-01-13,Houston,1-2km,606.0,3
2023-01-13,Houston,5km+,557.0,2
2023-01-14,Dallas,0-1km,259.3333333333333,1
2023-01-14,Dallas,1-2km,259.3333333333333,1
2023-01-14,Dallas,2-3km,259.3333333333333,1
2023-01-14,Dallas,3-5km,2470.0,1
2023-01-14,Houston,0-1km,259.3333333333333,1
2023-01-14,Houston,1-2km,259.3333333333333,1
2023-01-14,Houston,5km+,259.3333333333333,1
2023-01-15,Dallas,0-1km,1516.5,1
2023-01-15,Dallas,1-2km,1516.5,1
2023-01-15,Houston,0-1km,1516.5,1
2023-01-15,Houston,1-2km,758.25,1
2023-01-15,Houston,5km+,758.25,1
2023-01-16,Dallas,1-2km,1399.0,1
2023-01-16,Dallas,2-3km,1443.5,1
2023-01-16,Dallas,3-5km,1443.5,1
2023-01-16,Houston,0-1km,1443.5,1
2023-01-16,Houston,1-2km,1443.5,1
2023-01-16,Houston,2-3km,1399.0,1
2023-01-17,Dallas,0-1km,2100.0,2
2023-01-17,Dallas,1-2km,1734.0,2
2023-01-17,Dallas,3-5km,1271.0,1
2023-01-17,Houston,0-1km,2723.0,2
2023-01-17,Houston,2-3km,152.5,1
2023-01-17,Houston,5km+,958.5,2
2023-01-18,Dallas,0-1km,831.875,3
2023-01-18,Dallas,1-2km,577.875,3
2023-01-18,Dallas,2-3km,129.25,1
2023-01-18,Houston,0-1km,381.4015151515151,3
2023-01-18,Houston,1-2km,464.1969696969697,3
2023-01-18,Houston,2-3km,1001.2424242424242,3
2023-01-18,Houston,3-5km,92.9090909090909,1
2023-01-18,Houston,5km+,129.25,1
2023-01-19,Dallas,0-1km,1045.6666666666665,2
2023-01-19,Dallas,1-2km,1137.3333333333333,1
2023-01-19,Houston,0-1km,784.6666666666666,2
2023-01-19,Houston,1-2km,3591.833333333333,3
2023-01-19,Houston,2-3km,238.5,1
2023-01-20,Dallas,0-1km,589.6666666666666,1
2023-01-20,Dallas,1-2km,1179.3333333333333,1
2023-01-20,Houston,0-1km,666.0666666666666,2
2023-01-20,Houston,1-2km,1332.1333333333332,2
2023-01-20,Houston,2-3km,1900.0,1
2023-01-20,Houston,3-5km,152.8,1
2023-01-21,Dallas,0-1km,5120.5,3
2023-01-21,Dallas,1-2km,3103.0,2
2023-01-21,Dallas,2-3km,326.5,1
2023-01-21,Houston,0-1km,14815.5,3
2023-01-21,Houston,2-3km,432.5,1
2023-01-21,Houston,5km+,1811.0,2
2023-01-22,Dallas,0-1km,1536.8333333333335,2
2023-01-22,Dallas,1-2km,2099.166666666667,2
2023-01-22,Dallas,2-3km,557.0,1
2023-01-22,Houston,0-1km,1953.0333333333333,4
2023-01-22,Houston,1-2km,1805.3166666666668,4
2023-01-22,Houston,3-5km,111.4,1
2023-01-22,Houston,5km+,569.25,2
2023-01-23,Dallas,0-1km,1348.3333333333335,2
2023-01-23,Dallas,1-2km,473.6666666666667,1
2023-01-23,Dallas,2-3km,1779.0,2
2023-01-23,Houston,0-1km,2799.0,2
2023-01-24,Dallas,0-1km,2558.5,3
2023-01-24,Dallas,1-2km,1972.0,1
2023-01-24,Dallas,2-3km,1084.5,2
2023-01-24,Houston,0-1km,1658.4,2
2023-01-24,Houston,1-2km,1972.0,1
2023-01-24,Houston,3-5km,1008.6,1
2023-01-25,Dallas,0-1km,115.85714285714286,1
2023-01-25,Dallas,1-2km,695.1428571428571,1
2023-01-25,Houston,0-1km,270.3333333333333,1
2023-01-25,Houston,2-3km,270.3333333333333,1
2023-01-25,Houston,3-5km,135.16666666666666,1
2023-01-25,Houston,5km+,135.16666666666666,1
2023-01-26,Dallas,0-1km,410.0,1
2023-01-26,Dallas,2-3km,716.0,2
2023-01-26,Houston,0-1km,570.8000000000001,3
2023-01-26,Houston,1-2km,179.60000000000002,2
2023-01-26,Houston,3-5km,671.6,3
2023-01-27,Dallas,0-1km,756.0,2
2023-01-27,Dallas,1-2km,138.0,1
2023-01-27,Dallas,2-3km,69.0,1
2023-01-27,Houston,0-1km,69.0,1
2023-01-27,Houston,1-2km,481.5,2
2023-01-27,Houston,2-3km,343.5,1
2023-01-27,Houston,3-5km,463.0,1
2023-01-27,Houston,5km+,69.0,1
2023-01-28,Dallas,0-1km,680.0,1
2023-01-28,Houston,0-1km,233.66666666666666,1
2023-01-28,Houston,1-2km,233.66666666666666,1
2023-01-28,Houston,5km+,233.66666666666666,1
2023-01-29,Dallas,0-1km,1357.0,2
2023-01-29,Dallas,1-2km,863.5,1
2023-01-29,Dallas,2-3km,493.5,1
2023-01-29,Dallas,3-5km,1351.0,1
2023-01-29,Houston,0-1km,2907.8,2
2023-01-29,Houston,1-2km,345.4,1
2023-01-29,Houston,3-5km,380.0,1
2023-01-29,Houston,5km+,690.8,1
2023-01-30,Dallas,0-1km,295.0,1
2023-01-30,Dallas,1-2km,295.0,1
2023-01-30,Houston,0-1km,84.28571428571429,1
2023-01-30,Houston,1-2km,168.57142857142858,1
2023-01-30,Houston,2-3km,84.28571428571429,1
2023-01-30,Houston,3-5km,84.28571428571429,1
2023-01-30,Houston,5km+,168.57142857142858,1
2023-01-31,Houston,0-1km,11.8,1
2023-01-31,Houston,1-2km,23.6,1
2023-01-31,Houston,3-5km,23.6,1
2023-02-01,Dallas,0-1km,448.5,2
2023-02-01,Dallas,1-2km,437.5,1
2023-02-01,Houston,0-1km,383.2,2
2023-02-01,Houston,1-2km,241.4,2
2023-02-01,Houston,3-5km,66.4,1
2023-02-01,Houston,5km+,350.0,1
2023-02-02,Houston,0-1km,115.66666666666667,1
2023-02-02,Houston,1-2km,115.66666666666667,1
2023-02-02,Houston,5km+,115.66666666666667,1
2023-02-03,Dallas,0-1km,1981.25,3
2023-02-03,Dallas,1-2km,262.5,1
2023-02-03,Dallas,2-3km,1196.25,2
2023-02-03,Houston,0-1km,663.75,2
2023-02-03,Houston,1-2km,889.5,2
2023-02-03,Houston,3-5km,723.25,2
2023-02-03,Houston,5km+,397.5,2
2023-02-04,Dallas,0-1km,4943.666666666666,5
2023-02-04,Dallas,1-2km,4517.25,5
2023-02-04,Dallas,2-3km,97.08333333333334,2
2023-02-04,Houston,0-1km,4543.143939393939,6
2023-02-04,Houston,1-2km,3596.712121212121,3
2023-02-04,Houston,2-3km,456.3636363636364,1
2023-02-04,Houston,3-5km,492.6969696969697,2
2023-02-04,Houston,5km+,97.08333333333334,2
2023-02-05,Dallas,0-1km,732.8333333333334,2
2023-02-05,Dallas,1-2km,49.333333333333336,1
2023-02-05,Dallas,2-3km,732.8333333333334,2
2023-02-05,Houston,0-1km,744.1333333333333,3
2023-02-05,Houston,3-5km,869.5333333333334,2
2023-02-05,Houston,5km+,49.333333333333336,1
2023-02-06,Dallas,0-1km,789.8333333333334,3
2023-02-06,Dallas,1-2km,2405.166666666667,3
2023-02-06,Houston,0-1km,1191.6666666666667,3
2023-02-06,Houston,1-2km,1296.6666666666667,3
2023-02-06,Houston,2-3km,492.3333333333333,1
2023-02-06,Houston,3-5km,246.16666666666666,1
2023-02-06,Houston,5km+,385.16666666666663,2
2023-02-07,Dallas,0-1km,1644.0,3
2023-02-07,Dallas,1-2km,1386.0,1
2023-02-07,Dallas,2-3km,467.0,1
2023-02-07,Houston,0-1km,602.0,2
2023-02-07,Houston,1-2km,126.0,1
2023-02-07,Houston,2-3km,539.0,1
2023-02-07,Houston,3-5km,395.5,2
2023-02-07,Houston,5km+,269.5,1
2023-02-08,Dallas,0-1km,9575.47619047619,4
2023-02-08,Dallas,1-2km,2128.190476190476,2
2023-02-08,Dallas,2-3km,447.3333333333333,1
2023-02-08,Houston,0-1km,2805.6666666666665,3
2023-02-08,Houston,1-2km,553.5,2
2023-02-08,Houston,2-3km,1207.1666666666665,3
2023-02-08,Houston,3-5km,326.8333333333333,1
2023-02-08,Houston,5km+,326.8333333333333,1
2023-02-09,Houston,3-5km,283.0,1
2023-02-10,Dallas,0-1km,6335.425,4
2023-02-10,Dallas,1-2km,4282.575,5
2023-02-10,Dallas,2-3km,1167.5,2
2023-02-10,Dallas,3-5km,1102.5,1
2023-02-10,Houston,0-1km,14534.336363636365,8
2023-02-10,Houston,1-2km,2166.6272727272726,3
2023-02-10,Houston,2-3km,2980.318181818182,3
2023-02-10,Houston,3-5km,849.2181818181818,3
2023-02-10,Houston,5km+,701.5,2
2023-02-11,Houston,3-5km,429.0,1
2023-02-12,Dallas,0-1km,224.0,1
2023-02-14,Dallas,0-1km,2258.9583333333335,3
2023-02-14,Dallas,1-2km,1284.7083333333333,4
2023-02-14,Dallas,2-3km,49.333333333333336,1
2023-02-14,Houston,0-1km,781.6969696969697,3
2023-02-14,Houston,1-2km,438.27272727272725,1
2023-02-14,Houston,2-3km,292.1818181818182,1
2023-02-14,Houston,3-5km,341.5151515151515,2
2023-02-14,Houston,5km+,49.333333333333336,1
2023-02-15,Dallas,0-1km,2475.8571428571427,2
2023-02-15,Dallas,1-2km,1085.142857142857,1
2023-02-15,Houston,0-1km,1626.3,3
2023-02-15,Houston,1-2km,113.6,1
2023-02-15,Houston,2-3km,422.0,1
2023-02-15,Houston,3-5km,324.6,2
2023-02-15,Houston,5km+,1358.5,2
2023-02-16,Dallas,0-1km,810.6666666666666,1
2023-02-16,Dallas,1-2km,1621.3333333333333,1
2023-02-16,Houston,0-1km,810.6666666666666,1
2023-02-16,Houston,1-2km,1621.3333333333333,1
2023-02-17,Dallas,0-1km,746.6666666666667,3
2023-02-17,Dallas,1-2km,260.6666666666667,2
2023-02-17,Dallas,2-3km,980.1666666666666,3
2023-02-17,Dallas,3-5km,719.5,1
2023-02-17,Houston,0-1km,1093.1666666666665,4
2023-02-17,Houston,1-2km,1185.5,3
2023-02-17,Houston,2-3km,243.0,1
2023-02-17,Houston,3-5km,37.666666666666664,1
2023-02-17,Houston,5km+,260.6666666666667,2
2023-02-18,Dallas,0-1km,516.0,2
2023-02-18,Dallas,1-2km,2481.0,2
2023-02-18,Houston,0-1km,917.0,1
2023-02-18,Houston,2-3km,917.0,1
2023-02-18,Houston,3-5km,458.5,1
2023-02-18,Houston,5km+,458.5,1
2023-02-19,Dallas,0-1km,459.0,1
2023-02-19,Dallas,1-2km,459.0,1
2023-02-19,Houston,0-1km,367.2,1
2023-02-19,Houston,1-2km,183.6,1
2023-02-19,Houston,5km+,367.2,1
2023-02-20,Dallas,0-1km,2960.333333333333,4
2023-02-20,Dallas,1-2km,2263.6666666666665,3
2023-02-20,Dallas,2-3km,1008.0,1
2023-02-20,Dallas,3-5km,1008.0,1
2023-02-20,Houston,0-1km,2713.333333333333,4
2023-02-20,Houston,1-2km,3199.6666666666665,5
2023-02-20,Houston,2-3km,596.0,1
2023-02-20,Houston,5km+,731.0,2
2023-02-21,Dallas,0-1km,465.3333333333333,2
2023-02-21,Dallas,1-2km,561.3333333333333,2
2023-02-21,Dallas,2-3km,465.3333333333333,2
2023-02-21,Houston,0-1km,650.0,2
2023-02-21,Houston,1-2km,469.0,2
2023-02-21,Houston,2-3km,277.0,1
2023-02-21,Houston,5km+,96.0,1
2023-02-22,Dallas,2-3km,1617.5,2
2023-02-22,Dallas,3-5km,1077.5,1
2023-02-22,Houston,0-1km,1401.5,2
2023-02-22,Houston,1-2km,1185.5,2
2023-02-22,Houston,3-5km,108.0,1
2023-02-23,Dallas,0-1km,310.0,1
2023-02-23,Dallas,1-2km,3304.0,2
2023-02-23,Houston,0-1km,723.3333333333334,1
2023-02-23,Houston,2-3km,723.3333333333334,1
2023-02-23,Houston,3-5km,361.6666666666667,1
2023-02-23,Houston,5km+,361.6666666666667,1
2023-02-24,Houston,0-1km,164.0,1
2023-02-24,Houston,1-2km,164.0,1
2023-02-24,Houston,5km+,164.0,1
2023-02-25,Dallas,0-1km,166.33333333333334,1
2023-02-25,Dallas,1-2km,166.33333333333334,1
2023-02-25,Dallas,2-3km,166.33333333333334,1
2023-02-25,Houston,0-1km,166.33333333333334,1
2023-02-25,Houston,1-2km,166.33333333333334,1
2023-02-25,Houston,5km+,166.33333333333334,1
2023-02-26,Dallas,0-1km,3950.125,4
2023-02-26,Dallas,1-2km,2329.625,4
2023-02-26,Dallas,2-3km,156.25,1
2023-02-26,Houston,0-1km,1017.7045454545455,2
2023-02-26,Houston,1-2km,958.5909090909091,2
2023-02-26,Houston,2-3km,2231.727272727273,2
2023-02-26,Houston,3-5km,1503.7272727272727,2
2023-02-26,Houston,5km+,156.25,1
2023-02-27,Dallas,2-3km,3219.0,1
2023-02-27,Houston,2-3km,3219.0,1
2023-02-28,Dallas,0-1km,1627.0,3
2023-02-28,Dallas,1-2km,640.0,2
2023-02-28,Houston,0-1km,372.3636363636364,1
2023-02-28,Houston,1-2km,388.77272727272725,2
2023-02-28,Houston,2-3km,295.6818181818182,2
2023-02-28,Houston,3-5km,186.1818181818182,1
2023-03-01,Dallas,2-3km,2652.0,1
2023-03-01,Houston,0-1km,1326.0,1
2023-03-01,Houston,3-5km,899.0,2
2023-03-01,Houston,5km+,663.0,1
2023-03-02,Dallas,0-1km,902.3333333333334,2
2023-03-02,Dallas,1-2km,556.3333333333334,2
2023-03-02,Dallas,2-3km,376.33333333333337,2
2023-03-02,Houston,0-1km,840.0,3
2023-03-02,Houston,1-2km,210.33333333333334,1
2023-03-02,Houston,2-3km,55.333333333333336,1
2023-03-02,Houston,5km+,729.3333333333334,2
2023-03-03,Dallas,0-1km,1289.0,1
2023-03-03,Houston,1-2km,644.5,1
2023-03-03,Houston,2-3km,2774.5,2
2023-03-03,Houston,3-5km,671.0,1
2023-03-04,Houston,0-1km,155.0,1
2023-03-04,Houston,1-2km,155.0,1
2023-03-04,Houston,5km+,155.0,1
2023-03-05,Dallas,0-1km,3489.0,3
2023-03-05,Dallas,1-2km,2273.0,2
2023-03-05,Dallas,2-3km,760.5,1
2023-03-05,Dallas,3-5km,760.5,1
2023-03-05,Houston,0-1km,1482.5,2
2023-03-05,Houston,1-2km,3173.5,3
2023-03-05,Houston,2-3km,969.0,1
2023-03-06,Dallas,1-2km,246.0,1
2023-03-06,Houston,0-1km,1515.0,1
2023-03-07,Dallas,2-3km,623.0,1
2023-03-07,Houston,0-1km,373.8,1
2023-03-07,Houston,1-2km,124.6,1
2023-03-07,Houston,3-5km,124.6,1
2023-03-08,Dallas,0-1km,114.66666666666667,1
2023-03-08,Dallas,1-2km,114.66666666666667,1
2023-03-08,Dallas,2-3km,287.6666666666667,2
2023-03-08,Houston,0-1km,230.0,2
2023-03-08,Houston,1-2km,114.66666666666667,1
2023-03-08,Houston,2-3km,57.666666666666664,1
2023-03-08,Houston,3-5km,209.0,1
2023-03-08,Houston,5km+,114.66666666666667,1
2023-03-09,Dallas,0-1km,2813.9166666666665,3
2023-03-09,Dallas,1-2km,2843.833333333333,2
2023-03-09,Dallas,2-3km,273.25,1
2023-03-09,Houston,0-1km,1994.1666666666665,2
2023-03-09,Houston,1-2km,2271.583333333333,2
2023-03-09,Houston,3-5km,401.0,1
2023-03-09,Houston,5km+,572.25,1
2023-03-10,Dallas,0-1km,3259.25,4
2023-03-10,Dallas,1-2km,1268.25,3
2023-03-10,Dallas,2-3km,930.5,1
2023-03-10,Houston,0-1km,961.1151515151515,3
2023-03-10,Houston,1-2km,678.769696969697,3
2023-03-10,Houston,2-3km,257.09090909090907,1
2023-03-10,Houston,3-5km,257.09090909090907,1
2023-03-10,Houston,5km+,446.9333333333334,2
2023-03-11,Dallas,0-1km,282.5,1
2023-03-11,Dallas,1-2km,565.0,1
2023-03-11,Dallas,2-3km,3079.5,2
2023-03-11,Houston,0-1km,1681.0,2
2023-03-11,Houston,1-2km,565.0,1
2023-03-11,Houston,3-5km,699.25,1
2023-03-11,Houston,5km+,981.75,2
2023-03-12,Dallas,0-1km,2069.25,3
2023-03-12,Dallas,1-2km,688.75,2
2023-03-12,Dallas,2-3km,554.0,1
2023-03-12,Houston,0-1km,400.72727272727275,1
2023-03-12,Houston,1-2km,300.54545454545456,1
2023-03-12,Houston,2-3km,200.36363636363637,1
2023-03-12,Houston,3-5km,200.36363636363637,1
2023-03-13,Houston,0-1km,9158.0,1
2023-03-14,Dallas,0-1km,104.25,1
2023-03-14,Dallas,1-2km,208.5,1
2023-03-14,Dallas,2-3km,1834.25,3
2023-03-14,Dallas,3-5km,2274.0,2
2023-03-14,Houston,0-1km,3020.5166666666664,5
2023-03-14,Houston,1-2km,1599.3666666666668,4
2023-03-14,Houston,2-3km,261.6666666666667,1
2023-03-14,Houston,3-5km,150.2,1
2023-03-14,Houston,5km+,104.25,1
2023-03-15,Dallas,0-1km,3309.375,3
2023-03-15,Dallas,1-2km,2735.625,3
2023-03-15,Houston,0-1km,3664.431818181818,2
2023-03-15,Houston,1-2km,208.63636363636363,1
2023-03-15,Houston,2-3km,139.0909090909091,1
2023-03-15,Houston,3-5km,139.0909090909091,1
2023-03-15,Houston,5km+,1128.75,1
2023-03-16,Houston,0-1km,108.66666666666667,1
2023-03-16,Houston,1-2km,108.66666666666667,1
2023-03-16,Houston,2-3km,1313.0,1
2023-03-16,Houston,5km+,108.66666666666667,1
2023-03-17,Dallas,0-1km,1596.5,1
2023-03-17,Dallas,1-2km,1596.5,1
2023-03-17,Houston,0-1km,2394.75,1
2023-03-17,Houston,5km+,798.25,1
2023-03-18,Dallas,0-1km,1091.5,1
2023-03-18,Dallas,2-3km,1091.5,1
2023-03-18,Dallas,3-5km,3481.0,1
2023-03-18,Houston,0-1km,873.2,1
2023-03-18,Houston,3-5km,1309.8,1
2023-03-18,Houston,5km+,268.0,1
2023-03-19,Dallas,0-1km,971.3333333333334,1
2023-03-19,Dallas,1-2km,485.6666666666667,1
2023-03-19,Houston,0-1km,728.5,1
2023-03-19,Houston,5km+,728.5,1
2023-03-20,Dallas,0-1km,1328.9285714285713,3
2023-03-20,Dallas,1-2km,3399.0714285714284,3
2023-03-20,Houston,0-1km,1562.3333333333333,2
2023-03-20,Houston,1-2km,2277.0,2
2023-03-20,Houston,2-3km,444.3333333333333,1
2023-03-20,Houston,3-5km,222.16666666666666,1
2023-03-20,Houston,5km+,222.16666666666666,1
2023-03-21,Dallas,0-1km,380.0,1
2023-03-21,Dallas,1-2km,380.0,1
2023-03-21,Dallas,2-3km,380.0,1
2023-03-21,Houston,0-1km,570.0,1
2023-03-21,Houston,1-2km,285.0,1
2023-03-21,Houston,2-3km,285.0,1
2023-03-22,Dallas,1-2km,2215.0,1
2023-03-22,Houston,0-1km,209.4,2
2023-03-22,Houston,1-2km,262.8,2
2023-03-22,Houston,2-3km,2215.0,1
2023-03-22,Houston,3-5km,106.8,1
2023-03-22,Houston,5km+,156.0,1
2023-03-23,Dallas,0-1km,1849.5,3
2023-03-23,Dallas,1-2km,2392.5,3
2023-03-23,Dallas,2-3km,678.0,1
2023-03-23,Houston,0-1km,1627.9,3
2023-03-23,Houston,1-2km,746.15,3
2023-03-23,Houston,3-5km,135.6,1
2023-03-23,Houston,5km+,781.35,2
2023-03-25,Dallas,0-1km,456.1666666666667,2
2023-03-25,Dallas,1-2km,456.1666666666667,2
2023-03-25,Dallas,2-3km,47.666666666666664,1
2023-03-25,Houston,0-1km,517.4666666666667,3
2023-03-25,Houston,1-2km,163.4,1
2023-03-25,Houston,3-5km,47.666666666666664,1
2023-03-25,Houston,5km+,374.4666666666667,2
2023-03-26,Dallas,0-1km,1277.375,2
2023-03-26,Dallas,1-2km,580.625,2
2023-03-26,Houston,0-1km,374.0181818181818,2
2023-03-26,Houston,1-2km,325.76363636363635,2
2023-03-26,Houston,2-3km,1761.909090909091,2
2023-03-26,Houston,3-5km,241.3090909090909,2
2023-03-27,Dallas,0-1km,558.75,2
2023-03-27,Dallas,1-2km,175.5,1
2023-03-27,Dallas,2-3km,1173.75,2
2023-03-27,Houston,0-1km,630.75,2
2023-03-27,Houston,1-2km,411.0,2
2023-03-27,Houston,2-3km,235.5,1
2023-03-27,Houston,3-5km,271.5,1
2023-03-27,Houston,5km+,359.25,2
2023-03-28,Dallas,0-1km,1302.125,3
2023-03-28,Dallas,1-2km,376.875,2
2023-03-28,Houston,0-1km,288.4727272727273,2
2023-03-28,Houston,1-2km,539.3545454545455,3
2023-03-28,Houston,2-3km,346.1363636363636,2
2023-03-28,Houston,3-5km,248.03636363636366,2
2023-03-30,Dallas,0-1km,734.3333333333334,2
2023-03-30,Dallas,1-2km,53.333333333333336,1
2023-03-30,Dallas,2-3km,280.3333333333333,2
2023-03-30,Houston,0-1km,549.0,3
2023-03-30,Houston,1-2km,408.6666666666667,2
2023-03-30,Houston,3-5km,53.333333333333336,1
2023-03-30,Houston,5km+,389.0,2
2023-03-31,Dallas,0-1km,1327.0,2
2023-03-31,Dallas,1-2km,690.0,1
2023-03-31,Dallas,2-3km,1552.5,1
2023-03-31,Dallas,3-5km,1552.5,1
2023-03-31,Houston,0-1km,2104.5,2
2023-03-31,Houston,1-2km,2147.0,3
2023-03-31,Houston,2-3km,318.5,1
2023-03-31,Houston,5km+,552.0,1
2023-04-01,Dallas,0-1km,4439.0,3
2023-04-01,Dallas,1-2km,2762.0,3
2023-04-01,Houston,0-1km,813.0909090909091,1
2023-04-01,Houston,1-2km,609.8181818181819,1
2023-04-01,Houston,2-3km,406.54545454545456,1
2023-04-01,Houston,3-5km,3135.5454545454545,2
2023-04-02,Dallas,0-1km,317.3333333333333,1
2023-04-02,Dallas,1-2km,317.3333333333333,1
2023-04-02,Dallas,2-3km,317.3333333333333,1
2023-04-02,Houston,0-1km,317.3333333333333,1
2023-04-02,Houston,1-2km,317.3333333333333,1
2023-04-02,Houston,2-3km,1610.0,1
2023-04-02,Houston,5km+,317.3333333333333,1
2023-04-04,Dallas,0-1km,555.0,1
2023-04-04,Dallas,1-2km,1110.0,1
2023-04-04,Houston,0-1km,1574.0,2
2023-04-04,Houston,1-2km,4362.0,2
2023-04-05,Dallas,2-3km,233.0,1
2023-04-05,Houston,0-1km,155.33333333333334,1
2023-04-05,Houston,2-3km,1123.6666666666667,2
2023-04-06,Dallas,0-1km,648.0,1
2023-04-06,Houston,0-1km,531.3333333333334,2
2023-04-06,Houston,1-2km,489.33333333333337,2
2023-04-06,Houston,2-3km,324.0,1
2023-04-06,Houston,5km+,165.33333333333334,1
2023-04-07,Dallas,0-1km,554.5,1
2023-04-07,Dallas,1-2km,554.5,1
2023-04-07,Houston,0-1km,443.6,1
2023-04-07,Houston,1-2km,221.8,1
2023-04-07,Houston,3-5km,343.0,1
2023-04-07,Houston,5km+,443.6,1
2023-04-08,Dallas,0-1km,3642.5,4
2023-04-08,Dallas,1-2km,607.5,1
2023-04-08,Dallas,2-3km,894.0,1
2023-04-08,Houston,0-1km,1710.2,3
2023-04-08,Houston,1-2km,1313.5,3
2023-04-08,Houston,2-3km,561.5,1
2023-04-08,Houston,3-5km,1072.8,1
2023-04-08,Houston,5km+,486.0,1
2023-04-09,Dallas,0-1km,2191.1666666666665,4
2023-04-09,Dallas,1-2km,2480.833333333333,3
2023-04-09,Dallas,2-3km,2522.0,1
2023-04-09,Houston,0-1km,4085.6,4
2023-04-09,Houston,1-2km,2704.9666666666667,5
2023-04-09,Houston,2-3km,523.8333333333334,2
2023-04-09,Houston,5km+,399.6,1
2023-04-10,Dallas,0-1km,309.0,1
2023-04-10,Dallas,1-2km,148.0,1
2023-04-10,Dallas,2-3km,309.0,1
2023-04-11,Dallas,0-1km,1187.0,2
2023-04-11,Dallas,1-2km,591.0,1
2023-04-11,Dallas,2-3km,591.0,1
2023-04-11,Houston,0-1km,1480.5,2
2023-04-11,Houston,1-2km,741.25,2
2023-04-11,Houston,2-3km,741.25,2
2023-04-12,Dallas,0-1km,279.25,2
2023-04-12,Dallas,1-2km,200.5,1
2023-04-12,Dallas,2-3km,100.25,1
2023-04-12,Houston,0-1km,193.05,2
2023-04-12,Houston,1-2km,3566.6,4
2023-04-12,Houston,2-3km,89.5,1
2023-04-12,Houston,3-5km,185.6,1
2023-04-12,Houston,5km+,100.25,1
2023-04-13,Dallas,0-1km,46.666666666666664,1
2023-04-13,Dallas,1-2km,46.666666666666664,1
2023-04-13,Dallas,2-3km,46.666666666666664,1
2023-04-13,Houston,0-1km,2439.6666666666665,4
2023-04-13,Houston,1-2km,2040.0,2
2023-04-13,Houston,3-5km,344.6666666666667,2
2023-04-13,Houston,5km+,46.666666666666664,1
2023-04-14,Dallas,0-1km,1122.0,2
2023-04-14,Dallas,1-2km,510.0,2
2023-04-14,Dallas,2-3km,702.0,1
2023-04-14,Houston,0-1km,717.9272727272728,2
2023-04-14,Houston,1-2km,362.94545454545454,2
2023-04-14,Houston,2-3km,148.36363636363637,1
2023-04-14,Houston,3-5km,288.76363636363635,2
2023-04-15,Dallas,0-1km,3684.6666666666665,4
2023-04-15,Dallas,1-2km,4111.0,4
2023-04-15,Dallas,2-3km,27.333333333333332,1
2023-04-15,Houston,0-1km,3632.6190476190477,5
2023-04-15,Houston,1-2km,2896.5714285714284,2
2023-04-15,Houston,2-3km,330.2857142857143,1
2023-04-15,Houston,3-5km,357.6190476190476,2
2023-04-15,Houston,5km+,687.9047619047619,2
2023-04-16,Dallas,0-1km,217.0,1
2023-04-16,Houston,0-1km,142.8,1
2023-04-16,Houston,1-2km,394.1,2
2023-04-16,Houston,2-3km,1755.5,2
2023-04-16,Houston,3-5km,444.6,2
2023-04-17,Dallas,0-1km,45.5,1
2023-04-17,Dallas,1-2km,45.5,1
2023-04-17,Dallas,2-3km,751.0,1
2023-04-17,Houston,1-2km,1844.0,2
2023-04-17,Houston,3-5km,234.0,1
2023-04-18,Dallas,0-1km,2595.0,2
2023-04-18,Dallas,1-2km,2525.0,2
2023-04-18,Dallas,2-3km,259.0,1
2023-04-18,Houston,0-1km,2727.0,1
2023-04-18,Houston,1-2km,1616.0,1
2023-04-19,Dallas,0-1km,865.0,1
2023-04-19,Houston,0-1km,761.0,1
2023-04-19,Houston,1-2km,761.0,1
2023-04-19,Houston,3-5km,243.0,1
2023-04-20,Dallas,0-1km,1830.0,1
2023-04-20,Dallas,1-2km,915.0,1
2023-04-20,Houston,0-1km,1372.5,1
2023-04-20,Houston,5km+,1372.5,1
2023-04-21,Dallas,0-1km,209.0,1
2023-04-21,Houston,1-2km,104.5,1
2023-04-21,Houston,2-3km,104.5,1
2023-04-21,Houston,3-5km,327.0,1
2023-04-22,Dallas,0-1km,1304.5,2
2023-04-22,Dallas,1-2km,1304.5,2
2023-04-22,Houston,0-1km,1195.0,1
2023-04-22,Houston,1-2km,816.5,2
2023-04-22,Houston,5km+,597.5,1
2023-04-23,Dallas,0-1km,344.0,1
2023-04-23,Dallas,1-2km,344.0,1
2023-04-23,Houston,0-1km,275.2,1
2023-04-23,Houston,1-2km,137.6,1
2023-04-23,Houston,5km+,275.2,1
2023-04-24,Dallas,0-1km,410.3333333333333,1
2023-04-24,Dallas,1-2km,410.3333333333333,1
2023-04-24,Dallas,2-3km,1159.8333333333333,3
2023-04-24,Dallas,3-5km,438.5,1
2023-04-24,Houston,0-1km,1240.6,3
2023-04-24,Houston,1-2km,2903.45,4
2023-04-24,Houston,2-3km,307.75,1
2023-04-24,Houston,3-5km,62.2,1
2023-04-24,Houston,5km+,111.0,1
2023-04-25,Dallas,0-1km,1671.5,1
2023-04-25,Dallas,1-2km,1671.5,1
2023-04-25,Houston,0-1km,2507.25,1
2023-04-25,Houston,5km+,835.75,1
2023-04-26,Dallas,0-1km,2083.0,1
2023-04-26,Dallas,1-2km,296.0,1
2023-04-26,Dallas,2-3km,296.0,1
2023-04-26,Houston,0-1km,1041.5,1
2023-04-26,Houston,3-5km,381.0,1
2023-04-26,Houston,5km+,1041.5,1
2023-04-27,Dallas,0-1km,224.33333333333334,1
2023-04-27,Dallas,1-2km,224.33333333333334,1
2023-04-27,Dallas,2-3km,1680.8333333333333,3
2023-04-27,Dallas,3-5km,1374.5,1
2023-04-27,Houston,0-1km,1653.5,3
2023-04-27,Houston,1-2km,1598.8333333333333,2
2023-04-27,Houston,2-3km,27.333333333333332,1
2023-04-27,Houston,5km+,224.33333333333334,1
2023-04-28,Houston,0-1km,110.0,1
2023-04-28,Houston,1-2km,220.0,1
2023-04-28,Houston,3-5km,220.0,1
2023-04-29,Dallas,0-1km,1181.8333333333335,3
2023-04-29,Dallas,1-2km,1858.1666666666667,2
2023-04-29,Dallas,2-3km,495.0,1
2023-04-29,Houston,0-1km,15313.666666666666,4
2023-04-29,Houston,1-2km,2213.0,5
2023-04-29,Houston,2-3km,234.33333333333331,2
2023-04-29,Houston,3-5km,99.0,1
2023-04-30,Dallas,0-1km,3147.5,3
2023-04-30,Dallas,1-2km,1311.5,2
2023-04-30,Houston,0-1km,2580.4,2
2023-04-30,Houston,1-2km,816.2,2
2023-04-30,Houston,2-3km,570.0,1
2023-04-30,Houston,5km+,492.4,1
2023-05-01,Dallas,0-1km,2161.0714285714284,3
2023-05-01,Dallas,1-2km,2947.9285714285716,2
2023-05-01,Dallas,2-3km,876.0,1
2023-05-01,Houston,0-1km,1748.942857142857,3
2023-05-01,Houston,1-2km,544.2857142857143,1
2023-05-01,Houston,2-3km,1048.142857142857,2
2023-05-01,Houston,3-5km,1711.3428571428572,3
2023-05-01,Houston,5km+,932.2857142857143,2
2023-05-02,Dallas,0-1km,1517.5,2
2023-05-02,Dallas,1-2km,982.5,1
2023-05-02,Dallas,2-3km,626.0,1
2023-05-02,Dallas,3-5km,626.0,1
2023-05-02,Houston,0-1km,1608.5,2
2023-05-02,Houston,1-2km,1384.75,3
2023-05-02,Houston,2-3km,267.5,1
2023-05-02,Houston,5km+,491.25,1
2023-05-03,Dallas,2-3km,169.0,1
2023-05-03,Houston,0-1km,892.6666666666666,2
2023-05-03,Houston,2-3km,56.333333333333336,1
2023-05-03,Houston,3-5km,250.0,1
2023-05-04,Dallas,0-1km,906.3333333333334,1
2023-05-04,Dallas,1-2km,1812.6666666666667,1
2023-05-04,Houston,0-1km,906.3333333333334,1
2023-05-04,Houston,1-2km,1812.6666666666667,1
2023-05-04,Houston,3-5km,287.0,1
2023-05-05,Dallas,0-1km,1304.0,2
2023-05-05,Dallas,1-2km,748.0,2
2023-05-05,Dallas,2-3km,842.0,2
2023-05-05,Houston,0-1km,1416.0,3
2023-05-05,Houston,1-2km,2541.0,3
2023-05-05,Houston,3-5km,130.0,1
2023-05-05,Houston,5km+,1026.0,2
2023-05-06,Houston,0-1km,72.8,1
2023-05-06,Houston,1-2km,145.6,1
2023-05-06,Houston,3-5km,145.6,1
2023-05-07,Dallas,2-3km,1287.0,1
2023-05-07,Houston,1-2km,1287.0,1
2023-05-08,Houston,1-2km,1003.0,1
2023-05-08,Houston,3-5km,243.0,1
2023-05-10,Dallas,0-1km,2562.75,2
2023-05-10,Dallas,1-2km,435.5,1
2023-05-10,Dallas,2-3km,217.75,1
2023-05-10,Houston,0-1km,217.75,1
2023-05-10,Houston,1-2km,435.5,1
2023-05-10,Houston,2-3km,1172.5,1
2023-05-10,Houston,3-5km,1172.5,1
2023-05-10,Houston,5km+,217.75,1
2023-05-11,Dallas,2-3km,1769.0,1
2023-05-11,Houston,0-1km,884.5,1
2023-05-11,Houston,3-5km,442.25,1
2023-05-11,Houston,5km+,442.25,1
2023-05-12,Dallas,0-1km,1786.5,2
2023-05-12,Dallas,1-2km,783.5,1
2023-05-12,Dallas,3-5km,1361.0,1
2023-05-12,Houston,0-1km,2672.8,2
2023-05-12,Houston,1-2km,814.9,2
2023-05-12,Houston,2-3km,501.5,1
2023-05-12,Houston,5km+,626.8,1
2023-05-14,Dallas,0-1km,2329.875,3
2023-05-14,Dallas,1-2km,1053.125,2
2023-05-14,Houston,0-1km,612.7272727272727,1
2023-05-14,Houston,1-2km,459.54545454545456,1
2023-05-14,Houston,2-3km,306.3636363636364,1
2023-05-14,Houston,3-5km,306.3636363636364,1
2023-05-16,Dallas,0-1km,750.0,1
2023-05-16,Dallas,2-3km,4096.0,3
2023-05-16,Houston,0-1km,4104.5,4
2023-05-16,Houston,1-2km,471.0,2
2023-05-16,Houston,2-3km,375.0,1
2023-05-16,Houston,3-5km,1093.25,3
2023-05-16,Houston,5km+,364.25,1
2023-05-17,Dallas,0-1km,2600.0,3
2023-05-17,Dallas,1-2km,1851.0,2
2023-05-17,Houston,0-1km,1276.8000000000002,3
2023-05-17,Houston,1-2km,2206.2,4
2023-05-17,Houston,2-3km,633.0,1
2023-05-17,Houston,3-5km,503.4,2
2023-05-17,Houston,5km+,653.6,1
2023-05-18,Dallas,0-1km,3445.9,2
2023-05-18,Dallas,1-2km,888.1,2
2023-05-18,Houston,0-1km,2131.5,1
2023-05-18,Houston,1-2km,71.0,1
2023-05-18,Houston,2-3km,1065.75,1
2023-05-18,Houston,3-5km,378.0,1
2023-05-18,Houston,5km+,1065.75,1
2023-05-19,Dallas,0-1km,874.25,2
2023-05-19,Dallas,1-2km,314.5,1
2023-05-19,Dallas,2-3km,2092.75,3
2023-05-19,Dallas,3-5km,1543.5,1
2023-05-19,Houston,0-1km,1935.95,3
2023-05-19,Houston,1-2km,2294.9,4
2023-05-19,Houston,2-3km,358.5,1
2023-05-19,Houston,3-5km,379.4,2
2023-05-19,Houston,5km+,157.25,1
2023-05-20,Dallas,0-1km,450.0,1
2023-05-20,Dallas,2-3km,3431.0,2
2023-05-20,Dallas,3-5km,1763.0,1
2023-05-20,Houston,0-1km,1763.0,1
2023-05-20,Houston,1-2km,1988.0,2
2023-05-20,Houston,2-3km,225.0,1
2023-05-21,Dallas,0-1km,1211.375,2
2023-05-21,Dallas,1-2km,550.625,2
2023-05-21,Houston,0-1km,872.3636363636364,2
2023-05-21,Houston,1-2km,792.2727272727273,2
2023-05-21,Houston,2-3km,712.1818181818182,2
2023-05-21,Houston,3-5km,419.1818181818182,2
2023-05-22,Dallas,0-1km,2748.625,2
2023-05-22,Dallas,1-2km,1249.375,2
2023-05-22,Houston,0-1km,726.9090909090909,1
2023-05-22,Houston,1-2km,545.1818181818181,1
2023-05-22,Houston,2-3km,363.45454545454544,1
2023-05-22,Houston,3-5km,363.45454545454544,1
2023-05-23,Dallas,0-1km,1554.0,2
2023-05-23,Dallas,1-2km,881.0,1
2023-05-23,Dallas,2-3km,1027.0,1
2023-05-23,Houston,0-1km,218.33333333333334,1
2023-05-23,Houston,1-2km,1099.3333333333333,2
2023-05-23,Houston,3-5km,378.0,1
2023-05-23,Houston,5km+,1099.3333333333333,2
2023-05-24,Dallas,0-1km,54.0,1
2023-05-24,Dallas,1-2km,54.0,1
2023-05-24,Houston,1-2km,1678.0,2
2023-05-24,Houston,3-5km,265.0,1
2023-05-25,Dallas,0-1km,1653.75,3
2023-05-25,Dallas,1-2km,889.25,3
2023-05-25,Dallas,2-3km,353.0,1
2023-05-25,Houston,0-1km,584.8909090909091,2
2023-05-25,Houston,1-2km,471.9181818181818,3
2023-05-25,Houston,2-3km,308.0454545454545,2
2023-05-25,Houston,3-5km,257.1454545454545,2
2023-05-26,Dallas,0-1km,1190.0,2
2023-05-26,Dallas,2-3km,1164.0,1
2023-05-26,Houston,0-1km,931.2,1
2023-05-26,Houston,3-5km,1396.8,1
2023-05-27,Dallas,0-1km,1326.0,1
2023-05-27,Houston,0-1km,97.8,1
2023-05-27,Houston,1-2km,858.6,2
2023-05-27,Houston,2-3km,663.0,1
2023-05-27,Houston,3-5km,195.6,1
2023-05-28,Dallas,0-1km,1165.3809523809523,3
2023-05-28,Dallas,1-2km,2608.9523809523807,3
2023-05-28,Dallas,2-3km,118.66666666666667,1
2023-05-28,Houston,0-1km,1550.3333333333333,3
2023-05-28,Houston,1-2km,497.6666666666667,2
2023-05-28,Houston,2-3km,673.6666666666666,1
2023-05-28,Houston,3-5km,336.8333333333333,1
2023-05-28,Houston,5km+,834.5,3
2023-05-29,Dallas,0-1km,500.0,1
2023-05-29,Dallas,2-3km,2197.0,2
2023-05-29,Houston,0-1km,1248.5,2
2023-05-29,Houston,3-5km,1024.25,2
2023-05-29,Houston,5km+,424.25,1
2023-05-30,Dallas,0-1km,1904.0,2
2023-05-30,Dallas,1-2km,1904.0,2
2023-05-30,Dallas,3-5km,1104.0,1
2023-05-30,Houston,0-1km,5217.25,4
2023-05-30,Houston,1-2km,770.6666666666667,3
2023-05-30,Houston,2-3km,795.3333333333334,1
2023-05-30,Houston,3-5km,240.0,1
2023-05-30,Houston,5km+,2281.75,3
2023-05-31,Dallas,0-1km,1596.375,2
2023-05-31,Dallas,1-2km,725.625,2
2023-05-31,Houston,0-1km,422.1818181818182,1
2023-05-31,Houston,1-2km,316.6363636363636,1
2023-05-31,Houston,2-3km,211.0909090909091,1
2023-05-31,Houston,3-5km,211.0909090909091,1
2023-06-01,Dallas,0-1km,620.3333333333334,2
2023-06-01,Dallas,1-2km,620.3333333333334,2
2023-06-01,Dallas,2-3km,1758.3333333333333,2
2023-06-01,Houston,0-1km,1463.4333333333334,4
2023-06-01,Houston,1-2km,510.1333333333333,3
2023-06-01,Houston,3-5km,391.25,1
2023-06-01,Houston,5km+,1072.1833333333334,4
2023-06-02,Houston,0-1km,123.66666666666667,1
2023-06-02,Houston,1-2km,123.66666666666667,1
2023-06-02,Houston,2-3km,123.66666666666667,1
2023-06-03,Dallas,0-1km,200.5,1
2023-06-03,Dallas,1-2km,200.5,1
2023-06-04,Dallas,0-1km,741.0,1
2023-06-04,Dallas,2-3km,1006.0,1
2023-06-04,Houston,0-1km,503.0,1
2023-06-04,Houston,1-2km,370.5,1
2023-06-04,Houston,2-3km,370.5,1
2023-06-04,Houston,3-5km,251.5,1
2023-06-04,Houston,5km+,251.5,1
2023-06-05,Dallas,0-1km,18.0,1
2023-06-05,Houston,2-3km,458.0,1
2023-06-06,Dallas,0-1km,4996.791666666666,4
2023-06-06,Dallas,1-2km,3015.708333333333,3
2023-06-06,Dallas,2-3km,4171.5,2
2023-06-06,Houston,0-1km,2527.3757575757577,4
2023-06-06,Houston,1-2km,2032.5151515151515,2
2023-06-06,Houston,2-3km,4155.454545454545,2
2023-06-06,Houston,3-5km,1135.6545454545455,2
2023-06-08,Dallas,0-1km,2221.5,2
2023-06-08,Dallas,2-3km,1034.5,1
2023-06-08,Houston,0-1km,1973.6,2
2023-06-08,Houston,1-2km,593.5,1
2023-06-08,Houston,2-3km,593.5,1
2023-06-08,Houston,3-5km,1241.4,1
2023-06-09,Dallas,0-1km,682.0,2
2023-06-09,Dallas,1-2km,206.0,1
2023-06-09,Dallas,2-3km,103.0,1
2023-06-09,Houston,0-1km,334.0,2
2023-06-09,Houston,1-2km,726.5,3
2023-06-09,Houston,2-3km,520.5,2
2023-06-09,Houston,5km+,103.0,1
2023-06-10,Houston,1-2km,4197.0,1
2023-06-11,Dallas,0-1km,777.6666666666667,2
2023-06-11,Dallas,1-2km,294.6666666666667,1
2023-06-11,Dallas,2-3km,375.6666666666667,2
2023-06-11,Houston,0-1km,712.6666666666667,3
2023-06-11,Houston,1-2km,536.1666666666667,2
2023-06-11,Houston,2-3km,268.5,2
2023-06-11,Houston,5km+,294.6666666666667,1
2023-06-12,Dallas,0-1km,2194.75,4
2023-06-12,Dallas,1-2km,613.25,3
2023-06-12,Dallas,2-3km,1196.5,2
2023-06-12,Dallas,3-5km,1164.5,1
2023-06-12,Houston,0-1km,9230.681818181818,6
2023-06-12,Houston,1-2km,3441.1363636363635,3
2023-06-12,Houston,2-3km,169.0909090909091,1
2023-06-12,Houston,3-5km,201.0909090909091,2
2023-06-12,Houston,5km+,32.0,1
2023-06-13,Dallas,0-1km,2673.5,2
2023-06-13,Dallas,1-2km,3041.5,2
2023-06-13,Houston,0-1km,4582.5,2
2023-06-13,Houston,1-2km,1336.75,2
2023-06-13,Houston,2-3km,1244.0,2
2023-06-13,Houston,5km+,1044.75,1
2023-06-14,Dallas,0-1km,1080.3333333333333,2
2023-06-14,Dallas,1-2km,1597.0,2
2023-06-14,Dallas,2-3km,683.6666666666666,2
2023-06-14,Houston,0-1km,1442.1666666666665,3
2023-06-14,Houston,1-2km,1456.0833333333333,2
2023-06-14,Houston,2-3km,462.75,2
2023-06-15,Dallas,0-1km,2171.125,2
2023-06-15,Dallas,1-2km,986.875,2
2023-06-15,Dallas,2-3km,158.0,1
2023-06-15,Houston,0-1km,679.5151515151515,2
2023-06-15,Houston,1-2km,430.6363636363636,1
2023-06-15,Houston,2-3km,339.75757575757575,2
2023-06-15,Houston,3-5km,287.09090909090907,1
2023-06-16,Dallas,0-1km,2152.1666666666665,4
2023-06-16,Dallas,1-2km,2170.833333333333,4
2023-06-16,Dallas,2-3km,238.0,1
2023-06-16,Houston,0-1km,1250.030303030303,3
2023-06-16,Houston,1-2km,1856.6060606060605,3
2023-06-16,Houston,2-3km,363.1818181818182,2
2023-06-16,Houston,3-5km,162.1818181818182,1
2023-06-16,Houston,5km+,406.0,2
2023-06-17,Dallas,0-1km,10026.05,4
2023-06-17,Dallas,1-2km,4128.95,4
2023-06-17,Houston,0-1km,4017.772727272727,2
2023-06-17,Houston,1-2km,935.4545454545455,1
2023-06-17,Houston,2-3km,2008.8863636363635,2
2023-06-17,Houston,3-5km,623.6363636363636,1
2023-06-17,Houston,5km+,1385.25,1
2023-06-18,Dallas,0-1km,545.0,1
2023-06-18,Houston,1-2km,272.5,1
2023-06-18,Houston,2-3km,272.5,1
2023-06-19,Dallas,0-1km,894.0,1
2023-06-19,Houston,0-1km,309.6,2
2023-06-19,Houston,1-2km,394.2,2
2023-06-19,Houston,3-5km,169.2,1
2023-06-19,Houston,5km+,225.0,1
2023-06-20,Dallas,0-1km,1490.3333333333335,2
2023-06-20,Dallas,1-2km,1412.6666666666667,1
2023-06-20,Dallas,2-3km,551.5,1
2023-06-20,Dallas,3-5km,551.5,1
2023-06-20,Houston,0-1km,1649.8333333333335,3
2023-06-20,Houston,1-2km,2356.166666666667,3
2023-06-21,Dallas,0-1km,1463.5,3
2023-06-21,Dallas,1-2km,534.5,2
2023-06-21,Houston,0-1km,400.0,1
2023-06-21,Houston,1-2km,269.0,2
2023-06-21,Houston,5km+,400.0,1
2023-06-22,Dallas,0-1km,411.0,1
2023-06-22,Houston,1-2km,240.0,1
2023-06-23,Dallas,0-1km,1185.0,1
2023-06-23,Dallas,1-2km,2370.0,1
2023-06-23,Houston,0-1km,1185.0,1
2023-06-23,Houston,1-2km,2370.0,1
2023-06-23,Houston,2-3km,1993.0,1
2023-06-23,Houston,3-5km,534.0,1
2023-06-24,Dallas,0-1km,859.3333333333334,1
2023-06-24,Dallas,1-2km,859.3333333333334,1
2023-06-24,Dallas,2-3km,859.3333333333334,1
2023-06-24,Houston,0-1km,1532.6666666666667,2
2023-06-24,Houston,1-2km,888.1666666666666,2
2023-06-24,Houston,2-3km,888.1666666666666,2
2023-06-25,Dallas,0-1km,2368.0,5
2023-06-25,Dallas,1-2km,2784.5,4
2023-06-25,Dallas,2-3km,178.5,1
2023-06-25,Houston,0-1km,1570.3,4
2023-06-25,Houston,1-2km,2767.9,4
2023-06-25,Houston,2-3km,339.5,2
2023-06-25,Houston,5km+,653.3,3
2023-06-27,Dallas,0-1km,4617.883333333333,7
2023-06-27,Dallas,1-2km,3602.7833333333333,7
2023-06-27,Dallas,2-3km,382.33333333333337,2
2023-06-27,Houston,0-1km,3154.181818181818,8
2023-06-27,Houston,1-2km,2059.3863636363635,4
2023-06-27,Houston,2-3km,1399.9242424242425,5
2023-06-27,Houston,3-5km,756.4242424242424,4
2023-06-27,Houston,5km+,651.0833333333334,3
2023-06-28,Dallas,0-1km,1826.75,3
2023-06-28,Dallas,1-2km,1280.0,2
2023-06-28,Dallas,2-3km,1221.25,2
2023-06-28,Houston,0-1km,1170.4,3
2023-06-28,Houston,1-2km,878.8,3
2023-06-28,Houston,2-3km,265.0,1
2023-06-28,Houston,3-5km,472.8,2
2023-06-28,Houston,5km+,812.0,2
2023-06-29,Dallas,0-1km,2501.0,3
2023-06-29,Dallas,1-2km,1200.0,1
2023-06-29,Houston,0-1km,1946.0,2
2023-06-29,Houston,1-2km,5749.5,4
2023-06-29,Houston,2-3km,277.5,1
2023-06-29,Houston,5km+,600.0,1
2023-06-30,Dallas,0-1km,722.0,1
2023-06-30,Dallas,1-2km,1444.0,1
2023-06-30,Houston,0-1km,722.0,1
2023-06-30,Houston,1-2km,1444.0,1
2023-07-01,Dallas,0-1km,1260.0,1
2023-07-01,Houston,1-2km,3711.0,2
2023-07-01,Houston,2-3km,630.0,1
2023-07-01,Houston,5km+,3299.0,1
2023-07-02,Dallas,0-1km,2513.833333333333,3
2023-07-02,Dallas,1-2km,2637.1666666666665,3
2023-07-02,Houston,0-1km,3001.6,3
2023-07-02,Houston,1-2km,1685.8,2
2023-07-02,Houston,5km+,463.6,1
2023-07-03,Dallas,0-1km,404.0,1
2023-07-03,Dallas,1-2km,404.0,1
2023-07-03,Houston,0-1km,323.2,1
2023-07-03,Houston,1-2km,161.6,1
2023-07-03,Houston,5km+,323.2,1
2023-07-04,Dallas,0-1km,218.0,1
2023-07-04,Dallas,1-2km,1166.0,1
2023-07-04,Houston,1-2km,1275.0,2
2023-07-04,Houston,2-3km,109.0,1
2023-07-05,Dallas,0-1km,4563.375,5
2023-07-05,Dallas,1-2km,1628.625,3
2023-07-05,Dallas,2-3km,414.0,1
2023-07-05,Houston,0-1km,595.2727272727273,1
2023-07-05,Houston,1-2km,1092.9545454545455,2
2023-07-05,Houston,2-3km,944.1363636363636,2
2023-07-05,Houston,3-5km,1508.6363636363635,2
2023-07-05,Houston,5km+,49.0,1
2023-07-06,Dallas,0-1km,1267.2,1
2023-07-06,Dallas,1-2km,316.8,1
2023-07-06,Houston,0-1km,792.0,1
2023-07-06,Houston,2-3km,396.0,1
2023-07-06,Houston,5km+,396.0,1
2023-07-07,Dallas,0-1km,4109.133333333333,5
2023-07-07,Dallas,1-2km,3131.2,3
2023-07-07,Dallas,2-3km,920.6666666666667,2
2023-07-07,Houston,0-1km,2716.8333333333335,3
2023-07-07,Houston,1-2km,2998.0,3
2023-07-07,Houston,2-3km,4234.25,3
2023-07-07,Houston,3-5km,470.0,1
2023-07-07,Houston,5km+,926.9166666666667,2
2023-07-09,Dallas,0-1km,1688.142857142857,2
2023-07-09,Dallas,1-2km,2892.857142857143,2
2023-07-09,Houston,0-1km,779.6666666666666,1
2023-07-09,Houston,1-2km,888.0,1
2023-07-09,Houston,2-3km,779.6666666666666,1
2023-07-09,Houston,3-5km,389.8333333333333,1
2023-07-09,Houston,5km+,389.8333333333333,1
2023-07-10,Dallas,0-1km,603.0,2
2023-07-10,Houston,1-2km,279.5,1
2023-07-10,Houston,2-3km,279.5,1
2023-07-11,Dallas,0-1km,2016.6666666666665,3
2023-07-11,Dallas,1-2km,2016.6666666666665,3
2023-07-11,Dallas,2-3km,690.6666666666666,1
2023-07-11,Houston,0-1km,1812.5,2
2023-07-11,Houston,1-2km,1455.75,3
2023-07-11,Houston,2-3km,518.0,1
2023-07-11,Houston,5km+,937.75,2
2023-07-12,Houston,0-1km,155.33333333333334,1
2023-07-12,Houston,1-2km,155.33333333333334,1
2023-07-12,Houston,2-3km,1487.3333333333333,2
2023-07-12,Houston,3-5km,690.0,1
2023-07-14,Dallas,0-1km,1462.1666666666665,2
2023-07-14,Dallas,1-2km,1462.1666666666665,2
2023-07-14,Dallas,2-3km,643.6666666666666,1
2023-07-14,Houston,0-1km,1784.0,2
2023-07-14,Houston,1-2km,892.0,2
2023-07-14,Houston,2-3km,482.75,1
2023-07-14,Houston,5km+,409.25,1
2023-07-15,Dallas,0-1km,1199.0,1
2023-07-15,Dallas,1-2km,1199.0,1
2023-07-15,Houston,0-1km,1199.0,1
2023-07-15,Houston,1-2km,599.5,1
2023-07-15,Houston,5km+,599.5,1
2023-07-17,Dallas,0-1km,4277.666666666667,5
2023-07-17,Dallas,1-2km,2538.6666666666665,4
2023-07-17,Dallas,2-3km,830.1666666666666,2
2023-07-17,Dallas,3-5km,640.5,1
2023-07-17,Houston,0-1km,1249.0757575757575,3
2023-07-17,Houston,1-2km,3199.348484848485,5
2023-07-17,Houston,2-3km,2287.4545454545455,3
2023-07-17,Houston,3-5km,209.45454545454547,1
2023-07-17,Houston,5km+,189.66666666666666,1
2023-07-18,Dallas,0-1km,1281.3333333333333,2
2023-07-18,Dallas,1-2km,56.333333333333336,1
2023-07-18,Dallas,2-3km,56.333333333333336,1
2023-07-18,Houston,0-1km,225.33333333333334,2
2023-07-18,Houston,1-2km,612.5,1
2023-07-18,Houston,2-3km,612.5,1
2023-07-18,Houston,3-5km,56.333333333333336,1
2023-07-18,Houston,5km+,56.333333333333336,1
2023-07-19,Dallas,0-1km,1045.5,2
2023-07-19,Dallas,1-2km,394.5,1
2023-07-19,Houston,0-1km,315.6,1
2023-07-19,Houston,1-2km,483.3,2
2023-07-19,Houston,2-3km,325.5,1
2023-07-19,Houston,5km+,315.6,1
2023-07-20,Dallas,0-1km,742.75,2
2023-07-20,Dallas,1-2km,439.5,1
2023-07-20,Dallas,2-3km,219.75,1
2023-07-20,Houston,0-1km,219.75,1
2023-07-20,Houston,1-2km,701.0,2
2023-07-20,Houston,2-3km,261.5,1
2023-07-20,Houston,5km+,219.75,1
2023-07-21,Dallas,0-1km,1970.8857142857141,3
2023-07-21,Dallas,1-2km,2680.114285714286,2
2023-07-21,Houston,0-1km,1592.0,2
2023-07-21,Houston,1-2km,263.0,1
2023-07-21,Houston,2-3km,1529.5,3
2023-07-21,Houston,3-5km,470.5,1
2023-07-21,Houston,5km+,796.0,2
2023-07-22,Dallas,0-1km,2567.0,1
2023-07-22,Houston,0-1km,1283.5,1
2023-07-22,Houston,5km+,1283.5,1
2023-07-23,Dallas,0-1km,1606.0,3
2023-07-23,Dallas,1-2km,1804.5,2
2023-07-23,Dallas,2-3km,557.5,1
2023-07-23,Houston,0-1km,525.8666666666667,2
2023-07-23,Houston,1-2km,621.2666666666667,3
2023-07-23,Houston,2-3km,1614.0,2
2023-07-23,Houston,5km+,525.8666666666667,2
2023-07-24,Dallas,2-3km,1434.0,1
2023-07-24,Houston,0-1km,717.0,1
2023-07-24,Houston,3-5km,358.5,1
2023-07-24,Houston,5km+,358.5,1
2023-07-25,Dallas,0-1km,4008.5,3
2023-07-25,Dallas,1-2km,2143.5,2
2023-07-25,Dallas,2-3km,1127.5,1
2023-07-25,Dallas,3-5km,1127.5,1
2023-07-25,Houston,0-1km,3768.5,3
2023-07-25,Houston,1-2km,2136.75,3
2023-07-25,Houston,2-3km,435.0,1
2023-07-25,Houston,3-5km,429.0,1
2023-07-25,Houston,5km+,2066.75,2
2023-07-26,Dallas,0-1km,2366.2976190476193,5
2023-07-26,Dallas,1-2km,4073.3690476190477,5
2023-07-26,Dallas,2-3km,561.3333333333334,1
2023-07-26,Houston,0-1km,2108.818181818182,4
2023-07-26,Houston,1-2km,1593.6969696969697,3
2023-07-26,Houston,2-3km,997.5757575757575,2
2023-07-26,Houston,3-5km,566.2424242424242,2
2023-07-26,Houston,5km+,992.6666666666667,2
2023-07-27,Dallas,0-1km,4116.458333333333,3
2023-07-27,Dallas,1-2km,3637.5416666666665,4
2023-07-27,Houston,0-1km,3579.318181818182,3
2023-07-27,Houston,1-2km,583.3636363636364,1
2023-07-27,Houston,2-3km,2101.909090909091,2
2023-07-27,Houston,3-5km,388.90909090909093,1
2023-07-27,Houston,5km+,881.5,1
2023-07-28,Dallas,0-1km,601.0,1
2023-07-28,Dallas,1-2km,601.0,1
2023-07-28,Houston,0-1km,480.8,1
2023-07-28,Houston,1-2km,240.4,1
2023-07-28,Houston,5km+,480.8,1
2023-07-29,Houston,3-5km,492.0,1
2023-07-30,Dallas,0-1km,794.0,1
2023-07-30,Dallas,2-3km,794.0,1
2023-07-30,Houston,0-1km,1002.8666666666668,2
2023-07-30,Houston,1-2km,367.6666666666667,1
2023-07-30,Houston,2-3km,367.6666666666667,1
2023-07-30,Houston,3-5km,952.8,1
2023-07-31,Dallas,1-2km,2496.0,1
2023-07-31,Dallas,2-3km,2280.0,1
2023-07-31,Houston,0-1km,1303.3333333333333,2
2023-07-31,Houston,1-2km,163.33333333333334,1
2023-07-31,Houston,2-3km,2496.0,1
2023-07-31,Houston,3-5km,570.0,1
2023-07-31,Houston,5km+,733.3333333333334,2
2023-08-01,Dallas,0-1km,1851.452380952381,4
2023-08-01,Dallas,1-2km,2309.0476190476193,2
2023-08-01,Dallas,2-3km,577.5,1
2023-08-01,Houston,0-1km,1463.0,3
2023-08-01,Houston,1-2km,3997.0,4
2023-08-01,Houston,2-3km,1026.6666666666667,3
2023-08-01,Houston,3-5km,1249.6666666666667,3
2023-08-01,Houston,5km+,268.6666666666667,1
2023-08-02,Dallas,0-1km,3850.025,3
2023-08-02,Dallas,1-2km,1427.975,3
2023-08-02,Dallas,2-3km,1099.5,1
2023-08-02,Dallas,3-5km,1099.5,1
2023-08-02,Houston,0-1km,2730.918181818182,4
2023-08-02,Houston,1-2km,1642.0636363636363,3
2023-08-02,Houston,2-3km,792.909090909091,2
2023-08-02,Houston,3-5km,722.1090909090909,3
2023-08-02,Houston,5km+,492.0,1
2023-08-03,Dallas,0-1km,672.5,2
2023-08-03,Dallas,1-2km,901.0,2
2023-08-03,Dallas,2-3km,228.5,1
2023-08-03,Houston,0-1km,583.7,2
2023-08-03,Houston,1-2km,634.6,2
2023-08-03,Houston,5km+,583.7,2
2023-08-04,Dallas,0-1km,6196.666666666666,6
2023-08-04,Dallas,1-2km,4246.333333333333,5
2023-08-04,Dallas,2-3km,29.0,1
2023-08-04,Houston,0-1km,1583.5757575757575,4
2023-08-04,Houston,1-2km,2188.5151515151515,3
2023-08-04,Houston,2-3km,798.4545454545455,2
2023-08-04,Houston,3-5km,470.45454545454544,2
2023-08-04,Houston,5km+,29.0,1
2023-08-05,Dallas,0-1km,1441.6666666666667,2
2023-08-05,Dallas,1-2km,1441.6666666666667,2
2023-08-05,Dallas,2-3km,28.666666666666668,1
2023-08-05,Houston,0-1km,1245.0666666666668,3
2023-08-05,Houston,1-2km,565.2,1
2023-08-05,Houston,3-5km,28.666666666666668,1
2023-08-05,Houston,5km+,1159.0666666666668,2
2023-08-06,Dallas,1-2km,2563.0,1
2023-08-06,Dallas,2-3km,1373.0,1
2023-08-06,Houston,1-2km,3618.0,2
2023-08-06,Houston,2-3km,2563.0,1
2023-08-07,Dallas,0-1km,128.85714285714286,1
2023-08-07,Dallas,1-2km,773.1428571428571,1
2023-08-07,Houston,0-1km,300.6666666666667,1
2023-08-07,Houston,2-3km,300.6666666666667,1
2023-08-07,Houston,3-5km,150.33333333333334,1
2023-08-07,Houston,5km+,150.33333333333334,1
2023-08-08,Dallas,0-1km,2108.5,3
2023-08-08,Dallas,1-2km,377.5,2
2023-08-08,Houston,0-1km,355.8,2
2023-08-08,Houston,1-2km,356.20000000000005,3
2023-08-08,Houston,2-3km,865.5,1
2023-08-08,Houston,3-5km,1021.9,2
2023-08-08,Houston,5km+,277.6,1
2023-08-09,Houston,0-1km,214.66666666666666,1
2023-08-09,Houston,1-2km,3638.6666666666665,2
2023-08-09,Houston,5km+,214.66666666666666,1
2023-08-10,Dallas,0-1km,1561.0,2
2023-08-10,Dallas,1-2km,1561.0,2
2023-08-10,Houston,0-1km,208.4,1
2023-08-10,Houston,1-2km,104.2,1
2023-08-10,Houston,5km+,208.4,1
2023-08-11,Dallas,0-1km,2612.333333333333,4
2023-08-11,Dallas,1-2km,4326.333333333333,3
2023-08-11,Dallas,2-3km,375.3333333333333,1
2023-08-11,Houston,0-1km,2135.4666666666667,4
2023-08-11,Houston,1-2km,3802.0333333333333,6
2023-08-11,Houston,2-3km,1989.8333333333333,2
2023-08-11,Houston,3-5km,1243.5666666666666,3
2023-08-11,Houston,5km+,1396.1,3
2023-08-12,Dallas,0-1km,1855.8333333333333,2
2023-08-12,Dallas,1-2km,2355.1666666666665,2
2023-08-12,Houston,0-1km,1855.8333333333333,2
2023-08-12,Houston,1-2km,1676.9166666666665,2
2023-08-12,Houston,5km+,678.25,1
2023-08-13,Dallas,0-1km,526.0,1
2023-08-13,Dallas,2-3km,526.0,1
2023-08-13,Houston,2-3km,1221.0,1
2023-08-13,Houston,3-5km,631.0,1
2023-08-14,Dallas,0-1km,1663.642857142857,2
2023-08-14,Dallas,1-2km,3564.3571428571427,2
2023-08-14,Dallas,2-3km,853.0,1
2023-08-14,Houston,0-1km,1470.8333333333335,3
2023-08-14,Houston,1-2km,1570.8333333333335,3
2023-08-14,Houston,2-3km,887.0,1
2023-08-14,Houston,3-5km,656.75,2
2023-08-14,Houston,5km+,2097.5833333333335,4
2023-08-15,Dallas,0-1km,1229.1666666666667,2
2023-08-15,Dallas,1-2km,1519.8333333333335,2
2023-08-15,Dallas,2-3km,1081.5,2
2023-08-15,Dallas,3-5km,931.5,1
2023-08-15,Houston,0-1km,2854.5833333333335,5
2023-08-15,Houston,1-2km,1637.5,3
2023-08-15,Houston,2-3km,50.0,1
2023-08-15,Houston,5km+,593.9166666666666,2
2023-08-16,Dallas,0-1km,1536.625,3
2023-08-16,Dallas,1-2km,745.375,3
2023-08-16,Houston,0-1km,383.6363636363636,1
2023-08-16,Houston,1-2km,287.72727272727275,1
2023-08-16,Houston,2-3km,191.8181818181818,1
2023-08-16,Houston,3-5km,191.8181818181818,1
2023-08-17,Dallas,0-1km,2535.666666666667,2
2023-08-17,Dallas,1-2km,1700.3333333333335,2
2023-08-17,Houston,0-1km,1945.0,2
2023-08-17,Houston,1-2km,346.0,1
2023-08-17,Houston,5km+,1945.0,2
2023-08-18,Dallas,0-1km,1688.0,2
2023-08-18,Dallas,2-3km,403.0,1
2023-08-18,Houston,0-1km,138.2,1
2023-08-18,Houston,1-2km,276.4,1
2023-08-18,Houston,3-5km,894.4,2
2023-08-19,Dallas,2-3km,3259.0,1
2023-08-19,Houston,0-1km,1629.5,1
2023-08-19,Houston,3-5km,814.75,1
2023-08-19,Houston,5km+,814.75,1
2023-08-20,Dallas,0-1km,3790.5,1
2023-08-20,Dallas,1-2km,3790.5,1
2023-08-20,Houston,0-1km,5685.75,1
2023-08-20,Houston,5km+,1895.25,1
2023-08-21,Dallas,0-1km,102.28571428571429,1
2023-08-21,Dallas,1-2km,613.7142857142857,1
2023-08-21,Houston,0-1km,377.0,2
2023-08-21,Houston,1-2km,138.33333333333334,1
2023-08-21,Houston,2-3km,377.0,2
2023-08-21,Houston,3-5km,119.33333333333333,1
2023-08-21,Houston,5km+,119.33333333333333,1
2023-08-22,Dallas,0-1km,377.0,1
2023-08-22,Dallas,1-2km,377.0,1
2023-08-22,Houston,0-1km,1265.6,2
2023-08-22,Houston,1-2km,150.8,1
2023-08-22,Houston,5km+,301.6,1
2023-08-23,Dallas,2-3km,910.0,1
2023-08-23,Houston,0-1km,455.0,1
2023-08-23,Houston,3-5km,227.5,1
2023-08-23,Houston,5km+,227.5,1
2023-08-24,Dallas,0-1km,1402.5,2
2023-08-24,Dallas,1-2km,1402.5,2
2023-08-24,Houston,0-1km,234.4,1
2023-08-24,Houston,1-2km,1226.7,2
2023-08-24,Houston,5km+,1343.9,2
2023-08-26,Dallas,0-1km,734.0,2
2023-08-26,Dallas,1-2km,1825.0,1
2023-08-26,Houston,0-1km,2115.0,1
2023-08-26,Houston,1-2km,352.5,1
2023-08-26,Houston,2-3km,2177.5,2
2023-08-27,Dallas,0-1km,426.85714285714283,1
2023-08-27,Dallas,1-2km,2561.1428571428573,1
2023-08-27,Houston,0-1km,996.0,1
2023-08-27,Houston,2-3km,996.0,1
2023-08-27,Houston,3-5km,498.0,1
2023-08-27,Houston,5km+,498.0,1
2023-08-28,Houston,2-3km,2204.0,1
2023-08-31,Dallas,0-1km,94.25,1
2023-08-31,Dallas,1-2km,188.5,1
2023-08-31,Dallas,2-3km,94.25,1
2023-08-31,Houston,0-1km,94.25,1
2023-08-31,Houston,1-2km,188.5,1
2023-08-31,Houston,5km+,94.25,1
2023-09-02,Dallas,0-1km,994.0,2
2023-09-02,Dallas,1-2km,1928.0,2
2023-09-02,Dallas,2-3km,908.5,2
2023-09-02,Dallas,3-5km,848.5,1
2023-09-02,Houston,0-1km,2022.5,4
2023-09-02,Houston,1-2km,2716.5,2
2023-09-02,Houston,3-5km,60.0,1
2023-09-02,Houston,5km+,60.0,1
2023-09-03,Houston,3-5km,183.0,1
2023-09-04,Dallas,0-1km,1441.3333333333333,2
2023-09-04,Dallas,1-2km,102.33333333333333,1
2023-09-04,Dallas,2-3km,877.3333333333334,2
2023-09-04,Houston,0-1km,489.8333333333333,2
2023-09-04,Houston,1-2km,3170.3333333333335,2
2023-09-04,Houston,3-5km,193.75,1
2023-09-04,Houston,5km+,296.0833333333333,2
2023-09-05,Dallas,0-1km,589.3333333333334,1
2023-09-05,Dallas,1-2km,1178.6666666666667,1
2023-09-05,Dallas,2-3km,1054.0,1
2023-09-05,Houston,0-1km,589.3333333333334,1
2023-09-05,Houston,1-2km,1178.6666666666667,1
2023-09-06,Dallas,0-1km,1649.0,2
2023-09-06,Dallas,1-2km,2380.0,1
2023-09-06,Dallas,2-3km,54.0,1
2023-09-06,Houston,0-1km,1226.0,2
2023-09-06,Houston,1-2km,2609.5,2
2023-09-06,Houston,2-3km,1548.5,3
2023-09-07,Dallas,2-3km,1400.0,1
2023-09-07,Houston,0-1km,700.0,1
2023-09-07,Houston,1-2km,2501.0,1
2023-09-07,Houston,3-5km,350.0,1
2023-09-07,Houston,5km+,350.0,1
2023-09-08,Dallas,2-3km,1152.0,1
2023-09-08,Houston,0-1km,698.4,2
2023-09-08,Houston,1-2km,244.8,1
2023-09-08,Houston,3-5km,532.8,2
2023-09-08,Houston,5km+,288.0,1
2023-09-09,Dallas,0-1km,3218.666666666667,2
2023-09-09,Dallas,1-2km,2325.3333333333335,2
2023-09-09,Dallas,2-3km,2038.0,1
2023-09-09,Houston,0-1km,3504.6,3
2023-09-09,Houston,1-2km,572.8,1
2023-09-09,Houston,3-5km,509.5,1
2023-09-09,Houston,5km+,2995.1,3
2023-09-10,Dallas,2-3km,867.0,1
2023-09-10,Houston,0-1km,433.5,1
2023-09-10,Houston,3-5km,216.75,1
2023-09-10,Houston,5km+,216.75,1
2023-09-11,Dallas,0-1km,964.0,2
2023-09-11,Dallas,1-2km,1986.0,2
2023-09-11,Houston,0-1km,344.0,1
2023-09-11,Houston,1-2km,2296.0,3
2023-09-11,Houston,2-3km,3424.0,2
2023-09-12,Dallas,0-1km,1645.4857142857143,2
2023-09-12,Dallas,1-2km,2034.5142857142857,2
2023-09-12,Houston,0-1km,1659.0,3
2023-09-12,Houston,1-2km,148.33333333333334,1
2023-09-12,Houston,2-3km,1084.6666666666665,2
2023-09-12,Houston,3-5km,329.3333333333333,1
2023-09-12,Houston,5km+,903.6666666666666,3
2023-09-13,Dallas,0-1km,925.0,1
2023-09-14,Dallas,0-1km,2785.125,3
2023-09-14,Dallas,1-2km,1414.875,3
2023-09-14,Dallas,2-3km,824.0,2
2023-09-14,Houston,0-1km,3015.130303030303,5
2023-09-14,Houston,1-2km,1020.8893939393939,4
2023-09-14,Houston,2-3km,744.5984848484848,3
2023-09-14,Houston,3-5km,442.3818181818182,2
2023-09-15,Dallas,0-1km,166.75,1
2023-09-15,Dallas,1-2km,333.5,1
2023-09-15,Dallas,2-3km,166.75,1
2023-09-15,Dallas,3-5km,925.0,1
2023-09-15,Houston,0-1km,166.75,1
2023-09-15,Houston,1-2km,333.5,1
2023-09-15,Houston,5km+,166.75,1
2023-09-16,Dallas,0-1km,2411.333333333333,2
2023-09-16,Dallas,1-2km,3900.6666666666665,1
2023-09-16,Dallas,2-3km,805.5,1
2023-09-16,Dallas,3-5km,805.5,1
2023-09-16,Houston,0-1km,2755.833333333333,2
2023-09-16,Houston,1-2km,4936.666666666666,3
2023-09-16,Houston,2-3km,230.5,1
2023-09-16,Houston,3-5km,261.0,1
2023-09-17,Dallas,0-1km,0.0,1
2023-09-17,Dallas,1-2km,0.0,1
2023-09-17,Dallas,2-3km,0.0,1
2023-09-17,Houston,0-1km,0.0,2
2023-09-17,Houston,3-5km,0.0,1
2023-09-17,Houston,5km+,0.0,1
2023-09-18,Dallas,0-1km,59.666666666666664,1
2023-09-18,Dallas,1-2km,59.666666666666664,1
2023-09-18,Dallas,2-3km,1827.6666666666667,2
2023-09-18,Houston,0-1km,1122.6666666666667,3
2023-09-18,Houston,3-5km,501.6666666666667,2
2023-09-18,Houston,5km+,501.6666666666667,2
2023-09-19,Dallas,0-1km,1170.25,2
2023-09-19,Dallas,1-2km,268.5,1
2023-09-19,Dallas,2-3km,134.25,1
2023-09-19,Houston,0-1km,134.25,1
2023-09-19,Houston,1-2km,786.5,2
2023-09-19,Houston,2-3km,518.0,1
2023-09-19,Houston,5km+,134.25,1
2023-09-20,Dallas,0-1km,3035.0,3
2023-09-20,Dallas,1-2km,3527.0,4
2023-09-20,Houston,0-1km,1261.5,1
2023-09-20,Houston,1-2km,1406.0,2
2023-09-20,Houston,2-3km,1333.0,1
2023-09-20,Houston,5km+,2561.5,2
2023-09-21,Dallas,0-1km,1047.6666666666667,2
2023-09-21,Dallas,1-2km,1001.3333333333334,1
2023-09-21,Houston,0-1km,500.6666666666667,1
2023-09-21,Houston,1-2km,1274.8333333333335,2
2023-09-21,Houston,2-3km,273.5,1
2023-09-22,Dallas,0-1km,518.0,1
2023-09-22,Houston,1-2km,259.0,1
2023-09-22,Houston,2-3km,259.0,1
2023-09-23,Dallas,1-2km,2977.0,1
2023-09-23,Houston,2-3km,2977.0,1
2023-09-23,Houston,5km+,220.0,1
2023-09-24,Dallas,0-1km,2475.0,2
2023-09-24,Dallas,1-2km,723.0,1
2023-09-24,Houston,0-1km,2169.0,1
2023-09-24,Houston,1-2km,514.5,1
2023-09-24,Houston,2-3km,514.5,1
2023-09-25,Dallas,0-1km,738.0,1
2023-09-25,Dallas,1-2km,1476.0,1
2023-09-25,Houston,0-1km,738.0,1
2023-09-25,Houston,1-2km,1476.0,1
2023-09-26,Dallas,0-1km,1256.5,2
2023-09-26,Dallas,1-2km,1415.5,2
2023-09-26,Dallas,2-3km,159.0,1
2023-09-26,Houston,0-1km,1037.0,2
2023-09-26,Houston,1-2km,757.0,2
2023-09-26,Houston,2-3km,2629.0,1
2023-09-26,Houston,3-5km,728.0,1
2023-09-26,Houston,5km+,1037.0,2
2023-09-27,Dallas,0-1km,1699.25,4
2023-09-27,Dallas,1-2km,4154.0,3
2023-09-27,Dallas,2-3km,1712.75,3
2023-09-27,Houston,0-1km,1256.0,3
2023-09-27,Houston,1-2km,2705.0,4
2023-09-27,Houston,2-3km,4001.0,3
2023-09-27,Houston,3-5km,347.5,1
2023-09-27,Houston,5km+,467.5,2
2023-09-28,Dallas,0-1km,114.0,1
2023-09-28,Dallas,1-2km,228.0,1
2023-09-28,Dallas,2-3km,114.0,1
2023-09-28,Houston,0-1km,114.0,1
2023-09-28,Houston,1-2km,228.0,1
2023-09-28,Houston,3-5km,227.0,1
2023-09-28,Houston,5km+,114.0,1
2023-09-29,Dallas,0-1km,1482.0,2
2023-09-29,Dallas,1-2km,1724.0,2
2023-09-29,Dallas,2-3km,3713.0,2
2023-09-29,Houston,0-1km,1977.5,2
2023-09-29,Houston,1-2km,1724.0,2
2023-09-29,Houston,3-5km,867.75,1
2023-09-29,Houston,5km+,2349.75,3
2023-09-30,Dallas,0-1km,1090.375,2
2023-09-30,Dallas,1-2km,495.625,2
2023-09-30,Dallas,2-3km,596.0,1
2023-09-30,Houston,0-1km,13380.963636363636,3
2023-09-30,Houston,1-2km,335.4727272727273,2
2023-09-30,Houston,2-3km,144.1818181818182,1
2023-09-30,Houston,3-5km,263.3818181818182,2
2023-10-01,Dallas,0-1km,2624.25,2
2023-10-01,Dallas,1-2km,2178.0,1
2023-10-01,Dallas,2-3km,622.75,2
2023-10-01,Houston,0-1km,3551.4,2
2023-10-01,Houston,1-2km,94.8,1
2023-10-01,Houston,3-5km,94.8,1
2023-10-01,Houston,5km+,1089.0,1
2023-10-02,Dallas,0-1km,151.33333333333334,1
2023-10-02,Dallas,1-2km,151.33333333333334,1
2023-10-02,Dallas,2-3km,151.33333333333334,1
2023-10-02,Houston,0-1km,151.33333333333334,1
2023-10-02,Houston,1-2km,151.33333333333334,1
2023-10-02,Houston,5km+,151.33333333333334,1
2023-10-03,Dallas,0-1km,881.375,2
2023-10-03,Dallas,1-2km,400.625,2
2023-10-03,Dallas,2-3km,1429.0,1
2023-10-03,Houston,0-1km,947.5909090909091,2
2023-10-03,Houston,1-2km,174.8181818181818,1
2023-10-03,Houston,2-3km,116.54545454545455,1
2023-10-03,Houston,3-5km,473.79545454545456,2
2023-10-03,Houston,5km+,357.25,1
2023-10-04,Dallas,0-1km,446.0,1
2023-10-04,Dallas,2-3km,521.0,1
2023-10-04,Houston,1-2km,223.0,1
2023-10-04,Houston,2-3km,223.0,1
2023-10-05,Dallas,0-1km,90.33333333333333,1
2023-10-05,Dallas,1-2km,935.3333333333334,2
2023-10-05,Dallas,2-3km,90.33333333333333,1
2023-10-05,Houston,0-1km,90.33333333333333,1
2023-10-05,Houston,1-2km,1870.3333333333333,3
2023-10-05,Houston,5km+,1781.3333333333333,2
2023-10-06,Dallas,0-1km,610.0,1
2023-10-06,Dallas,1-2km,610.0,1
2023-10-06,Houston,0-1km,308.0,1
2023-10-06,Houston,1-2km,918.0,2
2023-10-06,Houston,5km+,918.0,2
2023-10-07,Dallas,0-1km,2698.75,3
2023-10-07,Dallas,1-2km,886.25,2
2023-10-07,Dallas,2-3km,334.0,1
2023-10-07,Houston,0-1km,799.7030303030303,3
2023-10-07,Houston,1-2km,5482.527272727273,3
2023-10-07,Houston,2-3km,369.1515151515151,2
2023-10-07,Houston,3-5km,380.6181818181818,2
2023-10-08,Dallas,0-1km,0.0,1
2023-10-08,Dallas,1-2km,0.0,1
2023-10-08,Dallas,2-3km,3116.0,1
2023-10-08,Houston,0-1km,3311.6666666666665,3
2023-10-08,Houston,1-2km,195.66666666666666,1
2023-10-08,Houston,2-3km,195.66666666666666,2
2023-10-08,Houston,5km+,0.0,1
2023-10-09,Dallas,0-1km,955.0,3
2023-10-09,Dallas,1-2km,1198.6666666666667,2
2023-10-09,Dallas,2-3km,506.3333333333333,2
2023-10-09,Houston,0-1km,400.9333333333333,2
2023-10-09,Houston,1-2km,500.5333333333333,2
2023-10-09,Houston,3-5km,199.2,1
2023-10-09,Houston,5km+,301.3333333333333,1
2023-10-10,Houston,0-1km,147.0,1
2023-10-10,Houston,1-2km,3521.0,2
2023-10-10,Houston,2-3km,1488.0,2
2023-10-11,Dallas,2-3km,1978.0,1
2023-10-11,Houston,0-1km,989.0,1
2023-10-11,Houston,3-5km,494.5,1
2023-10-11,Houston,5km+,494.5,1
2023-10-12,Dallas,0-1km,4031.4583333333335,4
2023-10-12,Dallas,1-2km,2857.541666666667,4
2023-10-12,Dallas,2-3km,1565.0,1
2023-10-12,Dallas,3-5km,1565.0,1
2023-10-12,Houston,0-1km,4767.515151515152,4
2023-10-12,Houston,1-2km,3218.3030303030305,3
2023-10-12,Houston,2-3km,271.09090909090907,1
2023-10-12,Houston,3-5km,271.09090909090907,1
2023-10-14,Dallas,0-1km,1143.0,1
2023-10-15,Dallas,0-1km,723.0,2
2023-10-15,Dallas,1-2km,0.0,1
2023-10-15,Dallas,2-3km,723.0,1
2023-10-15,Houston,0-1km,0.0,1
2023-10-15,Houston,2-3km,0.0,1
2023-10-15,Houston,5km+,0.0,1
2023-10-16,Dallas,0-1km,1404.3333333333335,2
2023-10-16,Dallas,1-2km,466.6666666666667,1
2023-10-16,Houston,0-1km,1400.0,1
2023-10-16,Houston,1-2km,235.5,1
2023-10-16,Houston,2-3km,235.5,1
2023-10-16,Houston,3-5km,251.0,1
2023-10-17,Dallas,0-1km,994.5833333333333,2
2023-10-17,Dallas,1-2km,3373.6666666666665,2
2023-10-17,Dallas,2-3km,2763.75,2
2023-10-17,Houston,0-1km,416.3333333333333,1
2023-10-17,Houston,1-2km,832.6666666666666,1
2023-10-17,Houston,2-3km,5112.0,2
2023-10-17,Houston,5km+,147.0,1
2023-10-18,Houston,0-1km,224.33333333333334,1
2023-10-18,Houston,1-2km,224.33333333333334,1
2023-10-18,Houston,2-3km,224.33333333333334,1
2023-10-19,Dallas,0-1km,29.0,1
2023-10-19,Dallas,1-2km,29.0,1
2023-10-19,Dallas,2-3km,29.0,1
2023-10-19,Houston,0-1km,7761.866666666667,5
2023-10-19,Houston,1-2km,358.06666666666666,2
2023-10-19,Houston,3-5km,211.4,2
2023-10-19,Houston,5km+,204.66666666666666,2
2023-10-20,Dallas,0-1km,2033.3333333333335,3
2023-10-20,Dallas,1-2km,1718.6666666666667,1
2023-10-20,Dallas,2-3km,955.0,1
2023-10-20,Houston,0-1km,1774.6666666666667,3
2023-10-20,Houston,1-2km,1979.5,3
2023-10-20,Houston,2-3km,109.5,1
2023-10-20,Houston,3-5km,1146.0,1
2023-10-20,Houston,5km+,151.33333333333334,1
2023-10-21,Dallas,0-1km,1521.6666666666667,3
2023-10-21,Dallas,1-2km,219.66666666666666,1
2023-10-21,Dallas,2-3km,3575.6666666666665,3
2023-10-21,Houston,0-1km,219.66666666666666,1
2023-10-21,Houston,1-2km,527.1666666666666,2
2023-10-21,Houston,2-3km,2976.5,2
2023-10-21,Houston,3-5km,403.0,1
2023-10-21,Houston,5km+,219.66666666666666,1
2023-10-22,Dallas,0-1km,2993.3333333333335,2
2023-10-22,Dallas,1-2km,2993.3333333333335,2
2023-10-22,Dallas,2-3km,215.33333333333334,1
2023-10-22,Houston,0-1km,4382.333333333333,2
2023-10-22,Houston,1-2km,215.33333333333334,1
2023-10-22,Houston,3-5km,327.0,1
2023-10-22,Houston,5km+,1604.3333333333333,2
2023-10-23,Dallas,2-3km,2041.0,1
2023-10-23,Houston,0-1km,1020.5,1
2023-10-23,Houston,3-5km,510.25,1
2023-10-23,Houston,5km+,510.25,1
2023-10-24,Dallas,0-1km,3652.0,2
2023-10-24,Dallas,1-2km,724.0,1
2023-10-24,Houston,0-1km,1810.0,1
2023-10-24,Houston,1-2km,378.0,1
2023-10-24,Houston,2-3km,1283.0,2
2023-10-24,Houston,5km+,905.0,1
2023-10-25,Dallas,0-1km,5549.425,4
2023-10-25,Dallas,1-2km,2489.575,4
2023-10-25,Houston,0-1km,2184.727272727273,3
2023-10-25,Houston,1-2km,734.5454545454545,2
2023-10-25,Houston,2-3km,1005.8636363636364,2
2023-10-25,Houston,3-5km,374.3636363636364,1
2023-10-25,Houston,5km+,804.5,2
2023-10-26,Dallas,0-1km,338.7142857142857,2
2023-10-26,Dallas,1-2km,886.2857142857143,1
2023-10-26,Houston,0-1km,344.6666666666667,1
2023-10-26,Houston,1-2km,95.5,1
2023-10-26,Houston,2-3km,440.1666666666667,2
2023-10-26,Houston,3-5km,172.33333333333334,1
2023-10-26,Houston,5km+,172.33333333333334,1
2023-10-27,Dallas,0-1km,703.5,2
2023-10-27,Dallas,1-2km,472.5,1
2023-10-27,Houston,0-1km,135.0,1
2023-10-27,Houston,1-2km,385.5,2
2023-10-27,Houston,2-3km,250.5,2
2023-10-27,Houston,3-5km,135.0,1
2023-10-27,Houston,5km+,270.0,1
2023-10-28,Dallas,0-1km,909.0,1
2023-10-28,Houston,1-2km,454.5,1
2023-10-28,Houston,2-3km,454.5,1
2023-10-29,Houston,0-1km,1001.0,1
2023-10-30,Dallas,3-5km,2155.0,1
2023-10-30,Houston,0-1km,75.2,1
2023-10-30,Houston,1-2km,150.4,1
2023-10-30,Houston,3-5km,150.4,1
2023-11-01,Dallas,0-1km,801.0,1
2023-11-01,Dallas,1-2km,801.0,1
2023-11-01,Houston,0-1km,228.85714285714286,1
2023-11-01,Houston,1-2km,457.7142857142857,1
2023-11-01,Houston,2-3km,228.85714285714286,1
2023-11-01,Houston,3-5km,228.85714285714286,1
2023-11-01,Houston,5km+,457.7142857142857,1
2023-11-02,Dallas,0-1km,2260.75,3
2023-11-02,Dallas,1-2km,203.5,1
2023-11-02,Dallas,2-3km,101.75,1
2023-11-02,Houston,0-1km,983.85,3
2023-11-02,Houston,1-2km,549.7,3
2023-11-02,Houston,2-3km,247.0,1
2023-11-02,Houston,3-5km,99.2,1
2023-11-02,Houston,5km+,934.25,2
2023-11-03,Dallas,0-1km,8324.166666666666,7
2023-11-03,Dallas,1-2km,3548.6666666666665,3
2023-11-03,Dallas,2-3km,1175.1666666666667,2
2023-11-03,Houston,0-1km,6999.066666666667,4
2023-11-03,Houston,1-2km,588.1666666666667,2
2023-11-03,Houston,2-3km,1310.0,2
2023-11-03,Houston,3-5km,2070.1,2
2023-11-03,Houston,5km+,1549.6666666666667,2
2023-11-04,Dallas,0-1km,2492.333333333333,3
2023-11-04,Dallas,1-2km,2492.333333333333,3
2023-11-04,Dallas,2-3km,215.33333333333334,2
2023-11-04,Houston,0-1km,1840.8809523809523,5
2023-11-04,Houston,1-2km,1315.1785714285716,2
2023-11-04,Houston,2-3km,413.3809523809524,2
2023-11-04,Houston,3-5km,394.04761904761904,2
2023-11-04,Houston,5km+,1354.5119047619048,3
2023-11-05,Dallas,0-1km,1967.5,1
2023-11-05,Dallas,1-2km,1967.5,1
2023-11-05,Houston,0-1km,2057.5,2
2023-11-05,Houston,1-2km,1073.75,2
2023-11-05,Houston,2-3km,90.0,1
2023-11-05,Houston,5km+,983.75,1
2023-11-06,Dallas,0-1km,2287.5,3
2023-11-06,Dallas,1-2km,742.5,2
2023-11-06,Houston,0-1km,625.3333333333334,2
2023-11-06,Houston,1-2km,844.3333333333334,3
2023-11-06,Houston,2-3km,543.0,2
2023-11-06,Houston,3-5km,216.0,1
2023-11-06,Houston,5km+,193.33333333333334,1
2023-11-08,Dallas,0-1km,636.625,2
2023-11-08,Dallas,1-2km,289.375,2
2023-11-08,Houston,0-1km,168.36363636363637,1
2023-11-08,Houston,1-2km,126.27272727272727,1
2023-11-08,Houston,2-3km,84.18181818181819,1
2023-11-08,Houston,3-5km,84.18181818181819,1
2023-11-09,Dallas,2-3km,1767.0,2
2023-11-09,Houston,0-1km,1085.4333333333334,3
2023-11-09,Houston,1-2km,276.5333333333333,2
2023-11-09,Houston,2-3km,127.33333333333333,1
2023-11-09,Houston,3-5km,404.45,2
2023-11-09,Houston,5km+,255.25,1
2023-11-10,Dallas,0-1km,2938.25,3
2023-11-10,Dallas,1-2km,953.75,2
2023-11-10,Houston,0-1km,554.9090909090909,1
2023-11-10,Houston,1-2km,416.1818181818182,1
2023-11-10,Houston,2-3km,277.45454545454544,1
2023-11-10,Houston,3-5km,277.45454545454544,1
2023-11-11,Dallas,1-2km,1373.0,1
2023-11-11,Houston,1-2km,1373.0,1
2023-11-13,Dallas,0-1km,1070.0,1
2023-11-13,Dallas,2-3km,1281.0,1
2023-11-13,Houston,0-1km,640.5,1
2023-11-13,Houston,1-2km,535.0,1
2023-11-13,Houston,2-3km,535.0,1
2023-11-13,Houston,3-5km,320.25,1
2023-11-13,Houston,5km+,320.25,1
2023-11-14,Dallas,0-1km,3296.95,2
2023-11-14,Dallas,1-2km,644.8,1
2023-11-14,Dallas,2-3km,239.25,1
2023-11-14,Houston,0-1km,1612.0,1
2023-11-14,Houston,2-3km,806.0,1
2023-11-14,Houston,5km+,806.0,1
2023-11-15,Dallas,0-1km,745.0,1
2023-11-15,Dallas,2-3km,920.0,1
2023-11-16,Houston,0-1km,173.33333333333334,1
2023-11-16,Houston,1-2km,173.33333333333334,1
2023-11-16,Houston,5km+,173.33333333333334,1
2023-11-17,Dallas,0-1km,1297.1666666666667,2
2023-11-17,Dallas,1-2km,27.666666666666668,1
2023-11-17,Dallas,2-3km,1297.1666666666667,2
2023-11-17,Houston,0-1km,1126.2666666666667,3
2023-11-17,Houston,3-5km,1551.0666666666668,2
2023-11-17,Houston,5km+,27.666666666666668,1
2023-11-18,Dallas,2-3km,790.0,1
2023-11-18,Houston,0-1km,474.0,1
2023-11-18,Houston,1-2km,3602.0,2
2023-11-18,Houston,3-5km,158.0,1
2023-11-19,Dallas,0-1km,621.0,1
2023-11-19,Houston,1-2km,310.5,1
2023-11-19,Houston,2-3km,310.5,1
2023-11-19,Houston,3-5km,248.0,1
2023-11-20,Dallas,0-1km,104.66666666666667,1
2023-11-20,Dallas,1-2km,104.66666666666667,1
2023-11-20,Dallas,2-3km,104.66666666666667,1
2023-11-20,Houston,0-1km,104.66666666666667,1
2023-11-20,Houston,1-2km,104.66666666666667,1
2023-11-20,Houston,5km+,104.66666666666667,1
2023-11-21,Dallas,0-1km,5054.6,2
2023-11-21,Dallas,1-2km,2380.4,2
2023-11-21,Houston,0-1km,3419.7,2
2023-11-21,Houston,1-2km,595.6,1
2023-11-21,Houston,2-3km,1114.25,1
2023-11-21,Houston,5km+,2305.45,2
2023-11-22,Dallas,0-1km,377.5,1
2023-11-22,Dallas,1-2km,377.5,1
2023-11-22,Houston,0-1km,302.0,1
2023-11-22,Houston,1-2km,151.0,1
2023-11-22,Houston,5km+,302.0,1
2023-11-23,Dallas,0-1km,1290.6666666666667,1
2023-11-23,Dallas,1-2km,645.3333333333334,1
2023-11-23,Dallas,2-3km,0.0,1
2023-11-23,Houston,0-1km,968.0,1
2023-11-23,Houston,2-3km,0.0,1
2023-11-23,Houston,3-5km,300.0,1
2023-11-23,Houston,5km+,968.0,1
2023-11-24,Houston,3-5km,317.0,1
2023-11-25,Dallas,2-3km,684.0,1
2023-11-25,Houston,0-1km,2825.7333333333336,3
2023-11-25,Houston,1-2km,299.1333333333333,2
2023-11-25,Houston,3-5km,136.8,1
2023-11-25,Houston,5km+,162.33333333333334,1
2023-11-26,Dallas,2-3km,1748.0,1
2023-11-26,Houston,2-3km,1748.0,1
2023-11-27,Dallas,3-5km,1885.0,1
2023-11-28,Dallas,0-1km,64.0,1
2023-11-28,Dallas,1-2km,64.0,1
2023-11-28,Houston,1-2km,128.0,1
2023-11-29,Dallas,0-1km,1859.6,2
2023-11-29,Dallas,1-2km,794.4,2
2023-11-29,Dallas,2-3km,467.0,1
2023-11-29,Houston,0-1km,1607.2,3
2023-11-29,Houston,1-2km,93.4,1
2023-11-29,Houston,2-3km,169.25,1
2023-11-29,Houston,3-5km,93.4,1
2023-11-29,Houston,5km+,1157.75,2
2023-11-30,Houston,0-1km,64.4,1
2023-11-30,Houston,1-2km,128.8,1
2023-11-30,Houston,2-3km,2679.0,1
2023-11-30,Houston,3-5km,128.8,1
2023-12-01,Dallas,2-3km,2311.0,2
2023-12-01,Houston,0-1km,3051.0,2
2023-12-01,Houston,3-5km,274.5,1
2023-12-01,Houston,5km+,274.5,1
2023-12-02,Dallas,0-1km,3798.5,4
2023-12-02,Dallas,1-2km,2142.5,3
2023-12-02,Dallas,2-3km,1864.0,1
2023-12-02,Houston,0-1km,2689.787878787879,4
2023-12-02,Houston,1-2km,1244.4242424242425,3
2023-12-02,Houston,2-3km,392.72727272727275,1
2023-12-02,Houston,3-5km,858.7272727272727,2
2023-12-02,Houston,5km+,1438.3333333333333,3
2023-12-03,Dallas,0-1km,359.25,1
2023-12-03,Dallas,2-3km,119.75,1
2023-12-03,Dallas,3-5km,1705.0,1
2023-12-03,Houston,0-1km,1150.5,1
2023-12-03,Houston,1-2km,1150.5,1
2023-12-03,Houston,3-5km,238.0,1
2023-12-04,Houston,0-1km,1545.0,1
2023-12-05,Dallas,0-1km,104.5,1
2023-12-05,Dallas,1-2km,209.0,1
2023-12-05,Dallas,2-3km,104.5,1
2023-12-05,Houston,0-1km,104.5,1
2023-12-05,Houston,1-2km,209.0,1
2023-12-05,Houston,5km+,104.5,1
2023-12-06,Dallas,0-1km,179.0,1
2023-12-06,Dallas,1-2km,358.0,1
2023-12-06,Dallas,2-3km,179.0,1
2023-12-06,Houston,0-1km,179.0,1
2023-12-06,Houston,1-2km,358.0,1
2023-12-06,Houston,5km+,179.0,1
2023-12-07,Dallas,0-1km,1528.6666666666667,1
2023-12-07,Dallas,1-2km,764.3333333333334,1
2023-12-07,Dallas,2-3km,1333.0,1
2023-12-07,Dallas,3-5km,1333.0,1
2023-12-07,Houston,0-1km,3626.0,2
2023-12-07,Houston,1-2km,1333.0,1
2023-12-07,Houston,5km+,102.0,1
2023-12-08,Dallas,0-1km,443.3333333333333,1
2023-12-08,Dallas,1-2km,886.6666666666666,1
2023-12-08,Houston,0-1km,443.3333333333333,1
2023-12-08,Houston,1-2km,886.6666666666666,1
2023-12-09,Houston,0-1km,2092.0,2
2023-12-09,Houston,1-2km,210.0,1
2023-12-09,Houston,3-5km,210.0,1
2023-12-10,Dallas,0-1km,1964.6666666666667,3
2023-12-10,Dallas,1-2km,2420.3333333333335,3
2023-12-10,Houston,0-1km,1138.0380952380951,3
2023-12-10,Houston,1-2km,1689.8761904761905,3
2023-12-10,Houston,2-3km,291.57142857142856,1
2023-12-10,Houston,3-5km,291.57142857142856,1
2023-12-10,Houston,5km+,973.9428571428571,2
2023-12-11,Dallas,0-1km,2034.3809523809525,3
2023-12-11,Dallas,1-2km,2009.6190476190477,2
2023-12-11,Houston,0-1km,1443.0,2
2023-12-11,Houston,1-2km,304.0,1
2023-12-11,Houston,2-3km,854.0,2
2023-12-11,Houston,3-5km,605.0,2
2023-12-11,Houston,5km+,1168.0,2
2023-12-12,Dallas,0-1km,1005.3,2
2023-12-12,Dallas,1-2km,284.7,2
2023-12-12,Dallas,2-3km,359.0,1
2023-12-12,Houston,0-1km,919.3,3
2023-12-12,Houston,1-2km,367.6,3
2023-12-12,Houston,2-3km,300.25,1
2023-12-12,Houston,3-5km,278.6,2
2023-12-12,Houston,5km+,300.25,1
2023-12-13,Dallas,2-3km,244.0,1
2023-12-13,Houston,0-1km,146.4,1
2023-12-13,Houston,1-2km,48.8,1
2023-12-13,Houston,3-5km,48.8,1
2023-12-14,Dallas,0-1km,1111.0,2
2023-12-14,Dallas,1-2km,781.0,2
2023-12-14,Houston,0-1km,855.8,2
2023-12-14,Houston,1-2km,180.4,1
2023-12-14,Houston,5km+,855.8,2
2023-12-15,Dallas,0-1km,3804.8,1
2023-12-15,Dallas,1-2km,951.2,1
2023-12-15,Houston,0-1km,2378.0,1
2023-12-15,Houston,2-3km,3136.0,2
2023-12-15,Houston,3-5km,275.0,1
2023-12-15,Houston,5km+,1189.0,1
2023-12-16,Dallas,0-1km,1680.0,1
2023-12-16,Houston,2-3km,840.0,1
2023-12-16,Houston,3-5km,840.0,1
2023-12-17,Dallas,0-1km,961.625,3
2023-12-17,Dallas,1-2km,620.625,3
2023-12-17,Dallas,2-3km,118.75,1
2023-12-17,Houston,0-1km,341.6590909090909,2
2023-12-17,Houston,1-2km,404.6818181818182,2
2023-12-17,Houston,2-3km,111.45454545454545,1
2023-12-17,Houston,3-5km,340.45454545454544,2
2023-12-17,Houston,5km+,118.75,1
2023-12-18,Dallas,0-1km,460.2857142857143,1
2023-12-18,Dallas,1-2km,2761.714285714286,1
2023-12-18,Dallas,2-3km,648.0,1
2023-12-18,Dallas,3-5km,648.0,1
2023-12-18,Houston,0-1km,1722.0,2
2023-12-18,Houston,1-2km,648.0,1
2023-12-18,Houston,2-3km,1074.0,1
2023-12-18,Houston,3-5km,537.0,1
2023-12-18,Houston,5km+,537.0,1
2023-12-19,Dallas,0-1km,993.4761904761905,2
2023-12-19,Dallas,1-2km,3519.190476190476,2
2023-12-19,Dallas,2-3km,488.3333333333333,1
2023-12-19,Houston,0-1km,1911.1666666666667,2
2023-12-19,Houston,1-2km,366.25,1
2023-12-19,Houston,2-3km,1544.9166666666667,2
2023-12-19,Houston,3-5km,589.3333333333334,1
2023-12-19,Houston,5km+,589.3333333333334,1
2023-12-20,Dallas,0-1km,2083.25,3
2023-12-20,Dallas,1-2km,778.75,2
2023-12-20,Dallas,2-3km,851.5,1
2023-12-20,Dallas,3-5km,851.5,1
2023-12-20,Houston,0-1km,1872.9242424242425,3
2023-12-20,Houston,1-2km,1944.6515151515152,4
2023-12-20,Houston,2-3km,411.5454545454545,2
2023-12-20,Houston,3-5km,226.54545454545453,1
2023-12-20,Houston,5km+,568.3333333333334,1
2023-12-21,Dallas,2-3km,1705.0,1
2023-12-21,Houston,0-1km,919.1,2
2023-12-21,Houston,1-2km,133.2,1
2023-12-21,Houston,3-5km,1167.45,3
2023-12-21,Houston,5km+,426.25,1
2023-12-22,Dallas,0-1km,972.125,2
2023-12-22,Dallas,1-2km,441.875,2
2023-12-22,Houston,0-1km,257.09090909090907,1
2023-12-22,Houston,1-2km,192.8181818181818,1
2023-12-22,Houston,2-3km,128.54545454545453,1
2023-12-22,Houston,3-5km,128.54545454545453,1
2023-12-24,Houston,0-1km,232.6,2
2023-12-24,Houston,1-2km,273.2,2
2023-12-24,Houston,3-5km,81.2,1
2023-12-24,Houston,5km+,192.0,1
2023-12-25,Dallas,0-1km,0.0,3
2023-12-25,Dallas,2-3km,0.0,2
2023-12-25,Dallas,3-5km,540.0,1
2023-12-25,Houston,0-1km,0.0,2
2023-12-25,Houston,1-2km,0.0,3
2023-12-25,Houston,2-3km,0.0,2
2023-12-25,Houston,3-5km,0.0,1
2023-12-26,Dallas,0-1km,457.57142857142856,2
2023-12-26,Dallas,1-2km,2337.4285714285716,1
2023-12-26,Houston,0-1km,909.0,1
2023-12-26,Houston,2-3km,909.0,1
2023-12-26,Houston,3-5km,454.5,1
2023-12-26,Houston,5km+,454.5,1
2023-12-27,Houston,0-1km,338.93333333333334,2
2023-12-27,Houston,1-2km,456.5333333333333,2
2023-12-27,Houston,3-5km,235.2,1
2023-12-27,Houston,5km+,221.33333333333334,1
2023-12-28,Dallas,0-1km,11562.333333333334,6
2023-12-28,Dallas,1-2km,946.3333333333334,4
2023-12-28,Dallas,2-3km,497.3333333333333,2
2023-12-28,Houston,0-1km,505.1515151515151,2
2023-12-28,Houston,1-2km,729.6969696969697,3
2023-12-28,Houston,2-3km,194.9090909090909,1
2023-12-28,Houston,3-5km,589.9090909090909,2
2023-12-28,Houston,5km+,115.33333333333333,1
2023-12-30,Dallas,0-1km,4287.833333333333,4
2023-12-30,Dallas,1-2km,2476.5,3
2023-12-30,Dallas,2-3km,389.6666666666667,1
2023-12-30,Houston,0-1km,1573.1666666666665,2
2023-12-30,Houston,1-2km,2269.583333333333,2
2023-12-30,Houston,2-3km,292.25,1
2023-12-30,Houston,3-5km,225.0,1
2023-12-31,Dallas,0-1km,3697.8333333333335,4
2023-12-31,Dallas,1-2km,990.1666666666667,2
2023-12-31,Dallas,2-3km,1733.0,2
2023-12-31,Houston,0-1km,1449.8,2
2023-12-31,Houston,1-2km,604.5,1
2023-12-31,Houston,2-3km,978.0,1
2023-12-31,Houston,3-5km,1662.2,3
2023-12-31,Houston,5km+,604.5,1
2024-01-01,Dallas,0-1km,833.25,4
2024-01-01,Dallas,1-2km,1822.75,5
2024-01-01,Dallas,2-3km,30.0,1
2024-01-01,Houston,0-1km,522.5454545454545,4
2024-01-01,Houston,1-2km,230.9090909090909,2
2024-01-01,Houston,2-3km,1293.2727272727273,2
2024-01-01,Houston,3-5km,89.27272727272728,2
2024-01-01,Houston,5km+,314.0,2
2024-01-02,Dallas,0-1km,1504.267857142857,3
2024-01-02,Dallas,1-2km,1438.732142857143,3
2024-01-02,Dallas,2-3km,942.0,1
2024-01-02,Houston,0-1km,1150.4848484848485,3
2024-01-02,Houston,1-2km,1366.3636363636365,2
2024-01-02,Houston,2-3km,498.5757575757576,2
2024-01-02,Houston,3-5km,575.2424242424242,3
2024-01-02,Houston,5km+,394.33333333333337,2
2024-01-03,Dallas,0-1km,4601.375,4
2024-01-03,Dallas,1-2km,2256.625,3
2024-01-03,Houston,0-1km,10300.827272727272,4
2024-01-03,Houston,1-2km,1672.9954545454545,4
2024-01-03,Houston,2-3km,778.8636363636364,2
2024-01-03,Houston,3-5km,587.5636363636363,2
2024-01-03,Houston,5km+,491.75,1
2024-01-04,Dallas,0-1km,1348.75,3
2024-01-04,Dallas,1-2km,1510.0,3
2024-01-04,Dallas,2-3km,415.25,2
2024-01-04,Houston,0-1km,1453.7166666666667,4
2024-01-04,Houston,1-2km,1241.5666666666666,4
2024-01-04,Houston,5km+,1453.7166666666667,4
2024-01-05,Dallas,0-1km,234.0,1
2024-01-05,Dallas,1-2km,2958.0,2
2024-01-05,Dallas,2-3km,234.0,1
2024-01-05,Houston,0-1km,234.0,1
2024-01-05,Houston,1-2km,468.0,1
2024-01-05,Houston,2-3km,2490.0,1
2024-01-05,Houston,5km+,234.0,1
2024-01-06,Dallas,0-1km,1203.5,2
2024-01-06,Dallas,1-2km,1203.5,2
2024-01-06,Dallas,2-3km,366.0,1
2024-01-06,Houston,0-1km,366.0,1
2024-01-06,Houston,1-2km,366.0,1
2024-01-06,Houston,3-5km,294.0,1
2024-01-06,Houston,5km+,366.0,1
2024-01-07,Dallas,0-1km,1646.5,2
2024-01-07,Dallas,2-3km,438.5,1
2024-01-07,Houston,0-1km,604.0,1
2024-01-07,Houston,5km+,604.0,1
2024-01-08,Dallas,0-1km,1608.1666666666667,4
2024-01-08,Dallas,1-2km,98.66666666666667,1
2024-01-08,Dallas,2-3km,474.1666666666667,2
2024-01-08,Houston,0-1km,399.06666666666666,2
2024-01-08,Houston,1-2km,165.16666666666669,2
2024-01-08,Houston,2-3km,66.5,1
2024-01-08,Houston,3-5km,927.6,2
2024-01-08,Houston,5km+,98.66666666666667,1
2024-01-09,Dallas,2-3km,1235.5,1
2024-01-09,Dallas,3-5km,1235.5,1
2024-01-09,Houston,0-1km,1235.5,1
2024-01-09,Houston,1-2km,1235.5,1
2024-01-10,Dallas,0-1km,585.0,1
2024-01-10,Dallas,2-3km,585.0,1
2024-01-10,Houston,0-1km,468.0,1
2024-01-10,Houston,3-5km,702.0,1
2024-01-11,Dallas,0-1km,1288.452380952381,3
2024-01-11,Dallas,1-2km,1444.3809523809525,2
2024-01-11,Dallas,2-3km,1953.1666666666667,3
2024-01-11,Dallas,3-5km,1394.0,1
2024-01-11,Houston,0-1km,2375.0,4
2024-01-11,Houston,1-2km,1926.3333333333335,3
2024-01-11,Houston,2-3km,448.6666666666667,1
2024-01-11,Houston,3-5km,777.3333333333334,2
2024-01-11,Houston,5km+,756.6666666666666,3
2024-01-12,Dallas,0-1km,5541.541666666667,5
2024-01-12,Dallas,1-2km,1537.7916666666665,3
2024-01-12,Dallas,2-3km,644.6666666666666,1
2024-01-12,Houston,0-1km,11265.636363636364,3
2024-01-12,Houston,1-2km,1080.2272727272727,3
2024-01-12,Houston,2-3km,950.3181818181818,3
2024-01-12,Houston,3-5km,259.8181818181818,1
2024-01-13,Dallas,0-1km,2388.375,2
2024-01-13,Dallas,1-2km,1085.625,2
2024-01-13,Houston,0-1km,631.6363636363636,1
2024-01-13,Houston,1-2km,473.72727272727275,1
2024-01-13,Houston,2-3km,315.8181818181818,1
2024-01-13,Houston,3-5km,315.8181818181818,1
2024-01-15,Dallas,0-1km,74.0,1
2024-01-15,Dallas,1-2km,444.0,1
2024-01-15,Houston,0-1km,227.46666666666664,2
2024-01-15,Houston,1-2km,109.6,1
2024-01-15,Houston,2-3km,172.66666666666666,1
2024-01-15,Houston,3-5km,195.93333333333334,2
2024-01-15,Houston,5km+,86.33333333333333,1
2024-01-16,Dallas,0-1km,565.5,1
2024-01-16,Dallas,1-2km,565.5,1
2024-01-16,Houston,1-2km,565.5,1
2024-01-16,Houston,5km+,565.5,1
2024-01-17,Dallas,2-3km,892.0,1
2024-01-17,Dallas,3-5km,892.0,1
2024-01-17,Houston,0-1km,892.0,1
2024-01-17,Houston,1-2km,892.0,1
2024-01-18,Dallas,0-1km,1472.625,2
2024-01-18,Dallas,1-2km,669.375,2
2024-01-18,Houston,0-1km,389.45454545454544,1
2024-01-18,Houston,1-2km,292.09090909090907,1
2024-01-18,Houston,2-3km,194.72727272727272,1
2024-01-18,Houston,3-5km,194.72727272727272,1
2024-01-19,Dallas,0-1km,1891.25,3
2024-01-19,Dallas,1-2km,473.75,2
2024-01-19,Dallas,2-3km,849.0,1
2024-01-19,Houston,0-1km,954.8363636363637,2
2024-01-19,Houston,1-2km,206.72727272727272,1
2024-01-19,Houston,2-3km,137.8181818181818,1
2024-01-19,Houston,3-5km,1156.6181818181817,2
2024-01-20,Dallas,1-2km,2079.0,1
2024-01-20,Houston,2-3km,2079.0,1
2024-01-21,Dallas,0-1km,129.0,1
2024-01-21,Dallas,1-2km,129.0,1
2024-01-22,Dallas,0-1km,483.0,1
2024-01-22,Dallas,1-2km,483.0,1
2024-01-22,Dallas,2-3km,707.0,1
2024-01-22,Houston,0-1km,353.5,1
2024-01-22,Houston,1-2km,483.0,1
2024-01-22,Houston,3-5km,176.75,1
2024-01-22,Houston,5km+,659.75,2
2024-01-24,Dallas,0-1km,6154.4,3
2024-01-24,Dallas,1-2km,1078.6,1
2024-01-24,Houston,0-1km,2696.5,1
2024-01-24,Houston,1-2km,604.0,1
2024-01-24,Houston,2-3km,1952.25,2
2024-01-24,Houston,5km+,1348.25,1
2024-01-25,Dallas,0-1km,2841.333333333333,3
2024-01-25,Dallas,1-2km,1345.6666666666665,3
2024-01-25,Houston,0-1km,2223.3636363636365,2
2024-01-25,Houston,1-2km,327.27272727272725,1
2024-01-25,Houston,2-3km,218.1818181818182,1
2024-01-25,Houston,3-5km,218.1818181818182,1
2024-01-26,Dallas,0-1km,405.0,1
2024-01-26,Houston,1-2km,202.5,1
2024-01-26,Houston,2-3km,202.5,1
2024-01-27,Dallas,2-3km,1338.5,2
2024-01-27,Dallas,3-5km,1140.5,1
2024-01-27,Houston,0-1km,1272.5,2
2024-01-27,Houston,1-2km,1140.5,1
2024-01-27,Houston,2-3km,66.0,1
2024-01-28,Dallas,0-1km,744.0,2
2024-01-28,Dallas,1-2km,26.0,1
2024-01-28,Houston,0-1km,428.33333333333337,2
2024-01-28,Houston,1-2km,839.3333333333334,4
2024-01-28,Houston,2-3km,461.6666666666667,2
2024-01-28,Houston,5km+,325.6666666666667,1
2024-01-29,Dallas,0-1km,538.0,2
2024-01-29,Dallas,3-5km,1228.0,1
2024-01-29,Houston,0-1km,87.66666666666667,1
2024-01-29,Houston,1-2km,873.1666666666667,3
2024-01-29,Houston,2-3km,245.16666666666669,2
2024-01-29,Houston,3-5km,305.0,1
2024-01-30,Houston,0-1km,166.5,2
2024-01-30,Houston,1-2km,129.0,1
2024-01-30,Houston,2-3km,166.5,2
2024-01-31,Dallas,0-1km,1023.8333333333334,3
2024-01-31,Dallas,1-2km,1759.6666666666667,2
2024-01-31,Dallas,2-3km,117.5,1
2024-01-31,Houston,0-1km,1059.5,3
2024-01-31,Houston,1-2km,2011.3333333333335,4
2024-01-31,Houston,2-3km,72.0,1
2024-01-31,Houston,5km+,297.16666666666663,2
2024-02-01,Dallas,0-1km,235.0,1
2024-02-01,Dallas,1-2km,235.0,1
2024-02-01,Houston,0-1km,188.0,1
2024-02-01,Houston,1-2km,94.0,1
2024-02-01,Houston,5km+,188.0,1
2024-02-02,Dallas,0-1km,875.0,2
2024-02-02,Dallas,1-2km,2452.0,1
2024-02-02,Houston,1-2km,340.5,1
2024-02-02,Houston,2-3km,2792.5,2
2024-02-03,Dallas,0-1km,1605.2142857142858,3
2024-02-03,Dallas,1-2km,4355.285714285714,2
2024-02-03,Dallas,2-3km,273.5,1
2024-02-03,Houston,0-1km,1754.5,2
2024-02-03,Houston,1-2km,895.5,2
2024-02-03,Houston,2-3km,1829.5,2
2024-02-03,Houston,3-5km,740.5,1
2024-02-03,Houston,5km+,1014.0,2
2024-02-04,Dallas,0-1km,895.5,1
2024-02-04,Dallas,2-3km,298.5,1
2024-02-05,Dallas,2-3km,574.0,1
2024-02-05,Houston,0-1km,344.4,1
2024-02-05,Houston,1-2km,114.8,1
2024-02-05,Houston,3-5km,114.8,1
2024-02-06,Dallas,0-1km,1123.0,1
2024-02-06,Dallas,1-2km,1123.0,1
2024-02-06,Houston,3-5km,2649.0,2
2024-02-08,Dallas,0-1km,4401.333333333333,4
2024-02-08,Dallas,1-2km,2057.666666666667,2
2024-02-08,Houston,0-1km,1273.9333333333334,2
2024-02-08,Houston,1-2km,1946.9666666666667,3
2024-02-08,Houston,2-3km,379.5,1
2024-02-08,Houston,3-5km,664.0,1
2024-02-08,Houston,5km+,2858.6,2
2024-02-09,Dallas,0-1km,1275.0714285714284,2
2024-02-09,Dallas,1-2km,3393.4285714285716,1
2024-02-09,Dallas,2-3km,550.5,2
2024-02-09,Houston,0-1km,1829.0,3
2024-02-09,Houston,1-2km,300.0,1
2024-02-09,Houston,2-3km,2699.3333333333335,4
2024-02-09,Houston,3-5km,1212.8333333333335,2
2024-02-09,Houston,5km+,659.8333333333334,1
2024-02-10,Dallas,0-1km,2329.3333333333335,1
2024-02-10,Dallas,1-2km,1164.6666666666667,1
2024-02-10,Houston,0-1km,1747.0,1
2024-02-10,Houston,5km+,1747.0,1
2024-02-11,Dallas,0-1km,1307.25,3
2024-02-11,Dallas,1-2km,745.5,2
2024-02-11,Dallas,2-3km,187.25,1
2024-02-11,Houston,0-1km,700.0,1
2024-02-11,Houston,1-2km,441.0,2
2024-02-11,Houston,5km+,350.0,1
2024-02-12,Dallas,2-3km,964.0,1
2024-02-12,Houston,0-1km,579.0,2
2024-02-12,Houston,1-2km,97.0,1
2024-02-12,Houston,3-5km,241.0,1
2024-02-12,Houston,5km+,338.0,2
2024-02-13,Dallas,0-1km,1956.5,3
2024-02-13,Dallas,1-2km,559.0,1
2024-02-13,Dallas,2-3km,732.5,1
2024-02-13,Houston,0-1km,1145.0,2
2024-02-13,Houston,1-2km,612.0,2
2024-02-13,Houston,2-3km,332.5,1
2024-02-13,Houston,3-5km,879.0,1
2024-02-13,Houston,5km+,279.5,1
2024-02-14,Dallas,0-1km,477.0,1
2024-02-14,Dallas,2-3km,159.0,1
2024-02-14,Houston,3-5km,332.0,1
2024-02-15,Dallas,0-1km,2558.0,2
2024-02-15,Dallas,1-2km,2558.0,2
2024-02-15,Dallas,2-3km,760.0,1
2024-02-15,Houston,0-1km,2918.0,2
2024-02-15,Houston,1-2km,866.0,1
2024-02-15,Houston,3-5km,190.0,1
2024-02-15,Houston,5km+,1902.0,3
2024-02-16,Dallas,0-1km,963.2,1
2024-02-16,Dallas,1-2km,240.8,1
2024-02-16,Houston,0-1km,602.0,1
2024-02-16,Houston,2-3km,2371.0,2
2024-02-16,Houston,5km+,301.0,1
2024-02-17,Dallas,0-1km,7218.866666666667,3
2024-02-17,Dallas,1-2km,2517.8,3
2024-02-17,Dallas,2-3km,2707.3333333333335,2
2024-02-17,Houston,0-1km,7087.0,4
2024-02-17,Houston,1-2km,424.75,1
2024-02-17,Houston,2-3km,2143.25,2
2024-02-17,Houston,3-5km,535.25,1
2024-02-17,Houston,5km+,2253.75,2
2024-02-18,Dallas,0-1km,1807.0,2
2024-02-18,Dallas,1-2km,0.0,1
2024-02-18,Houston,0-1km,324.0,3
2024-02-18,Houston,1-2km,1091.5,3
2024-02-18,Houston,2-3km,903.5,1
2024-02-18,Houston,3-5km,188.0,1
2024-02-18,Houston,5km+,0.0,1
2024-02-19,Dallas,0-1km,1788.0,2
2024-02-19,Dallas,1-2km,1187.0,1
2024-02-19,Houston,0-1km,1187.0,1
2024-02-19,Houston,1-2km,894.0,2
2024-02-19,Houston,2-3km,300.5,1
2024-02-19,Houston,5km+,593.5,1
2024-02-20,Houston,1-2km,166.0,1
2024-02-21,Dallas,0-1km,2328.3,3
2024-02-21,Dallas,1-2km,1892.7,3
2024-02-21,Houston,0-1km,1004.0,2
2024-02-21,Houston,1-2km,1427.0,2
2024-02-21,Houston,2-3km,181.5,1
2024-02-21,Houston,5km+,1608.5,3
2024-02-22,Dallas,0-1km,165.5,1
2024-02-22,Dallas,1-2km,331.0,1
2024-02-22,Dallas,2-3km,165.5,1
2024-02-22,Houston,0-1km,1682.5,2
2024-02-22,Houston,1-2km,331.0,1
2024-02-22,Houston,5km+,165.5,1
2024-02-23,Dallas,1-2km,446.0,1
2024-02-24,Dallas,2-3km,1998.0,1
2024-02-24,Houston,0-1km,1199.6666666666667,2
2024-02-24,Houston,1-2km,200.66666666666666,1
2024-02-24,Houston,3-5km,499.5,1
2024-02-24,Houston,5km+,700.1666666666666,2
2024-02-25,Dallas,0-1km,203.66666666666666,1
2024-02-25,Dallas,1-2km,203.66666666666666,1
2024-02-25,Dallas,2-3km,203.66666666666666,1
2024-02-25,Dallas,3-5km,959.0,1
2024-02-25,Houston,0-1km,865.1666666666666,2
2024-02-25,Houston,1-2km,865.1666666666666,2
2024-02-25,Houston,5km+,203.66666666666666,1
2024-02-26,Dallas,0-1km,1620.0,2
2024-02-26,Dallas,1-2km,2258.0,2
2024-02-26,Houston,0-1km,1620.0,2
2024-02-26,Houston,1-2km,1767.0,2
2024-02-26,Houston,5km+,491.0,1
2024-02-27,Dallas,0-1km,421.0,1
2024-02-27,Houston,1-2km,210.5,1
2024-02-27,Houston,2-3km,210.5,1
2024-02-28,Dallas,0-1km,2038.6666666666667,1
2024-02-28,Dallas,1-2km,2961.3333333333335,2
2024-02-28,Dallas,2-3km,1096.0,1
2024-02-28,Dallas,3-5km,1096.0,1
2024-02-28,Houston,0-1km,4154.0,2
2024-02-28,Houston,1-2km,1096.0,1
2024-02-28,Houston,2-3km,1942.0,1
2024-03-01,Dallas,0-1km,933.0,1
2024-03-01,Dallas,2-3km,2935.0,2
2024-03-01,Houston,0-1km,1747.4,2
2024-03-01,Houston,3-5km,1620.1,2
2024-03-01,Houston,5km+,500.5,1
2024-03-02,Dallas,0-1km,1719.0,2
2024-03-02,Dallas,1-2km,768.0,1
2024-03-02,Houston,0-1km,614.4,1
2024-03-02,Houston,1-2km,782.7,2
2024-03-02,Houston,2-3km,475.5,1
2024-03-02,Houston,5km+,614.4,1
2024-03-03,Dallas,2-3km,3453.0,1
2024-03-03,Houston,0-1km,2022.5,2
2024-03-03,Houston,3-5km,863.25,1
2024-03-03,Houston,5km+,863.25,1
2024-03-04,Dallas,0-1km,1298.0,2
2024-03-04,Dallas,1-2km,590.0,2
2024-03-04,Houston,0-1km,343.27272727272725,1
2024-03-04,Houston,1-2km,257.45454545454544,1
2024-03-04,Houston,2-3km,171.63636363636363,1
2024-03-04,Houston,3-5km,171.63636363636363,1
2024-03-05,Dallas,0-1km,984.0,2
2024-03-05,Dallas,2-3km,275.0,1
2024-03-05,Houston,1-2km,354.5,1
2024-03-05,Houston,2-3km,354.5,1
2024-03-06,Dallas,0-1km,1343.5,2
2024-03-06,Dallas,2-3km,2302.0,2
2024-03-06,Dallas,3-5km,1613.5,1
2024-03-06,Houston,0-1km,2290.3,3
2024-03-06,Houston,1-2km,2067.0,3
2024-03-06,Houston,2-3km,327.5,1
2024-03-06,Houston,3-5km,826.2,1
2024-03-06,Houston,5km+,126.0,1
2024-03-08,Dallas,0-1km,863.0,1
2024-03-08,Dallas,1-2km,1726.0,1
2024-03-08,Dallas,2-3km,552.0,1
2024-03-08,Houston,0-1km,1194.2,2
2024-03-08,Houston,1-2km,1836.4,2
2024-03-08,Houston,3-5km,378.4,2
2024-03-09,Dallas,0-1km,1220.3333333333335,2
2024-03-09,Dallas,1-2km,1738.6666666666667,1
2024-03-09,Houston,0-1km,142.8,1
2024-03-09,Houston,1-2km,461.1,2
2024-03-09,Houston,2-3km,175.5,1
2024-03-09,Houston,3-5km,285.6,1
2024-03-10,Dallas,0-1km,1144.5,1
2024-03-10,Dallas,1-2km,1144.5,1
2024-03-10,Houston,0-1km,327.0,1
2024-03-10,Houston,1-2km,654.0,1
2024-03-10,Houston,2-3km,327.0,1
2024-03-10,Houston,3-5km,515.0,2
2024-03-10,Houston,5km+,654.0,1
2024-03-11,Dallas,0-1km,1399.6666666666667,2
2024-03-11,Dallas,1-2km,3223.6666666666665,3
2024-03-11,Dallas,2-3km,450.6666666666667,1
2024-03-11,Houston,0-1km,676.0,1
2024-03-11,Houston,1-2km,3111.0,3
2024-03-11,Houston,2-3km,338.0,1
2024-03-11,Houston,5km+,949.0,1
2024-03-12,Houston,0-1km,186.33333333333334,1
2024-03-12,Houston,1-2km,186.33333333333334,1
2024-03-12,Houston,2-3km,186.33333333333334,1
2024-03-14,Dallas,0-1km,1123.0,2
2024-03-14,Dallas,1-2km,1184.0,1
2024-03-14,Houston,0-1km,592.0,1
2024-03-14,Houston,1-2km,1184.0,1
2024-03-15,Dallas,0-1km,1973.5,3
2024-03-15,Dallas,1-2km,1228.5,2
2024-03-15,Houston,0-1km,1169.1,2
2024-03-15,Houston,1-2km,2707.05,4
2024-03-15,Houston,2-3km,372.5,1
2024-03-15,Houston,5km+,703.35,2
2024-03-16,Dallas,0-1km,1567.0833333333333,2
2024-03-16,Dallas,1-2km,1074.1666666666665,2
2024-03-16,Dallas,2-3km,913.25,2
2024-03-16,Dallas,3-5km,719.5,1
2024-03-16,Houston,0-1km,2010.65,4
2024-03-16,Houston,1-2km,1241.8,3
2024-03-16,Houston,3-5km,134.8,1
2024-03-16,Houston,5km+,1223.75,2
2024-03-17,Dallas,0-1km,3505.875,3
2024-03-17,Dallas,1-2km,3473.125,3
2024-03-17,Dallas,2-3km,446.0,1
2024-03-17,Houston,0-1km,1816.3727272727274,3
2024-03-17,Houston,1-2km,1842.6545454545455,4
2024-03-17,Houston,2-3km,2977.1363636363635,3
2024-03-17,Houston,3-5km,450.8363636363636,2
2024-03-18,Dallas,0-1km,2125.2,2
2024-03-18,Dallas,1-2km,303.8,1
2024-03-18,Houston,0-1km,848.5,2
2024-03-18,Houston,1-2km,544.0,2
2024-03-18,Houston,2-3km,834.75,2
2024-03-18,Houston,3-5km,185.0,1
2024-03-18,Houston,5km+,468.75,2
2024-03-19,Dallas,0-1km,2033.5,2
2024-03-19,Dallas,1-2km,1663.5,2
2024-03-19,Houston,0-1km,1848.5,2
2024-03-19,Houston,1-2km,646.75,1
2024-03-19,Houston,5km+,1201.75,2
2024-03-20,Dallas,0-1km,1851.75,3
2024-03-20,Dallas,1-2km,3614.5,2
2024-03-20,Dallas,2-3km,900.75,2
2024-03-20,Dallas,3-5km,537.0,1
2024-03-20,Houston,0-1km,1087.0,2
2024-03-20,Houston,1-2km,3739.0,3
2024-03-20,Houston,5km+,550.0,1
2024-03-21,Houston,3-5km,339.0,1
2024-03-22,Dallas,0-1km,1907.75,3
2024-03-22,Dallas,1-2km,1210.25,3
2024-03-22,Houston,0-1km,888.5818181818181,3
2024-03-22,Houston,1-2km,599.6363636363636,3
2024-03-22,Houston,2-3km,169.0909090909091,1
2024-03-22,Houston,3-5km,637.4909090909091,3
2024-03-22,Houston,5km+,503.2,1
2024-03-23,Dallas,0-1km,800.0,1
2024-03-23,Houston,1-2km,400.0,1
2024-03-23,Houston,2-3km,400.0,1
2024-03-24,Dallas,1-2km,4385.0,2
2024-03-24,Houston,1-2km,2284.0,1
2024-03-24,Houston,2-3km,2101.0,1
2024-03-25,Dallas,0-1km,25.0,1
2024-03-25,Dallas,1-2km,25.0,1
2024-03-25,Dallas,2-3km,25.0,1
2024-03-25,Houston,0-1km,100.0,2
2024-03-25,Houston,3-5km,25.0,1
2024-03-25,Houston,5km+,25.0,1
2024-03-26,Dallas,0-1km,3502.1333333333337,2
2024-03-26,Dallas,1-2km,918.5333333333334,2
2024-03-26,Dallas,2-3km,57.333333333333336,1
2024-03-26,Houston,0-1km,2382.3333333333335,3
2024-03-26,Houston,2-3km,1076.5,1
2024-03-26,Houston,3-5km,57.333333333333336,1
2024-03-26,Houston,5km+,1133.8333333333333,2
2024-03-27,Dallas,0-1km,2267.5,3
2024-03-27,Dallas,1-2km,2734.5,3
2024-03-27,Houston,0-1km,1487.5666666666666,3
2024-03-27,Houston,1-2km,706.8666666666666,3
2024-03-27,Houston,2-3km,4443.0,3
2024-03-27,Houston,5km+,1487.5666666666666,3
2024-03-28,Dallas,0-1km,782.0,1
2024-03-28,Houston,1-2km,391.0,1
2024-03-28,Houston,2-3km,391.0,1
2024-03-29,Dallas,0-1km,5770.166666666666,6
2024-03-29,Dallas,1-2km,2236.833333333333,4
2024-03-29,Dallas,2-3km,1408.0,1
2024-03-29,Houston,0-1km,5425.2,4
2024-03-29,Houston,1-2km,329.9,3
2024-03-29,Houston,2-3km,134.5,1
2024-03-29,Houston,3-5km,2424.6,2
2024-03-29,Houston,5km+,1835.8,2
2024-03-31,Dallas,0-1km,31.333333333333332,1
2024-03-31,Dallas,1-2km,2492.3333333333335,2
2024-03-31,Dallas,2-3km,2308.333333333333,3
2024-03-31,Dallas,3-5km,1052.0,1
2024-03-31,Houston,0-1km,1789.8333333333333,4
2024-03-31,Houston,1-2km,1052.0,1
2024-03-31,Houston,2-3km,2461.0,1
2024-03-31,Houston,3-5km,552.5833333333334,3
2024-03-31,Houston,5km+,337.5833333333333,2
2024-04-02,Dallas,0-1km,2556.3,3
2024-04-02,Dallas,1-2km,2114.7,3
2024-04-02,Dallas,2-3km,1828.0,2
2024-04-02,Houston,0-1km,3430.3,6
2024-04-02,Houston,1-2km,1158.35,2
2024-04-02,Houston,2-3km,184.0,1
2024-04-02,Houston,3-5km,674.1,3
2024-04-02,Houston,5km+,1633.25,4
2024-04-03,Houston,0-1km,156.0,1
2024-04-03,Houston,1-2km,156.0,1
2024-04-03,Houston,2-3km,156.0,1
2024-04-03,Houston,3-5km,638.0,1
2024-04-04,Dallas,0-1km,755.7142857142857,2
2024-04-04,Dallas,1-2km,580.2857142857143,1
2024-04-04,Dallas,2-3km,767.0,1
2024-04-04,Dallas,3-5km,767.0,1
2024-04-04,Houston,0-1km,992.6666666666666,2
2024-04-04,Houston,1-2km,767.0,1
2024-04-04,Houston,2-3km,225.66666666666666,1
2024-04-04,Houston,3-5km,112.83333333333333,1
2024-04-04,Houston,5km+,112.83333333333333,1
2024-04-05,Dallas,0-1km,667.0,1
2024-04-05,Dallas,1-2km,2003.0,2
2024-04-05,Houston,0-1km,828.6,3
2024-04-05,Houston,1-2km,561.8,3
2024-04-05,Houston,2-3km,1483.6666666666667,2
2024-04-05,Houston,5km+,680.9333333333334,2
2024-04-06,Dallas,2-3km,1263.0,1
2024-04-06,Dallas,3-5km,1263.0,1
2024-04-06,Houston,0-1km,1379.0,2
2024-04-06,Houston,1-2km,1379.0,2
2024-04-06,Houston,5km+,116.0,1
2024-04-07,Dallas,0-1km,761.5714285714286,3
2024-04-07,Dallas,1-2km,1065.4285714285713,2
2024-04-07,Houston,0-1km,414.3333333333333,2
2024-04-07,Houston,1-2km,292.0,1
2024-04-07,Houston,2-3km,706.3333333333333,3
2024-04-07,Houston,3-5km,207.16666666666666,1
2024-04-07,Houston,5km+,207.16666666666666,2
2024-04-08,Dallas,2-3km,1493.0,1
2024-04-08,Dallas,3-5km,1493.0,1
2024-04-08,Houston,0-1km,1493.0,1
2024-04-08,Houston,1-2km,1493.0,1
2024-04-09,Dallas,0-1km,105.25,1
2024-04-09,Dallas,1-2km,210.5,1
2024-04-09,Dallas,2-3km,1142.25,2
2024-04-09,Houston,0-1km,623.75,2
2024-04-09,Houston,1-2km,210.5,1
2024-04-09,Houston,3-5km,259.25,1
2024-04-09,Houston,5km+,364.5,2
2024-04-10,Dallas,0-1km,504.0,1
2024-04-10,Dallas,2-3km,1418.0,1
2024-04-10,Dallas,3-5km,1418.0,1
2024-04-10,Houston,0-1km,1418.0,1
2024-04-10,Houston,1-2km,1670.0,2
2024-04-10,Houston,2-3km,252.0,1
2024-04-11,Dallas,0-1km,1176.5,2
2024-04-11,Dallas,1-2km,2285.5,2
2024-04-11,Dallas,2-3km,303.0,1
2024-04-11,Houston,0-1km,8013.0,2
2024-04-11,Houston,1-2km,282.0,2
2024-04-11,Houston,2-3km,2018.0,1
2024-04-11,Houston,5km+,214.0,1
2024-04-12,Dallas,0-1km,25.0,1
2024-04-13,Dallas,0-1km,4240.875,3
2024-04-13,Dallas,1-2km,2473.125,3
2024-04-13,Dallas,2-3km,1242.5,1
2024-04-13,Dallas,3-5km,1242.5,1
2024-04-13,Houston,0-1km,2298.590909090909,3
2024-04-13,Houston,1-2km,3084.318181818182,4
2024-04-13,Houston,2-3km,428.54545454545456,1
2024-04-13,Houston,3-5km,428.54545454545456,1
2024-04-13,Houston,5km+,1199.0,2
2024-04-14,Dallas,0-1km,767.0,1
2024-04-15,Dallas,0-1km,4257.375,4
2024-04-15,Dallas,1-2km,1200.625,2
2024-04-15,Dallas,2-3km,712.0,1
2024-04-15,Houston,0-1km,1268.1454545454544,2
2024-04-15,Houston,1-2km,975.9090909090909,2
2024-04-15,Houston,2-3km,2077.272727272727,3
2024-04-15,Houston,3-5km,1538.6727272727271,3
2024-04-16,Dallas,0-1km,637.0,1
2024-04-16,Dallas,1-2km,637.0,1
2024-04-16,Dallas,2-3km,1890.0,1
2024-04-16,Houston,0-1km,1454.6,2
2024-04-16,Houston,1-2km,254.8,1
2024-04-16,Houston,3-5km,472.5,1
2024-04-16,Houston,5km+,982.1,2
2024-04-17,Dallas,0-1km,444.0,1
2024-04-17,Dallas,1-2km,444.0,1
2024-04-17,Houston,0-1km,355.2,1
2024-04-17,Houston,1-2km,177.6,1
2024-04-17,Houston,5km+,355.2,1
2024-04-18,Dallas,2-3km,1245.0,1
2024-04-18,Houston,0-1km,787.1666666666666,2
2024-04-18,Houston,1-2km,164.66666666666666,1
2024-04-18,Houston,3-5km,508.25,2
2024-04-18,Houston,5km+,475.91666666666663,2
2024-04-19,Dallas,2-3km,831.5,1
2024-04-19,Dallas,3-5km,831.5,1
2024-04-19,Houston,0-1km,872.9,2
2024-04-19,Houston,1-2km,5855.3,3
2024-04-19,Houston,3-5km,82.8,1
2024-04-20,Dallas,2-3km,1629.0,1
2024-04-20,Dallas,3-5km,1629.0,1
2024-04-20,Houston,0-1km,12353.0,2
2024-04-20,Houston,1-2km,1629.0,1
2024-04-21,Dallas,0-1km,6702.666666666667,3
2024-04-21,Dallas,1-2km,2195.3333333333335,2
2024-04-21,Houston,0-1km,2504.3333333333335,3
2024-04-21,Houston,1-2km,608.3333333333334,2
2024-04-21,Houston,2-3km,1791.0,1
2024-04-21,Houston,3-5km,1791.0,1
2024-04-21,Houston,5km+,2504.3333333333335,3
2024-04-22,Dallas,0-1km,110.0,1
2024-04-22,Dallas,1-2km,110.0,1
2024-04-22,Dallas,2-3km,110.0,1
2024-04-22,Houston,0-1km,523.0,2
2024-04-22,Houston,1-2km,412.0,2
2024-04-22,Houston,2-3km,3760.0,2
2024-04-22,Houston,5km+,110.0,1
2024-04-23,Dallas,0-1km,4876.916666666667,3
2024-04-23,Dallas,1-2km,2277.0833333333335,3
2024-04-23,Dallas,2-3km,1254.0,1
2024-04-23,Houston,0-1km,4114.909090909091,3
2024-04-23,Houston,1-2km,1958.181818181818,2
2024-04-23,Houston,2-3km,469.45454545454544,1
2024-04-23,Houston,3-5km,469.45454545454544,1
2024-04-24,Dallas,0-1km,1622.4,1
2024-04-24,Dallas,1-2km,405.6,1
2024-04-24,Houston,0-1km,1014.0,1
2024-04-24,Houston,2-3km,507.0,1
2024-04-24,Houston,3-5km,225.0,1
2024-04-24,Houston,5km+,507.0,1
2024-04-25,Dallas,0-1km,2018.4,1
2024-04-25,Dallas,1-2km,504.6,1
2024-04-25,Houston,0-1km,1397.1666666666667,2
2024-04-25,Houston,1-2km,135.66666666666666,1
2024-04-25,Houston,2-3km,766.4166666666666,2
2024-04-25,Houston,5km+,630.75,1
2024-04-26,Dallas,0-1km,1400.5,2
2024-04-26,Dallas,1-2km,1442.0,1
2024-04-26,Dallas,2-3km,226.5,1
2024-04-26,Houston,0-1km,721.0,1
2024-04-26,Houston,1-2km,1442.0,1
2024-04-27,Dallas,0-1km,1030.3333333333335,2
2024-04-27,Dallas,1-2km,1206.3333333333335,2
2024-04-27,Dallas,2-3km,1030.3333333333335,2
2024-04-27,Houston,0-1km,1457.5,2
2024-04-27,Houston,1-2km,992.75,2
2024-04-27,Houston,2-3km,640.75,1
2024-04-27,Houston,5km+,176.0,1
2024-04-28,Dallas,0-1km,150.52380952380952,2
2024-04-28,Dallas,1-2km,754.8095238095237,2
2024-04-28,Dallas,2-3km,29.666666666666668,1
2024-04-28,Houston,0-1km,400.6666666666667,3
2024-04-28,Houston,2-3km,282.0,1
2024-04-28,Houston,3-5km,487.66666666666663,3
2024-04-28,Houston,5km+,170.66666666666666,2
2024-04-29,Dallas,0-1km,1244.4285714285716,3
2024-04-29,Dallas,1-2km,2004.5714285714287,2
2024-04-29,Dallas,2-3km,2662.0,1
2024-04-29,Houston,0-1km,956.3333333333334,2
2024-04-29,Houston,1-2km,448.0,2
2024-04-29,Houston,2-3km,4187.333333333333,4
2024-04-29,Houston,3-5km,636.1666666666667,2
2024-04-29,Houston,5km+,650.1666666666667,2
2024-04-30,Dallas,0-1km,1089.0,2
2024-04-30,Dallas,1-2km,495.0,2
2024-04-30,Houston,0-1km,288.0,1
2024-04-30,Houston,1-2km,216.0,1
2024-04-30,Houston,2-3km,144.0,1
2024-04-30,Houston,3-5km,144.0,1
2024-05-01,Houston,0-1km,242.0,1
2024-05-01,Houston,1-2km,242.0,1
2024-05-01,Houston,5km+,242.0,1
2024-05-02,Dallas,0-1km,2336.0,3
2024-05-02,Dallas,1-2km,1655.0,3
2024-05-02,Dallas,2-3km,903.0,1
2024-05-02,Dallas,3-5km,903.0,1
2024-05-02,Houston,0-1km,2500.0151515151515,4
2024-05-02,Houston,1-2km,1873.719696969697,4
2024-05-02,Houston,2-3km,344.42424242424244,2
2024-05-02,Houston,3-5km,165.0909090909091,1
2024-05-02,Houston,5km+,543.75,1
2024-05-03,Dallas,0-1km,1815.75,1
2024-05-03,Dallas,2-3km,605.25,1
2024-05-03,Houston,0-1km,860.0,1
2024-05-06,Dallas,3-5km,764.0,1
2024-05-06,Houston,1-2km,1122.0,1
2024-05-06,Houston,3-5km,317.0,1
2024-05-07,Dallas,0-1km,955.3333333333334,1
2024-05-07,Dallas,1-2km,1547.6666666666667,2
2024-05-07,Houston,0-1km,1820.5,2
2024-05-07,Houston,3-5km,474.0,1
2024-05-07,Houston,5km+,716.5,1
2024-05-08,Dallas,0-1km,3310.8,2
2024-05-08,Dallas,1-2km,1360.2,2
2024-05-08,Houston,0-1km,2335.5,2
2024-05-08,Houston,1-2km,5079.0,1
2024-05-08,Houston,2-3km,369.0,1
2024-05-08,Houston,5km+,1966.5,2
2024-05-09,Dallas,0-1km,1248.05,2
2024-05-09,Dallas,1-2km,618.7,2
2024-05-09,Dallas,2-3km,175.25,1
2024-05-09,Dallas,3-5km,1554.0,1
2024-05-09,Houston,0-1km,13925.75,3
2024-05-09,Houston,1-2km,350.5,1
2024-05-09,Houston,2-3km,335.25,1
2024-05-09,Houston,5km+,510.5,2
2024-05-10,Dallas,1-2km,2314.0,1
2024-05-10,Dallas,2-3km,959.0,1
2024-05-10,Dallas,3-5km,959.0,1
2024-05-10,Houston,0-1km,1023.0,2
2024-05-10,Houston,1-2km,3401.0,3
2024-05-10,Houston,3-5km,128.0,1
2024-05-11,Dallas,0-1km,3024.5,3
2024-05-11,Dallas,1-2km,1183.0,1
2024-05-11,Dallas,2-3km,3574.5,2
2024-05-11,Houston,0-1km,2877.5,2
2024-05-11,Houston,1-2km,591.5,1
2024-05-11,Houston,2-3km,642.5,1
2024-05-11,Houston,3-5km,1489.75,2
2024-05-11,Houston,5km+,1438.75,2
2024-05-12,Dallas,0-1km,126.0,1
2024-05-12,Dallas,1-2km,252.0,1
2024-05-12,Dallas,2-3km,126.0,1
2024-05-12,Houston,0-1km,399.0,2
2024-05-12,Houston,1-2km,525.0,2
2024-05-12,Houston,5km+,399.0,2
2024-05-13,Dallas,0-1km,2176.0,2
2024-05-13,Dallas,1-2km,445.0,1
2024-05-13,Houston,0-1km,1310.5,2
2024-05-13,Houston,5km+,1310.5,2
2024-05-14,Dallas,0-1km,776.0,1
2024-05-14,Houston,0-1km,776.0,1
2024-05-15,Dallas,0-1km,332.0,1
2024-05-15,Dallas,1-2km,1992.0,1
2024-05-15,Houston,0-1km,774.6666666666666,1
2024-05-15,Houston,2-3km,774.6666666666666,1
2024-05-15,Houston,3-5km,387.3333333333333,1
2024-05-15,Houston,5km+,387.3333333333333,1
2024-05-16,Dallas,0-1km,3271.5,4
2024-05-16,Dallas,1-2km,1578.5,3
2024-05-16,Dallas,2-3km,216.0,1
2024-05-16,Houston,0-1km,2323.4285714285716,3
2024-05-16,Houston,1-2km,1391.857142857143,4
2024-05-16,Houston,2-3km,738.4285714285714,2
2024-05-16,Houston,3-5km,208.42857142857142,1
2024-05-16,Houston,5km+,632.8571428571429,2
2024-05-17,Dallas,0-1km,478.57142857142856,1
2024-05-17,Dallas,1-2km,2871.4285714285716,1
2024-05-17,Dallas,2-3km,563.0,1
2024-05-17,Houston,0-1km,1454.4666666666667,2
2024-05-17,Houston,1-2km,112.6,1
2024-05-17,Houston,2-3km,1116.6666666666667,1
2024-05-17,Houston,3-5km,939.9333333333334,3
2024-05-17,Houston,5km+,558.3333333333334,1
2024-05-18,Dallas,0-1km,2021.1666666666665,3
2024-05-18,Dallas,1-2km,2002.8333333333333,2
2024-05-18,Dallas,2-3km,654.0,1
2024-05-18,Houston,0-1km,1220.8666666666668,2
2024-05-18,Houston,1-2km,1563.9333333333334,2
2024-05-18,Houston,5km+,585.2,1
2024-05-19,Dallas,0-1km,4080.875,3
2024-05-19,Dallas,1-2km,2601.125,3
2024-05-19,Dallas,2-3km,2438.0,2
2024-05-19,Houston,0-1km,2003.6545454545455,3
2024-05-19,Houston,1-2km,2040.490909090909,3
2024-05-19,Houston,2-3km,358.72727272727275,1
2024-05-19,Houston,3-5km,934.6272727272727,3
2024-05-19,Houston,5km+,1809.5,2
2024-05-20,Houston,0-1km,191.33333333333334,1
2024-05-20,Houston,1-2km,1450.3333333333333,2
2024-05-20,Houston,2-3km,191.33333333333334,1
2024-05-21,Dallas,0-1km,1782.0,1
2024-05-21,Dallas,1-2km,1829.0,2
2024-05-21,Dallas,2-3km,2372.0,1
2024-05-21,Dallas,3-5km,2372.0,1
2024-05-21,Houston,0-1km,5045.0,2
2024-05-21,Houston,1-2km,3310.0,2
2024-05-22,Houston,3-5km,275.0,1
2024-05-23,Dallas,0-1km,4888.375,4
2024-05-23,Dallas,1-2km,1518.125,2
2024-05-23,Dallas,2-3km,309.5,1
2024-05-23,Houston,0-1km,883.2727272727273,1
2024-05-23,Houston,1-2km,972.4545454545455,2
2024-05-23,Houston,2-3km,1690.6363636363635,3
2024-05-23,Houston,3-5km,811.6363636363636,2
2024-05-24,Dallas,0-1km,988.0,1
2024-05-24,Dallas,1-2km,988.0,1
2024-05-24,Houston,0-1km,2670.0,2
2024-05-24,Houston,1-2km,494.0,1
2024-05-24,Houston,5km+,494.0,1
2024-05-26,Dallas,0-1km,0.0,1
2024-05-26,Houston,0-1km,312.0,1
2024-05-27,Dallas,0-1km,1359.0,2
2024-05-27,Dallas,1-2km,887.0,1
2024-05-27,Dallas,2-3km,2094.0,1
2024-05-27,Houston,0-1km,1989.5,3
2024-05-27,Houston,1-2km,2065.5,4
2024-05-27,Houston,2-3km,236.0,1
2024-05-27,Houston,3-5km,523.5,1
2024-05-27,Houston,5km+,1600.5,3
2024-05-28,Dallas,2-3km,177.0,1
2024-05-28,Houston,0-1km,118.0,1
2024-05-28,Houston,2-3km,59.0,1
2024-05-29,Dallas,0-1km,2518.166666666667,3
2024-05-29,Dallas,1-2km,3772.8333333333335,3
2024-05-29,Dallas,2-3km,98.0,1
2024-05-29,Houston,0-1km,1254.6666666666667,2
2024-05-29,Houston,1-2km,2509.3333333333335,2
2024-05-29,Houston,5km+,98.0,1
2024-05-30,Dallas,0-1km,956.5,1
2024-05-30,Dallas,1-2km,956.5,1
2024-05-30,Houston,0-1km,10576.5,2
2024-05-30,Houston,1-2km,478.25,1
2024-05-30,Houston,5km+,478.25,1
2024-05-31,Dallas,0-1km,4000.5,3
2024-05-31,Dallas,1-2km,4637.5,3
2024-05-31,Dallas,2-3km,1015.0,1
2024-05-31,Dallas,3-5km,1015.0,1
2024-05-31,Houston,0-1km,1903.7272727272727,2
2024-05-31,Houston,1-2km,2001.5454545454545,3
2024-05-31,Houston,2-3km,3874.3636363636365,3
2024-05-31,Houston,3-5km,444.3636363636364,1
2024-06-01,Dallas,0-1km,4050.8,2
2024-06-01,Dallas,1-2km,1422.2,2
2024-06-01,Houston,0-1km,2627.3,2
2024-06-01,Houston,1-2km,218.4,1
2024-06-01,Houston,2-3km,1095.25,1
2024-06-01,Houston,3-5km,404.0,1
2024-06-01,Houston,5km+,1532.05,2
2024-06-02,Dallas,0-1km,2029.5714285714284,2
2024-06-02,Dallas,1-2km,2703.4285714285716,1
2024-06-02,Dallas,3-5km,1843.0,1
2024-06-02,Houston,0-1km,1051.3333333333333,1
2024-06-02,Houston,1-2km,789.5,1
2024-06-02,Houston,2-3km,1840.8333333333333,2
2024-06-02,Houston,3-5km,525.6666666666666,1
2024-06-02,Houston,5km+,525.6666666666666,1
2024-06-03,Dallas,0-1km,1640.5,3
2024-06-03,Dallas,1-2km,1001.5,3
2024-06-03,Houston,0-1km,752.6181818181818,3
2024-06-03,Houston,1-2km,6119.163636363636,4
2024-06-03,Houston,2-3km,154.9090909090909,1
2024-06-03,Houston,3-5km,290.1090909090909,2
2024-06-03,Houston,5km+,375.2,1
2024-06-04,Dallas,0-1km,2860.0,2
2024-06-04,Dallas,1-2km,1300.0,2
2024-06-04,Houston,0-1km,756.3636363636364,1
2024-06-04,Houston,1-2km,567.2727272727273,1
2024-06-04,Houston,2-3km,378.1818181818182,1
2024-06-04,Houston,3-5km,378.1818181818182,1
2024-06-05,Dallas,0-1km,866.0,2
2024-06-05,Dallas,1-2km,2064.0,1
2024-06-05,Dallas,2-3km,1630.0,1
2024-06-05,Houston,0-1km,802.6666666666666,1
2024-06-05,Houston,1-2km,261.0,1
2024-06-05,Houston,2-3km,2963.6666666666665,3
2024-06-05,Houston,3-5km,401.3333333333333,1
2024-06-05,Houston,5km+,401.3333333333333,1
2024-06-06,Dallas,0-1km,457.0,2
2024-06-06,Dallas,1-2km,457.0,2
2024-06-06,Dallas,2-3km,3639.0,3
2024-06-06,Houston,0-1km,762.1666666666666,3
2024-06-06,Houston,1-2km,319.75,1
2024-06-06,Houston,2-3km,3501.75,2
2024-06-06,Houston,3-5km,30.666666666666668,1
2024-06-06,Houston,5km+,30.666666666666668,1
2024-06-07,Dallas,0-1km,3941.5,4
2024-06-07,Dallas,1-2km,2773.75,3
2024-06-07,Dallas,2-3km,3087.75,2
2024-06-07,Houston,0-1km,726.5454545454545,1
2024-06-07,Houston,1-2km,544.9090909090909,1
2024-06-07,Houston,2-3km,4585.272727272727,3
2024-06-07,Houston,3-5km,363.27272727272725,1
2024-06-08,Dallas,0-1km,2117.0,1
2024-06-08,Dallas,1-2km,2117.0,1
2024-06-08,Houston,0-1km,3175.5,1
2024-06-08,Houston,5km+,1058.5,1
2024-06-09,Dallas,0-1km,580.5,1
2024-06-09,Dallas,2-3km,3717.0,2
2024-06-09,Dallas,3-5km,3136.5,1
2024-06-09,Houston,0-1km,3678.9,3
2024-06-09,Houston,1-2km,3292.5,2
2024-06-09,Houston,3-5km,852.6,2
2024-06-11,Dallas,0-1km,738.9047619047619,2
2024-06-11,Dallas,1-2km,2371.7619047619046,2
2024-06-11,Dallas,2-3km,2605.3333333333335,2
2024-06-11,Houston,0-1km,2477.0,3
2024-06-11,Houston,1-2km,309.25,1
2024-06-11,Houston,2-3km,1071.25,2
2024-06-11,Houston,3-5km,929.25,2
2024-06-11,Houston,5km+,929.25,2
2024-06-12,Dallas,0-1km,921.25,2
2024-06-12,Dallas,1-2km,418.75,2
2024-06-12,Houston,0-1km,472.6363636363636,2
2024-06-12,Houston,1-2km,411.72727272727275,2
2024-06-12,Houston,2-3km,121.81818181818181,1
2024-06-12,Houston,3-5km,121.81818181818181,1
2024-06-12,Houston,5km+,229.0,1
2024-06-13,Dallas,0-1km,1479.0,2
2024-06-13,Houston,1-2km,318.0,1
2024-06-13,Houston,2-3km,739.5,2
2024-06-13,Houston,3-5km,421.5,1
2024-06-14,Dallas,0-1km,298.0,1
2024-06-14,Dallas,2-3km,4578.5,3
2024-06-14,Dallas,3-5km,1714.5,1
2024-06-14,Houston,0-1km,1878.5,2
2024-06-14,Houston,1-2km,1714.5,1
2024-06-14,Houston,2-3km,82.0,1
2024-06-14,Houston,3-5km,349.0,1
2024-06-15,Dallas,0-1km,2146.0,1
2024-06-15,Dallas,2-3km,996.0,1
2024-06-15,Dallas,3-5km,996.0,1
2024-06-15,Houston,0-1km,1322.3333333333333,2
2024-06-15,Houston,1-2km,9965.333333333332,4
2024-06-15,Houston,2-3km,1073.0,1
2024-06-15,Houston,5km+,326.3333333333333,1
2024-06-16,Dallas,0-1km,685.0,1
2024-06-16,Houston,1-2km,342.5,1
2024-06-16,Houston,2-3km,342.5,1
2024-06-17,Dallas,0-1km,334.6666666666667,3
2024-06-17,Dallas,1-2km,307.6666666666667,2
2024-06-17,Dallas,2-3km,274.6666666666667,1
2024-06-17,Houston,0-1km,274.6666666666667,1
2024-06-17,Houston,1-2km,340.6666666666667,2
2024-06-17,Houston,5km+,274.6666666666667,1
2024-06-18,Dallas,0-1km,753.6666666666666,2
2024-06-18,Dallas,1-2km,174.66666666666666,1
2024-06-18,Dallas,2-3km,174.66666666666666,1
2024-06-18,Houston,0-1km,174.66666666666666,1
2024-06-18,Houston,1-2km,464.16666666666663,2
2024-06-18,Houston,2-3km,289.5,1
2024-06-18,Houston,5km+,174.66666666666666,1
2024-06-19,Dallas,0-1km,1879.5,3
2024-06-19,Dallas,1-2km,1133.5,3
2024-06-19,Dallas,2-3km,38.0,1
2024-06-19,Houston,0-1km,1550.6,4
2024-06-19,Houston,1-2km,139.8,1
2024-06-19,Houston,3-5km,38.0,1
2024-06-19,Houston,5km+,1436.6,3
2024-06-20,Dallas,0-1km,208.0,1
2024-06-20,Dallas,3-5km,2547.0,1
2024-06-20,Houston,0-1km,198.0,1
2024-06-20,Houston,1-2km,302.0,2
2024-06-20,Houston,2-3km,302.0,2
2024-06-21,Dallas,0-1km,1108.0,1
2024-06-21,Dallas,1-2km,2216.0,1
2024-06-21,Houston,0-1km,1261.0,2
2024-06-21,Houston,1-2km,2369.0,2
2024-06-21,Houston,5km+,153.0,1
2024-06-22,Dallas,0-1km,313.0,1
2024-06-22,Dallas,2-3km,345.0,1
2024-06-22,Houston,0-1km,207.0,1
2024-06-22,Houston,1-2km,225.5,2
2024-06-22,Houston,2-3km,156.5,1
2024-06-22,Houston,3-5km,69.0,1
2024-06-22,Houston,5km+,234.0,1
2024-06-23,Dallas,0-1km,741.0,1
2024-06-23,Dallas,1-2km,741.0,1
2024-06-23,Dallas,2-3km,2108.0,1
2024-06-23,Houston,0-1km,1851.2,3
2024-06-23,Houston,1-2km,482.9,2
2024-06-23,Houston,3-5km,639.4,2
2024-06-23,Houston,5km+,897.5,2
2024-06-24,Dallas,0-1km,334.0,1
2024-06-24,Dallas,2-3km,1293.0,1
2024-06-24,Dallas,3-5km,1293.0,1
2024-06-24,Houston,0-1km,2085.0,2
2024-06-24,Houston,1-2km,1460.0,2
2024-06-24,Houston,2-3km,167.0,1
2024-06-25,Dallas,0-1km,839.3333333333333,2
2024-06-25,Dallas,1-2km,317.3333333333333,1
2024-06-25,Dallas,2-3km,317.3333333333333,1
2024-06-25,Houston,0-1km,476.0,1
2024-06-25,Houston,1-2km,499.0,2
2024-06-25,Houston,2-3km,499.0,2
2024-06-26,Dallas,0-1km,1237.5,2
2024-06-26,Dallas,1-2km,562.5,2
2024-06-26,Houston,0-1km,478.27272727272725,2
2024-06-26,Houston,1-2km,396.4545454545455,2
2024-06-26,Houston,2-3km,163.63636363636363,1
2024-06-26,Houston,3-5km,163.63636363636363,1
2024-06-26,Houston,5km+,151.0,1
2024-06-27,Dallas,0-1km,1521.0,4
2024-06-27,Dallas,1-2km,347.0,1
2024-06-27,Dallas,2-3km,936.0,3
2024-06-27,Houston,0-1km,173.5,1
2024-06-27,Houston,1-2km,402.5,2
2024-06-27,Houston,2-3km,1206.5,2
2024-06-27,Houston,5km+,173.5,1
2024-06-28,Dallas,0-1km,517.5,1
2024-06-28,Dallas,2-3km,172.5,1
2024-06-29,Dallas,0-1km,0.0,1
2024-06-29,Dallas,1-2km,0.0,1
2024-06-29,Houston,0-1km,0.0,1
2024-06-29,Houston,2-3km,0.0,1
2024-06-29,Houston,5km+,0.0,1
2024-06-30,Houston,0-1km,75.0,1
2024-06-30,Houston,1-2km,150.0,1
2024-06-30,Houston,3-5km,150.0,1
2024-07-01,Dallas,0-1km,286.0,1
2024-07-01,Dallas,1-2km,286.0,1
2024-07-01,Dallas,2-3km,286.0,1
2024-07-01,Houston,0-1km,2470.0,2
2024-07-01,Houston,1-2km,286.0,1
2024-07-01,Houston,3-5km,217.0,1
2024-07-01,Houston,5km+,286.0,1
2024-07-02,Dallas,0-1km,2519.3214285714284,5
2024-07-02,Dallas,1-2km,3721.4285714285716,3
2024-07-02,Dallas,2-3km,1634.25,4
2024-07-02,Houston,0-1km,2836.2666666666664,6
2024-07-02,Houston,1-2km,504.3333333333333,2
2024-07-02,Houston,2-3km,1403.6666666666667,2
2024-07-02,Houston,3-5km,1931.9,3
2024-07-02,Houston,5km+,1074.8333333333335,3
2024-07-03,Dallas,0-1km,3007.208333333333,4
2024-07-03,Dallas,1-2km,1307.2916666666665,3
2024-07-03,Dallas,2-3km,2005.5,3
2024-07-03,Houston,0-1km,2569.378787878788,4
2024-07-03,Houston,1-2km,139.9090909090909,1
2024-07-03,Houston,2-3km,221.93939393939394,2
2024-07-03,Houston,3-5km,416.02272727272725,2
2024-07-03,Houston,5km+,2007.75,3
2024-07-04,Dallas,0-1km,1211.0,2
2024-07-04,Houston,0-1km,3707.0,1
2024-07-04,Houston,1-2km,198.0,1
2024-07-04,Houston,2-3km,198.0,1
2024-07-06,Dallas,0-1km,39.666666666666664,1
2024-07-06,Dallas,1-2km,39.666666666666664,1
2024-07-06,Dallas,2-3km,39.666666666666664,1
2024-07-06,Houston,0-1km,158.66666666666666,2
2024-07-06,Houston,3-5km,39.666666666666664,1
2024-07-06,Houston,5km+,39.666666666666664,1
2024-07-07,Dallas,0-1km,1000.1428571428571,2
2024-07-07,Dallas,1-2km,2375.857142857143,2
2024-07-07,Houston,0-1km,1222.0,2
2024-07-07,Houston,1-2km,2170.0,2
2024-07-07,Houston,2-3km,642.0,1
2024-07-07,Houston,3-5km,321.0,1
2024-07-07,Houston,5km+,901.0,2
2024-07-08,Dallas,0-1km,222.0,1
2024-07-08,Dallas,2-3km,946.0,1
2024-07-08,Dallas,3-5km,1583.0,2
2024-07-08,Houston,0-1km,946.0,1
2024-07-08,Houston,1-2km,946.0,1
2024-07-10,Dallas,0-1km,249.0,1
2024-07-10,Dallas,1-2km,249.0,1
2024-07-10,Dallas,2-3km,249.0,1
2024-07-10,Houston,0-1km,249.0,1
2024-07-10,Houston,1-2km,249.0,1
2024-07-10,Houston,5km+,249.0,1
2024-07-11,Dallas,0-1km,2488.2380952380954,4
2024-07-11,Dallas,1-2km,4809.761904761905,4
2024-07-11,Dallas,2-3km,5103.0,3
2024-07-11,Houston,0-1km,4048.2571428571428,6
2024-07-11,Houston,1-2km,2337.247619047619,3
2024-07-11,Houston,2-3km,895.5238095238095,3
2024-07-11,Houston,3-5km,1302.357142857143,3
2024-07-11,Houston,5km+,2094.614285714286,4
2024-07-12,Dallas,1-2km,128.0,1
2024-07-12,Dallas,2-3km,410.0,1
2024-07-12,Houston,0-1km,246.0,1
2024-07-12,Houston,1-2km,82.0,1
2024-07-12,Houston,3-5km,82.0,1
2024-07-13,Dallas,0-1km,1280.5,1
2024-07-13,Dallas,1-2km,1866.0,1
2024-07-13,Dallas,2-3km,1568.5,2
2024-07-13,Houston,0-1km,1307.2,3
2024-07-13,Houston,1-2km,506.6,3
2024-07-13,Houston,2-3km,1866.0,1
2024-07-13,Houston,3-5km,1814.1999999999998,3
2024-07-14,Dallas,0-1km,274.42857142857144,1
2024-07-14,Dallas,1-2km,1646.5714285714287,1
2024-07-14,Houston,0-1km,640.3333333333334,1
2024-07-14,Houston,2-3km,1953.3333333333335,2
2024-07-14,Houston,3-5km,320.1666666666667,1
2024-07-14,Houston,5km+,320.1666666666667,1
2024-07-15,Dallas,0-1km,1925.0,4
2024-07-15,Dallas,1-2km,924.0,3
2024-07-15,Dallas,2-3km,731.0,1
2024-07-15,Dallas,3-5km,731.0,1
2024-07-15,Houston,0-1km,1536.4666666666667,4
2024-07-15,Houston,1-2km,1140.5666666666666,4
2024-07-15,Houston,2-3km,531.6666666666667,3
2024-07-15,Houston,5km+,483.3,2
2024-07-16,Dallas,0-1km,2584.625,3
2024-07-16,Dallas,1-2km,1664.375,3
2024-07-16,Dallas,2-3km,526.0,1
2024-07-16,Houston,0-1km,1479.7818181818182,3
2024-07-16,Houston,1-2km,917.8363636363636,4
2024-07-16,Houston,2-3km,223.0909090909091,1
2024-07-16,Houston,3-5km,328.2909090909091,2
2024-07-16,Houston,5km+,718.0,1
2024-07-17,Dallas,0-1km,3164.6666666666665,3
2024-07-17,Dallas,1-2km,3706.0,3
2024-07-17,Dallas,2-3km,335.3333333333333,1
2024-07-17,Houston,0-1km,3927.3333333333335,3
2024-07-17,Houston,1-2km,2943.3333333333335,2
2024-07-17,Houston,5km+,335.3333333333333,1
2024-07-18,Dallas,1-2km,1159.0,2
2024-07-18,Dallas,2-3km,2426.0,1
2024-07-18,Dallas,3-5km,991.0,1
2024-07-18,Houston,0-1km,1213.0,1
2024-07-18,Houston,2-3km,907.0,1
2024-07-18,Houston,3-5km,606.5,1
2024-07-18,Houston,5km+,606.5,1
2024-07-19,Dallas,0-1km,1125.5,1
2024-07-19,Dallas,2-3km,1125.5,1
2024-07-19,Houston,0-1km,1131.7333333333333,2
2024-07-19,Houston,1-2km,231.33333333333334,1
2024-07-19,Houston,3-5km,1688.6,2
2024-07-19,Houston,5km+,231.33333333333334,1
2024-07-20,Dallas,0-1km,1590.0,1
2024-07-20,Dallas,1-2km,1590.0,1
2024-07-20,Dallas,2-3km,2356.0,2
2024-07-20,Houston,0-1km,3228.7,4
2024-07-20,Houston,1-2km,928.4,2
2024-07-20,Houston,3-5km,555.65,2
2024-07-20,Houston,5km+,1217.25,2
2024-07-21,Dallas,0-1km,1780.625,2
2024-07-21,Dallas,1-2km,809.375,2
2024-07-21,Houston,0-1km,470.90909090909093,1
2024-07-21,Houston,1-2km,353.1818181818182,1
2024-07-21,Houston,2-3km,235.45454545454547,1
2024-07-21,Houston,3-5km,235.45454545454547,1
2024-07-22,Dallas,0-1km,103.66666666666667,1
2024-07-22,Dallas,1-2km,103.66666666666667,1
2024-07-22,Dallas,2-3km,103.66666666666667,1
2024-07-22,Houston,0-1km,103.66666666666667,1
2024-07-22,Houston,1-2km,103.66666666666667,1
2024-07-22,Houston,5km+,103.66666666666667,1
2024-07-23,Dallas,2-3km,1277.0,1
2024-07-23,Dallas,3-5km,1277.0,1
2024-07-23,Houston,0-1km,1277.0,1
2024-07-23,Houston,1-2km,1277.0,1
2024-07-24,Dallas,0-1km,2114.0,2
2024-07-24,Dallas,1-2km,555.0,1
2024-07-24,Dallas,2-3km,654.5,1
2024-07-24,Dallas,3-5km,654.5,1
2024-07-24,Houston,0-1km,2319.5,2
2024-07-24,Houston,1-2km,1156.5,2
2024-07-24,Houston,2-3km,502.0,1
2024-07-24,Houston,3-5km,455.0,1
2024-07-25,Dallas,0-1km,2223.875,4
2024-07-25,Dallas,1-2km,1527.125,3
2024-07-25,Dallas,2-3km,530.0,2
2024-07-25,Houston,0-1km,672.2207792207791,3
2024-07-25,Houston,1-2km,873.9870129870129,3
2024-07-25,Houston,2-3km,438.038961038961,2
2024-07-25,Houston,3-5km,761.038961038961,4
2024-07-25,Houston,5km+,683.7142857142857,1
2024-07-26,Dallas,0-1km,3351.6666666666665,3
2024-07-26,Dallas,1-2km,1669.3333333333333,1
2024-07-26,Houston,0-1km,1046.6666666666665,2
2024-07-26,Houston,1-2km,2495.833333333333,3
2024-07-26,Houston,2-3km,614.5,1
2024-07-26,Houston,5km+,212.0,1
2024-07-27,Dallas,0-1km,789.0,1
2024-07-27,Houston,0-1km,9609.0,1
2024-07-28,Dallas,0-1km,1868.625,2
2024-07-28,Dallas,1-2km,849.375,2
2024-07-28,Dallas,2-3km,2052.0,1
2024-07-28,Houston,0-1km,1520.1818181818182,2
2024-07-28,Houston,1-2km,370.6363636363636,1
2024-07-28,Houston,2-3km,247.0909090909091,1
2024-07-28,Houston,3-5km,760.0909090909091,2
2024-07-28,Houston,5km+,513.0,1
2024-07-29,Dallas,0-1km,4808.633333333333,3
2024-07-29,Dallas,1-2km,2847.0333333333333,4
2024-07-29,Dallas,2-3km,43.333333333333336,1
2024-07-29,Houston,0-1km,2833.904761904762,4
2024-07-29,Houston,1-2km,535.1428571428571,1
2024-07-29,Houston,2-3km,2374.0714285714284,3
2024-07-29,Houston,3-5km,310.90476190476187,2
2024-07-29,Houston,5km+,1774.9761904761904,3
2024-07-30,Dallas,0-1km,4412.333333333333,4
2024-07-30,Dallas,1-2km,4412.333333333333,4
2024-07-30,Dallas,2-3km,50.333333333333336,1
2024-07-30,Houston,0-1km,4628.583333333334,4
2024-07-30,Houston,1-2km,1663.0,2
2024-07-30,Houston,3-5km,205.33333333333334,2
2024-07-30,Houston,5km+,2684.0833333333335,4
2024-07-31,Dallas,0-1km,287.0,1
2024-07-31,Dallas,1-2km,287.0,1
2024-07-31,Dallas,2-3km,287.0,1
2024-07-31,Houston,0-1km,663.2333333333333,3
2024-07-31,Houston,1-2km,557.3833333333333,3
2024-07-31,Houston,2-3km,215.25,1
2024-07-31,Houston,3-5km,218.8,1
2024-07-31,Houston,5km+,123.33333333333333,1
2024-08-01,Dallas,0-1km,518.0,1
2024-08-01,Dallas,1-2km,518.0,1
2024-08-01,Dallas,2-3km,1536.0,1
2024-08-01,Houston,0-1km,414.4,1
2024-08-01,Houston,1-2km,207.2,1
2024-08-01,Houston,5km+,414.4,1
2024-08-02,Dallas,0-1km,3933.0,3
2024-08-02,Dallas,1-2km,3466.0,3
2024-08-02,Houston,0-1km,4223.166666666667,3
2024-08-02,Houston,1-2km,1999.3333333333333,1
2024-08-02,Houston,5km+,1176.5,1
2024-08-03,Dallas,0-1km,13980.9,5
2024-08-03,Dallas,1-2km,4775.1,3
2024-08-03,Dallas,2-3km,1695.0,1
2024-08-03,Dallas,3-5km,1695.0,1
2024-08-03,Houston,0-1km,5446.1,3
2024-08-03,Houston,1-2km,2983.3,3
2024-08-03,Houston,2-3km,6472.25,4
2024-08-03,Houston,3-5km,1254.0,1
2024-08-03,Houston,5km+,2205.35,2
2024-08-04,Dallas,0-1km,1093.6666666666667,1
2024-08-04,Dallas,1-2km,2187.3333333333335,1
2024-08-04,Houston,0-1km,1093.6666666666667,1
2024-08-04,Houston,1-2km,2187.3333333333335,1
2024-08-05,Dallas,0-1km,99.0,1
2024-08-05,Dallas,1-2km,198.0,1
2024-08-05,Dallas,2-3km,99.0,1
2024-08-05,Houston,0-1km,99.0,1
2024-08-05,Houston,1-2km,198.0,1
2024-08-05,Houston,5km+,99.0,1
2024-08-06,Dallas,0-1km,921.0,1
2024-08-06,Dallas,2-3km,3539.0,2
2024-08-07,Dallas,0-1km,2624.833333333333,2
2024-08-07,Dallas,1-2km,1705.1666666666665,2
2024-08-07,Houston,0-1km,3387.4,2
2024-08-07,Houston,1-2km,1334.2,2
2024-08-07,Houston,5km+,628.4,1
2024-08-08,Dallas,0-1km,1757.1666666666665,4
2024-08-08,Dallas,1-2km,1554.8333333333333,2
2024-08-08,Dallas,2-3km,204.0,1
2024-08-08,Houston,0-1km,762.6666666666666,1
2024-08-08,Houston,1-2km,1760.8333333333333,3
2024-08-08,Houston,2-3km,176.5,1
2024-08-08,Houston,3-5km,451.0,1
2024-08-09,Dallas,0-1km,87.0,1
2024-08-09,Houston,1-2km,43.5,1
2024-08-09,Houston,2-3km,43.5,1
2024-08-10,Dallas,0-1km,1781.0,1
2024-08-10,Dallas,2-3km,2314.0,1
2024-08-10,Houston,0-1km,1157.0,1
2024-08-10,Houston,1-2km,890.5,1
2024-08-10,Houston,2-3km,890.5,1
2024-08-10,Houston,3-5km,912.5,2
2024-08-10,Houston,5km+,578.5,1
2024-08-11,Dallas,0-1km,2005.3333333333335,4
2024-08-11,Dallas,1-2km,3648.666666666667,2
2024-08-11,Dallas,2-3km,700.0,1
2024-08-11,Houston,0-1km,1538.3333333333335,2
2024-08-11,Houston,1-2km,1244.1666666666667,2
2024-08-11,Houston,2-3km,1170.5,2
2024-08-11,Houston,3-5km,500.5,1
2024-08-11,Houston,5km+,500.5,1
2024-08-12,Dallas,0-1km,148.75,1
2024-08-12,Dallas,1-2km,297.5,1
2024-08-12,Dallas,2-3km,148.75,1
2024-08-12,Houston,0-1km,148.75,1
2024-08-12,Houston,1-2km,297.5,1
2024-08-12,Houston,3-5km,405.0,1
2024-08-12,Houston,5km+,148.75,1
2024-08-13,Dallas,0-1km,1291.125,2
2024-08-13,Dallas,1-2km,586.875,2
2024-08-13,Dallas,2-3km,625.0,1
2024-08-13,Houston,0-1km,2921.4545454545455,3
2024-08-13,Houston,1-2km,381.09090909090907,2
2024-08-13,Houston,2-3km,170.72727272727272,1
2024-08-13,Houston,3-5km,295.72727272727275,2
2024-08-14,Dallas,0-1km,550.25,2
2024-08-14,Dallas,1-2km,77.0,1
2024-08-14,Dallas,2-3km,234.75,2
2024-08-14,Houston,0-1km,77.0,1
2024-08-14,Houston,1-2km,77.0,1
2024-08-14,Houston,5km+,77.0,1
2024-08-15,Dallas,0-1km,1314.0357142857142,3
2024-08-15,Dallas,1-2km,2670.964285714286,4
2024-08-15,Houston,0-1km,761.8787878787879,2
2024-08-15,Houston,1-2km,1505.909090909091,2
2024-08-15,Houston,2-3km,1577.6060606060605,3
2024-08-15,Houston,3-5km,380.93939393939394,2
2024-08-15,Houston,5km+,233.66666666666666,1
2024-08-16,Dallas,0-1km,3265.65,3
2024-08-16,Dallas,1-2km,1731.1,3
2024-08-16,Dallas,2-3km,165.25,1
2024-08-16,Houston,0-1km,1952.75,3
2024-08-16,Houston,1-2km,701.5,2
2024-08-16,Houston,2-3km,708.25,1
2024-08-16,Houston,5km+,1244.5,3
2024-08-17,Dallas,0-1km,1678.0,2
2024-08-17,Dallas,1-2km,1678.0,2
2024-08-17,Dallas,2-3km,223.0,1
2024-08-17,Houston,0-1km,223.0,1
2024-08-17,Houston,1-2km,1678.0,2
2024-08-17,Houston,5km+,1678.0,2
2024-08-18,Dallas,0-1km,344.1666666666667,2
2024-08-18,Dallas,1-2km,28.666666666666668,1
2024-08-18,Dallas,2-3km,344.1666666666667,2
2024-08-18,Houston,0-1km,114.66666666666667,2
2024-08-18,Houston,2-3km,2949.0,1
2024-08-18,Houston,3-5km,28.666666666666668,1
2024-08-18,Houston,5km+,28.666666666666668,1
2024-08-19,Dallas,0-1km,411.3333333333333,1
2024-08-19,Dallas,1-2km,1013.6666666666666,2
2024-08-19,Dallas,2-3km,1270.0,3
2024-08-19,Houston,0-1km,1096.6666666666667,4
2024-08-19,Houston,1-2km,2963.6666666666665,3
2024-08-19,Houston,2-3km,18.666666666666668,1
2024-08-19,Houston,3-5km,283.0,2
2024-08-19,Houston,5km+,201.0,1
2024-08-20,Dallas,0-1km,2329.125,3
2024-08-20,Dallas,1-2km,1078.875,3
2024-08-20,Dallas,2-3km,775.0,1
2024-08-20,Houston,0-1km,2994.181818181818,2
2024-08-20,Houston,1-2km,528.6363636363636,2
2024-08-20,Houston,2-3km,303.09090909090907,1
2024-08-20,Houston,3-5km,303.09090909090907,1
2024-08-21,Dallas,0-1km,4072.625,6
2024-08-21,Dallas,1-2km,1935.625,4
2024-08-21,Dallas,2-3km,4112.75,2
2024-08-21,Houston,0-1km,4589.827272727272,6
2024-08-21,Houston,1-2km,1489.3454545454545,5
2024-08-21,Houston,2-3km,587.3636363636364,2
2024-08-21,Houston,3-5km,1180.6136363636363,3
2024-08-21,Houston,5km+,1812.85,3
2024-08-22,Dallas,0-1km,2805.5,2
2024-08-22,Dallas,2-3km,734.5,1
2024-08-22,Houston,0-1km,1623.1,2
2024-08-22,Houston,1-2km,1060.0,1
2024-08-22,Houston,2-3km,546.0,1
2024-08-22,Houston,3-5km,881.4,1
2024-08-22,Houston,5km+,1035.5,1
2024-08-23,Dallas,2-3km,3325.0,1
2024-08-23,Houston,0-1km,3325.0,1
2024-08-24,Dallas,0-1km,3790.333333333333,2
2024-08-24,Dallas,1-2km,987.6666666666666,1
2024-08-24,Houston,0-1km,6066.0,3
2024-08-24,Houston,5km+,2389.0,2
2024-08-25,Houston,0-1km,200.66666666666666,1
2024-08-25,Houston,1-2km,200.66666666666666,1
2024-08-25,Houston,2-3km,200.66666666666666,1
2024-08-26,Houston,3-5km,168.0,1
2024-08-27,Dallas,2-3km,619.0,1
2024-08-29,Dallas,0-1km,518.5,1
2024-08-29,Dallas,1-2km,518.5,1
2024-08-29,Houston,0-1km,414.8,1
2024-08-29,Houston,1-2km,207.4,1
2024-08-29,Houston,5km+,414.8,1
2024-08-30,Houston,0-1km,238.0,1
2024-08-30,Houston,1-2km,238.0,1
2024-08-30,Houston,5km+,238.0,1
2024-09-01,Houston,3-5km,315.0,1
2024-09-02,Dallas,0-1km,672.0,1
2024-09-02,Dallas,2-3km,303.0,1
2024-09-02,Houston,0-1km,181.8,1
2024-09-02,Houston,1-2km,5423.6,3
2024-09-02,Houston,2-3km,336.0,1
2024-09-02,Houston,3-5km,60.6,1
2024-09-03,Dallas,0-1km,799.0,2
2024-09-03,Dallas,1-2km,1114.0,2
2024-09-03,Dallas,2-3km,1039.0,3
2024-09-03,Houston,0-1km,511.0,3
2024-09-03,Houston,2-3km,1080.0,1
2024-09-03,Houston,3-5km,458.5,3
2024-09-03,Houston,5km+,221.5,2
2024-09-04,Dallas,0-1km,1042.5,1
2024-09-04,Dallas,1-2km,1042.5,1
2024-09-04,Houston,1-2km,1042.5,1
2024-09-04,Houston,5km+,1042.5,1
2024-09-05,Dallas,0-1km,32.666666666666664,1
2024-09-05,Dallas,1-2km,32.666666666666664,1
2024-09-05,Dallas,2-3km,32.666666666666664,1
2024-09-05,Houston,0-1km,130.66666666666666,2
2024-09-05,Houston,3-5km,32.666666666666664,1
2024-09-05,Houston,5km+,1582.6666666666667,2
2024-09-06,Dallas,0-1km,366.0,1
2024-09-06,Dallas,1-2km,732.0,1
2024-09-06,Dallas,2-3km,1562.0,1
2024-09-06,Dallas,3-5km,1562.0,1
2024-09-06,Houston,0-1km,1928.0,2
2024-09-06,Houston,1-2km,2294.0,2
2024-09-07,Dallas,0-1km,2301.333333333333,3
2024-09-07,Dallas,1-2km,3011.6666666666665,2
2024-09-07,Dallas,2-3km,3344.0,2
2024-09-07,Houston,0-1km,1637.3333333333333,2
2024-09-07,Houston,1-2km,6092.666666666666,3
2024-09-07,Houston,5km+,263.0,1
2024-09-08,Dallas,0-1km,1181.5,2
2024-09-08,Dallas,1-2km,320.5,1
2024-09-08,Houston,0-1km,256.4,1
2024-09-08,Houston,1-2km,3108.7,3
2024-09-08,Houston,2-3km,430.5,1
2024-09-08,Houston,3-5km,150.0,1
2024-09-08,Houston,5km+,256.4,1
2024-09-09,Dallas,0-1km,703.25,2
2024-09-09,Dallas,1-2km,809.5,2
2024-09-09,Dallas,2-3km,106.25,1
2024-09-09,Houston,0-1km,996.5166666666667,5
2024-09-09,Houston,1-2km,894.9666666666667,5
2024-09-09,Houston,2-3km,145.66666666666666,1
2024-09-09,Houston,3-5km,62.0,1
2024-09-09,Houston,5km+,819.85,3
2024-09-10,Houston,0-1km,102.33333333333333,1
2024-09-10,Houston,1-2km,102.33333333333333,1
2024-09-10,Houston,2-3km,102.33333333333333,1
2024-09-13,Houston,0-1km,74.0,1
2024-09-13,Houston,1-2km,148.0,1
2024-09-13,Houston,3-5km,148.0,1
2024-09-14,Dallas,0-1km,2159.6666666666665,2
2024-09-14,Dallas,1-2km,3050.333333333333,2
2024-09-14,Dallas,2-3km,1644.0,1
2024-09-14,Houston,0-1km,3467.6666666666665,3
2024-09-14,Houston,1-2km,3050.333333333333,2
2024-09-14,Houston,3-5km,411.0,1
2024-09-14,Houston,5km+,1680.0,2
2024-09-15,Dallas,0-1km,46.5,1
2024-09-15,Dallas,1-2km,46.5,1
2024-09-15,Houston,1-2km,93.0,1
2024-09-16,Dallas,0-1km,120.75,1
2024-09-16,Dallas,1-2km,241.5,1
2024-09-16,Dallas,2-3km,120.75,1
2024-09-16,Houston,0-1km,120.75,1
2024-09-16,Houston,1-2km,241.5,1
2024-09-16,Houston,3-5km,184.0,1
2024-09-16,Houston,5km+,120.75,1
2024-09-17,Houston,2-3km,1730.0,1
2024-09-18,Dallas,0-1km,3122.75,3
2024-09-18,Dallas,1-2km,1246.25,2
2024-09-18,Dallas,2-3km,1677.0,2
2024-09-18,Houston,0-1km,1439.8909090909092,3
2024-09-18,Houston,1-2km,906.7515151515152,3
2024-09-18,Houston,2-3km,821.2121212121212,2
2024-09-18,Houston,3-5km,820.1454545454545,3
2024-09-18,Houston,5km+,324.0,1
2024-09-19,Dallas,2-3km,849.0,1
2024-09-19,Dallas,3-5km,849.0,1
2024-09-19,Houston,0-1km,849.0,1
2024-09-19,Houston,1-2km,849.0,1
2024-09-20,Dallas,0-1km,2069.8333333333335,2
2024-09-20,Dallas,1-2km,2069.8333333333335,2
2024-09-20,Dallas,2-3km,299.3333333333333,1
2024-09-20,Houston,0-1km,2069.8333333333335,2
2024-09-20,Houston,1-2km,1184.5833333333333,2
2024-09-20,Houston,3-5km,219.0,1
2024-09-20,Houston,5km+,1184.5833333333333,2
2024-09-21,Dallas,0-1km,3909.5,3
2024-09-21,Dallas,1-2km,3304.0,2
2024-09-21,Dallas,2-3km,249.5,1
2024-09-21,Houston,0-1km,1471.5,1
2024-09-21,Houston,1-2km,599.5,1
2024-09-21,Houston,2-3km,2922.5,2
2024-09-21,Houston,5km+,1471.5,1
2024-09-22,Dallas,0-1km,883.0,1
2024-09-22,Dallas,1-2km,883.0,1
2024-09-22,Houston,0-1km,252.28571428571428,1
2024-09-22,Houston,1-2km,504.57142857142856,1
2024-09-22,Houston,2-3km,252.28571428571428,1
2024-09-22,Houston,3-5km,733.2857142857142,2
2024-09-22,Houston,5km+,504.57142857142856,1
2024-09-23,Dallas,0-1km,2797.666666666667,3
2024-09-23,Dallas,1-2km,1152.3333333333335,2
2024-09-23,Houston,0-1km,2884.5,3
2024-09-23,Houston,1-2km,246.5,1
2024-09-23,Houston,2-3km,246.5,1
2024-09-23,Houston,5km+,916.5,1
2024-09-24,Dallas,0-1km,752.2,2
2024-09-24,Dallas,1-2km,209.8,2
2024-09-24,Dallas,2-3km,29.0,1
2024-09-24,Houston,0-1km,568.0,3
2024-09-24,Houston,2-3km,226.0,1
2024-09-24,Houston,3-5km,29.0,1
2024-09-24,Houston,5km+,255.0,2
2024-09-25,Dallas,0-1km,636.5,1
2024-09-25,Dallas,1-2km,636.5,1
2024-09-25,Houston,0-1km,181.85714285714286,1
2024-09-25,Houston,1-2km,363.7142857142857,1
2024-09-25,Houston,2-3km,181.85714285714286,1
2024-09-25,Houston,3-5km,181.85714285714286,1
2024-09-25,Houston,5km+,363.7142857142857,1
2024-09-26,Dallas,0-1km,1391.5,2
2024-09-26,Dallas,1-2km,743.5,1
2024-09-26,Dallas,2-3km,864.0,2
2024-09-26,Dallas,3-5km,648.0,1
2024-09-26,Houston,0-1km,648.0,1
2024-09-26,Houston,1-2km,1391.5,2
2024-09-26,Houston,3-5km,361.0,1
2024-09-26,Houston,5km+,743.5,1
2024-09-27,Dallas,2-3km,651.0,1
2024-09-27,Houston,0-1km,390.6,1
2024-09-27,Houston,1-2km,130.2,1
2024-09-27,Houston,3-5km,130.2,1
2024-09-28,Dallas,0-1km,2345.25,3
2024-09-28,Dallas,1-2km,1098.75,3
2024-09-28,Houston,0-1km,1027.6969696969697,3
2024-09-28,Houston,1-2km,677.6060606060605,3
2024-09-28,Houston,2-3km,302.1818181818182,1
2024-09-28,Houston,3-5km,703.1818181818182,2
2024-09-28,Houston,5km+,104.33333333333333,1
2024-09-29,Dallas,0-1km,1653.095238095238,3
2024-09-29,Dallas,1-2km,2027.2380952380954,3
2024-09-29,Dallas,2-3km,295.6666666666667,1
2024-09-29,Houston,0-1km,1616.8333333333335,3
2024-09-29,Houston,1-2km,295.6666666666667,1
2024-09-29,Houston,2-3km,446.6666666666667,1
2024-09-29,Houston,3-5km,223.33333333333334,1
2024-09-29,Houston,5km+,1393.5,3
2024-09-30,Dallas,0-1km,1194.5,2
2024-09-30,Dallas,1-2km,1835.5,2
2024-09-30,Dallas,2-3km,1282.5,1
2024-09-30,Dallas,3-5km,1282.5,1
2024-09-30,Houston,0-1km,1372.9,2
2024-09-30,Houston,1-2km,1463.3,2
2024-09-30,Houston,3-5km,399.8,2
2024-10-01,Dallas,0-1km,2204.3333333333335,3
2024-10-01,Dallas,1-2km,1794.6666666666667,3
2024-10-01,Dallas,2-3km,1266.0,2
2024-10-01,Houston,0-1km,10850.5,5
2024-10-01,Houston,3-5km,381.75,2
2024-10-01,Houston,5km+,381.75,2
2024-10-02,Dallas,0-1km,726.6666666666666,2
2024-10-02,Dallas,1-2km,216.66666666666666,1
2024-10-02,Dallas,2-3km,216.66666666666666,1
2024-10-02,Houston,0-1km,1673.6666666666667,2
2024-10-02,Houston,1-2km,216.66666666666666,1
2024-10-02,Houston,5km+,216.66666666666666,1
2024-10-03,Dallas,0-1km,805.0,2
2024-10-03,Dallas,1-2km,1343.0,2
2024-10-03,Dallas,2-3km,711.0,2
2024-10-03,Houston,0-1km,1071.4,3
2024-10-03,Houston,1-2km,1431.8,3
2024-10-03,Houston,3-5km,410.8,2
2024-10-03,Houston,5km+,267.0,1
2024-10-04,Dallas,0-1km,4984.45,7
2024-10-04,Dallas,1-2km,2625.55,4
2024-10-04,Dallas,2-3km,1619.0,1
2024-10-04,Dallas,3-5km,1619.0,1
2024-10-04,Houston,0-1km,4315.818181818182,5
2024-10-04,Houston,1-2km,3791.8636363636365,5
2024-10-04,Houston,2-3km,763.4090909090909,3
2024-10-04,Houston,3-5km,333.9090909090909,2
2024-10-04,Houston,5km+,996.0,2
2024-10-05,Dallas,0-1km,1071.0,2
2024-10-05,Dallas,2-3km,350.0,1
2024-10-05,Houston,3-5km,282.0,1
2024-10-06,Dallas,0-1km,2742.5,4
2024-10-06,Dallas,1-2km,1375.5,3
2024-10-06,Dallas,2-3km,818.0,1
2024-10-06,Houston,0-1km,1273.2484848484848,3
2024-10-06,Houston,1-2km,1470.3030303030303,3
2024-10-06,Houston,2-3km,485.75757575757575,2
2024-10-06,Houston,3-5km,1114.6909090909091,2
2024-10-06,Houston,5km+,918.0,1
2024-10-07,Dallas,0-1km,5181.5,3
2024-10-07,Dallas,2-3km,497.5,1
2024-10-07,Houston,0-1km,398.0,1
2024-10-07,Houston,1-2km,248.5,1
2024-10-07,Houston,2-3km,248.5,1
2024-10-07,Houston,3-5km,597.0,1
2024-10-08,Dallas,0-1km,731.5,2
2024-10-08,Dallas,1-2km,177.5,1
2024-10-08,Houston,0-1km,142.0,1
2024-10-08,Houston,1-2km,71.0,1
2024-10-08,Houston,2-3km,277.0,1
2024-10-08,Houston,3-5km,277.0,1
2024-10-08,Houston,5km+,142.0,1
2024-10-09,Dallas,0-1km,2642.0,2
2024-10-09,Dallas,1-2km,874.0,1
2024-10-09,Houston,0-1km,1311.0,1
2024-10-09,Houston,1-2km,447.0,1
2024-10-09,Houston,2-3km,447.0,1
2024-10-09,Houston,5km+,1311.0,1
2024-10-10,Dallas,0-1km,1089.0,2
2024-10-10,Dallas,1-2km,545.0,1
2024-10-10,Houston,0-1km,630.0,2
2024-10-10,Houston,1-2km,2779.0,4
2024-10-10,Houston,2-3km,466.0,2
2024-10-10,Houston,3-5km,242.0,1
2024-10-10,Houston,5km+,436.0,1
2024-10-11,Dallas,0-1km,2256.5,2
2024-10-11,Dallas,1-2km,634.0,1
2024-10-11,Dallas,2-3km,2725.5,2
2024-10-11,Dallas,3-5km,1737.0,1
2024-10-11,Houston,0-1km,4429.8,3
2024-10-11,Houston,1-2km,1737.0,1
2024-10-11,Houston,3-5km,2121.2,2
2024-10-13,Dallas,0-1km,2494.25,2
2024-10-13,Dallas,1-2km,1133.75,2
2024-10-13,Houston,0-1km,659.6363636363636,1
2024-10-13,Houston,1-2km,494.72727272727275,1
2024-10-13,Houston,2-3km,329.8181818181818,1
2024-10-13,Houston,3-5km,329.8181818181818,1
2024-10-14,Dallas,0-1km,2206.25,3
2024-10-14,Dallas,1-2km,197.0,1
2024-10-14,Dallas,2-3km,546.75,2
2024-10-14,Houston,0-1km,197.0,1
2024-10-14,Houston,1-2km,677.0,2
2024-10-14,Houston,2-3km,480.0,1
2024-10-14,Houston,5km+,197.0,1
2024-10-15,Dallas,0-1km,2833.0119047619046,6
2024-10-15,Dallas,1-2km,2804.654761904762,5
2024-10-15,Dallas,2-3km,521.3333333333334,1
2024-10-15,Houston,0-1km,1837.1454545454544,4
2024-10-15,Houston,1-2km,3003.7090909090907,5
2024-10-15,Houston,2-3km,1564.2727272727273,4
2024-10-15,Houston,3-5km,668.7727272727273,3
2024-10-15,Houston,5km+,1307.1,3
2024-10-17,Dallas,0-1km,759.5,1
2024-10-17,Dallas,1-2km,759.5,1
2024-10-17,Houston,0-1km,759.5,1
2024-10-17,Houston,1-2km,379.75,1
2024-10-17,Houston,5km+,379.75,1
2024-10-18,Dallas,2-3km,1341.0,1
2024-10-18,Dallas,3-5km,1341.0,1
2024-10-18,Houston,0-1km,1341.0,1
2024-10-18,Houston,1-2km,5747.0,2
2024-10-19,Dallas,1-2km,2629.0,1
2024-10-19,Houston,0-1km,363.8,2
2024-10-19,Houston,1-2km,3138.6,3
2024-10-19,Houston,3-5km,865.6,2
2024-10-19,Houston,5km+,218.0,1
2024-10-20,Dallas,0-1km,2265.5,3
2024-10-20,Dallas,2-3km,609.5,1
2024-10-20,Houston,0-1km,858.6,2
2024-10-20,Houston,2-3km,453.0,1
2024-10-20,Houston,3-5km,1184.4,2
2024-10-21,Dallas,1-2km,201.0,1
2024-10-21,Dallas,2-3km,201.0,1
2024-10-22,Dallas,2-3km,1029.0,1
2024-10-22,Houston,0-1km,514.5,1
2024-10-22,Houston,3-5km,257.25,1
2024-10-22,Houston,5km+,257.25,1
2024-10-23,Dallas,0-1km,1931.5,2
2024-10-23,Dallas,2-3km,228.5,1
2024-10-23,Houston,0-1km,851.5,1
2024-10-23,Houston,5km+,851.5,1
2024-10-24,Dallas,0-1km,1239.5,2
2024-10-24,Dallas,1-2km,1732.5,2
2024-10-24,Houston,0-1km,518.0,1
2024-10-24,Houston,1-2km,259.0,1
2024-10-24,Houston,2-3km,1085.0,1
2024-10-24,Houston,5km+,518.0,1
2024-10-25,Dallas,0-1km,5718.766666666666,5
2024-10-25,Dallas,1-2km,2237.733333333333,3
2024-10-25,Dallas,2-3km,992.5,1
2024-10-25,Houston,0-1km,3315.0,2
2024-10-25,Houston,1-2km,208.0,1
2024-10-25,Houston,2-3km,1260.5,1
2024-10-25,Houston,3-5km,1191.0,1
2024-10-25,Houston,5km+,1260.5,1
2024-10-26,Dallas,0-1km,2483.6666666666665,2
2024-10-26,Dallas,1-2km,3359.333333333333,2
2024-10-26,Dallas,2-3km,2290.0,1
2024-10-26,Houston,0-1km,3617.3333333333335,3
2024-10-26,Houston,2-3km,898.3333333333334,1
2024-10-26,Houston,3-5km,1021.6666666666667,2
2024-10-26,Houston,5km+,2595.6666666666665,3
2024-10-28,Dallas,0-1km,4250.833333333333,6
2024-10-28,Dallas,1-2km,1798.1666666666665,4
2024-10-28,Dallas,2-3km,488.0,1
2024-10-28,Houston,0-1km,3075.7636363636366,4
2024-10-28,Houston,1-2km,737.7727272727273,3
2024-10-28,Houston,2-3km,449.6818181818182,2
2024-10-28,Houston,3-5km,787.7818181818182,2
2024-10-28,Houston,5km+,374.0,1
2024-10-30,Dallas,0-1km,1459.0,1
2024-10-30,Dallas,2-3km,1032.0,1
2024-10-30,Dallas,3-5km,1170.0,1
2024-10-30,Houston,0-1km,516.0,1
2024-10-30,Houston,1-2km,729.5,1
2024-10-30,Houston,2-3km,729.5,1
2024-10-30,Houston,3-5km,258.0,1
2024-10-30,Houston,5km+,258.0,1
2024-10-31,Dallas,0-1km,464.0,1
2024-10-31,Dallas,2-3km,2000.0,3
2024-10-31,Houston,0-1km,307.8,1
2024-10-31,Houston,1-2km,102.6,1
2024-10-31,Houston,3-5km,102.6,1
2024-11-01,Dallas,0-1km,1283.7142857142858,2
2024-11-01,Dallas,1-2km,2719.285714285714,2
2024-11-01,Houston,0-1km,1560.8333333333335,2
2024-11-01,Houston,2-3km,881.3333333333334,1
2024-11-01,Houston,3-5km,440.6666666666667,1
2024-11-01,Houston,5km+,1120.1666666666667,2
2024-11-02,Dallas,0-1km,1764.5,2
2024-11-02,Dallas,1-2km,494.5,1
2024-11-02,Dallas,2-3km,1469.0,1
2024-11-02,Dallas,3-5km,1469.0,1
2024-11-02,Houston,0-1km,1469.0,1
2024-11-02,Houston,1-2km,2104.0,2
2024-11-02,Houston,2-3km,635.0,1
2024-11-03,Dallas,0-1km,1022.3333333333334,2
2024-11-03,Dallas,1-2km,19.333333333333332,1
2024-11-03,Dallas,2-3km,19.333333333333332,1
2024-11-03,Houston,0-1km,218.66666666666669,3
2024-11-03,Houston,1-2km,642.8333333333334,2
2024-11-03,Houston,2-3km,501.5,1
2024-11-03,Houston,3-5km,19.333333333333332,1
2024-11-03,Houston,5km+,160.66666666666669,2
2024-11-04,Houston,3-5km,213.0,1
2024-11-05,Dallas,0-1km,3759.6666666666665,5
2024-11-05,Dallas,1-2km,4191.333333333333,3
2024-11-05,Houston,0-1km,2839.0333333333333,5
2024-11-05,Houston,1-2km,2569.233333333333,3
2024-11-05,Houston,2-3km,1352.1666666666665,3
2024-11-05,Houston,3-5km,614.7333333333333,2
2024-11-05,Houston,5km+,1126.8333333333333,3
2024-11-06,Dallas,0-1km,752.0,2
2024-11-06,Dallas,1-2km,2672.0,2
2024-11-06,Dallas,2-3km,620.0,1
2024-11-06,Dallas,3-5km,620.0,1
2024-11-06,Houston,0-1km,1761.3333333333335,3
2024-11-06,Houston,1-2km,1540.0,2
2024-11-06,Houston,2-3km,681.3333333333334,1
2024-11-06,Houston,3-5km,674.6666666666667,2
2024-11-06,Houston,5km+,340.6666666666667,1
2024-11-07,Dallas,0-1km,1836.125,3
2024-11-07,Dallas,1-2km,1230.875,3
2024-11-07,Houston,0-1km,1019.9545454545455,2
2024-11-07,Houston,1-2km,583.3409090909091,2
2024-11-07,Houston,2-3km,146.72727272727272,1
2024-11-07,Houston,3-5km,146.72727272727272,1
2024-11-07,Houston,5km+,363.25,1
2024-11-08,Dallas,0-1km,33.5,1
2024-11-08,Dallas,1-2km,33.5,1
2024-11-08,Houston,1-2km,67.0,1
2024-11-08,Houston,3-5km,669.0,1
2024-11-09,Houston,0-1km,11210.0,1
2024-11-10,Dallas,0-1km,470.2857142857143,1
2024-11-10,Dallas,1-2km,2821.714285714286,1
2024-11-10,Houston,0-1km,1097.3333333333333,1
2024-11-10,Houston,2-3km,1097.3333333333333,1
2024-11-10,Houston,3-5km,548.6666666666666,1
2024-11-10,Houston,5km+,548.6666666666666,1
2024-11-11,Dallas,0-1km,538.5,1
2024-11-11,Dallas,2-3km,179.5,1
2024-11-12,Dallas,0-1km,2109.5,2
2024-11-12,Dallas,1-2km,1576.5,2
2024-11-12,Dallas,2-3km,217.0,1
2024-11-12,Houston,0-1km,1458.5,1
2024-11-12,Houston,1-2km,729.25,1
2024-11-12,Houston,5km+,729.25,1
2024-11-13,Dallas,0-1km,19.5,1
2024-11-13,Dallas,1-2km,1707.5,2
2024-11-13,Houston,1-2km,39.0,1
2024-11-13,Houston,2-3km,1688.0,1
2024-11-14,Dallas,0-1km,2478.166666666667,6
2024-11-14,Dallas,1-2km,1688.1666666666667,5
2024-11-14,Dallas,2-3km,257.6666666666667,1
2024-11-14,Houston,0-1km,1464.8030303030303,3
2024-11-14,Houston,1-2km,1066.1439393939395,4
2024-11-14,Houston,2-3km,101.81818181818181,1
2024-11-14,Houston,3-5km,101.81818181818181,1
2024-11-14,Houston,5km+,759.4166666666667,2
2024-11-15,Dallas,2-3km,2933.0,1
2024-11-15,Houston,0-1km,1466.5,1
2024-11-15,Houston,2-3km,3131.0,1
2024-11-15,Houston,3-5km,733.25,1
2024-11-15,Houston,5km+,733.25,1
2024-11-16,Houston,1-2km,2652.0,1
2024-11-17,Dallas,0-1km,1424.0,2
2024-11-17,Dallas,2-3km,788.0,1
2024-11-17,Houston,1-2km,318.0,1
2024-11-17,Houston,2-3km,1894.0,2
2024-11-18,Houston,0-1km,95.33333333333333,1
2024-11-18,Houston,1-2km,2916.3333333333335,2
2024-11-18,Houston,2-3km,1021.3333333333334,2
2024-11-20,Dallas,1-2km,1693.0,1
2024-11-20,Dallas,2-3km,1171.0,1
2024-11-20,Houston,0-1km,585.5,1
2024-11-20,Houston,2-3km,1693.0,1
2024-11-20,Houston,3-5km,292.75,1
2024-11-20,Houston,5km+,2300.75,2
2024-11-21,Dallas,0-1km,440.0,1
2024-11-21,Dallas,2-3km,2153.5,2
2024-11-21,Dallas,3-5km,1392.5,1
2024-11-21,Houston,0-1km,1849.1,2
2024-11-21,Houston,1-2km,1764.7,3
2024-11-21,Houston,2-3km,220.0,1
2024-11-21,Houston,3-5km,152.2,1
2024-11-22,Dallas,0-1km,644.6666666666667,3
2024-11-22,Dallas,1-2km,1245.3333333333335,3
2024-11-22,Dallas,2-3km,140.0,1
2024-11-22,Houston,0-1km,140.0,1
2024-11-22,Houston,1-2km,368.0,2
2024-11-22,Houston,5km+,140.0,1
2024-11-23,Dallas,0-1km,1011.4642857142858,3
2024-11-23,Dallas,1-2km,3698.285714285714,3
2024-11-23,Dallas,2-3km,2559.25,3
2024-11-23,Houston,0-1km,2836.55,5
2024-11-23,Houston,1-2km,581.9,3
2024-11-23,Houston,2-3km,1166.0,1
2024-11-23,Houston,3-5km,1156.75,3
2024-11-23,Houston,5km+,1527.8,4
2024-11-24,Dallas,0-1km,1133.0,2
2024-11-24,Dallas,1-2km,2251.0,2
2024-11-24,Dallas,2-3km,15.0,1
2024-11-24,Houston,0-1km,1178.0,3
2024-11-24,Houston,1-2km,2236.0,1
2024-11-24,Houston,3-5km,15.0,1
2024-11-24,Houston,5km+,15.0,1
2024-11-25,Dallas,0-1km,491.0,1
2024-11-25,Dallas,2-3km,491.0,1
2024-11-26,Dallas,0-1km,667.5,1
2024-11-26,Dallas,2-3km,222.5,1
2024-11-26,Dallas,3-5km,994.0,1
2024-11-26,Houston,0-1km,259.6666666666667,1
2024-11-26,Houston,1-2km,670.6666666666667,2
2024-11-26,Houston,5km+,259.6666666666667,1
2024-11-27,Dallas,0-1km,114.0,1
2024-11-27,Dallas,1-2km,114.0,1
2024-11-27,Dallas,2-3km,114.0,1
2024-11-27,Houston,0-1km,114.0,1
2024-11-27,Houston,1-2km,114.0,1
2024-11-27,Houston,5km+,114.0,1
2024-11-28,Dallas,0-1km,1660.0,3
2024-11-28,Dallas,1-2km,414.0,1
2024-11-28,Dallas,2-3km,0.0,1
2024-11-28,Houston,0-1km,1035.0,1
2024-11-28,Houston,1-2km,2.0,1
2024-11-28,Houston,2-3km,2513.5,3
2024-11-28,Houston,5km+,517.5,1
2024-11-29,Dallas,0-1km,1258.0,2
2024-11-29,Dallas,1-2km,1258.0,2
2024-11-29,Dallas,2-3km,281.0,1
2024-11-29,Houston,0-1km,281.0,1
2024-11-29,Houston,1-2km,1258.0,2
2024-11-29,Houston,3-5km,372.0,1
2024-11-29,Houston,5km+,1432.0,3
2024-11-30,Houston,0-1km,222.33333333333334,1
2024-11-30,Houston,1-2km,222.33333333333334,1
2024-11-30,Houston,2-3km,222.33333333333334,1
2024-12-01,Houston,3-5km,183.0,1
2024-12-02,Dallas,3-5km,860.0,1
2024-12-02,Houston,2-3km,1127.0,1
2024-12-03,Dallas,0-1km,902.6666666666666,2
2024-12-03,Dallas,1-2km,902.6666666666666,2
2024-12-03,Dallas,2-3km,637.6666666666666,1
2024-12-03,Houston,0-1km,1168.5,2
2024-12-03,Houston,1-2km,584.25,2
2024-12-03,Houston,2-3km,478.25,1
2024-12-03,Houston,5km+,212.0,1
2024-12-04,Dallas,0-1km,617.5,2
2024-12-04,Dallas,1-2km,617.5,2
2024-12-04,Houston,0-1km,473.6,1
2024-12-04,Houston,1-2km,287.8,2
2024-12-04,Houston,5km+,473.6,1
2024-12-05,Dallas,0-1km,3406.0,3
2024-12-05,Dallas,1-2km,1325.0,2
2024-12-05,Houston,0-1km,863.5757575757575,2
2024-12-05,Houston,1-2km,916.3484848484848,3
2024-12-05,Houston,2-3km,723.6212121212121,3
2024-12-05,Houston,3-5km,385.45454545454544,1
2024-12-06,Houston,2-3km,1989.0,1
2024-12-07,Dallas,0-1km,4309.428571428572,4
2024-12-07,Dallas,1-2km,3883.5714285714284,4
2024-12-07,Houston,0-1km,2147.7393939393937,4
2024-12-07,Houston,1-2km,1045.8545454545456,3
2024-12-07,Houston,2-3km,1239.3030303030303,2
2024-12-07,Houston,3-5km,865.469696969697,2
2024-12-07,Houston,5km+,790.6333333333333,3
2024-12-08,Dallas,0-1km,874.5,3
2024-12-08,Dallas,1-2km,11.0,1
2024-12-08,Dallas,2-3km,328.5,2
2024-12-08,Dallas,3-5km,1393.0,1
2024-12-08,Houston,0-1km,2474.0,3
2024-12-08,Houston,1-2km,273.0,1
2024-12-08,Houston,2-3km,908.0,2
2024-12-08,Houston,3-5km,11.0,1
2024-12-08,Houston,5km+,11.0,1
2024-12-09,Dallas,0-1km,1600.625,3
2024-12-09,Dallas,1-2km,1226.375,3
2024-12-09,Houston,0-1km,181.45454545454547,1
2024-12-09,Houston,1-2km,1050.590909090909,2
2024-12-09,Houston,2-3km,90.72727272727273,1
2024-12-09,Houston,3-5km,90.72727272727273,1
2024-12-09,Houston,5km+,914.5,1
2024-12-10,Dallas,0-1km,108.75,1
2024-12-10,Dallas,1-2km,217.5,1
2024-12-10,Dallas,2-3km,108.75,1
2024-12-10,Houston,0-1km,108.75,1
2024-12-10,Houston,1-2km,217.5,1
2024-12-10,Houston,5km+,108.75,1
2024-12-11,Dallas,1-2km,1038.0,1
2024-12-11,Dallas,2-3km,1212.0,1
2024-12-11,Houston,2-3km,1038.0,1
2024-12-12,Dallas,0-1km,2886.1071428571427,5
2024-12-12,Dallas,1-2km,3210.142857142857,3
2024-12-12,Dallas,2-3km,215.75,2
2024-12-12,Houston,0-1km,1781.3333333333335,5
2024-12-12,Houston,1-2km,7212.5,4
2024-12-12,Houston,2-3km,1391.8333333333335,2
2024-12-12,Houston,3-5km,398.1666666666667,2
2024-12-12,Houston,5km+,643.1666666666667,3
2024-12-13,Dallas,0-1km,695.6666666666666,2
2024-12-13,Dallas,1-2km,695.6666666666666,2
2024-12-13,Dallas,2-3km,695.6666666666666,2
2024-12-13,Houston,0-1km,977.1666666666666,2
2024-12-13,Houston,1-2km,554.9166666666666,2
2024-12-13,Houston,2-3km,422.25,1
2024-12-13,Houston,5km+,132.66666666666666,1
2024-12-14,Dallas,0-1km,1913.0,4
2024-12-14,Dallas,1-2km,2132.0,4
2024-12-14,Dallas,2-3km,4189.0,4
2024-12-14,Houston,0-1km,3656.2666666666664,5
2024-12-14,Houston,1-2km,1463.9666666666667,4
2024-12-14,Houston,2-3km,542.5,1
2024-12-14,Houston,3-5km,1061.0,2
2024-12-14,Houston,5km+,1799.2666666666667,4
2024-12-15,Dallas,1-2km,1904.0,1
2024-12-15,Houston,2-3km,1904.0,1
2024-12-16,Dallas,2-3km,292.0,1
2024-12-16,Houston,0-1km,175.2,1
2024-12-16,Houston,1-2km,58.4,1
2024-12-16,Houston,3-5km,58.4,1
2024-12-17,Dallas,0-1km,2924.375,4
2024-12-17,Dallas,1-2km,1964.625,4
2024-12-17,Dallas,2-3km,1205.0,1
2024-12-17,Houston,0-1km,2135.8636363636365,3
2024-12-17,Houston,1-2km,665.0227272727273,2
2024-12-17,Houston,2-3km,88.18181818181819,1
2024-12-17,Houston,3-5km,88.18181818181819,1
2024-12-17,Houston,5km+,1426.75,2
2024-12-19,Dallas,0-1km,2038.2857142857142,4
2024-12-19,Dallas,1-2km,3312.714285714286,3
2024-12-19,Dallas,2-3km,103.0,1
2024-12-19,Houston,0-1km,1807.8333333333333,3
2024-12-19,Houston,1-2km,505.0,2
2024-12-19,Houston,2-3km,1333.3333333333333,2
2024-12-19,Houston,3-5km,517.1666666666666,1
2024-12-19,Houston,5km+,1290.6666666666665,3
2024-12-21,Dallas,0-1km,341.57142857142856,1
2024-12-21,Dallas,1-2km,2049.4285714285716,1
2024-12-21,Houston,0-1km,797.0,1
2024-12-21,Houston,2-3km,797.0,1
2024-12-21,Houston,3-5km,398.5,1
2024-12-21,Houston,5km+,398.5,1
2024-12-23,Dallas,0-1km,588.0,1
2024-12-23,Dallas,1-2km,588.0,1
2024-12-23,Houston,0-1km,588.0,1
2024-12-23,Houston,1-2km,294.0,1
2024-12-23,Houston,5km+,294.0,1
2024-12-24,Dallas,0-1km,654.6666666666666,1
2024-12-24,Dallas,1-2km,1309.3333333333333,1
2024-12-24,Houston,0-1km,255.33333333333334,1
2024-12-24,Houston,1-2km,255.33333333333334,1
2024-12-24,Houston,5km+,255.33333333333334,1
2024-12-25,Dallas,0-1km,0.0,1
2024-12-25,Dallas,1-2km,0.0,1
2024-12-25,Dallas,2-3km,0.0,1
2024-12-25,Houston,0-1km,0.0,2
2024-12-25,Houston,1-2km,0.0,2
2024-12-25,Houston,2-3km,0.0,1
2024-12-25,Houston,5km+,0.0,1
2024-12-26,Dallas,0-1km,1642.3333333333333,1
2024-12-26,Dallas,1-2km,3284.6666666666665,1
2024-12-26,Dallas,2-3km,1676.5,1
2024-12-26,Dallas,3-5km,1676.5,1
2024-12-26,Houston,0-1km,3318.833333333333,2
2024-12-26,Houston,1-2km,4961.166666666666,2
2024-12-27,Houston,3-5km,516.0,1
2024-12-28,Dallas,0-1km,2163.1666666666665,3
2024-12-28,Dallas,1-2km,983.3333333333334,1
2024-12-28,Dallas,2-3km,1992.5,2
2024-12-28,Houston,0-1km,1187.2666666666667,3
2024-12-28,Houston,1-2km,2086.9333333333334,3
2024-12-28,Houston,3-5km,1089.8,2
2024-12-30,Dallas,0-1km,1171.3333333333333,1
2024-12-30,Dallas,1-2km,585.6666666666666,1
2024-12-30,Houston,0-1km,878.5,1
2024-12-30,Houston,3-5km,455.0,1
2024-12-30,Houston,5km+,878.5,1
2024-12-31,Dallas,0-1km,269.0,1
2024-12-31,Dallas,1-2km,2105.0,1
2024-12-31,Dallas,2-3km,3095.0,2
2024-12-31,Houston,0-1km,2765.6,4
2024-12-31,Houston,1-2km,531.7,3
2024-12-31,Houston,2-3km,2239.5,2
2024-12-31,Houston,3-5km,742.7,2
2024-12-31,Houston,5km+,891.5,2
