time_fk,state_fk,market_fk,daily_visitors,n_stores_reporting,is_hot_season
2020-01-01,CA,Los Angeles / SF Bay Area,7076.0,8,False
2020-01-02,CA,Los Angeles / SF Bay Area,6560.0,10,False
2020-01-03,CA,Los Angeles / SF Bay Area,19603.0,14,False
2020-01-04,CA,Los Angeles / SF Bay Area,12951.0,16,False
2020-01-05,CA,Los Angeles / SF Bay Area,10328.0,8,False
2020-01-06,CA,Los Angeles / SF Bay Area,5045.0,11,False
2020-01-07,CA,Los Angeles / SF Bay Area,5902.0,11,False
2020-01-08,CA,Los Angeles / SF Bay Area,11769.0,12,False
2020-01-09,CA,Los Angeles / SF Bay Area,3541.0,7,False
2020-01-10,CA,Los Angeles / SF Bay Area,9429.0,15,False
2020-01-11,CA,Los Angeles / SF Bay Area,7175.0,10,False
2020-01-12,CA,Los Angeles / SF Bay Area,15005.0,13,False
2020-01-13,CA,Los Angeles / SF Bay Area,10086.0,11,False
2020-01-14,CA,Los Angeles / SF Bay Area,8907.0,14,False
2020-01-15,CA,Los Angeles / SF Bay Area,2461.0,11,False
2020-01-16,CA,Los Angeles / SF Bay Area,12981.0,11,False
2020-01-17,CA,Los Angeles / SF Bay Area,4307.0,9,False
2020-01-18,CA,Los Angeles / SF Bay Area,12204.0,13,False
2020-01-19,CA,Los Angeles / SF Bay Area,3669.0,11,False
2020-01-20,CA,Los Angeles / SF Bay Area,18697.0,10,False
2020-01-21,CA,Los Angeles / SF Bay Area,5741.0,9,False
2020-01-22,CA,Los Angeles / SF Bay Area,3314.0,8,False
2020-01-23,CA,Los Angeles / SF Bay Area,11108.0,10,False
2020-01-24,CA,Los Angeles / SF Bay Area,8560.0,7,False
2020-01-25,CA,Los Angeles / SF Bay Area,10174.0,12,False
2020-01-26,CA,Los Angeles / SF Bay Area,6560.0,9,False
2020-01-27,CA,Los Angeles / SF Bay Area,11351.0,11,False
2020-01-28,CA,Los Angeles / SF Bay Area,1775.0,6,False
2020-01-29,CA,Los Angeles / SF Bay Area,7101.0,10,False
2020-01-30,CA,Los Angeles / SF Bay Area,4490.0,13,False
2020-01-31,CA,Los Angeles / SF Bay Area,11025.0,8,False
2020-02-01,CA,Los Angeles / SF Bay Area,26777.0,18,False
2020-02-02,CA,Los Angeles / SF Bay Area,3119.0,10,False
2020-02-03,CA,Los Angeles / SF Bay Area,5495.0,16,False
2020-02-04,CA,Los Angeles / SF Bay Area,10414.0,10,False
2020-02-05,CA,Los Angeles / SF Bay Area,12942.0,18,False
2020-02-06,CA,Los Angeles / SF Bay Area,10796.0,14,False
2020-02-07,CA,Los Angeles / SF Bay Area,7566.0,8,False
2020-02-08,CA,Los Angeles / SF Bay Area,9601.0,7,False
2020-02-09,CA,Los Angeles / SF Bay Area,4348.0,6,False
2020-02-10,CA,Los Angeles / SF Bay Area,7136.0,15,False
2020-02-11,CA,Los Angeles / SF Bay Area,5781.0,13,False
2020-02-12,CA,Los Angeles / SF Bay Area,11170.0,10,False
2020-02-13,CA,Los Angeles / SF Bay Area,13529.0,13,False
2020-02-14,CA,Los Angeles / SF Bay Area,16836.0,15,False
2020-02-15,CA,Los Angeles / SF Bay Area,5939.0,10,False
2020-02-16,CA,Los Angeles / SF Bay Area,9407.0,10,False
2020-02-17,CA,Los Angeles / SF Bay Area,1874.0,5,False
2020-02-18,CA,Los Angeles / SF Bay Area,3359.0,11,False
2020-02-19,CA,Los Angeles / SF Bay Area,7578.0,12,False
2020-02-20,CA,Los Angeles / SF Bay Area,10769.0,9,False
2020-02-21,CA,Los Angeles / SF Bay Area,12920.0,15,False
2020-02-22,CA,Los Angeles / SF Bay Area,17924.0,15,False
2020-02-23,CA,Los Angeles / SF Bay Area,4489.0,12,False
2020-02-24,CA,Los Angeles / SF Bay Area,12509.0,17,False
2020-02-25,CA,Los Angeles / SF Bay Area,11669.0,17,False
2020-02-26,CA,Los Angeles / SF Bay Area,1945.0,12,False
2020-02-27,CA,Los Angeles / SF Bay Area,10449.0,16,False
2020-02-28,CA,Los Angeles / SF Bay Area,15683.0,12,False
2020-02-29,CA,Los Angeles / SF Bay Area,12804.0,13,False
2020-03-01,CA,Los Angeles / SF Bay Area,5069.0,10,False
2020-03-02,CA,Los Angeles / SF Bay Area,5313.0,9,False
2020-03-03,CA,Los Angeles / SF Bay Area,2172.0,6,False
2020-03-04,CA,Los Angeles / SF Bay Area,2027.0,9,False
2020-03-05,CA,Los Angeles / SF Bay Area,11078.0,10,False
2020-03-06,CA,Los Angeles / SF Bay Area,8007.0,10,False
2020-03-07,CA,Los Angeles / SF Bay Area,9771.0,9,False
2020-03-08,CA,Los Angeles / SF Bay Area,14002.0,15,False
2020-03-09,CA,Los Angeles / SF Bay Area,6390.0,10,False
2020-03-10,CA,Los Angeles / SF Bay Area,4886.0,9,False
2020-03-11,CA,Los Angeles / SF Bay Area,12979.0,16,False
2020-03-12,CA,Los Angeles / SF Bay Area,4935.0,6,False
2020-03-13,CA,Los Angeles / SF Bay Area,16686.0,11,False
2020-03-14,CA,Los Angeles / SF Bay Area,4739.0,7,False
2020-03-15,CA,Los Angeles / SF Bay Area,1762.0,12,False
2020-03-16,CA,Los Angeles / SF Bay Area,3177.0,18,False
2020-03-17,CA,Los Angeles / SF Bay Area,6973.0,15,False
2020-03-18,CA,Los Angeles / SF Bay Area,5593.0,13,False
2020-03-19,CA,Los Angeles / SF Bay Area,1844.0,14,False
2020-03-20,CA,Los Angeles / SF Bay Area,810.0,12,False
2020-03-21,CA,Los Angeles / SF Bay Area,1338.0,12,False
2020-03-22,CA,Los Angeles / SF Bay Area,558.0,11,False
2020-03-23,CA,Los Angeles / SF Bay Area,1937.0,12,False
2020-03-24,CA,Los Angeles / SF Bay Area,3747.0,11,False
2020-03-25,CA,Los Angeles / SF Bay Area,2849.0,12,False
2020-03-26,CA,Los Angeles / SF Bay Area,3187.0,14,False
2020-03-27,CA,Los Angeles / SF Bay Area,4794.0,10,False
2020-03-28,CA,Los Angeles / SF Bay Area,572.0,13,False
2020-03-29,CA,Los Angeles / SF Bay Area,1118.0,13,False
2020-03-30,CA,Los Angeles / SF Bay Area,1089.0,10,False
2020-03-31,CA,Los Angeles / SF Bay Area,1182.0,7,False
2020-04-01,CA,Los Angeles / SF Bay Area,0.0,4,False
2020-04-02,CA,Los Angeles / SF Bay Area,1252.0,8,False
2020-04-03,CA,Los Angeles / SF Bay Area,2151.0,15,False
2020-04-04,CA,Los Angeles / SF Bay Area,495.0,13,False
2020-04-05,CA,Los Angeles / SF Bay Area,258.0,14,False
2020-04-06,CA,Los Angeles / SF Bay Area,163.0,9,False
2020-04-07,CA,Los Angeles / SF Bay Area,53.0,7,False
2020-04-08,CA,Los Angeles / SF Bay Area,250.0,16,False
2020-04-09,CA,Los Angeles / SF Bay Area,953.0,12,False
2020-04-10,CA,Los Angeles / SF Bay Area,724.0,10,False
2020-04-11,CA,Los Angeles / SF Bay Area,1445.0,13,False
2020-04-12,CA,Los Angeles / SF Bay Area,5812.0,11,False
2020-04-13,CA,Los Angeles / SF Bay Area,3281.0,10,False
2020-04-14,CA,Los Angeles / SF Bay Area,561.0,6,False
2020-04-15,CA,Los Angeles / SF Bay Area,1031.0,7,False
2020-04-16,CA,Los Angeles / SF Bay Area,727.0,14,False
2020-04-17,CA,Los Angeles / SF Bay Area,492.0,10,False
2020-04-18,CA,Los Angeles / SF Bay Area,353.0,9,False
2020-04-19,CA,Los Angeles / SF Bay Area,534.0,10,False
2020-04-20,CA,Los Angeles / SF Bay Area,283.0,10,False
2020-04-21,CA,Los Angeles / SF Bay Area,3617.0,17,False
2020-04-22,CA,Los Angeles / SF Bay Area,467.0,10,False
2020-04-23,CA,Los Angeles / SF Bay Area,551.0,12,False
2020-04-24,CA,Los Angeles / SF Bay Area,5789.0,11,False
2020-04-25,CA,Los Angeles / SF Bay Area,416.0,5,False
2020-04-26,CA,Los Angeles / SF Bay Area,4832.0,13,False
2020-04-27,CA,Los Angeles / SF Bay Area,541.0,10,False
2020-04-28,CA,Los Angeles / SF Bay Area,2049.0,15,False
2020-04-29,CA,Los Angeles / SF Bay Area,8668.0,14,False
2020-04-30,CA,Los Angeles / SF Bay Area,3427.0,9,False
2020-05-01,CA,Los Angeles / SF Bay Area,3132.0,10,False
2020-05-02,CA,Los Angeles / SF Bay Area,2699.0,8,False
2020-05-03,CA,Los Angeles / SF Bay Area,5070.0,14,False
2020-05-04,CA,Los Angeles / SF Bay Area,454.0,11,False
2020-05-05,CA,Los Angeles / SF Bay Area,307.0,7,False
2020-05-06,CA,Los Angeles / SF Bay Area,537.0,14,False
2020-05-07,CA,Los Angeles / SF Bay Area,1718.0,7,False
2020-05-08,CA,Los Angeles / SF Bay Area,7662.0,15,False
2020-05-09,CA,Los Angeles / SF Bay Area,1113.0,4,False
2020-05-10,CA,Los Angeles / SF Bay Area,1151.0,6,False
2020-05-11,CA,Los Angeles / SF Bay Area,1811.0,13,False
2020-05-12,CA,Los Angeles / SF Bay Area,13280.0,9,False
2020-05-13,CA,Los Angeles / SF Bay Area,1667.0,11,False
2020-05-14,CA,Los Angeles / SF Bay Area,9274.0,13,False
2020-05-15,CA,Los Angeles / SF Bay Area,6801.0,17,False
2020-05-16,CA,Los Angeles / SF Bay Area,2807.0,13,False
2020-05-17,CA,Los Angeles / SF Bay Area,3069.0,12,False
2020-05-18,CA,Los Angeles / SF Bay Area,6414.0,7,False
2020-05-19,CA,Los Angeles / SF Bay Area,6737.0,15,False
2020-05-20,CA,Los Angeles / SF Bay Area,1871.0,13,False
2020-05-21,CA,Los Angeles / SF Bay Area,8215.0,11,False
2020-05-22,CA,Los Angeles / SF Bay Area,2421.0,10,False
2020-05-23,CA,Los Angeles / SF Bay Area,6577.0,18,False
2020-05-24,CA,Los Angeles / SF Bay Area,5845.0,11,False
2020-05-25,CA,Los Angeles / SF Bay Area,2180.0,4,False
2020-05-26,CA,Los Angeles / SF Bay Area,12062.0,15,False
2020-05-27,CA,Los Angeles / SF Bay Area,9944.0,13,False
2020-05-28,CA,Los Angeles / SF Bay Area,5737.0,15,False
2020-05-29,CA,Los Angeles / SF Bay Area,5831.0,10,False
2020-05-30,CA,Los Angeles / SF Bay Area,3392.0,10,False
2020-05-31,CA,Los Angeles / SF Bay Area,309.0,6,False
2020-06-01,CA,Los Angeles / SF Bay Area,410.0,5,True
2020-06-02,CA,Los Angeles / SF Bay Area,8754.0,8,True
2020-06-03,CA,Los Angeles / SF Bay Area,5925.0,10,True
2020-06-04,CA,Los Angeles / SF Bay Area,8444.0,10,True
2020-06-05,CA,Los Angeles / SF Bay Area,11247.0,18,True
2020-06-06,CA,Los Angeles / SF Bay Area,7172.0,8,True
2020-06-07,CA,Los Angeles / SF Bay Area,5439.0,9,True
2020-06-08,CA,Los Angeles / SF Bay Area,4092.0,12,True
2020-06-09,CA,Los Angeles / SF Bay Area,12276.0,20,True
2020-06-10,CA,Los Angeles / SF Bay Area,4969.0,12,True
2020-06-11,CA,Los Angeles / SF Bay Area,8852.0,13,True
2020-06-12,CA,Los Angeles / SF Bay Area,6013.0,5,True
2020-06-13,CA,Los Angeles / SF Bay Area,7044.0,13,True
2020-06-14,CA,Los Angeles / SF Bay Area,10023.0,10,True
2020-06-15,CA,Los Angeles / SF Bay Area,19559.0,17,True
2020-06-16,CA,Los Angeles / SF Bay Area,5796.0,11,True
2020-06-17,CA,Los Angeles / SF Bay Area,5520.0,10,True
2020-06-18,CA,Los Angeles / SF Bay Area,2085.0,5,True
2020-06-19,CA,Los Angeles / SF Bay Area,4746.0,11,True
2020-06-20,CA,Los Angeles / SF Bay Area,5140.0,10,True
2020-06-21,CA,Los Angeles / SF Bay Area,10525.0,14,True
2020-06-22,CA,Los Angeles / SF Bay Area,14963.0,15,True
2020-06-23,CA,Los Angeles / SF Bay Area,14473.0,8,True
2020-06-24,CA,Los Angeles / SF Bay Area,2836.0,4,True
2020-06-25,CA,Los Angeles / SF Bay Area,8901.0,13,True
2020-06-26,CA,Los Angeles / SF Bay Area,10738.0,9,True
2020-06-27,CA,Los Angeles / SF Bay Area,3964.0,10,True
2020-06-28,CA,Los Angeles / SF Bay Area,11576.0,17,True
2020-06-29,CA,Los Angeles / SF Bay Area,2721.0,6,True
2020-06-30,CA,Los Angeles / SF Bay Area,5360.0,11,True
2020-07-01,CA,Los Angeles / SF Bay Area,6396.0,11,True
2020-07-02,CA,Los Angeles / SF Bay Area,5184.0,9,True
2020-07-03,CA,Los Angeles / SF Bay Area,13567.0,11,True
2020-07-04,CA,Los Angeles / SF Bay Area,1319.0,6,True
2020-07-05,CA,Los Angeles / SF Bay Area,7972.0,10,True
2020-07-06,CA,Los Angeles / SF Bay Area,3911.0,8,True
2020-07-07,CA,Los Angeles / SF Bay Area,7694.0,18,True
2020-07-08,CA,Los Angeles / SF Bay Area,5213.0,11,True
2020-07-09,CA,Los Angeles / SF Bay Area,5202.0,15,True
2020-07-10,CA,Los Angeles / SF Bay Area,12635.0,16,True
2020-07-11,CA,Los Angeles / SF Bay Area,10021.0,7,True
2020-07-12,CA,Los Angeles / SF Bay Area,1845.0,10,True
2020-07-13,CA,Los Angeles / SF Bay Area,2239.0,8,True
2020-07-14,CA,Los Angeles / SF Bay Area,2947.0,12,True
2020-07-15,CA,Los Angeles / SF Bay Area,10581.0,16,True
2020-07-16,CA,Los Angeles / SF Bay Area,1034.0,3,True
2020-07-17,CA,Los Angeles / SF Bay Area,7286.0,16,True
2020-07-18,CA,Los Angeles / SF Bay Area,5116.0,9,True
2020-07-19,CA,Los Angeles / SF Bay Area,5893.0,8,True
2020-07-20,CA,Los Angeles / SF Bay Area,3816.0,14,True
2020-07-21,CA,Los Angeles / SF Bay Area,5897.0,6,True
2020-07-22,CA,Los Angeles / SF Bay Area,5871.0,11,True
2020-07-23,CA,Los Angeles / SF Bay Area,2070.0,10,True
2020-07-24,CA,Los Angeles / SF Bay Area,4254.0,13,True
2020-07-25,CA,Los Angeles / SF Bay Area,1055.0,8,True
2020-07-26,CA,Los Angeles / SF Bay Area,2521.0,16,True
2020-07-27,CA,Los Angeles / SF Bay Area,2366.0,14,True
2020-07-28,CA,Los Angeles / SF Bay Area,10148.0,8,True
2020-07-29,CA,Los Angeles / SF Bay Area,6586.0,14,True
2020-07-30,CA,Los Angeles / SF Bay Area,5532.0,10,True
2020-07-31,CA,Los Angeles / SF Bay Area,12182.0,14,True
2020-08-01,CA,Los Angeles / SF Bay Area,1824.0,6,True
2020-08-02,CA,Los Angeles / SF Bay Area,6056.0,14,True
2020-08-03,CA,Los Angeles / SF Bay Area,8221.0,14,True
2020-08-04,CA,Los Angeles / SF Bay Area,6282.0,12,True
2020-08-05,CA,Los Angeles / SF Bay Area,9152.0,10,True
2020-08-06,CA,Los Angeles / SF Bay Area,4849.0,14,True
2020-08-07,CA,Los Angeles / SF Bay Area,4122.0,8,True
2020-08-08,CA,Los Angeles / SF Bay Area,5817.0,13,True
2020-08-09,CA,Los Angeles / SF Bay Area,2722.0,10,True
2020-08-10,CA,Los Angeles / SF Bay Area,1711.0,10,True
2020-08-11,CA,Los Angeles / SF Bay Area,4005.0,12,True
2020-08-12,CA,Los Angeles / SF Bay Area,1208.0,5,True
2020-08-13,CA,Los Angeles / SF Bay Area,2431.0,10,True
2020-08-14,CA,Los Angeles / SF Bay Area,3261.0,10,True
2020-08-15,CA,Los Angeles / SF Bay Area,1224.0,6,True
2020-08-16,CA,Los Angeles / SF Bay Area,6202.0,11,True
2020-08-17,CA,Los Angeles / SF Bay Area,3388.0,13,True
2020-08-18,CA,Los Angeles / SF Bay Area,3210.0,16,True
2020-08-19,CA,Los Angeles / SF Bay Area,5826.0,14,True
2020-08-20,CA,Los Angeles / SF Bay Area,3319.0,10,True
2020-08-21,CA,Los Angeles / SF Bay Area,4775.0,9,True
2020-08-22,CA,Los Angeles / SF Bay Area,11231.0,14,True
2020-08-23,CA,Los Angeles / SF Bay Area,3272.0,15,True
2020-08-24,CA,Los Angeles / SF Bay Area,7502.0,12,True
2020-08-25,CA,Los Angeles / SF Bay Area,9278.0,13,True
2020-08-26,CA,Los Angeles / SF Bay Area,2956.0,14,True
2020-08-27,CA,Los Angeles / SF Bay Area,11350.0,12,True
2020-08-28,CA,Los Angeles / SF Bay Area,8807.0,8,True
2020-08-29,CA,Los Angeles / SF Bay Area,3776.0,10,True
2020-08-30,CA,Los Angeles / SF Bay Area,2001.0,8,True
2020-08-31,CA,Los Angeles / SF Bay Area,8036.0,18,True
2020-09-01,CA,Los Angeles / SF Bay Area,3574.0,16,False
2020-09-02,CA,Los Angeles / SF Bay Area,5812.0,15,False
2020-09-03,CA,Los Angeles / SF Bay Area,1396.0,8,False
2020-09-04,CA,Los Angeles / SF Bay Area,4615.0,10,False
2020-09-05,CA,Los Angeles / SF Bay Area,3635.0,15,False
2020-09-06,CA,Los Angeles / SF Bay Area,5120.0,10,False
2020-09-07,CA,Los Angeles / SF Bay Area,6560.0,10,False
2020-09-08,CA,Los Angeles / SF Bay Area,7041.0,11,False
2020-09-09,CA,Los Angeles / SF Bay Area,9445.0,12,False
2020-09-10,CA,Los Angeles / SF Bay Area,5235.0,14,False
2020-09-11,CA,Los Angeles / SF Bay Area,8354.0,19,False
2020-09-12,CA,Los Angeles / SF Bay Area,7436.0,12,False
2020-09-13,CA,Los Angeles / SF Bay Area,1124.0,12,False
2020-09-14,CA,Los Angeles / SF Bay Area,964.0,9,False
2020-09-15,CA,Los Angeles / SF Bay Area,8680.0,13,False
2020-09-16,CA,Los Angeles / SF Bay Area,8930.0,20,False
2020-09-17,CA,Los Angeles / SF Bay Area,2046.0,14,False
2020-09-18,CA,Los Angeles / SF Bay Area,3892.0,12,False
2020-09-19,CA,Los Angeles / SF Bay Area,7065.0,9,False
2020-09-20,CA,Los Angeles / SF Bay Area,1864.0,11,False
2020-09-21,CA,Los Angeles / SF Bay Area,2201.0,8,False
2020-09-22,CA,Los Angeles / SF Bay Area,11528.0,11,False
2020-09-23,CA,Los Angeles / SF Bay Area,3669.0,8,False
2020-09-24,CA,Los Angeles / SF Bay Area,10150.0,11,False
2020-09-25,CA,Los Angeles / SF Bay Area,9554.0,13,False
2020-09-26,CA,Los Angeles / SF Bay Area,3655.0,9,False
2020-09-27,CA,Los Angeles / SF Bay Area,4874.0,12,False
2020-09-28,CA,Los Angeles / SF Bay Area,7005.0,12,False
2020-09-29,CA,Los Angeles / SF Bay Area,5974.0,12,False
2020-09-30,CA,Los Angeles / SF Bay Area,5113.0,5,False
2020-10-01,CA,Los Angeles / SF Bay Area,1636.0,7,False
2020-10-02,CA,Los Angeles / SF Bay Area,5809.0,13,False
2020-10-03,CA,Los Angeles / SF Bay Area,4707.0,12,False
2020-10-04,CA,Los Angeles / SF Bay Area,551.0,5,False
2020-10-05,CA,Los Angeles / SF Bay Area,4116.0,16,False
2020-10-06,CA,Los Angeles / SF Bay Area,11760.0,19,False
2020-10-07,CA,Los Angeles / SF Bay Area,7895.0,12,False
2020-10-08,CA,Los Angeles / SF Bay Area,4300.0,14,False
2020-10-09,CA,Los Angeles / SF Bay Area,3751.0,12,False
2020-10-10,CA,Los Angeles / SF Bay Area,2463.0,9,False
2020-10-11,CA,Los Angeles / SF Bay Area,5199.0,10,False
2020-10-12,CA,Los Angeles / SF Bay Area,5997.0,14,False
2020-10-13,CA,Los Angeles / SF Bay Area,5020.0,12,False
2020-10-14,CA,Los Angeles / SF Bay Area,11474.0,17,False
2020-10-15,CA,Los Angeles / SF Bay Area,10019.0,17,False
2020-10-16,CA,Los Angeles / SF Bay Area,3659.0,15,False
2020-10-17,CA,Los Angeles / SF Bay Area,5124.0,14,False
2020-10-18,CA,Los Angeles / SF Bay Area,10356.0,14,False
2020-10-19,CA,Los Angeles / SF Bay Area,6533.0,13,False
2020-10-20,CA,Los Angeles / SF Bay Area,5495.0,12,False
2020-10-21,CA,Los Angeles / SF Bay Area,3138.0,11,False
2020-10-22,CA,Los Angeles / SF Bay Area,6570.0,19,False
2020-10-23,CA,Los Angeles / SF Bay Area,7422.0,11,False
2020-10-24,CA,Los Angeles / SF Bay Area,6210.0,10,False
2020-10-25,CA,Los Angeles / SF Bay Area,7614.0,12,False
2020-10-26,CA,Los Angeles / SF Bay Area,3930.0,9,False
2020-10-27,CA,Los Angeles / SF Bay Area,4295.0,12,False
2020-10-28,CA,Los Angeles / SF Bay Area,10543.0,16,False
2020-10-29,CA,Los Angeles / SF Bay Area,10123.0,15,False
2020-10-30,CA,Los Angeles / SF Bay Area,1986.0,7,False
2020-10-31,CA,Los Angeles / SF Bay Area,5465.0,12,False
2020-11-01,CA,Los Angeles / SF Bay Area,4603.0,11,False
2020-11-02,CA,Los Angeles / SF Bay Area,2380.0,13,False
2020-11-03,CA,Los Angeles / SF Bay Area,3307.0,9,False
2020-11-04,CA,Los Angeles / SF Bay Area,4401.0,6,False
2020-11-05,CA,Los Angeles / SF Bay Area,7032.0,10,False
2020-11-06,CA,Los Angeles / SF Bay Area,4885.0,12,False
2020-11-07,CA,Los Angeles / SF Bay Area,6335.0,15,False
2020-11-08,CA,Los Angeles / SF Bay Area,5987.0,9,False
2020-11-09,CA,Los Angeles / SF Bay Area,1960.0,9,False
2020-11-10,CA,Los Angeles / SF Bay Area,1827.0,6,False
2020-11-11,CA,Los Angeles / SF Bay Area,10563.0,12,False
2020-11-12,CA,Los Angeles / SF Bay Area,17688.0,15,False
2020-11-13,CA,Los Angeles / SF Bay Area,9445.0,19,False
2020-11-14,CA,Los Angeles / SF Bay Area,4594.0,12,False
2020-11-15,CA,Los Angeles / SF Bay Area,9811.0,9,False
2020-11-16,CA,Los Angeles / SF Bay Area,2526.0,12,False
2020-11-17,CA,Los Angeles / SF Bay Area,10023.0,14,False
2020-11-18,CA,Los Angeles / SF Bay Area,2549.0,11,False
2020-11-19,CA,Los Angeles / SF Bay Area,8777.0,14,False
2020-11-20,CA,Los Angeles / SF Bay Area,2954.0,9,False
2020-11-21,CA,Los Angeles / SF Bay Area,2093.0,7,False
2020-11-22,CA,Los Angeles / SF Bay Area,1864.0,5,False
2020-11-23,CA,Los Angeles / SF Bay Area,4539.0,13,False
2020-11-24,CA,Los Angeles / SF Bay Area,4702.0,13,False
2020-11-25,CA,Los Angeles / SF Bay Area,8798.0,14,False
2020-11-26,CA,Los Angeles / SF Bay Area,289.0,15,False
2020-11-27,CA,Los Angeles / SF Bay Area,1723.0,6,False
2020-11-28,CA,Los Angeles / SF Bay Area,4934.0,9,False
2020-11-29,CA,Los Angeles / SF Bay Area,6809.0,14,False
2020-11-30,CA,Los Angeles / SF Bay Area,3151.0,12,False
2020-12-01,CA,Los Angeles / SF Bay Area,5245.0,13,False
2020-12-02,CA,Los Angeles / SF Bay Area,1380.0,8,False
2020-12-03,CA,Los Angeles / SF Bay Area,5280.0,10,False
2020-12-04,CA,Los Angeles / SF Bay Area,2981.0,11,False
2020-12-05,CA,Los Angeles / SF Bay Area,7625.0,20,False
2020-12-06,CA,Los Angeles / SF Bay Area,2595.0,10,False
2020-12-07,CA,Los Angeles / SF Bay Area,2690.0,12,False
2020-12-08,CA,Los Angeles / SF Bay Area,10635.0,16,False
2020-12-09,CA,Los Angeles / SF Bay Area,1437.0,4,False
2020-12-10,CA,Los Angeles / SF Bay Area,4303.0,13,False
2020-12-11,CA,Los Angeles / SF Bay Area,2278.0,8,False
2020-12-12,CA,Los Angeles / SF Bay Area,2995.0,8,False
2020-12-13,CA,Los Angeles / SF Bay Area,2057.0,12,False
2020-12-14,CA,Los Angeles / SF Bay Area,5993.0,15,False
2020-12-15,CA,Los Angeles / SF Bay Area,3062.0,10,False
2020-12-16,CA,Los Angeles / SF Bay Area,4247.0,18,False
2020-12-17,CA,Los Angeles / SF Bay Area,4879.0,12,False
2020-12-18,CA,Los Angeles / SF Bay Area,3073.0,9,False
2020-12-19,CA,Los Angeles / SF Bay Area,4730.0,7,False
2020-12-20,CA,Los Angeles / SF Bay Area,1326.0,7,False
2020-12-21,CA,Los Angeles / SF Bay Area,2950.0,13,False
2020-12-22,CA,Los Angeles / SF Bay Area,1436.0,6,False
2020-12-23,CA,Los Angeles / SF Bay Area,4355.0,13,False
2020-12-24,CA,Los Angeles / SF Bay Area,2444.0,11,False
2020-12-25,CA,Los Angeles / SF Bay Area,3805.0,12,False
2020-12-26,CA,Los Angeles / SF Bay Area,8315.0,11,False
2020-12-27,CA,Los Angeles / SF Bay Area,3342.0,12,False
2020-12-28,CA,Los Angeles / SF Bay Area,2952.0,9,False
2020-12-29,CA,Los Angeles / SF Bay Area,2710.0,9,False
2020-12-30,CA,Los Angeles / SF Bay Area,5594.0,14,False
2020-12-31,CA,Los Angeles / SF Bay Area,5314.0,15,False
2021-01-01,CA,Los Angeles / SF Bay Area,3901.0,14,False
2021-01-02,CA,Los Angeles / SF Bay Area,2220.0,9,False
2021-01-03,CA,Los Angeles / SF Bay Area,4253.0,12,False
2021-01-04,CA,Los Angeles / SF Bay Area,2414.0,6,False
2021-01-05,CA,Los Angeles / SF Bay Area,1832.0,9,False
2021-01-06,CA,Los Angeles / SF Bay Area,2928.0,13,False
2021-01-07,CA,Los Angeles / SF Bay Area,3494.0,8,False
2021-01-08,CA,Los Angeles / SF Bay Area,2895.0,12,False
2021-01-09,CA,Los Angeles / SF Bay Area,2620.0,7,False
2021-01-10,CA,Los Angeles / SF Bay Area,3793.0,12,False
2021-01-11,CA,Los Angeles / SF Bay Area,6278.0,8,False
2021-01-12,CA,Los Angeles / SF Bay Area,6558.0,13,False
2021-01-13,CA,Los Angeles / SF Bay Area,7460.0,11,False
2021-01-14,CA,Los Angeles / SF Bay Area,4274.0,13,False
2021-01-15,CA,Los Angeles / SF Bay Area,5709.0,9,False
2021-01-16,CA,Los Angeles / SF Bay Area,3735.0,13,False
2021-01-17,CA,Los Angeles / SF Bay Area,6254.0,8,False
2021-01-18,CA,Los Angeles / SF Bay Area,5436.0,18,False
2021-01-19,CA,Los Angeles / SF Bay Area,1561.0,10,False
2021-01-20,CA,Los Angeles / SF Bay Area,1084.0,7,False
2021-01-21,CA,Los Angeles / SF Bay Area,1792.0,6,False
2021-01-22,CA,Los Angeles / SF Bay Area,5702.0,19,False
2021-01-23,CA,Los Angeles / SF Bay Area,4259.0,11,False
2021-01-24,CA,Los Angeles / SF Bay Area,2902.0,11,False
2021-01-25,CA,Los Angeles / SF Bay Area,2539.0,12,False
2021-01-26,CA,Los Angeles / SF Bay Area,3008.0,16,False
2021-01-27,CA,Los Angeles / SF Bay Area,6422.0,21,False
2021-01-28,CA,Los Angeles / SF Bay Area,1332.0,8,False
2021-01-29,CA,Los Angeles / SF Bay Area,7592.0,17,False
2021-01-30,CA,Los Angeles / SF Bay Area,4005.0,12,False
2021-01-31,CA,Los Angeles / SF Bay Area,4644.0,8,False
2021-02-01,CA,Los Angeles / SF Bay Area,2302.0,8,False
2021-02-02,CA,Los Angeles / SF Bay Area,4624.0,13,False
2021-02-03,CA,Los Angeles / SF Bay Area,2046.0,9,False
2021-02-04,CA,Los Angeles / SF Bay Area,1398.0,7,False
2021-02-05,CA,Los Angeles / SF Bay Area,6004.0,12,False
2021-02-06,CA,Los Angeles / SF Bay Area,2427.0,9,False
2021-02-07,CA,Los Angeles / SF Bay Area,8670.0,21,False
2021-02-08,CA,Los Angeles / SF Bay Area,2769.0,15,False
2021-02-09,CA,Los Angeles / SF Bay Area,2975.0,19,False
2021-02-10,CA,Los Angeles / SF Bay Area,3675.0,7,False
2021-02-11,CA,Los Angeles / SF Bay Area,7025.0,7,False
2021-02-12,CA,Los Angeles / SF Bay Area,7492.0,15,False
2021-02-13,CA,Los Angeles / SF Bay Area,7441.0,10,False
2021-02-14,CA,Los Angeles / SF Bay Area,2461.0,11,False
2021-02-15,CA,Los Angeles / SF Bay Area,6065.0,11,False
2021-02-16,CA,Los Angeles / SF Bay Area,6377.0,13,False
2021-02-17,CA,Los Angeles / SF Bay Area,1958.0,13,False
2021-02-18,CA,Los Angeles / SF Bay Area,3194.0,8,False
2021-02-19,CA,Los Angeles / SF Bay Area,11913.0,12,False
2021-02-20,CA,Los Angeles / SF Bay Area,4206.0,8,False
2021-02-21,CA,Los Angeles / SF Bay Area,4213.0,10,False
2021-02-22,CA,Los Angeles / SF Bay Area,4915.0,9,False
2021-02-23,CA,Los Angeles / SF Bay Area,1506.0,7,False
2021-02-24,CA,Los Angeles / SF Bay Area,8029.0,12,False
2021-02-25,CA,Los Angeles / SF Bay Area,4492.0,17,False
2021-02-26,CA,Los Angeles / SF Bay Area,3247.0,13,False
2021-02-27,CA,Los Angeles / SF Bay Area,4577.0,14,False
2021-02-28,CA,Los Angeles / SF Bay Area,2526.0,11,False
2021-03-01,CA,Los Angeles / SF Bay Area,2502.0,11,False
2021-03-02,CA,Los Angeles / SF Bay Area,4620.0,10,False
2021-03-03,CA,Los Angeles / SF Bay Area,4407.0,11,False
2021-03-04,CA,Los Angeles / SF Bay Area,3157.0,14,False
2021-03-05,CA,Los Angeles / SF Bay Area,6592.0,8,False
2021-03-06,CA,Los Angeles / SF Bay Area,12366.0,15,False
2021-03-07,CA,Los Angeles / SF Bay Area,3037.0,15,False
2021-03-08,CA,Los Angeles / SF Bay Area,2899.0,15,False
2021-03-09,CA,Los Angeles / SF Bay Area,6046.0,18,False
2021-03-10,CA,Los Angeles / SF Bay Area,3993.0,11,False
2021-03-11,CA,Los Angeles / SF Bay Area,6165.0,13,False
2021-03-12,CA,Los Angeles / SF Bay Area,2888.0,9,False
2021-03-13,CA,Los Angeles / SF Bay Area,6795.0,16,False
2021-03-14,CA,Los Angeles / SF Bay Area,9943.0,14,False
2021-03-15,CA,Los Angeles / SF Bay Area,4059.0,12,False
2021-03-16,CA,Los Angeles / SF Bay Area,8400.0,15,False
2021-03-17,CA,Los Angeles / SF Bay Area,5384.0,12,False
2021-03-18,CA,Los Angeles / SF Bay Area,3121.0,11,False
2021-03-19,CA,Los Angeles / SF Bay Area,3238.0,5,False
2021-03-20,CA,Los Angeles / SF Bay Area,4137.0,12,False
2021-03-21,CA,Los Angeles / SF Bay Area,3338.0,11,False
2021-03-22,CA,Los Angeles / SF Bay Area,5927.0,15,False
2021-03-23,CA,Los Angeles / SF Bay Area,9619.0,12,False
2021-03-24,CA,Los Angeles / SF Bay Area,3683.0,12,False
2021-03-25,CA,Los Angeles / SF Bay Area,5761.0,8,False
2021-03-26,CA,Los Angeles / SF Bay Area,4683.0,11,False
2021-03-27,CA,Los Angeles / SF Bay Area,7357.0,14,False
2021-03-28,CA,Los Angeles / SF Bay Area,17171.0,17,False
2021-03-29,CA,Los Angeles / SF Bay Area,2273.0,8,False
2021-03-30,CA,Los Angeles / SF Bay Area,2331.0,7,False
2021-03-31,CA,Los Angeles / SF Bay Area,8508.0,10,False
2021-04-01,CA,Los Angeles / SF Bay Area,7032.0,8,False
2021-04-02,CA,Los Angeles / SF Bay Area,4787.0,16,False
2021-04-03,CA,Los Angeles / SF Bay Area,3565.0,9,False
2021-04-04,CA,Los Angeles / SF Bay Area,4179.0,12,False
2021-04-05,CA,Los Angeles / SF Bay Area,4060.0,6,False
2021-04-06,CA,Los Angeles / SF Bay Area,7767.0,14,False
2021-04-07,CA,Los Angeles / SF Bay Area,3056.0,9,False
2021-04-08,CA,Los Angeles / SF Bay Area,5152.0,12,False
2021-04-09,CA,Los Angeles / SF Bay Area,2944.0,14,False
2021-04-10,CA,Los Angeles / SF Bay Area,6987.0,10,False
2021-04-11,CA,Los Angeles / SF Bay Area,9457.0,12,False
2021-04-12,CA,Los Angeles / SF Bay Area,2239.0,10,False
2021-04-13,CA,Los Angeles / SF Bay Area,8202.0,23,False
2021-04-14,CA,Los Angeles / SF Bay Area,4425.0,8,False
2021-04-15,CA,Los Angeles / SF Bay Area,1527.0,8,False
2021-04-16,CA,Los Angeles / SF Bay Area,19372.0,18,False
2021-04-17,CA,Los Angeles / SF Bay Area,5649.0,11,False
2021-04-18,CA,Los Angeles / SF Bay Area,6368.0,13,False
2021-04-19,CA,Los Angeles / SF Bay Area,6417.0,9,False
2021-04-20,CA,Los Angeles / SF Bay Area,6207.0,11,False
2021-04-21,CA,Los Angeles / SF Bay Area,6254.0,12,False
2021-04-22,CA,Los Angeles / SF Bay Area,2688.0,9,False
2021-04-23,CA,Los Angeles / SF Bay Area,1209.0,10,False
2021-04-24,CA,Los Angeles / SF Bay Area,5253.0,12,False
2021-04-25,CA,Los Angeles / SF Bay Area,3218.0,6,False
2021-04-26,CA,Los Angeles / SF Bay Area,1253.0,6,False
2021-04-27,CA,Los Angeles / SF Bay Area,5905.0,18,False
2021-04-28,CA,Los Angeles / SF Bay Area,1504.0,7,False
2021-04-29,CA,Los Angeles / SF Bay Area,5266.0,11,False
2021-04-30,CA,Los Angeles / SF Bay Area,14978.0,13,False
2021-05-01,CA,Los Angeles / SF Bay Area,7439.0,10,False
2021-05-02,CA,Los Angeles / SF Bay Area,2700.0,9,False
2021-05-03,CA,Los Angeles / SF Bay Area,7966.0,11,False
2021-05-04,CA,Los Angeles / SF Bay Area,2434.0,11,False
2021-05-05,CA,Los Angeles / SF Bay Area,4870.0,14,False
2021-05-06,CA,Los Angeles / SF Bay Area,3422.0,9,False
2021-05-07,CA,Los Angeles / SF Bay Area,8372.0,12,False
2021-05-08,CA,Los Angeles / SF Bay Area,5349.0,11,False
2021-05-09,CA,Los Angeles / SF Bay Area,3751.0,7,False
2021-05-10,CA,Los Angeles / SF Bay Area,3834.0,10,False
2021-05-11,CA,Los Angeles / SF Bay Area,4388.0,9,False
2021-05-12,CA,Los Angeles / SF Bay Area,3647.0,10,False
2021-05-13,CA,Los Angeles / SF Bay Area,4602.0,3,False
2021-05-14,CA,Los Angeles / SF Bay Area,5230.0,9,False
2021-05-15,CA,Los Angeles / SF Bay Area,5180.0,8,False
2021-05-16,CA,Los Angeles / SF Bay Area,2548.0,9,False
2021-05-17,CA,Los Angeles / SF Bay Area,3933.0,11,False
2021-05-18,CA,Los Angeles / SF Bay Area,6492.0,10,False
2021-05-19,CA,Los Angeles / SF Bay Area,2991.0,8,False
2021-05-20,CA,Los Angeles / SF Bay Area,2376.0,7,False
2021-05-21,CA,Los Angeles / SF Bay Area,3035.0,11,False
2021-05-22,CA,Los Angeles / SF Bay Area,2943.0,10,False
2021-05-23,CA,Los Angeles / SF Bay Area,10255.0,13,False
2021-05-24,CA,Los Angeles / SF Bay Area,2679.0,12,False
2021-05-25,CA,Los Angeles / SF Bay Area,4554.0,16,False
2021-05-26,CA,Los Angeles / SF Bay Area,7103.0,17,False
2021-05-27,CA,Los Angeles / SF Bay Area,5681.0,11,False
2021-05-28,CA,Los Angeles / SF Bay Area,3945.0,11,False
2021-05-29,CA,Los Angeles / SF Bay Area,7692.0,11,False
2021-05-30,CA,Los Angeles / SF Bay Area,7251.0,13,False
2021-05-31,CA,Los Angeles / SF Bay Area,3585.0,8,False
2021-06-01,CA,Los Angeles / SF Bay Area,8645.0,10,True
2021-06-02,CA,Los Angeles / SF Bay Area,18506.0,16,True
2021-06-03,CA,Los Angeles / SF Bay Area,5959.0,11,True
2021-06-04,CA,Los Angeles / SF Bay Area,6918.0,8,True
2021-06-05,CA,Los Angeles / SF Bay Area,32816.0,13,True
2021-06-06,CA,Los Angeles / SF Bay Area,4808.0,11,True
2021-06-07,CA,Los Angeles / SF Bay Area,4551.0,7,True
2021-06-08,CA,Los Angeles / SF Bay Area,13446.0,14,True
2021-06-09,CA,Los Angeles / SF Bay Area,6946.0,15,True
2021-06-10,CA,Los Angeles / SF Bay Area,1770.0,12,True
2021-06-11,CA,Los Angeles / SF Bay Area,27093.0,13,True
2021-06-12,CA,Los Angeles / SF Bay Area,13224.0,16,True
2021-06-13,CA,Los Angeles / SF Bay Area,10718.0,10,True
2021-06-14,CA,Los Angeles / SF Bay Area,6099.0,12,True
2021-06-15,CA,Los Angeles / SF Bay Area,2019.0,2,True
2021-06-16,CA,Los Angeles / SF Bay Area,9409.0,11,True
2021-06-17,CA,Los Angeles / SF Bay Area,3663.0,12,True
2021-06-18,CA,Los Angeles / SF Bay Area,11350.0,15,True
2021-06-19,CA,Los Angeles / SF Bay Area,9269.0,16,True
2021-06-20,CA,Los Angeles / SF Bay Area,5721.0,6,True
2021-06-21,CA,Los Angeles / SF Bay Area,7647.0,14,True
2021-06-22,CA,Los Angeles / SF Bay Area,9485.0,13,True
2021-06-23,CA,Los Angeles / SF Bay Area,10256.0,13,True
2021-06-24,CA,Los Angeles / SF Bay Area,14265.0,12,True
2021-06-25,CA,Los Angeles / SF Bay Area,9524.0,15,True
2021-06-26,CA,Los Angeles / SF Bay Area,9167.0,14,True
2021-06-27,CA,Los Angeles / SF Bay Area,14800.0,10,True
2021-06-28,CA,Los Angeles / SF Bay Area,5635.0,10,True
2021-06-29,CA,Los Angeles / SF Bay Area,12404.0,9,True
2021-06-30,CA,Los Angeles / SF Bay Area,6955.0,7,True
2021-07-01,CA,Los Angeles / SF Bay Area,7038.0,13,True
2021-07-02,CA,Los Angeles / SF Bay Area,12185.0,16,True
2021-07-03,CA,Los Angeles / SF Bay Area,5725.0,12,True
2021-07-04,CA,Los Angeles / SF Bay Area,8756.0,10,True
2021-07-05,CA,Los Angeles / SF Bay Area,7876.0,6,True
2021-07-06,CA,Los Angeles / SF Bay Area,8484.0,8,True
2021-07-07,CA,Los Angeles / SF Bay Area,4641.0,9,True
2021-07-08,CA,Los Angeles / SF Bay Area,2808.0,10,True
2021-07-09,CA,Los Angeles / SF Bay Area,6852.0,11,True
2021-07-10,CA,Los Angeles / SF Bay Area,5081.0,14,True
2021-07-11,CA,Los Angeles / SF Bay Area,8999.0,14,True
2021-07-12,CA,Los Angeles / SF Bay Area,9967.0,11,True
2021-07-13,CA,Los Angeles / SF Bay Area,3124.0,10,True
2021-07-14,CA,Los Angeles / SF Bay Area,7417.0,13,True
2021-07-15,CA,Los Angeles / SF Bay Area,8851.0,9,True
2021-07-16,CA,Los Angeles / SF Bay Area,11960.0,17,True
2021-07-17,CA,Los Angeles / SF Bay Area,9007.0,15,True
2021-07-18,CA,Los Angeles / SF Bay Area,4230.0,9,True
2021-07-19,CA,Los Angeles / SF Bay Area,12108.0,10,True
2021-07-20,CA,Los Angeles / SF Bay Area,6693.0,15,True
2021-07-21,CA,Los Angeles / SF Bay Area,15339.0,10,True
2021-07-22,CA,Los Angeles / SF Bay Area,7477.0,15,True
2021-07-23,CA,Los Angeles / SF Bay Area,13479.0,11,True
2021-07-24,CA,Los Angeles / SF Bay Area,20552.0,14,True
2021-07-25,CA,Los Angeles / SF Bay Area,11279.0,10,True
2021-07-26,CA,Los Angeles / SF Bay Area,7318.0,14,True
2021-07-27,CA,Los Angeles / SF Bay Area,5965.0,10,True
2021-07-28,CA,Los Angeles / SF Bay Area,6066.0,6,True
2021-07-29,CA,Los Angeles / SF Bay Area,5439.0,8,True
2021-07-30,CA,Los Angeles / SF Bay Area,8606.0,11,True
2021-07-31,CA,Los Angeles / SF Bay Area,8290.0,8,True
2021-08-01,CA,Los Angeles / SF Bay Area,5499.0,6,True
2021-08-02,CA,Los Angeles / SF Bay Area,6828.0,15,True
2021-08-03,CA,Los Angeles / SF Bay Area,4591.0,10,True
2021-08-04,CA,Los Angeles / SF Bay Area,7759.0,18,True
2021-08-05,CA,Los Angeles / SF Bay Area,8678.0,10,True
2021-08-06,CA,Los Angeles / SF Bay Area,11306.0,16,True
2021-08-07,CA,Los Angeles / SF Bay Area,14979.0,11,True
2021-08-08,CA,Los Angeles / SF Bay Area,6757.0,11,True
2021-08-09,CA,Los Angeles / SF Bay Area,4804.0,9,True
2021-08-10,CA,Los Angeles / SF Bay Area,13208.0,15,True
2021-08-11,CA,Los Angeles / SF Bay Area,11474.0,8,True
2021-08-12,CA,Los Angeles / SF Bay Area,2411.0,8,True
2021-08-13,CA,Los Angeles / SF Bay Area,8537.0,10,True
2021-08-14,CA,Los Angeles / SF Bay Area,3506.0,9,True
2021-08-15,CA,Los Angeles / SF Bay Area,8615.0,20,True
2021-08-16,CA,Los Angeles / SF Bay Area,13151.0,15,True
2021-08-17,CA,Los Angeles / SF Bay Area,6025.0,11,True
2021-08-18,CA,Los Angeles / SF Bay Area,13418.0,12,True
2021-08-19,CA,Los Angeles / SF Bay Area,6495.0,9,True
2021-08-20,CA,Los Angeles / SF Bay Area,3306.0,12,True
2021-08-21,CA,Los Angeles / SF Bay Area,9556.0,21,True
2021-08-22,CA,Los Angeles / SF Bay Area,5814.0,8,True
2021-08-23,CA,Los Angeles / SF Bay Area,2179.0,8,True
2021-08-24,CA,Los Angeles / SF Bay Area,7353.0,7,True
2021-08-25,CA,Los Angeles / SF Bay Area,9410.0,9,True
2021-08-26,CA,Los Angeles / SF Bay Area,5002.0,10,True
2021-08-27,CA,Los Angeles / SF Bay Area,5118.0,8,True
2021-08-28,CA,Los Angeles / SF Bay Area,11026.0,14,True
2021-08-29,CA,Los Angeles / SF Bay Area,4834.0,10,True
2021-08-30,CA,Los Angeles / SF Bay Area,5338.0,10,True
2021-08-31,CA,Los Angeles / SF Bay Area,12040.0,8,True
2021-09-01,CA,Los Angeles / SF Bay Area,4465.0,7,False
2021-09-02,CA,Los Angeles / SF Bay Area,9460.0,13,False
2021-09-03,CA,Los Angeles / SF Bay Area,6902.0,8,False
2021-09-04,CA,Los Angeles / SF Bay Area,7008.0,12,False
2021-09-05,CA,Los Angeles / SF Bay Area,11015.0,16,False
2021-09-06,CA,Los Angeles / SF Bay Area,4879.0,8,False
2021-09-07,CA,Los Angeles / SF Bay Area,3807.0,11,False
2021-09-08,CA,Los Angeles / SF Bay Area,3528.0,8,False
2021-09-09,CA,Los Angeles / SF Bay Area,11942.0,17,False
2021-09-10,CA,Los Angeles / SF Bay Area,9161.0,16,False
2021-09-11,CA,Los Angeles / SF Bay Area,3317.0,11,False
2021-09-12,CA,Los Angeles / SF Bay Area,7613.0,11,False
2021-09-13,CA,Los Angeles / SF Bay Area,8889.0,10,False
2021-09-14,CA,Los Angeles / SF Bay Area,14732.0,17,False
2021-09-15,CA,Los Angeles / SF Bay Area,21376.0,16,False
2021-09-16,CA,Los Angeles / SF Bay Area,7019.0,11,False
2021-09-17,CA,Los Angeles / SF Bay Area,6402.0,9,False
2021-09-18,CA,Los Angeles / SF Bay Area,8966.0,12,False
2021-09-19,CA,Los Angeles / SF Bay Area,12259.0,12,False
2021-09-20,CA,Los Angeles / SF Bay Area,7113.0,11,False
2021-09-21,CA,Los Angeles / SF Bay Area,7111.0,12,False
2021-09-22,CA,Los Angeles / SF Bay Area,4497.0,6,False
2021-09-23,CA,Los Angeles / SF Bay Area,7505.0,10,False
2021-09-24,CA,Los Angeles / SF Bay Area,8129.0,11,False
2021-09-25,CA,Los Angeles / SF Bay Area,2590.0,5,False
2021-09-26,CA,Los Angeles / SF Bay Area,9179.0,13,False
2021-09-27,CA,Los Angeles / SF Bay Area,3274.0,7,False
2021-09-28,CA,Los Angeles / SF Bay Area,4698.0,8,False
2021-09-29,CA,Los Angeles / SF Bay Area,8602.0,11,False
2021-09-30,CA,Los Angeles / SF Bay Area,10525.0,15,False
2021-10-01,CA,Los Angeles / SF Bay Area,12223.0,10,False
2021-10-02,CA,Los Angeles / SF Bay Area,8765.0,9,False
2021-10-03,CA,Los Angeles / SF Bay Area,3283.0,9,False
2021-10-04,CA,Los Angeles / SF Bay Area,12591.0,16,False
2021-10-05,CA,Los Angeles / SF Bay Area,9260.0,14,False
2021-10-06,CA,Los Angeles / SF Bay Area,12667.0,21,False
2021-10-07,CA,Los Angeles / SF Bay Area,7535.0,10,False
2021-10-08,CA,Los Angeles / SF Bay Area,5241.0,11,False
2021-10-09,CA,Los Angeles / SF Bay Area,2880.0,8,False
2021-10-10,CA,Los Angeles / SF Bay Area,5674.0,9,False
2021-10-11,CA,Los Angeles / SF Bay Area,11938.0,14,False
2021-10-12,CA,Los Angeles / SF Bay Area,4432.0,10,False
2021-10-13,CA,Los Angeles / SF Bay Area,2682.0,10,False
2021-10-14,CA,Los Angeles / SF Bay Area,15625.0,11,False
2021-10-15,CA,Los Angeles / SF Bay Area,21744.0,12,False
2021-10-16,CA,Los Angeles / SF Bay Area,3442.0,10,False
2021-10-17,CA,Los Angeles / SF Bay Area,7541.0,13,False
2021-10-18,CA,Los Angeles / SF Bay Area,11447.0,12,False
2021-10-19,CA,Los Angeles / SF Bay Area,5352.0,14,False
2021-10-20,CA,Los Angeles / SF Bay Area,13349.0,11,False
2021-10-21,CA,Los Angeles / SF Bay Area,21114.0,13,False
2021-10-22,CA,Los Angeles / SF Bay Area,3230.0,9,False
2021-10-23,CA,Los Angeles / SF Bay Area,6565.0,9,False
2021-10-24,CA,Los Angeles / SF Bay Area,996.0,3,False
2021-10-25,CA,Los Angeles / SF Bay Area,4100.0,12,False
2021-10-26,CA,Los Angeles / SF Bay Area,7581.0,13,False
2021-10-27,CA,Los Angeles / SF Bay Area,6958.0,9,False
2021-10-28,CA,Los Angeles / SF Bay Area,9532.0,13,False
2021-10-29,CA,Los Angeles / SF Bay Area,853.0,9,False
2021-10-30,CA,Los Angeles / SF Bay Area,27368.0,14,False
2021-10-31,CA,Los Angeles / SF Bay Area,10410.0,15,False
2021-11-01,CA,Los Angeles / SF Bay Area,7233.0,10,False
2021-11-02,CA,Los Angeles / SF Bay Area,2742.0,9,False
2021-11-03,CA,Los Angeles / SF Bay Area,2204.0,12,False
2021-11-04,CA,Los Angeles / SF Bay Area,5481.0,13,False
2021-11-05,CA,Los Angeles / SF Bay Area,7005.0,14,False
2021-11-06,CA,Los Angeles / SF Bay Area,17933.0,14,False
2021-11-07,CA,Los Angeles / SF Bay Area,6199.0,8,False
2021-11-08,CA,Los Angeles / SF Bay Area,2759.0,8,False
2021-11-09,CA,Los Angeles / SF Bay Area,3896.0,13,False
2021-11-10,CA,Los Angeles / SF Bay Area,4590.0,9,False
2021-11-11,CA,Los Angeles / SF Bay Area,12851.0,18,False
2021-11-12,CA,Los Angeles / SF Bay Area,8398.0,10,False
2021-11-13,CA,Los Angeles / SF Bay Area,13812.0,13,False
2021-11-14,CA,Los Angeles / SF Bay Area,8262.0,9,False
2021-11-15,CA,Los Angeles / SF Bay Area,3454.0,6,False
2021-11-16,CA,Los Angeles / SF Bay Area,10498.0,11,False
2021-11-17,CA,Los Angeles / SF Bay Area,4071.0,11,False
2021-11-18,CA,Los Angeles / SF Bay Area,12581.0,13,False
2021-11-19,CA,Los Angeles / SF Bay Area,5528.0,9,False
2021-11-20,CA,Los Angeles / SF Bay Area,5044.0,10,False
2021-11-21,CA,Los Angeles / SF Bay Area,6434.0,10,False
2021-11-22,CA,Los Angeles / SF Bay Area,6831.0,9,False
2021-11-23,CA,Los Angeles / SF Bay Area,2890.0,4,False
2021-11-24,CA,Los Angeles / SF Bay Area,15842.0,13,False
2021-11-25,CA,Los Angeles / SF Bay Area,11931.0,10,False
2021-11-26,CA,Los Angeles / SF Bay Area,4721.0,8,False
2021-11-27,CA,Los Angeles / SF Bay Area,5060.0,9,False
2021-11-28,CA,Los Angeles / SF Bay Area,7227.0,12,False
2021-11-29,CA,Los Angeles / SF Bay Area,6711.0,11,False
2021-11-30,CA,Los Angeles / SF Bay Area,9229.0,13,False
2021-12-01,CA,Los Angeles / SF Bay Area,1523.0,6,False
2021-12-02,CA,Los Angeles / SF Bay Area,13432.0,21,False
2021-12-03,CA,Los Angeles / SF Bay Area,8750.0,12,False
2021-12-04,CA,Los Angeles / SF Bay Area,6426.0,10,False
2021-12-05,CA,Los Angeles / SF Bay Area,9781.0,7,False
2021-12-06,CA,Los Angeles / SF Bay Area,8933.0,17,False
2021-12-07,CA,Los Angeles / SF Bay Area,7586.0,9,False
2021-12-08,CA,Los Angeles / SF Bay Area,11833.0,16,False
2021-12-09,CA,Los Angeles / SF Bay Area,10347.0,12,False
2021-12-10,CA,Los Angeles / SF Bay Area,3462.0,9,False
2021-12-11,CA,Los Angeles / SF Bay Area,12202.0,12,False
2021-12-12,CA,Los Angeles / SF Bay Area,21584.0,16,False
2021-12-13,CA,Los Angeles / SF Bay Area,4770.0,7,False
2021-12-14,CA,Los Angeles / SF Bay Area,3210.0,10,False
2021-12-15,CA,Los Angeles / SF Bay Area,9141.0,14,False
2021-12-16,CA,Los Angeles / SF Bay Area,7477.0,11,False
2021-12-17,CA,Los Angeles / SF Bay Area,13776.0,15,False
2021-12-18,CA,Los Angeles / SF Bay Area,11306.0,14,False
2021-12-19,CA,Los Angeles / SF Bay Area,8299.0,8,False
2021-12-20,CA,Los Angeles / SF Bay Area,6705.0,9,False
2021-12-21,CA,Los Angeles / SF Bay Area,9127.0,11,False
2021-12-22,CA,Los Angeles / SF Bay Area,16136.0,20,False
2021-12-23,CA,Los Angeles / SF Bay Area,14164.0,11,False
2021-12-24,CA,Los Angeles / SF Bay Area,8273.0,12,False
2021-12-25,CA,Los Angeles / SF Bay Area,9815.0,17,False
2021-12-26,CA,Los Angeles / SF Bay Area,5985.0,11,False
2021-12-27,CA,Los Angeles / SF Bay Area,9431.0,11,False
2021-12-28,CA,Los Angeles / SF Bay Area,5867.0,8,False
2021-12-29,CA,Los Angeles / SF Bay Area,15145.0,13,False
2021-12-30,CA,Los Angeles / SF Bay Area,10027.0,9,False
2021-12-31,CA,Los Angeles / SF Bay Area,3677.0,10,False
2022-01-01,CA,Los Angeles / SF Bay Area,5020.0,9,False
2022-01-02,CA,Los Angeles / SF Bay Area,7424.0,13,False
2022-01-03,CA,Los Angeles / SF Bay Area,3861.0,8,False
2022-01-04,CA,Los Angeles / SF Bay Area,3428.0,7,False
2022-01-05,CA,Los Angeles / SF Bay Area,7504.0,7,False
2022-01-06,CA,Los Angeles / SF Bay Area,6826.0,11,False
2022-01-07,CA,Los Angeles / SF Bay Area,3844.0,9,False
2022-01-08,CA,Los Angeles / SF Bay Area,20844.0,19,False
2022-01-09,CA,Los Angeles / SF Bay Area,3325.0,11,False
2022-01-10,CA,Los Angeles / SF Bay Area,3530.0,5,False
2022-01-11,CA,Los Angeles / SF Bay Area,9759.0,14,False
2022-01-12,CA,Los Angeles / SF Bay Area,4892.0,16,False
2022-01-13,CA,Los Angeles / SF Bay Area,5037.0,15,False
2022-01-14,CA,Los Angeles / SF Bay Area,10727.0,10,False
2022-01-15,CA,Los Angeles / SF Bay Area,13327.0,12,False
2022-01-16,CA,Los Angeles / SF Bay Area,11680.0,16,False
2022-01-17,CA,Los Angeles / SF Bay Area,6210.0,9,False
2022-01-18,CA,Los Angeles / SF Bay Area,2882.0,6,False
2022-01-19,CA,Los Angeles / SF Bay Area,5614.0,15,False
2022-01-20,CA,Los Angeles / SF Bay Area,14028.0,14,False
2022-01-21,CA,Los Angeles / SF Bay Area,7476.0,13,False
2022-01-22,CA,Los Angeles / SF Bay Area,6903.0,13,False
2022-01-23,CA,Los Angeles / SF Bay Area,9797.0,13,False
2022-01-24,CA,Los Angeles / SF Bay Area,9330.0,10,False
2022-01-25,CA,Los Angeles / SF Bay Area,1196.0,11,False
2022-01-26,CA,Los Angeles / SF Bay Area,7826.0,10,False
2022-01-27,CA,Los Angeles / SF Bay Area,11914.0,15,False
2022-01-28,CA,Los Angeles / SF Bay Area,5123.0,8,False
2022-01-29,CA,Los Angeles / SF Bay Area,9118.0,15,False
2022-01-30,CA,Los Angeles / SF Bay Area,10227.0,7,False
2022-01-31,CA,Los Angeles / SF Bay Area,6853.0,13,False
2022-02-01,CA,Los Angeles / SF Bay Area,1437.0,5,False
2022-02-02,CA,Los Angeles / SF Bay Area,5853.0,9,False
2022-02-03,CA,Los Angeles / SF Bay Area,9726.0,13,False
2022-02-04,CA,Los Angeles / SF Bay Area,7923.0,13,False
2022-02-05,CA,Los Angeles / SF Bay Area,6153.0,4,False
2022-02-06,CA,Los Angeles / SF Bay Area,4427.0,9,False
2022-02-07,CA,Los Angeles / SF Bay Area,16909.0,15,False
2022-02-08,CA,Los Angeles / SF Bay Area,13802.0,11,False
2022-02-09,CA,Los Angeles / SF Bay Area,4979.0,14,False
2022-02-10,CA,Los Angeles / SF Bay Area,4120.0,9,False
2022-02-11,CA,Los Angeles / SF Bay Area,16250.0,17,False
2022-02-12,CA,Los Angeles / SF Bay Area,6066.0,11,False
2022-02-13,CA,Los Angeles / SF Bay Area,2521.0,11,False
2022-02-14,CA,Los Angeles / SF Bay Area,4613.0,7,False
2022-02-15,CA,Los Angeles / SF Bay Area,6286.0,16,False
2022-02-16,CA,Los Angeles / SF Bay Area,3655.0,9,False
2022-02-17,CA,Los Angeles / SF Bay Area,7092.0,10,False
2022-02-18,CA,Los Angeles / SF Bay Area,5449.0,8,False
2022-02-19,CA,Los Angeles / SF Bay Area,5999.0,10,False
2022-02-20,CA,Los Angeles / SF Bay Area,6163.0,13,False
2022-02-21,CA,Los Angeles / SF Bay Area,8369.0,7,False
2022-02-22,CA,Los Angeles / SF Bay Area,7283.0,12,False
2022-02-23,CA,Los Angeles / SF Bay Area,4959.0,8,False
2022-02-24,CA,Los Angeles / SF Bay Area,6949.0,12,False
2022-02-25,CA,Los Angeles / SF Bay Area,10641.0,17,False
2022-02-26,CA,Los Angeles / SF Bay Area,7016.0,13,False
2022-02-27,CA,Los Angeles / SF Bay Area,4283.0,11,False
2022-02-28,CA,Los Angeles / SF Bay Area,1924.0,11,False
2022-03-01,CA,Los Angeles / SF Bay Area,10413.0,11,False
2022-03-02,CA,Los Angeles / SF Bay Area,8575.0,10,False
2022-03-03,CA,Los Angeles / SF Bay Area,4259.0,6,False
2022-03-04,CA,Los Angeles / SF Bay Area,12300.0,13,False
2022-03-05,CA,Los Angeles / SF Bay Area,4078.0,6,False
2022-03-06,CA,Los Angeles / SF Bay Area,7810.0,17,False
2022-03-07,CA,Los Angeles / SF Bay Area,2655.0,9,False
2022-03-08,CA,Los Angeles / SF Bay Area,8411.0,12,False
2022-03-09,CA,Los Angeles / SF Bay Area,4174.0,12,False
2022-03-10,CA,Los Angeles / SF Bay Area,10082.0,11,False
2022-03-11,CA,Los Angeles / SF Bay Area,2739.0,10,False
2022-03-12,CA,Los Angeles / SF Bay Area,9613.0,11,False
2022-03-13,CA,Los Angeles / SF Bay Area,13649.0,11,False
2022-03-14,CA,Los Angeles / SF Bay Area,3052.0,14,False
2022-03-15,CA,Los Angeles / SF Bay Area,7089.0,16,False
2022-03-16,CA,Los Angeles / SF Bay Area,4005.0,8,False
2022-03-17,CA,Los Angeles / SF Bay Area,6809.0,14,False
2022-03-18,CA,Los Angeles / SF Bay Area,5544.0,12,False
2022-03-19,CA,Los Angeles / SF Bay Area,11078.0,10,False
2022-03-20,CA,Los Angeles / SF Bay Area,2819.0,11,False
2022-03-21,CA,Los Angeles / SF Bay Area,5935.0,9,False
2022-03-22,CA,Los Angeles / SF Bay Area,8099.0,14,False
2022-03-23,CA,Los Angeles / SF Bay Area,517.0,5,False
2022-03-24,CA,Los Angeles / SF Bay Area,1483.0,10,False
2022-03-25,CA,Los Angeles / SF Bay Area,3567.0,5,False
2022-03-26,CA,Los Angeles / SF Bay Area,17397.0,15,False
2022-03-27,CA,Los Angeles / SF Bay Area,8887.0,18,False
2022-03-28,CA,Los Angeles / SF Bay Area,4639.0,7,False
2022-03-29,CA,Los Angeles / SF Bay Area,8163.0,6,False
2022-03-30,CA,Los Angeles / SF Bay Area,11491.0,17,False
2022-03-31,CA,Los Angeles / SF Bay Area,8742.0,7,False
2022-04-01,CA,Los Angeles / SF Bay Area,6835.0,7,False
2022-04-02,CA,Los Angeles / SF Bay Area,29828.0,12,False
2022-04-03,CA,Los Angeles / SF Bay Area,3521.0,7,False
2022-04-04,CA,Los Angeles / SF Bay Area,3019.0,11,False
2022-04-05,CA,Los Angeles / SF Bay Area,3690.0,6,False
2022-04-06,CA,Los Angeles / SF Bay Area,6398.0,9,False
2022-04-07,CA,Los Angeles / SF Bay Area,3494.0,8,False
2022-04-08,CA,Los Angeles / SF Bay Area,2049.0,7,False
2022-04-09,CA,Los Angeles / SF Bay Area,14430.0,11,False
2022-04-10,CA,Los Angeles / SF Bay Area,25988.0,10,False
2022-04-11,CA,Los Angeles / SF Bay Area,10234.0,21,False
2022-04-12,CA,Los Angeles / SF Bay Area,5480.0,9,False
2022-04-13,CA,Los Angeles / SF Bay Area,11346.0,14,False
2022-04-14,CA,Los Angeles / SF Bay Area,5076.0,14,False
2022-04-15,CA,Los Angeles / SF Bay Area,6564.0,13,False
2022-04-16,CA,Los Angeles / SF Bay Area,11765.0,9,False
2022-04-17,CA,Los Angeles / SF Bay Area,4066.0,13,False
2022-04-18,CA,Los Angeles / SF Bay Area,4763.0,9,False
2022-04-19,CA,Los Angeles / SF Bay Area,5275.0,12,False
2022-04-20,CA,Los Angeles / SF Bay Area,4301.0,6,False
2022-04-21,CA,Los Angeles / SF Bay Area,5882.0,7,False
2022-04-22,CA,Los Angeles / SF Bay Area,7417.0,11,False
2022-04-23,CA,Los Angeles / SF Bay Area,4475.0,7,False
2022-04-24,CA,Los Angeles / SF Bay Area,13368.0,13,False
2022-04-25,CA,Los Angeles / SF Bay Area,2390.0,7,False
2022-04-26,CA,Los Angeles / SF Bay Area,11929.0,14,False
2022-04-27,CA,Los Angeles / SF Bay Area,4740.0,12,False
2022-04-28,CA,Los Angeles / SF Bay Area,7234.0,9,False
2022-04-29,CA,Los Angeles / SF Bay Area,7752.0,13,False
2022-04-30,CA,Los Angeles / SF Bay Area,15931.0,8,False
2022-05-01,CA,Los Angeles / SF Bay Area,12118.0,12,False
2022-05-02,CA,Los Angeles / SF Bay Area,4837.0,11,False
2022-05-03,CA,Los Angeles / SF Bay Area,9926.0,14,False
2022-05-04,CA,Los Angeles / SF Bay Area,4357.0,7,False
2022-05-05,CA,Los Angeles / SF Bay Area,4063.0,9,False
2022-05-06,CA,Los Angeles / SF Bay Area,8751.0,11,False
2022-05-07,CA,Los Angeles / SF Bay Area,11423.0,15,False
2022-05-08,CA,Los Angeles / SF Bay Area,8038.0,11,False
2022-05-09,CA,Los Angeles / SF Bay Area,3482.0,5,False
2022-05-10,CA,Los Angeles / SF Bay Area,6445.0,12,False
2022-05-11,CA,Los Angeles / SF Bay Area,12514.0,13,False
2022-05-12,CA,Los Angeles / SF Bay Area,11309.0,12,False
2022-05-13,CA,Los Angeles / SF Bay Area,2068.0,8,False
2022-05-14,CA,Los Angeles / SF Bay Area,3397.0,8,False
2022-05-15,CA,Los Angeles / SF Bay Area,9024.0,9,False
2022-05-16,CA,Los Angeles / SF Bay Area,8373.0,14,False
2022-05-17,CA,Los Angeles / SF Bay Area,4517.0,13,False
2022-05-18,CA,Los Angeles / SF Bay Area,6978.0,11,False
2022-05-19,CA,Los Angeles / SF Bay Area,15802.0,17,False
2022-05-20,CA,Los Angeles / SF Bay Area,3055.0,11,False
2022-05-21,CA,Los Angeles / SF Bay Area,8654.0,13,False
2022-05-22,CA,Los Angeles / SF Bay Area,5066.0,15,False
2022-05-23,CA,Los Angeles / SF Bay Area,8574.0,15,False
2022-05-24,CA,Los Angeles / SF Bay Area,9950.0,10,False
2022-05-25,CA,Los Angeles / SF Bay Area,6130.0,12,False
2022-05-26,CA,Los Angeles / SF Bay Area,4697.0,16,False
2022-05-27,CA,Los Angeles / SF Bay Area,7526.0,13,False
2022-05-28,CA,Los Angeles / SF Bay Area,11546.0,8,False
2022-05-29,CA,Los Angeles / SF Bay Area,8919.0,18,False
2022-05-30,CA,Los Angeles / SF Bay Area,10098.0,13,False
2022-05-31,CA,Los Angeles / SF Bay Area,4241.0,6,False
2022-06-01,CA,Los Angeles / SF Bay Area,10269.0,14,True
2022-06-02,CA,Los Angeles / SF Bay Area,8802.0,12,True
2022-06-03,CA,Los Angeles / SF Bay Area,6784.0,12,True
2022-06-04,CA,Los Angeles / SF Bay Area,5039.0,8,True
2022-06-05,CA,Los Angeles / SF Bay Area,4936.0,13,True
2022-06-06,CA,Los Angeles / SF Bay Area,2126.0,9,True
2022-06-07,CA,Los Angeles / SF Bay Area,11872.0,11,True
2022-06-08,CA,Los Angeles / SF Bay Area,12372.0,13,True
2022-06-09,CA,Los Angeles / SF Bay Area,4445.0,10,True
2022-06-10,CA,Los Angeles / SF Bay Area,3345.0,8,True
2022-06-11,CA,Los Angeles / SF Bay Area,4197.0,6,True
2022-06-12,CA,Los Angeles / SF Bay Area,5894.0,8,True
2022-06-13,CA,Los Angeles / SF Bay Area,9814.0,13,True
2022-06-14,CA,Los Angeles / SF Bay Area,4876.0,10,True
2022-06-15,CA,Los Angeles / SF Bay Area,13358.0,17,True
2022-06-16,CA,Los Angeles / SF Bay Area,9797.0,14,True
2022-06-17,CA,Los Angeles / SF Bay Area,13447.0,13,True
2022-06-18,CA,Los Angeles / SF Bay Area,29268.0,23,True
2022-06-19,CA,Los Angeles / SF Bay Area,8197.0,14,True
2022-06-20,CA,Los Angeles / SF Bay Area,13254.0,15,True
2022-06-21,CA,Los Angeles / SF Bay Area,4142.0,5,True
2022-06-22,CA,Los Angeles / SF Bay Area,6772.0,10,True
2022-06-23,CA,Los Angeles / SF Bay Area,5995.0,6,True
2022-06-24,CA,Los Angeles / SF Bay Area,7545.0,16,True
2022-06-25,CA,Los Angeles / SF Bay Area,3992.0,6,True
2022-06-26,CA,Los Angeles / SF Bay Area,13133.0,12,True
2022-06-27,CA,Los Angeles / SF Bay Area,2887.0,9,True
2022-06-28,CA,Los Angeles / SF Bay Area,7997.0,10,True
2022-06-29,CA,Los Angeles / SF Bay Area,9695.0,19,True
2022-06-30,CA,Los Angeles / SF Bay Area,17133.0,12,True
2022-07-01,CA,Los Angeles / SF Bay Area,15316.0,13,True
2022-07-02,CA,Los Angeles / SF Bay Area,6889.0,8,True
2022-07-03,CA,Los Angeles / SF Bay Area,13004.0,17,True
2022-07-04,CA,Los Angeles / SF Bay Area,17605.0,22,True
2022-07-05,CA,Los Angeles / SF Bay Area,8724.0,15,True
2022-07-06,CA,Los Angeles / SF Bay Area,9530.0,9,True
2022-07-07,CA,Los Angeles / SF Bay Area,14143.0,20,True
2022-07-08,CA,Los Angeles / SF Bay Area,5596.0,6,True
2022-07-09,CA,Los Angeles / SF Bay Area,7942.0,13,True
2022-07-10,CA,Los Angeles / SF Bay Area,6145.0,8,True
2022-07-11,CA,Los Angeles / SF Bay Area,13732.0,13,True
2022-07-12,CA,Los Angeles / SF Bay Area,1267.0,11,True
2022-07-13,CA,Los Angeles / SF Bay Area,9924.0,11,True
2022-07-14,CA,Los Angeles / SF Bay Area,8614.0,13,True
2022-07-15,CA,Los Angeles / SF Bay Area,4447.0,10,True
2022-07-16,CA,Los Angeles / SF Bay Area,14577.0,12,True
2022-07-17,CA,Los Angeles / SF Bay Area,8219.0,15,True
2022-07-18,CA,Los Angeles / SF Bay Area,6657.0,10,True
2022-07-19,CA,Los Angeles / SF Bay Area,8868.0,14,True
2022-07-20,CA,Los Angeles / SF Bay Area,13688.0,13,True
2022-07-21,CA,Los Angeles / SF Bay Area,8641.0,11,True
2022-07-22,CA,Los Angeles / SF Bay Area,13727.0,18,True
2022-07-23,CA,Los Angeles / SF Bay Area,10327.0,7,True
2022-07-24,CA,Los Angeles / SF Bay Area,3538.0,9,True
2022-07-25,CA,Los Angeles / SF Bay Area,7103.0,13,True
2022-07-26,CA,Los Angeles / SF Bay Area,6598.0,10,True
2022-07-27,CA,Los Angeles / SF Bay Area,4634.0,7,True
2022-07-28,CA,Los Angeles / SF Bay Area,13637.0,19,True
2022-07-29,CA,Los Angeles / SF Bay Area,2741.0,5,True
2022-07-30,CA,Los Angeles / SF Bay Area,6608.0,13,True
2022-07-31,CA,Los Angeles / SF Bay Area,9634.0,8,True
2022-08-01,CA,Los Angeles / SF Bay Area,8885.0,8,True
2022-08-02,CA,Los Angeles / SF Bay Area,2339.0,6,True
2022-08-03,CA,Los Angeles / SF Bay Area,13145.0,15,True
2022-08-04,CA,Los Angeles / SF Bay Area,5454.0,9,True
2022-08-05,CA,Los Angeles / SF Bay Area,11036.0,14,True
2022-08-06,CA,Los Angeles / SF Bay Area,15077.0,11,True
2022-08-07,CA,Los Angeles / SF Bay Area,6135.0,10,True
2022-08-08,CA,Los Angeles / SF Bay Area,12776.0,21,True
2022-08-09,CA,Los Angeles / SF Bay Area,8724.0,10,True
2022-08-10,CA,Los Angeles / SF Bay Area,10829.0,14,True
2022-08-11,CA,Los Angeles / SF Bay Area,10009.0,10,True
2022-08-12,CA,Los Angeles / SF Bay Area,8099.0,7,True
2022-08-13,CA,Los Angeles / SF Bay Area,10117.0,9,True
2022-08-14,CA,Los Angeles / SF Bay Area,17631.0,8,True
2022-08-15,CA,Los Angeles / SF Bay Area,3666.0,10,True
2022-08-16,CA,Los Angeles / SF Bay Area,6167.0,14,True
2022-08-17,CA,Los Angeles / SF Bay Area,6220.0,10,True
2022-08-18,CA,Los Angeles / SF Bay Area,5846.0,8,True
2022-08-19,CA,Los Angeles / SF Bay Area,10227.0,14,True
2022-08-20,CA,Los Angeles / SF Bay Area,12413.0,17,True
2022-08-21,CA,Los Angeles / SF Bay Area,6888.0,9,True
2022-08-22,CA,Los Angeles / SF Bay Area,19985.0,16,True
2022-08-23,CA,Los Angeles / SF Bay Area,9621.0,19,True
2022-08-24,CA,Los Angeles / SF Bay Area,8301.0,14,True
2022-08-25,CA,Los Angeles / SF Bay Area,9518.0,17,True
2022-08-26,CA,Los Angeles / SF Bay Area,6218.0,8,True
2022-08-27,CA,Los Angeles / SF Bay Area,10645.0,14,True
2022-08-28,CA,Los Angeles / SF Bay Area,6985.0,12,True
2022-08-29,CA,Los Angeles / SF Bay Area,4809.0,12,True
2022-08-30,CA,Los Angeles / SF Bay Area,4619.0,11,True
2022-08-31,CA,Los Angeles / SF Bay Area,7571.0,12,True
2022-09-01,CA,Los Angeles / SF Bay Area,980.0,9,False
2022-09-02,CA,Los Angeles / SF Bay Area,1783.0,7,False
2022-09-03,CA,Los Angeles / SF Bay Area,8177.0,9,False
2022-09-04,CA,Los Angeles / SF Bay Area,11378.0,7,False
2022-09-05,CA,Los Angeles / SF Bay Area,12671.0,11,False
2022-09-06,CA,Los Angeles / SF Bay Area,8495.0,12,False
2022-09-07,CA,Los Angeles / SF Bay Area,6395.0,10,False
2022-09-08,CA,Los Angeles / SF Bay Area,9147.0,14,False
2022-09-09,CA,Los Angeles / SF Bay Area,12003.0,13,False
2022-09-10,CA,Los Angeles / SF Bay Area,5500.0,6,False
2022-09-11,CA,Los Angeles / SF Bay Area,5624.0,13,False
2022-09-12,CA,Los Angeles / SF Bay Area,6955.0,8,False
2022-09-13,CA,Los Angeles / SF Bay Area,8018.0,15,False
2022-09-14,CA,Los Angeles / SF Bay Area,5528.0,14,False
2022-09-15,CA,Los Angeles / SF Bay Area,6701.0,7,False
2022-09-16,CA,Los Angeles / SF Bay Area,6371.0,8,False
2022-09-17,CA,Los Angeles / SF Bay Area,9079.0,11,False
2022-09-18,CA,Los Angeles / SF Bay Area,10612.0,14,False
2022-09-19,CA,Los Angeles / SF Bay Area,5295.0,10,False
2022-09-20,CA,Los Angeles / SF Bay Area,5432.0,12,False
2022-09-21,CA,Los Angeles / SF Bay Area,1054.0,2,False
2022-09-22,CA,Los Angeles / SF Bay Area,8659.0,13,False
2022-09-23,CA,Los Angeles / SF Bay Area,5725.0,10,False
2022-09-24,CA,Los Angeles / SF Bay Area,12337.0,11,False
2022-09-25,CA,Los Angeles / SF Bay Area,6678.0,6,False
2022-09-26,CA,Los Angeles / SF Bay Area,8121.0,11,False
2022-09-27,CA,Los Angeles / SF Bay Area,1763.0,10,False
2022-09-28,CA,Los Angeles / SF Bay Area,13932.0,19,False
2022-09-29,CA,Los Angeles / SF Bay Area,9911.0,14,False
2022-09-30,CA,Los Angeles / SF Bay Area,7843.0,9,False
2022-10-01,CA,Los Angeles / SF Bay Area,7491.0,8,False
2022-10-02,CA,Los Angeles / SF Bay Area,7480.0,11,False
2022-10-03,CA,Los Angeles / SF Bay Area,8530.0,19,False
2022-10-04,CA,Los Angeles / SF Bay Area,11023.0,18,False
2022-10-05,CA,Los Angeles / SF Bay Area,9546.0,10,False
2022-10-06,CA,Los Angeles / SF Bay Area,4953.0,7,False
2022-10-07,CA,Los Angeles / SF Bay Area,8899.0,14,False
2022-10-08,CA,Los Angeles / SF Bay Area,11391.0,11,False
2022-10-09,CA,Los Angeles / SF Bay Area,10009.0,8,False
2022-10-10,CA,Los Angeles / SF Bay Area,15486.0,16,False
2022-10-11,CA,Los Angeles / SF Bay Area,2531.0,4,False
2022-10-12,CA,Los Angeles / SF Bay Area,5575.0,9,False
2022-10-13,CA,Los Angeles / SF Bay Area,15890.0,14,False
2022-10-14,CA,Los Angeles / SF Bay Area,17135.0,20,False
2022-10-15,CA,Los Angeles / SF Bay Area,8786.0,9,False
2022-10-16,CA,Los Angeles / SF Bay Area,6796.0,12,False
2022-10-17,CA,Los Angeles / SF Bay Area,14438.0,18,False
2022-10-18,CA,Los Angeles / SF Bay Area,6195.0,7,False
2022-10-19,CA,Los Angeles / SF Bay Area,5889.0,12,False
2022-10-20,CA,Los Angeles / SF Bay Area,12145.0,16,False
2022-10-21,CA,Los Angeles / SF Bay Area,6971.0,13,False
2022-10-22,CA,Los Angeles / SF Bay Area,10382.0,11,False
2022-10-23,CA,Los Angeles / SF Bay Area,10277.0,16,False
2022-10-24,CA,Los Angeles / SF Bay Area,4148.0,7,False
2022-10-25,CA,Los Angeles / SF Bay Area,7843.0,18,False
2022-10-26,CA,Los Angeles / SF Bay Area,3219.0,10,False
2022-10-27,CA,Los Angeles / SF Bay Area,5279.0,13,False
2022-10-28,CA,Los Angeles / SF Bay Area,6545.0,11,False
2022-10-29,CA,Los Angeles / SF Bay Area,6288.0,5,False
2022-10-30,CA,Los Angeles / SF Bay Area,15789.0,11,False
2022-10-31,CA,Los Angeles / SF Bay Area,17468.0,12,False
2022-11-01,CA,Los Angeles / SF Bay Area,6519.0,6,False
2022-11-02,CA,Los Angeles / SF Bay Area,9847.0,11,False
2022-11-03,CA,Los Angeles / SF Bay Area,5773.0,13,False
2022-11-04,CA,Los Angeles / SF Bay Area,9515.0,11,False
2022-11-05,CA,Los Angeles / SF Bay Area,5144.0,6,False
2022-11-06,CA,Los Angeles / SF Bay Area,7504.0,11,False
2022-11-07,CA,Los Angeles / SF Bay Area,2397.0,10,False
2022-11-08,CA,Los Angeles / SF Bay Area,3674.0,9,False
2022-11-09,CA,Los Angeles / SF Bay Area,4701.0,7,False
2022-11-10,CA,Los Angeles / SF Bay Area,10465.0,11,False
2022-11-11,CA,Los Angeles / SF Bay Area,5839.0,11,False
2022-11-12,CA,Los Angeles / SF Bay Area,4314.0,10,False
2022-11-13,CA,Los Angeles / SF Bay Area,6242.0,10,False
2022-11-14,CA,Los Angeles / SF Bay Area,6276.0,14,False
2022-11-15,CA,Los Angeles / SF Bay Area,11935.0,17,False
2022-11-16,CA,Los Angeles / SF Bay Area,11128.0,10,False
2022-11-17,CA,Los Angeles / SF Bay Area,3677.0,9,False
2022-11-18,CA,Los Angeles / SF Bay Area,7941.0,8,False
2022-11-19,CA,Los Angeles / SF Bay Area,1979.0,4,False
2022-11-20,CA,Los Angeles / SF Bay Area,7387.0,16,False
2022-11-21,CA,Los Angeles / SF Bay Area,6119.0,11,False
2022-11-22,CA,Los Angeles / SF Bay Area,9078.0,13,False
2022-11-23,CA,Los Angeles / SF Bay Area,6776.0,8,False
2022-11-24,CA,Los Angeles / SF Bay Area,4735.0,13,False
2022-11-25,CA,Los Angeles / SF Bay Area,16358.0,16,False
2022-11-26,CA,Los Angeles / SF Bay Area,9178.0,12,False
2022-11-27,CA,Los Angeles / SF Bay Area,3776.0,16,False
2022-11-28,CA,Los Angeles / SF Bay Area,7538.0,9,False
2022-11-29,CA,Los Angeles / SF Bay Area,7133.0,15,False
2022-11-30,CA,Los Angeles / SF Bay Area,5693.0,8,False
2022-12-01,CA,Los Angeles / SF Bay Area,6332.0,15,False
2022-12-02,CA,Los Angeles / SF Bay Area,2610.0,8,False
2022-12-03,CA,Los Angeles / SF Bay Area,13949.0,12,False
2022-12-04,CA,Los Angeles / SF Bay Area,2204.0,10,False
2022-12-05,CA,Los Angeles / SF Bay Area,8435.0,13,False
2022-12-06,CA,Los Angeles / SF Bay Area,9872.0,14,False
2022-12-07,CA,Los Angeles / SF Bay Area,2635.0,6,False
2022-12-08,CA,Los Angeles / SF Bay Area,7856.0,11,False
2022-12-09,CA,Los Angeles / SF Bay Area,6407.0,11,False
2022-12-10,CA,Los Angeles / SF Bay Area,26258.0,15,False
2022-12-11,CA,Los Angeles / SF Bay Area,9252.0,14,False
2022-12-12,CA,Los Angeles / SF Bay Area,2861.0,7,False
2022-12-13,CA,Los Angeles / SF Bay Area,10776.0,12,False
2022-12-14,CA,Los Angeles / SF Bay Area,5865.0,9,False
2022-12-15,CA,Los Angeles / SF Bay Area,6140.0,9,False
2022-12-16,CA,Los Angeles / SF Bay Area,1718.0,8,False
2022-12-17,CA,Los Angeles / SF Bay Area,10017.0,9,False
2022-12-18,CA,Los Angeles / SF Bay Area,13006.0,11,False
2022-12-19,CA,Los Angeles / SF Bay Area,9365.0,14,False
2022-12-20,CA,Los Angeles / SF Bay Area,17582.0,13,False
2022-12-21,CA,Los Angeles / SF Bay Area,10376.0,8,False
2022-12-22,CA,Los Angeles / SF Bay Area,7791.0,6,False
2022-12-23,CA,Los Angeles / SF Bay Area,18496.0,15,False
2022-12-24,CA,Los Angeles / SF Bay Area,4999.0,10,False
2022-12-25,CA,Los Angeles / SF Bay Area,10049.0,17,False
2022-12-26,CA,Los Angeles / SF Bay Area,5924.0,8,False
2022-12-27,CA,Los Angeles / SF Bay Area,10161.0,12,False
2022-12-28,CA,Los Angeles / SF Bay Area,2280.0,7,False
2022-12-29,CA,Los Angeles / SF Bay Area,16583.0,19,False
2022-12-30,CA,Los Angeles / SF Bay Area,23285.0,10,False
2022-12-31,CA,Los Angeles / SF Bay Area,10292.0,19,False
2023-01-01,CA,Los Angeles / SF Bay Area,4901.0,7,False
2023-01-02,CA,Los Angeles / SF Bay Area,7048.0,14,False
2023-01-03,CA,Los Angeles / SF Bay Area,7009.0,11,False
2023-01-04,CA,Los Angeles / SF Bay Area,7931.0,9,False
2023-01-05,CA,Los Angeles / SF Bay Area,4096.0,9,False
2023-01-06,CA,Los Angeles / SF Bay Area,17448.0,19,False
2023-01-07,CA,Los Angeles / SF Bay Area,9679.0,12,False
2023-01-08,CA,Los Angeles / SF Bay Area,4150.0,8,False
2023-01-09,CA,Los Angeles / SF Bay Area,2428.0,12,False
2023-01-10,CA,Los Angeles / SF Bay Area,8232.0,12,False
2023-01-11,CA,Los Angeles / SF Bay Area,6003.0,11,False
2023-01-12,CA,Los Angeles / SF Bay Area,13654.0,10,False
2023-01-13,CA,Los Angeles / SF Bay Area,14686.0,10,False
2023-01-14,CA,Los Angeles / SF Bay Area,8685.0,8,False
2023-01-15,CA,Los Angeles / SF Bay Area,13599.0,14,False
2023-01-16,CA,Los Angeles / SF Bay Area,2735.0,7,False
2023-01-17,CA,Los Angeles / SF Bay Area,6540.0,8,False
2023-01-18,CA,Los Angeles / SF Bay Area,7527.0,13,False
2023-01-19,CA,Los Angeles / SF Bay Area,10213.0,16,False
2023-01-20,CA,Los Angeles / SF Bay Area,6165.0,17,False
2023-01-21,CA,Los Angeles / SF Bay Area,6224.0,12,False
2023-01-22,CA,Los Angeles / SF Bay Area,11782.0,20,False
2023-01-23,CA,Los Angeles / SF Bay Area,7251.0,13,False
2023-01-24,CA,Los Angeles / SF Bay Area,8638.0,11,False
2023-01-25,CA,Los Angeles / SF Bay Area,10073.0,16,False
2023-01-26,CA,Los Angeles / SF Bay Area,7593.0,18,False
2023-01-27,CA,Los Angeles / SF Bay Area,3418.0,10,False
2023-01-28,CA,Los Angeles / SF Bay Area,13339.0,11,False
2023-01-29,CA,Los Angeles / SF Bay Area,10005.0,10,False
2023-01-30,CA,Los Angeles / SF Bay Area,6256.0,16,False
2023-01-31,CA,Los Angeles / SF Bay Area,2801.0,9,False
2023-02-01,CA,Los Angeles / SF Bay Area,3967.0,14,False
2023-02-02,CA,Los Angeles / SF Bay Area,10269.0,16,False
2023-02-03,CA,Los Angeles / SF Bay Area,7542.0,10,False
2023-02-04,CA,Los Angeles / SF Bay Area,4579.0,11,False
2023-02-05,CA,Los Angeles / SF Bay Area,6453.0,10,False
2023-02-06,CA,Los Angeles / SF Bay Area,5563.0,16,False
2023-02-07,CA,Los Angeles / SF Bay Area,6028.0,11,False
2023-02-08,CA,Los Angeles / SF Bay Area,5695.0,7,False
2023-02-09,CA,Los Angeles / SF Bay Area,8702.0,15,False
2023-02-10,CA,Los Angeles / SF Bay Area,15245.0,15,False
2023-02-11,CA,Los Angeles / SF Bay Area,14618.0,15,False
2023-02-12,CA,Los Angeles / SF Bay Area,7736.0,18,False
2023-02-13,CA,Los Angeles / SF Bay Area,3886.0,8,False
2023-02-14,CA,Los Angeles / SF Bay Area,9181.0,15,False
2023-02-15,CA,Los Angeles / SF Bay Area,6017.0,11,False
2023-02-16,CA,Los Angeles / SF Bay Area,7301.0,12,False
2023-02-17,CA,Los Angeles / SF Bay Area,3727.0,9,False
2023-02-18,CA,Los Angeles / SF Bay Area,10617.0,12,False
2023-02-19,CA,Los Angeles / SF Bay Area,6964.0,12,False
2023-02-20,CA,Los Angeles / SF Bay Area,4301.0,13,False
2023-02-21,CA,Los Angeles / SF Bay Area,6860.0,13,False
2023-02-22,CA,Los Angeles / SF Bay Area,3166.0,6,False
2023-02-23,CA,Los Angeles / SF Bay Area,6188.0,7,False
2023-02-24,CA,Los Angeles / SF Bay Area,1961.0,10,False
2023-02-25,CA,Los Angeles / SF Bay Area,15922.0,14,False
2023-02-26,CA,Los Angeles / SF Bay Area,6709.0,12,False
2023-02-27,CA,Los Angeles / SF Bay Area,11620.0,9,False
2023-02-28,CA,Los Angeles / SF Bay Area,6747.0,9,False
2023-03-01,CA,Los Angeles / SF Bay Area,3217.0,9,False
2023-03-02,CA,Los Angeles / SF Bay Area,12738.0,17,False
2023-03-03,CA,Los Angeles / SF Bay Area,4144.0,9,False
2023-03-04,CA,Los Angeles / SF Bay Area,566.0,9,False
2023-03-05,CA,Los Angeles / SF Bay Area,11642.0,15,False
2023-03-06,CA,Los Angeles / SF Bay Area,5849.0,13,False
2023-03-07,CA,Los Angeles / SF Bay Area,6024.0,10,False
2023-03-08,CA,Los Angeles / SF Bay Area,11742.0,14,False
2023-03-09,CA,Los Angeles / SF Bay Area,20055.0,14,False
2023-03-10,CA,Los Angeles / SF Bay Area,11317.0,11,False
2023-03-11,CA,Los Angeles / SF Bay Area,5049.0,8,False
2023-03-12,CA,Los Angeles / SF Bay Area,4633.0,14,False
2023-03-13,CA,Los Angeles / SF Bay Area,921.0,6,False
2023-03-14,CA,Los Angeles / SF Bay Area,7630.0,17,False
2023-03-15,CA,Los Angeles / SF Bay Area,4982.0,12,False
2023-03-16,CA,Los Angeles / SF Bay Area,6991.0,6,False
2023-03-17,CA,Los Angeles / SF Bay Area,4147.0,11,False
2023-03-18,CA,Los Angeles / SF Bay Area,4982.0,13,False
2023-03-19,CA,Los Angeles / SF Bay Area,10477.0,10,False
2023-03-20,CA,Los Angeles / SF Bay Area,7640.0,11,False
2023-03-21,CA,Los Angeles / SF Bay Area,7364.0,13,False
2023-03-22,CA,Los Angeles / SF Bay Area,8483.0,9,False
2023-03-23,CA,Los Angeles / SF Bay Area,2772.0,13,False
2023-03-24,CA,Los Angeles / SF Bay Area,23020.0,15,False
2023-03-25,CA,Los Angeles / SF Bay Area,5408.0,6,False
2023-03-26,CA,Los Angeles / SF Bay Area,11253.0,12,False
2023-03-27,CA,Los Angeles / SF Bay Area,5463.0,9,False
2023-03-28,CA,Los Angeles / SF Bay Area,4296.0,13,False
2023-03-29,CA,Los Angeles / SF Bay Area,3494.0,5,False
2023-03-30,CA,Los Angeles / SF Bay Area,12020.0,11,False
2023-03-31,CA,Los Angeles / SF Bay Area,6341.0,10,False
2023-04-01,CA,Los Angeles / SF Bay Area,4630.0,13,False
2023-04-02,CA,Los Angeles / SF Bay Area,4137.0,13,False
2023-04-03,CA,Los Angeles / SF Bay Area,3602.0,7,False
2023-04-04,CA,Los Angeles / SF Bay Area,11891.0,11,False
2023-04-05,CA,Los Angeles / SF Bay Area,7840.0,12,False
2023-04-06,CA,Los Angeles / SF Bay Area,6607.0,9,False
2023-04-07,CA,Los Angeles / SF Bay Area,10705.0,9,False
2023-04-08,CA,Los Angeles / SF Bay Area,13791.0,8,False
2023-04-09,CA,Los Angeles / SF Bay Area,1287.0,13,False
2023-04-10,CA,Los Angeles / SF Bay Area,4772.0,14,False
2023-04-11,CA,Los Angeles / SF Bay Area,10175.0,14,False
2023-04-12,CA,Los Angeles / SF Bay Area,3465.0,11,False
2023-04-13,CA,Los Angeles / SF Bay Area,11681.0,14,False
2023-04-14,CA,Los Angeles / SF Bay Area,13148.0,17,False
2023-04-15,CA,Los Angeles / SF Bay Area,12107.0,13,False
2023-04-16,CA,Los Angeles / SF Bay Area,3886.0,8,False
2023-04-17,CA,Los Angeles / SF Bay Area,14387.0,17,False
2023-04-18,CA,Los Angeles / SF Bay Area,13575.0,16,False
2023-04-19,CA,Los Angeles / SF Bay Area,5375.0,10,False
2023-04-20,CA,Los Angeles / SF Bay Area,3277.0,9,False
2023-04-21,CA,Los Angeles / SF Bay Area,1660.0,7,False
2023-04-22,CA,Los Angeles / SF Bay Area,1444.0,3,False
2023-04-23,CA,Los Angeles / SF Bay Area,18981.0,19,False
2023-04-24,CA,Los Angeles / SF Bay Area,4100.0,5,False
2023-04-25,CA,Los Angeles / SF Bay Area,7513.0,10,False
2023-04-26,CA,Los Angeles / SF Bay Area,7280.0,9,False
2023-04-27,CA,Los Angeles / SF Bay Area,4760.0,10,False
2023-04-28,CA,Los Angeles / SF Bay Area,6208.0,12,False
2023-04-29,CA,Los Angeles / SF Bay Area,7386.0,11,False
2023-04-30,CA,Los Angeles / SF Bay Area,12632.0,17,False
2023-05-01,CA,Los Angeles / SF Bay Area,4245.0,10,False
2023-05-02,CA,Los Angeles / SF Bay Area,6989.0,14,False
2023-05-03,CA,Los Angeles / SF Bay Area,3630.0,13,False
2023-05-04,CA,Los Angeles / SF Bay Area,5122.0,14,False
2023-05-05,CA,Los Angeles / SF Bay Area,8513.0,13,False
2023-05-06,CA,Los Angeles / SF Bay Area,22861.0,21,False
2023-05-07,CA,Los Angeles / SF Bay Area,8744.0,13,False
2023-05-08,CA,Los Angeles / SF Bay Area,3934.0,14,False
2023-05-09,CA,Los Angeles / SF Bay Area,7136.0,12,False
2023-05-10,CA,Los Angeles / SF Bay Area,7872.0,16,False
2023-05-11,CA,Los Angeles / SF Bay Area,5017.0,6,False
2023-05-12,CA,Los Angeles / SF Bay Area,10915.0,11,False
2023-05-13,CA,Los Angeles / SF Bay Area,37989.0,15,False
2023-05-14,CA,Los Angeles / SF Bay Area,5728.0,10,False
2023-05-15,CA,Los Angeles / SF Bay Area,17398.0,18,False
2023-05-16,CA,Los Angeles / SF Bay Area,10822.0,8,False
2023-05-17,CA,Los Angeles / SF Bay Area,3627.0,7,False
2023-05-18,CA,Los Angeles / SF Bay Area,6267.0,9,False
2023-05-19,CA,Los Angeles / SF Bay Area,5304.0,11,False
2023-05-20,CA,Los Angeles / SF Bay Area,11313.0,8,False
2023-05-21,CA,Los Angeles / SF Bay Area,7359.0,13,False
2023-05-22,CA,Los Angeles / SF Bay Area,4628.0,9,False
2023-05-23,CA,Los Angeles / SF Bay Area,6023.0,9,False
2023-05-24,CA,Los Angeles / SF Bay Area,6680.0,10,False
2023-05-25,CA,Los Angeles / SF Bay Area,3884.0,9,False
2023-05-26,CA,Los Angeles / SF Bay Area,12740.0,14,False
2023-05-27,CA,Los Angeles / SF Bay Area,8146.0,9,False
2023-05-28,CA,Los Angeles / SF Bay Area,28498.0,11,False
2023-05-29,CA,Los Angeles / SF Bay Area,488.0,6,False
2023-05-30,CA,Los Angeles / SF Bay Area,5817.0,11,False
2023-05-31,CA,Los Angeles / SF Bay Area,6576.0,13,False
2023-06-01,CA,Los Angeles / SF Bay Area,7187.0,13,True
2023-06-02,CA,Los Angeles / SF Bay Area,6900.0,8,True
2023-06-03,CA,Los Angeles / SF Bay Area,5812.0,11,True
2023-06-04,CA,Los Angeles / SF Bay Area,8862.0,11,True
2023-06-05,CA,Los Angeles / SF Bay Area,8384.0,13,True
2023-06-06,CA,Los Angeles / SF Bay Area,334.0,5,True
2023-06-07,CA,Los Angeles / SF Bay Area,9760.0,12,True
2023-06-08,CA,Los Angeles / SF Bay Area,9035.0,10,True
2023-06-09,CA,Los Angeles / SF Bay Area,7920.0,11,True
2023-06-10,CA,Los Angeles / SF Bay Area,7510.0,7,True
2023-06-11,CA,Los Angeles / SF Bay Area,3522.0,16,True
2023-06-12,CA,Los Angeles / SF Bay Area,6577.0,10,True
2023-06-13,CA,Los Angeles / SF Bay Area,3308.0,9,True
2023-06-14,CA,Los Angeles / SF Bay Area,4002.0,9,True
2023-06-15,CA,Los Angeles / SF Bay Area,12500.0,12,True
2023-06-16,CA,Los Angeles / SF Bay Area,14580.0,15,True
2023-06-17,CA,Los Angeles / SF Bay Area,5447.0,11,True
2023-06-18,CA,Los Angeles / SF Bay Area,2963.0,12,True
2023-06-19,CA,Los Angeles / SF Bay Area,10762.0,10,True
2023-06-20,CA,Los Angeles / SF Bay Area,10526.0,16,True
2023-06-21,CA,Los Angeles / SF Bay Area,14032.0,7,True
2023-06-22,CA,Los Angeles / SF Bay Area,5684.0,10,True
2023-06-23,CA,Los Angeles / SF Bay Area,15519.0,13,True
2023-06-24,CA,Los Angeles / SF Bay Area,7451.0,9,True
2023-06-25,CA,Los Angeles / SF Bay Area,5746.0,9,True
2023-06-26,CA,Los Angeles / SF Bay Area,10620.0,13,True
2023-06-27,CA,Los Angeles / SF Bay Area,4737.0,9,True
2023-06-28,CA,Los Angeles / SF Bay Area,8068.0,14,True
2023-06-29,CA,Los Angeles / SF Bay Area,5744.0,7,True
2023-06-30,CA,Los Angeles / SF Bay Area,10200.0,10,True
2023-07-01,CA,Los Angeles / SF Bay Area,11860.0,12,True
2023-07-02,CA,Los Angeles / SF Bay Area,6258.0,6,True
2023-07-03,CA,Los Angeles / SF Bay Area,11537.0,9,True
2023-07-04,CA,Los Angeles / SF Bay Area,8625.0,12,True
2023-07-05,CA,Los Angeles / SF Bay Area,17252.0,18,True
2023-07-06,CA,Los Angeles / SF Bay Area,13444.0,14,True
2023-07-07,CA,Los Angeles / SF Bay Area,15769.0,18,True
2023-07-08,CA,Los Angeles / SF Bay Area,4531.0,7,True
2023-07-09,CA,Los Angeles / SF Bay Area,11105.0,12,True
2023-07-10,CA,Los Angeles / SF Bay Area,4489.0,13,True
2023-07-11,CA,Los Angeles / SF Bay Area,7362.0,14,True
2023-07-12,CA,Los Angeles / SF Bay Area,4949.0,7,True
2023-07-13,CA,Los Angeles / SF Bay Area,7464.0,9,True
2023-07-14,CA,Los Angeles / SF Bay Area,8358.0,14,True
2023-07-15,CA,Los Angeles / SF Bay Area,5987.0,12,True
2023-07-16,CA,Los Angeles / SF Bay Area,4420.0,10,True
2023-07-17,CA,Los Angeles / SF Bay Area,10713.0,21,True
2023-07-18,CA,Los Angeles / SF Bay Area,7263.0,10,True
2023-07-19,CA,Los Angeles / SF Bay Area,3934.0,11,True
2023-07-20,CA,Los Angeles / SF Bay Area,5567.0,11,True
2023-07-21,CA,Los Angeles / SF Bay Area,16100.0,17,True
2023-07-22,CA,Los Angeles / SF Bay Area,23609.0,12,True
2023-07-23,CA,Los Angeles / SF Bay Area,8173.0,11,True
2023-07-24,CA,Los Angeles / SF Bay Area,9361.0,14,True
2023-07-25,CA,Los Angeles / SF Bay Area,2310.0,8,True
2023-07-26,CA,Los Angeles / SF Bay Area,5592.0,13,True
2023-07-27,CA,Los Angeles / SF Bay Area,12497.0,9,True
2023-07-28,CA,Los Angeles / SF Bay Area,11444.0,12,True
2023-07-29,CA,Los Angeles / SF Bay Area,9088.0,13,True
2023-07-30,CA,Los Angeles / SF Bay Area,5492.0,9,True
2023-07-31,CA,Los Angeles / SF Bay Area,17421.0,15,True
2023-08-01,CA,Los Angeles / SF Bay Area,4023.0,9,True
2023-08-02,CA,Los Angeles / SF Bay Area,6843.0,16,True
2023-08-03,CA,Los Angeles / SF Bay Area,3732.0,9,True
2023-08-04,CA,Los Angeles / SF Bay Area,1782.0,6,True
2023-08-05,CA,Los Angeles / SF Bay Area,10575.0,13,True
2023-08-06,CA,Los Angeles / SF Bay Area,1884.0,8,True
2023-08-07,CA,Los Angeles / SF Bay Area,4689.0,9,True
2023-08-08,CA,Los Angeles / SF Bay Area,13602.0,11,True
2023-08-09,CA,Los Angeles / SF Bay Area,3818.0,8,True
2023-08-10,CA,Los Angeles / SF Bay Area,6980.0,12,True
2023-08-11,CA,Los Angeles / SF Bay Area,15636.0,10,True
2023-08-12,CA,Los Angeles / SF Bay Area,8876.0,10,True
2023-08-13,CA,Los Angeles / SF Bay Area,8820.0,8,True
2023-08-14,CA,Los Angeles / SF Bay Area,4980.0,11,True
2023-08-15,CA,Los Angeles / SF Bay Area,18081.0,17,True
2023-08-16,CA,Los Angeles / SF Bay Area,6490.0,9,True
2023-08-17,CA,Los Angeles / SF Bay Area,762.0,5,True
2023-08-18,CA,Los Angeles / SF Bay Area,16925.0,15,True
2023-08-19,CA,Los Angeles / SF Bay Area,7275.0,4,True
2023-08-20,CA,Los Angeles / SF Bay Area,5204.0,17,True
2023-08-21,CA,Los Angeles / SF Bay Area,6316.0,12,True
2023-08-22,CA,Los Angeles / SF Bay Area,8511.0,13,True
2023-08-23,CA,Los Angeles / SF Bay Area,7886.0,10,True
2023-08-24,CA,Los Angeles / SF Bay Area,8005.0,8,True
2023-08-25,CA,Los Angeles / SF Bay Area,22709.0,10,True
2023-08-26,CA,Los Angeles / SF Bay Area,3068.0,7,True
2023-08-27,CA,Los Angeles / SF Bay Area,8021.0,11,True
2023-08-28,CA,Los Angeles / SF Bay Area,4303.0,8,True
2023-08-29,CA,Los Angeles / SF Bay Area,15552.0,18,True
2023-08-30,CA,Los Angeles / SF Bay Area,3484.0,13,True
2023-08-31,CA,Los Angeles / SF Bay Area,20130.0,18,True
2023-09-01,CA,Los Angeles / SF Bay Area,10959.0,12,False
2023-09-02,CA,Los Angeles / SF Bay Area,20753.0,16,False
2023-09-03,CA,Los Angeles / SF Bay Area,11755.0,12,False
2023-09-04,CA,Los Angeles / SF Bay Area,5034.0,13,False
2023-09-05,CA,Los Angeles / SF Bay Area,2305.0,6,False
2023-09-06,CA,Los Angeles / SF Bay Area,14818.0,20,False
2023-09-07,CA,Los Angeles / SF Bay Area,6180.0,11,False
2023-09-08,CA,Los Angeles / SF Bay Area,20233.0,19,False
2023-09-09,CA,Los Angeles / SF Bay Area,12595.0,12,False
2023-09-10,CA,Los Angeles / SF Bay Area,8139.0,10,False
2023-09-11,CA,Los Angeles / SF Bay Area,6659.0,9,False
2023-09-12,CA,Los Angeles / SF Bay Area,15244.0,10,False
2023-09-13,CA,Los Angeles / SF Bay Area,6869.0,11,False
2023-09-14,CA,Los Angeles / SF Bay Area,4636.0,12,False
2023-09-15,CA,Los Angeles / SF Bay Area,7934.0,9,False
2023-09-16,CA,Los Angeles / SF Bay Area,15083.0,13,False
2023-09-17,CA,Los Angeles / SF Bay Area,3178.0,11,False
2023-09-18,CA,Los Angeles / SF Bay Area,10708.0,13,False
2023-09-19,CA,Los Angeles / SF Bay Area,6066.0,9,False
2023-09-20,CA,Los Angeles / SF Bay Area,8153.0,11,False
2023-09-21,CA,Los Angeles / SF Bay Area,6888.0,13,False
2023-09-22,CA,Los Angeles / SF Bay Area,8748.0,15,False
2023-09-23,CA,Los Angeles / SF Bay Area,5063.0,7,False
2023-09-24,CA,Los Angeles / SF Bay Area,6216.0,8,False
2023-09-25,CA,Los Angeles / SF Bay Area,3539.0,11,False
2023-09-26,CA,Los Angeles / SF Bay Area,4140.0,7,False
2023-09-27,CA,Los Angeles / SF Bay Area,6789.0,12,False
2023-09-28,CA,Los Angeles / SF Bay Area,4406.0,10,False
2023-09-29,CA,Los Angeles / SF Bay Area,6217.0,13,False
2023-09-30,CA,Los Angeles / SF Bay Area,3129.0,12,False
2023-10-01,CA,Los Angeles / SF Bay Area,6420.0,12,False
2023-10-02,CA,Los Angeles / SF Bay Area,7260.0,10,False
2023-10-03,CA,Los Angeles / SF Bay Area,9489.0,10,False
2023-10-04,CA,Los Angeles / SF Bay Area,8956.0,13,False
2023-10-05,CA,Los Angeles / SF Bay Area,15139.0,9,False
2023-10-06,CA,Los Angeles / SF Bay Area,5308.0,12,False
2023-10-07,CA,Los Angeles / SF Bay Area,14849.0,13,False
2023-10-08,CA,Los Angeles / SF Bay Area,4936.0,13,False
2023-10-09,CA,Los Angeles / SF Bay Area,9483.0,11,False
2023-10-10,CA,Los Angeles / SF Bay Area,7896.0,14,False
2023-10-11,CA,Los Angeles / SF Bay Area,4247.0,9,False
2023-10-12,CA,Los Angeles / SF Bay Area,2661.0,6,False
2023-10-13,CA,Los Angeles / SF Bay Area,11715.0,11,False
2023-10-14,CA,Los Angeles / SF Bay Area,7467.0,9,False
2023-10-15,CA,Los Angeles / SF Bay Area,14392.0,15,False
2023-10-16,CA,Los Angeles / SF Bay Area,14704.0,21,False
2023-10-17,CA,Los Angeles / SF Bay Area,6463.0,13,False
2023-10-18,CA,Los Angeles / SF Bay Area,2745.0,7,False
2023-10-19,CA,Los Angeles / SF Bay Area,5181.0,12,False
2023-10-20,CA,Los Angeles / SF Bay Area,4740.0,8,False
2023-10-21,CA,Los Angeles / SF Bay Area,7953.0,12,False
2023-10-22,CA,Los Angeles / SF Bay Area,10963.0,17,False
2023-10-23,CA,Los Angeles / SF Bay Area,7275.0,12,False
2023-10-24,CA,Los Angeles / SF Bay Area,12530.0,16,False
2023-10-25,CA,Los Angeles / SF Bay Area,13485.0,14,False
2023-10-26,CA,Los Angeles / SF Bay Area,11680.0,14,False
2023-10-27,CA,Los Angeles / SF Bay Area,15098.0,16,False
2023-10-28,CA,Los Angeles / SF Bay Area,7944.0,10,False
2023-10-29,CA,Los Angeles / SF Bay Area,2120.0,10,False
2023-10-30,CA,Los Angeles / SF Bay Area,8080.0,12,False
2023-10-31,CA,Los Angeles / SF Bay Area,7966.0,14,False
2023-11-01,CA,Los Angeles / SF Bay Area,8716.0,15,False
2023-11-02,CA,Los Angeles / SF Bay Area,5487.0,6,False
2023-11-03,CA,Los Angeles / SF Bay Area,2402.0,6,False
2023-11-04,CA,Los Angeles / SF Bay Area,16424.0,16,False
2023-11-05,CA,Los Angeles / SF Bay Area,1455.0,9,False
2023-11-06,CA,Los Angeles / SF Bay Area,4563.0,9,False
2023-11-07,CA,Los Angeles / SF Bay Area,8050.0,10,False
2023-11-08,CA,Los Angeles / SF Bay Area,9239.0,8,False
2023-11-09,CA,Los Angeles / SF Bay Area,7889.0,11,False
2023-11-10,CA,Los Angeles / SF Bay Area,10369.0,10,False
2023-11-11,CA,Los Angeles / SF Bay Area,13041.0,13,False
2023-11-12,CA,Los Angeles / SF Bay Area,9489.0,18,False
2023-11-13,CA,Los Angeles / SF Bay Area,2919.0,9,False
2023-11-14,CA,Los Angeles / SF Bay Area,4362.0,11,False
2023-11-15,CA,Los Angeles / SF Bay Area,12495.0,10,False
2023-11-16,CA,Los Angeles / SF Bay Area,3787.0,6,False
2023-11-17,CA,Los Angeles / SF Bay Area,6016.0,6,False
2023-11-18,CA,Los Angeles / SF Bay Area,10660.0,13,False
2023-11-19,CA,Los Angeles / SF Bay Area,15495.0,13,False
2023-11-20,CA,Los Angeles / SF Bay Area,8047.0,11,False
2023-11-21,CA,Los Angeles / SF Bay Area,5059.0,8,False
2023-11-22,CA,Los Angeles / SF Bay Area,7207.0,16,False
2023-11-23,CA,Los Angeles / SF Bay Area,7073.0,12,False
2023-11-24,CA,Los Angeles / SF Bay Area,26774.0,13,False
2023-11-25,CA,Los Angeles / SF Bay Area,6216.0,11,False
2023-11-26,CA,Los Angeles / SF Bay Area,8623.0,12,False
2023-11-27,CA,Los Angeles / SF Bay Area,8070.0,14,False
2023-11-28,CA,Los Angeles / SF Bay Area,11612.0,17,False
2023-11-29,CA,Los Angeles / SF Bay Area,13143.0,14,False
2023-11-30,CA,Los Angeles / SF Bay Area,9738.0,7,False
2023-12-01,CA,Los Angeles / SF Bay Area,3735.0,6,False
2023-12-02,CA,Los Angeles / SF Bay Area,10196.0,15,False
2023-12-03,CA,Los Angeles / SF Bay Area,6078.0,13,False
2023-12-04,CA,Los Angeles / SF Bay Area,13872.0,8,False
2023-12-05,CA,Los Angeles / SF Bay Area,15921.0,13,False
2023-12-06,CA,Los Angeles / SF Bay Area,7507.0,9,False
2023-12-07,CA,Los Angeles / SF Bay Area,11076.0,13,False
2023-12-08,CA,Los Angeles / SF Bay Area,7050.0,9,False
2023-12-09,CA,Los Angeles / SF Bay Area,4798.0,5,False
2023-12-10,CA,Los Angeles / SF Bay Area,5252.0,9,False
2023-12-11,CA,Los Angeles / SF Bay Area,6133.0,11,False
2023-12-12,CA,Los Angeles / SF Bay Area,5239.0,12,False
2023-12-13,CA,Los Angeles / SF Bay Area,5437.0,11,False
2023-12-14,CA,Los Angeles / SF Bay Area,5990.0,14,False
2023-12-15,CA,Los Angeles / SF Bay Area,7593.0,11,False
2023-12-16,CA,Los Angeles / SF Bay Area,20088.0,17,False
2023-12-17,CA,Los Angeles / SF Bay Area,16069.0,15,False
2023-12-18,CA,Los Angeles / SF Bay Area,10995.0,17,False
2023-12-19,CA,Los Angeles / SF Bay Area,4671.0,9,False
2023-12-20,CA,Los Angeles / SF Bay Area,2929.0,10,False
2023-12-21,CA,Los Angeles / SF Bay Area,11092.0,10,False
2023-12-22,CA,Los Angeles / SF Bay Area,8110.0,15,False
2023-12-23,CA,Los Angeles / SF Bay Area,3380.0,6,False
2023-12-24,CA,Los Angeles / SF Bay Area,16552.0,14,False
2023-12-25,CA,Los Angeles / SF Bay Area,6892.0,9,False
2023-12-26,CA,Los Angeles / SF Bay Area,12289.0,11,False
2023-12-27,CA,Los Angeles / SF Bay Area,16730.0,19,False
2023-12-28,CA,Los Angeles / SF Bay Area,17569.0,12,False
2023-12-29,CA,Los Angeles / SF Bay Area,7302.0,18,False
2023-12-30,CA,Los Angeles / SF Bay Area,4864.0,8,False
2023-12-31,CA,Los Angeles / SF Bay Area,6760.0,13,False
2024-01-01,CA,Los Angeles / SF Bay Area,16835.0,18,False
2024-01-02,CA,Los Angeles / SF Bay Area,1242.0,3,False
2024-01-03,CA,Los Angeles / SF Bay Area,6894.0,14,False
2024-01-04,CA,Los Angeles / SF Bay Area,12270.0,16,False
2024-01-05,CA,Los Angeles / SF Bay Area,4154.0,8,False
2024-01-06,CA,Los Angeles / SF Bay Area,6707.0,11,False
2024-01-07,CA,Los Angeles / SF Bay Area,8261.0,10,False
2024-01-08,CA,Los Angeles / SF Bay Area,4033.0,6,False
2024-01-09,CA,Los Angeles / SF Bay Area,7072.0,14,False
2024-01-10,CA,Los Angeles / SF Bay Area,9428.0,15,False
2024-01-11,CA,Los Angeles / SF Bay Area,4236.0,13,False
2024-01-12,CA,Los Angeles / SF Bay Area,9551.0,12,False
2024-01-13,CA,Los Angeles / SF Bay Area,12850.0,15,False
2024-01-14,CA,Los Angeles / SF Bay Area,5060.0,10,False
2024-01-15,CA,Los Angeles / SF Bay Area,14199.0,10,False
2024-01-16,CA,Los Angeles / SF Bay Area,7426.0,13,False
2024-01-17,CA,Los Angeles / SF Bay Area,3044.0,9,False
2024-01-18,CA,Los Angeles / SF Bay Area,7944.0,8,False
2024-01-19,CA,Los Angeles / SF Bay Area,19189.0,17,False
2024-01-20,CA,Los Angeles / SF Bay Area,12041.0,11,False
2024-01-21,CA,Los Angeles / SF Bay Area,6695.0,11,False
2024-01-22,CA,Los Angeles / SF Bay Area,5495.0,13,False
2024-01-23,CA,Los Angeles / SF Bay Area,7420.0,14,False
2024-01-24,CA,Los Angeles / SF Bay Area,6177.0,10,False
2024-01-25,CA,Los Angeles / SF Bay Area,3802.0,8,False
2024-01-26,CA,Los Angeles / SF Bay Area,9365.0,13,False
2024-01-27,CA,Los Angeles / SF Bay Area,20653.0,16,False
2024-01-28,CA,Los Angeles / SF Bay Area,8912.0,12,False
2024-01-29,CA,Los Angeles / SF Bay Area,6009.0,8,False
2024-01-30,CA,Los Angeles / SF Bay Area,4856.0,11,False
2024-01-31,CA,Los Angeles / SF Bay Area,6252.0,7,False
2024-02-01,CA,Los Angeles / SF Bay Area,6108.0,13,False
2024-02-02,CA,Los Angeles / SF Bay Area,10681.0,14,False
2024-02-03,CA,Los Angeles / SF Bay Area,8347.0,10,False
2024-02-04,CA,Los Angeles / SF Bay Area,6995.0,13,False
2024-02-05,CA,Los Angeles / SF Bay Area,3855.0,10,False
2024-02-06,CA,Los Angeles / SF Bay Area,5166.0,11,False
2024-02-07,CA,Los Angeles / SF Bay Area,3313.0,10,False
2024-02-08,CA,Los Angeles / SF Bay Area,3090.0,15,False
2024-02-09,CA,Los Angeles / SF Bay Area,9124.0,6,False
2024-02-10,CA,Los Angeles / SF Bay Area,14769.0,15,False
2024-02-11,CA,Los Angeles / SF Bay Area,1406.0,7,False
2024-02-12,CA,Los Angeles / SF Bay Area,9327.0,14,False
2024-02-13,CA,Los Angeles / SF Bay Area,10639.0,12,False
2024-02-14,CA,Los Angeles / SF Bay Area,2985.0,10,False
2024-02-15,CA,Los Angeles / SF Bay Area,4900.0,11,False
2024-02-16,CA,Los Angeles / SF Bay Area,7098.0,13,False
2024-02-17,CA,Los Angeles / SF Bay Area,16434.0,13,False
2024-02-18,CA,Los Angeles / SF Bay Area,1098.0,6,False
2024-02-19,CA,Los Angeles / SF Bay Area,4791.0,6,False
2024-02-20,CA,Los Angeles / SF Bay Area,4295.0,10,False
2024-02-21,CA,Los Angeles / SF Bay Area,8470.0,10,False
2024-02-22,CA,Los Angeles / SF Bay Area,9769.0,13,False
2024-02-23,CA,Los Angeles / SF Bay Area,2478.0,10,False
2024-02-24,CA,Los Angeles / SF Bay Area,12732.0,15,False
2024-02-25,CA,Los Angeles / SF Bay Area,10884.0,13,False
2024-02-26,CA,Los Angeles / SF Bay Area,3692.0,9,False
2024-02-27,CA,Los Angeles / SF Bay Area,9030.0,16,False
2024-02-28,CA,Los Angeles / SF Bay Area,11112.0,18,False
2024-02-29,CA,Los Angeles / SF Bay Area,7427.0,11,False
2024-03-01,CA,Los Angeles / SF Bay Area,2849.0,5,False
2024-03-02,CA,Los Angeles / SF Bay Area,5410.0,8,False
2024-03-03,CA,Los Angeles / SF Bay Area,9007.0,14,False
2024-03-04,CA,Los Angeles / SF Bay Area,7569.0,10,False
2024-03-05,CA,Los Angeles / SF Bay Area,7048.0,7,False
2024-03-06,CA,Los Angeles / SF Bay Area,3624.0,11,False
2024-03-07,CA,Los Angeles / SF Bay Area,7970.0,11,False
2024-03-08,CA,Los Angeles / SF Bay Area,19332.0,15,False
2024-03-09,CA,Los Angeles / SF Bay Area,6675.0,11,False
2024-03-10,CA,Los Angeles / SF Bay Area,14053.0,12,False
2024-03-11,CA,Los Angeles / SF Bay Area,13169.0,21,False
2024-03-12,CA,Los Angeles / SF Bay Area,6688.0,13,False
2024-03-13,CA,Los Angeles / SF Bay Area,14344.0,14,False
2024-03-14,CA,Los Angeles / SF Bay Area,5736.0,13,False
2024-03-15,CA,Los Angeles / SF Bay Area,10867.0,8,False
2024-03-16,CA,Los Angeles / SF Bay Area,11987.0,18,False
2024-03-17,CA,Los Angeles / SF Bay Area,14436.0,16,False
2024-03-18,CA,Los Angeles / SF Bay Area,7691.0,10,False
2024-03-19,CA,Los Angeles / SF Bay Area,5351.0,8,False
2024-03-20,CA,Los Angeles / SF Bay Area,5116.0,6,False
2024-03-21,CA,Los Angeles / SF Bay Area,5137.0,9,False
2024-03-22,CA,Los Angeles / SF Bay Area,4784.0,8,False
2024-03-23,CA,Los Angeles / SF Bay Area,17218.0,15,False
2024-03-24,CA,Los Angeles / SF Bay Area,12867.0,10,False
2024-03-25,CA,Los Angeles / SF Bay Area,7746.0,10,False
2024-03-26,CA,Los Angeles / SF Bay Area,9046.0,9,False
2024-03-27,CA,Los Angeles / SF Bay Area,9338.0,11,False
2024-03-28,CA,Los Angeles / SF Bay Area,2230.0,7,False
2024-03-29,CA,Los Angeles / SF Bay Area,9411.0,11,False
2024-03-30,CA,Los Angeles / SF Bay Area,14132.0,16,False
2024-03-31,CA,Los Angeles / SF Bay Area,2726.0,9,False
2024-04-01,CA,Los Angeles / SF Bay Area,4310.0,8,False
2024-04-02,CA,Los Angeles / SF Bay Area,3230.0,8,False
2024-04-03,CA,Los Angeles / SF Bay Area,3023.0,7,False
2024-04-04,CA,Los Angeles / SF Bay Area,5015.0,8,False
2024-04-05,CA,Los Angeles / SF Bay Area,12563.0,7,False
2024-04-06,CA,Los Angeles / SF Bay Area,6642.0,13,False
2024-04-07,CA,Los Angeles / SF Bay Area,11131.0,10,False
2024-04-08,CA,Los Angeles / SF Bay Area,6578.0,9,False
2024-04-09,CA,Los Angeles / SF Bay Area,1727.0,9,False
2024-04-10,CA,Los Angeles / SF Bay Area,4806.0,4,False
2024-04-11,CA,Los Angeles / SF Bay Area,2244.0,9,False
2024-04-12,CA,Los Angeles / SF Bay Area,2150.0,12,False
2024-04-13,CA,Los Angeles / SF Bay Area,9917.0,10,False
2024-04-14,CA,Los Angeles / SF Bay Area,5203.0,7,False
2024-04-15,CA,Los Angeles / SF Bay Area,11673.0,18,False
2024-04-16,CA,Los Angeles / SF Bay Area,324.0,2,False
2024-04-17,CA,Los Angeles / SF Bay Area,4551.0,9,False
2024-04-18,CA,Los Angeles / SF Bay Area,6176.0,10,False
2024-04-19,CA,Los Angeles / SF Bay Area,11829.0,7,False
2024-04-20,CA,Los Angeles / SF Bay Area,6922.0,15,False
2024-04-21,CA,Los Angeles / SF Bay Area,4822.0,15,False
2024-04-22,CA,Los Angeles / SF Bay Area,6460.0,12,False
2024-04-23,CA,Los Angeles / SF Bay Area,5627.0,8,False
2024-04-24,CA,Los Angeles / SF Bay Area,3527.0,8,False
2024-04-25,CA,Los Angeles / SF Bay Area,5424.0,12,False
2024-04-26,CA,Los Angeles / SF Bay Area,4925.0,7,False
2024-04-27,CA,Los Angeles / SF Bay Area,10452.0,10,False
2024-04-28,CA,Los Angeles / SF Bay Area,12964.0,8,False
2024-04-29,CA,Los Angeles / SF Bay Area,2578.0,8,False
2024-04-30,CA,Los Angeles / SF Bay Area,9027.0,16,False
2024-05-01,CA,Los Angeles / SF Bay Area,10177.0,13,False
2024-05-02,CA,Los Angeles / SF Bay Area,12685.0,15,False
2024-05-03,CA,Los Angeles / SF Bay Area,10677.0,10,False
2024-05-04,CA,Los Angeles / SF Bay Area,9215.0,15,False
2024-05-05,CA,Los Angeles / SF Bay Area,9903.0,14,False
2024-05-06,CA,Los Angeles / SF Bay Area,8630.0,12,False
2024-05-07,CA,Los Angeles / SF Bay Area,5684.0,15,False
2024-05-08,CA,Los Angeles / SF Bay Area,3169.0,11,False
2024-05-09,CA,Los Angeles / SF Bay Area,4526.0,10,False
2024-05-10,CA,Los Angeles / SF Bay Area,17181.0,15,False
2024-05-11,CA,Los Angeles / SF Bay Area,6540.0,6,False
2024-05-12,CA,Los Angeles / SF Bay Area,9294.0,15,False
2024-05-13,CA,Los Angeles / SF Bay Area,11475.0,9,False
2024-05-14,CA,Los Angeles / SF Bay Area,9350.0,15,False
2024-05-15,CA,Los Angeles / SF Bay Area,7817.0,13,False
2024-05-16,CA,Los Angeles / SF Bay Area,8362.0,18,False
2024-05-17,CA,Los Angeles / SF Bay Area,4454.0,12,False
2024-05-18,CA,Los Angeles / SF Bay Area,7790.0,9,False
2024-05-19,CA,Los Angeles / SF Bay Area,5677.0,12,False
2024-05-20,CA,Los Angeles / SF Bay Area,10932.0,15,False
2024-05-21,CA,Los Angeles / SF Bay Area,13846.0,14,False
2024-05-22,CA,Los Angeles / SF Bay Area,8353.0,12,False
2024-05-23,CA,Los Angeles / SF Bay Area,8750.0,8,False
2024-05-24,CA,Los Angeles / SF Bay Area,12610.0,17,False
2024-05-25,CA,Los Angeles / SF Bay Area,2637.0,8,False
2024-05-26,CA,Los Angeles / SF Bay Area,13909.0,10,False
2024-05-27,CA,Los Angeles / SF Bay Area,10134.0,13,False
2024-05-28,CA,Los Angeles / SF Bay Area,1359.0,4,False
2024-05-29,CA,Los Angeles / SF Bay Area,15848.0,13,False
2024-05-30,CA,Los Angeles / SF Bay Area,11708.0,17,False
2024-05-31,CA,Los Angeles / SF Bay Area,745.0,6,False
2024-06-01,CA,Los Angeles / SF Bay Area,12531.0,10,True
2024-06-02,CA,Los Angeles / SF Bay Area,5511.0,9,True
2024-06-03,CA,Los Angeles / SF Bay Area,4485.0,8,True
2024-06-04,CA,Los Angeles / SF Bay Area,6054.0,10,True
2024-06-05,CA,Los Angeles / SF Bay Area,8492.0,12,True
2024-06-06,CA,Los Angeles / SF Bay Area,3986.0,14,True
2024-06-07,CA,Los Angeles / SF Bay Area,13948.0,12,True
2024-06-08,CA,Los Angeles / SF Bay Area,15449.0,12,True
2024-06-09,CA,Los Angeles / SF Bay Area,10897.0,17,True
2024-06-10,CA,Los Angeles / SF Bay Area,2007.0,4,True
2024-06-11,CA,Los Angeles / SF Bay Area,10000.0,14,True
2024-06-12,CA,Los Angeles / SF Bay Area,1339.0,6,True
2024-06-13,CA,Los Angeles / SF Bay Area,3231.0,12,True
2024-06-14,CA,Los Angeles / SF Bay Area,9836.0,10,True
2024-06-15,CA,Los Angeles / SF Bay Area,13913.0,15,True
2024-06-16,CA,Los Angeles / SF Bay Area,7720.0,8,True
2024-06-17,CA,Los Angeles / SF Bay Area,5807.0,13,True
2024-06-18,CA,Los Angeles / SF Bay Area,5561.0,8,True
2024-06-19,CA,Los Angeles / SF Bay Area,11703.0,11,True
2024-06-20,CA,Los Angeles / SF Bay Area,12949.0,12,True
2024-06-21,CA,Los Angeles / SF Bay Area,8072.0,11,True
2024-06-22,CA,Los Angeles / SF Bay Area,6445.0,11,True
2024-06-23,CA,Los Angeles / SF Bay Area,16866.0,21,True
2024-06-24,CA,Los Angeles / SF Bay Area,4418.0,9,True
2024-06-25,CA,Los Angeles / SF Bay Area,13729.0,12,True
2024-06-26,CA,Los Angeles / SF Bay Area,6371.0,12,True
2024-06-27,CA,Los Angeles / SF Bay Area,10307.0,11,True
2024-06-28,CA,Los Angeles / SF Bay Area,4338.0,9,True
2024-06-29,CA,Los Angeles / SF Bay Area,19437.0,16,True
2024-06-30,CA,Los Angeles / SF Bay Area,7249.0,11,True
2024-07-01,CA,Los Angeles / SF Bay Area,3440.0,12,True
2024-07-02,CA,Los Angeles / SF Bay Area,10234.0,13,True
2024-07-03,CA,Los Angeles / SF Bay Area,7897.0,14,True
2024-07-04,CA,Los Angeles / SF Bay Area,3386.0,5,True
2024-07-05,CA,Los Angeles / SF Bay Area,18381.0,12,True
2024-07-06,CA,Los Angeles / SF Bay Area,4081.0,8,True
2024-07-07,CA,Los Angeles / SF Bay Area,2240.0,5,True
2024-07-08,CA,Los Angeles / SF Bay Area,7048.0,14,True
2024-07-09,CA,Los Angeles / SF Bay Area,6661.0,10,True
2024-07-10,CA,Los Angeles / SF Bay Area,9116.0,11,True
2024-07-11,CA,Los Angeles / SF Bay Area,8430.0,10,True
2024-07-12,CA,Los Angeles / SF Bay Area,2871.0,9,True
2024-07-13,CA,Los Angeles / SF Bay Area,10088.0,7,True
2024-07-14,CA,Los Angeles / SF Bay Area,12191.0,20,True
2024-07-15,CA,Los Angeles / SF Bay Area,2049.0,10,True
2024-07-16,CA,Los Angeles / SF Bay Area,6295.0,11,True
2024-07-17,CA,Los Angeles / SF Bay Area,8224.0,15,True
2024-07-18,CA,Los Angeles / SF Bay Area,8002.0,10,True
2024-07-19,CA,Los Angeles / SF Bay Area,8965.0,14,True
2024-07-20,CA,Los Angeles / SF Bay Area,11840.0,16,True
2024-07-21,CA,Los Angeles / SF Bay Area,10666.0,16,True
2024-07-22,CA,Los Angeles / SF Bay Area,6438.0,8,True
2024-07-23,CA,Los Angeles / SF Bay Area,10028.0,10,True
2024-07-24,CA,Los Angeles / SF Bay Area,6748.0,9,True
2024-07-25,CA,Los Angeles / SF Bay Area,4955.0,13,True
2024-07-26,CA,Los Angeles / SF Bay Area,7625.0,10,True
2024-07-27,CA,Los Angeles / SF Bay Area,11859.0,11,True
2024-07-28,CA,Los Angeles / SF Bay Area,4818.0,9,True
2024-07-29,CA,Los Angeles / SF Bay Area,511.0,2,True
2024-07-30,CA,Los Angeles / SF Bay Area,8120.0,8,True
2024-07-31,CA,Los Angeles / SF Bay Area,3923.0,8,True
2024-08-01,CA,Los Angeles / SF Bay Area,8559.0,15,True
2024-08-02,CA,Los Angeles / SF Bay Area,5188.0,8,True
2024-08-03,CA,Los Angeles / SF Bay Area,6257.0,8,True
2024-08-04,CA,Los Angeles / SF Bay Area,19291.0,17,True
2024-08-05,CA,Los Angeles / SF Bay Area,7922.0,14,True
2024-08-06,CA,Los Angeles / SF Bay Area,7104.0,15,True
2024-08-07,CA,Los Angeles / SF Bay Area,6629.0,11,True
2024-08-08,CA,Los Angeles / SF Bay Area,3856.0,10,True
2024-08-09,CA,Los Angeles / SF Bay Area,10181.0,13,True
2024-08-10,CA,Los Angeles / SF Bay Area,6060.0,6,True
2024-08-11,CA,Los Angeles / SF Bay Area,3076.0,8,True
2024-08-12,CA,Los Angeles / SF Bay Area,3201.0,9,True
2024-08-13,CA,Los Angeles / SF Bay Area,13992.0,15,True
2024-08-14,CA,Los Angeles / SF Bay Area,5326.0,11,True
2024-08-15,CA,Los Angeles / SF Bay Area,9155.0,10,True
2024-08-16,CA,Los Angeles / SF Bay Area,3130.0,9,True
2024-08-17,CA,Los Angeles / SF Bay Area,7493.0,7,True
2024-08-18,CA,Los Angeles / SF Bay Area,15808.0,15,True
2024-08-19,CA,Los Angeles / SF Bay Area,8524.0,9,True
2024-08-20,CA,Los Angeles / SF Bay Area,9112.0,18,True
2024-08-21,CA,Los Angeles / SF Bay Area,6142.0,6,True
2024-08-22,CA,Los Angeles / SF Bay Area,4299.0,12,True
2024-08-23,CA,Los Angeles / SF Bay Area,8366.0,10,True
2024-08-24,CA,Los Angeles / SF Bay Area,14101.0,13,True
2024-08-25,CA,Los Angeles / SF Bay Area,10869.0,11,True
2024-08-26,CA,Los Angeles / SF Bay Area,9472.0,12,True
2024-08-27,CA,Los Angeles / SF Bay Area,7025.0,7,True
2024-08-28,CA,Los Angeles / SF Bay Area,4091.0,7,True
2024-08-29,CA,Los Angeles / SF Bay Area,8653.0,12,True
2024-08-30,CA,Los Angeles / SF Bay Area,10932.0,13,True
2024-08-31,CA,Los Angeles / SF Bay Area,15432.0,15,True
2024-09-01,CA,Los Angeles / SF Bay Area,6330.0,15,False
2024-09-02,CA,Los Angeles / SF Bay Area,7955.0,8,False
2024-09-03,CA,Los Angeles / SF Bay Area,6631.0,12,False
2024-09-04,CA,Los Angeles / SF Bay Area,8313.0,9,False
2024-09-05,CA,Los Angeles / SF Bay Area,4938.0,11,False
2024-09-06,CA,Los Angeles / SF Bay Area,5336.0,12,False
2024-09-07,CA,Los Angeles / SF Bay Area,9511.0,12,False
2024-09-08,CA,Los Angeles / SF Bay Area,3665.0,10,False
2024-09-09,CA,Los Angeles / SF Bay Area,639.0,2,False
2024-09-10,CA,Los Angeles / SF Bay Area,6706.0,11,False
2024-09-11,CA,Los Angeles / SF Bay Area,6375.0,12,False
2024-09-12,CA,Los Angeles / SF Bay Area,13991.0,12,False
2024-09-13,CA,Los Angeles / SF Bay Area,1991.0,7,False
2024-09-14,CA,Los Angeles / SF Bay Area,12686.0,15,False
2024-09-15,CA,Los Angeles / SF Bay Area,7230.0,10,False
2024-09-16,CA,Los Angeles / SF Bay Area,7560.0,10,False
2024-09-17,CA,Los Angeles / SF Bay Area,10600.0,11,False
2024-09-18,CA,Los Angeles / SF Bay Area,6760.0,9,False
2024-09-19,CA,Los Angeles / SF Bay Area,8193.0,12,False
2024-09-20,CA,Los Angeles / SF Bay Area,13855.0,7,False
2024-09-21,CA,Los Angeles / SF Bay Area,11120.0,13,False
2024-09-22,CA,Los Angeles / SF Bay Area,10403.0,10,False
2024-09-23,CA,Los Angeles / SF Bay Area,5885.0,10,False
2024-09-24,CA,Los Angeles / SF Bay Area,5944.0,10,False
2024-09-25,CA,Los Angeles / SF Bay Area,15295.0,16,False
2024-09-26,CA,Los Angeles / SF Bay Area,12146.0,12,False
2024-09-27,CA,Los Angeles / SF Bay Area,14973.0,14,False
2024-09-28,CA,Los Angeles / SF Bay Area,2428.0,6,False
2024-09-29,CA,Los Angeles / SF Bay Area,12244.0,19,False
2024-09-30,CA,Los Angeles / SF Bay Area,6228.0,9,False
2024-10-01,CA,Los Angeles / SF Bay Area,5327.0,10,False
2024-10-02,CA,Los Angeles / SF Bay Area,10894.0,8,False
2024-10-03,CA,Los Angeles / SF Bay Area,8762.0,11,False
2024-10-04,CA,Los Angeles / SF Bay Area,8309.0,9,False
2024-10-05,CA,Los Angeles / SF Bay Area,15443.0,7,False
2024-10-06,CA,Los Angeles / SF Bay Area,11604.0,18,False
2024-10-07,CA,Los Angeles / SF Bay Area,8557.0,13,False
2024-10-08,CA,Los Angeles / SF Bay Area,12007.0,14,False
2024-10-09,CA,Los Angeles / SF Bay Area,8558.0,13,False
2024-10-10,CA,Los Angeles / SF Bay Area,2576.0,8,False
2024-10-11,CA,Los Angeles / SF Bay Area,7777.0,9,False
2024-10-12,CA,Los Angeles / SF Bay Area,10187.0,13,False
2024-10-13,CA,Los Angeles / SF Bay Area,6890.0,12,False
2024-10-14,CA,Los Angeles / SF Bay Area,10558.0,13,False
2024-10-15,CA,Los Angeles / SF Bay Area,7100.0,8,False
2024-10-16,CA,Los Angeles / SF Bay Area,14993.0,11,False
2024-10-17,CA,Los Angeles / SF Bay Area,9359.0,14,False
2024-10-18,CA,Los Angeles / SF Bay Area,13419.0,10,False
2024-10-19,CA,Los Angeles / SF Bay Area,32707.0,13,False
2024-10-20,CA,Los Angeles / SF Bay Area,12815.0,9,False
2024-10-21,CA,Los Angeles / SF Bay Area,7394.0,17,False
2024-10-22,CA,Los Angeles / SF Bay Area,7509.0,9,False
2024-10-23,CA,Los Angeles / SF Bay Area,6173.0,5,False
2024-10-24,CA,Los Angeles / SF Bay Area,8578.0,10,False
2024-10-25,CA,Los Angeles / SF Bay Area,14848.0,15,False
2024-10-26,CA,Los Angeles / SF Bay Area,3753.0,8,False
2024-10-27,CA,Los Angeles / SF Bay Area,5758.0,11,False
2024-10-28,CA,Los Angeles / SF Bay Area,7986.0,11,False
2024-10-29,CA,Los Angeles / SF Bay Area,2108.0,6,False
2024-10-30,CA,Los Angeles / SF Bay Area,7312.0,13,False
2024-10-31,CA,Los Angeles / SF Bay Area,4959.0,12,False
2024-11-01,CA,Los Angeles / SF Bay Area,12036.0,13,False
2024-11-02,CA,Los Angeles / SF Bay Area,17986.0,16,False
2024-11-03,CA,Los Angeles / SF Bay Area,16716.0,12,False
2024-11-04,CA,Los Angeles / SF Bay Area,6820.0,12,False
2024-11-05,CA,Los Angeles / SF Bay Area,7480.0,12,False
2024-11-06,CA,Los Angeles / SF Bay Area,3248.0,9,False
2024-11-07,CA,Los Angeles / SF Bay Area,6716.0,12,False
2024-11-08,CA,Los Angeles / SF Bay Area,12973.0,16,False
2024-11-09,CA,Los Angeles / SF Bay Area,10720.0,11,False
2024-11-10,CA,Los Angeles / SF Bay Area,4295.0,9,False
2024-11-11,CA,Los Angeles / SF Bay Area,13114.0,10,False
2024-11-12,CA,Los Angeles / SF Bay Area,1634.0,9,False
2024-11-13,CA,Los Angeles / SF Bay Area,9468.0,20,False
2024-11-14,CA,Los Angeles / SF Bay Area,10037.0,11,False
2024-11-15,CA,Los Angeles / SF Bay Area,4668.0,5,False
2024-11-16,CA,Los Angeles / SF Bay Area,13290.0,16,False
2024-11-17,CA,Los Angeles / SF Bay Area,31534.0,14,False
2024-11-18,CA,Los Angeles / SF Bay Area,3600.0,9,False
2024-11-19,CA,Los Angeles / SF Bay Area,10496.0,16,False
2024-11-20,CA,Los Angeles / SF Bay Area,4691.0,10,False
2024-11-21,CA,Los Angeles / SF Bay Area,11962.0,15,False
2024-11-22,CA,Los Angeles / SF Bay Area,6003.0,11,False
2024-11-23,CA,Los Angeles / SF Bay Area,3737.0,8,False
2024-11-24,CA,Los Angeles / SF Bay Area,13306.0,15,False
2024-11-25,CA,Los Angeles / SF Bay Area,7646.0,8,False
2024-11-26,CA,Los Angeles / SF Bay Area,7643.0,5,False
2024-11-27,CA,Los Angeles / SF Bay Area,10378.0,11,False
2024-11-28,CA,Los Angeles / SF Bay Area,7576.0,8,False
2024-11-29,CA,Los Angeles / SF Bay Area,14713.0,12,False
2024-11-30,CA,Los Angeles / SF Bay Area,4477.0,9,False
2024-12-01,CA,Los Angeles / SF Bay Area,13351.0,14,False
2024-12-02,CA,Los Angeles / SF Bay Area,9382.0,11,False
2024-12-03,CA,Los Angeles / SF Bay Area,4582.0,8,False
2024-12-04,CA,Los Angeles / SF Bay Area,5108.0,9,False
2024-12-05,CA,Los Angeles / SF Bay Area,1358.0,7,False
2024-12-06,CA,Los Angeles / SF Bay Area,4445.0,8,False
2024-12-07,CA,Los Angeles / SF Bay Area,18822.0,6,False
2024-12-08,CA,Los Angeles / SF Bay Area,11437.0,11,False
2024-12-09,CA,Los Angeles / SF Bay Area,6240.0,13,False
2024-12-10,CA,Los Angeles / SF Bay Area,8432.0,8,False
2024-12-11,CA,Los Angeles / SF Bay Area,9483.0,10,False
2024-12-12,CA,Los Angeles / SF Bay Area,8848.0,8,False
2024-12-13,CA,Los Angeles / SF Bay Area,15365.0,15,False
2024-12-14,CA,Los Angeles / SF Bay Area,19277.0,20,False
2024-12-15,CA,Los Angeles / SF Bay Area,9088.0,10,False
2024-12-16,CA,Los Angeles / SF Bay Area,10369.0,13,False
2024-12-17,CA,Los Angeles / SF Bay Area,8854.0,16,False
2024-12-18,CA,Los Angeles / SF Bay Area,5846.0,11,False
2024-12-19,CA,Los Angeles / SF Bay Area,9781.0,8,False
2024-12-20,CA,Los Angeles / SF Bay Area,11910.0,8,False
2024-12-21,CA,Los Angeles / SF Bay Area,6643.0,7,False
2024-12-22,CA,Los Angeles / SF Bay Area,24570.0,11,False
2024-12-23,CA,Los Angeles / SF Bay Area,7987.0,13,False
2024-12-24,CA,Los Angeles / SF Bay Area,5814.0,16,False
2024-12-25,CA,Los Angeles / SF Bay Area,7109.0,13,False
2024-12-26,CA,Los Angeles / SF Bay Area,12520.0,17,False
2024-12-27,CA,Los Angeles / SF Bay Area,4636.0,9,False
2024-12-28,CA,Los Angeles / SF Bay Area,7113.0,11,False
2024-12-29,CA,Los Angeles / SF Bay Area,6518.0,9,False
2024-12-30,CA,Los Angeles / SF Bay Area,6952.0,14,False
2024-12-31,CA,Los Angeles / SF Bay Area,1952.0,6,False
2020-01-01,FL,Miami,14150.0,10,False
2020-01-02,FL,Miami,6018.0,7,False
2020-01-03,FL,Miami,3785.0,8,False
2020-01-04,FL,Miami,10929.0,8,False
2020-01-05,FL,Miami,11178.0,11,False
2020-01-06,FL,Miami,1617.0,8,False
2020-01-07,FL,Miami,3462.0,8,False
2020-01-08,FL,Miami,2441.0,6,False
2020-01-09,FL,Miami,7180.0,9,False
2020-01-10,FL,Miami,5046.0,6,False
2020-01-11,FL,Miami,14423.0,8,False
2020-01-12,FL,Miami,9107.0,10,False
2020-01-13,FL,Miami,6182.0,11,False
2020-01-14,FL,Miami,12655.0,11,False
2020-01-15,FL,Miami,11142.0,10,False
2020-01-16,FL,Miami,8452.0,15,False
2020-01-17,FL,Miami,5648.0,5,False
2020-01-18,FL,Miami,6413.0,7,False
2020-01-19,FL,Miami,5100.0,7,False
2020-01-20,FL,Miami,18939.0,13,False
2020-01-21,FL,Miami,5004.0,5,False
2020-01-22,FL,Miami,15304.0,10,False
2020-01-23,FL,Miami,7811.0,6,False
2020-01-24,FL,Miami,1591.0,6,False
2020-01-25,FL,Miami,6353.0,6,False
2020-01-26,FL,Miami,7781.0,8,False
2020-01-27,FL,Miami,3866.0,12,False
2020-01-28,FL,Miami,3036.0,5,False
2020-01-29,FL,Miami,2014.0,4,False
2020-01-30,FL,Miami,7875.0,11,False
2020-01-31,FL,Miami,7225.0,8,False
2020-02-01,FL,Miami,7106.0,10,False
2020-02-02,FL,Miami,3803.0,9,False
2020-02-03,FL,Miami,1645.0,6,False
2020-02-05,FL,Miami,8414.0,6,False
2020-02-06,FL,Miami,5971.0,7,False
2020-02-07,FL,Miami,2165.0,8,False
2020-02-08,FL,Miami,3021.0,5,False
2020-02-09,FL,Miami,9609.0,8,False
2020-02-10,FL,Miami,4534.0,10,False
2020-02-11,FL,Miami,7560.0,9,False
2020-02-12,FL,Miami,10335.0,8,False
2020-02-13,FL,Miami,3316.0,8,False
2020-02-14,FL,Miami,10294.0,12,False
2020-02-15,FL,Miami,2117.0,5,False
2020-02-16,FL,Miami,3416.0,6,False
2020-02-17,FL,Miami,6481.0,6,False
2020-02-18,FL,Miami,8658.0,12,False
2020-02-19,FL,Miami,4848.0,5,False
2020-02-20,FL,Miami,27794.0,14,False
2020-02-21,FL,Miami,10197.0,12,False
2020-02-22,FL,Miami,13036.0,12,False
2020-02-23,FL,Miami,8413.0,9,False
2020-02-24,FL,Miami,5241.0,11,False
2020-02-25,FL,Miami,4046.0,5,False
2020-02-26,FL,Miami,824.0,3,False
2020-02-27,FL,Miami,4151.0,6,False
2020-02-28,FL,Miami,10296.0,8,False
2020-02-29,FL,Miami,4017.0,12,False
2020-03-01,FL,Miami,984.0,6,False
2020-03-02,FL,Miami,2975.0,4,False
2020-03-03,FL,Miami,2675.0,9,False
2020-03-04,FL,Miami,4506.0,10,False
2020-03-05,FL,Miami,1705.0,5,False
2020-03-06,FL,Miami,21543.0,10,False
2020-03-07,FL,Miami,7615.0,5,False
2020-03-08,FL,Miami,10768.0,11,False
2020-03-09,FL,Miami,1785.0,7,False
2020-03-10,FL,Miami,9473.0,7,False
2020-03-11,FL,Miami,5252.0,4,False
2020-03-12,FL,Miami,8931.0,9,False
2020-03-13,FL,Miami,5567.0,5,False
2020-03-14,FL,Miami,4394.0,4,False
2020-03-15,FL,Miami,4084.0,8,False
2020-03-16,FL,Miami,1503.0,7,False
2020-03-17,FL,Miami,2270.0,7,False
2020-03-18,FL,Miami,1658.0,6,False
2020-03-19,FL,Miami,4239.0,10,False
2020-03-20,FL,Miami,1697.0,4,False
2020-03-21,FL,Miami,780.0,6,False
2020-03-22,FL,Miami,668.0,6,False
2020-03-23,FL,Miami,2023.0,7,False
2020-03-24,FL,Miami,2231.0,5,False
2020-03-25,FL,Miami,1655.0,9,False
2020-03-26,FL,Miami,1288.0,15,False
2020-03-27,FL,Miami,827.0,6,False
2020-03-28,FL,Miami,1900.0,6,False
2020-03-29,FL,Miami,886.0,8,False
2020-03-30,FL,Miami,110.0,5,False
2020-03-31,FL,Miami,736.0,4,False
2020-04-01,FL,Miami,713.0,9,False
2020-04-02,FL,Miami,1661.0,7,False
2020-04-03,FL,Miami,167.0,5,False
2020-04-04,FL,Miami,529.0,6,False
2020-04-05,FL,Miami,387.0,9,False
2020-04-06,FL,Miami,131.0,5,False
2020-04-07,FL,Miami,549.0,10,False
2020-04-08,FL,Miami,851.0,7,False
2020-04-09,FL,Miami,548.0,11,False
2020-04-10,FL,Miami,2995.0,11,False
2020-04-11,FL,Miami,416.0,5,False
2020-04-12,FL,Miami,727.0,5,False
2020-04-13,FL,Miami,1142.0,8,False
2020-04-14,FL,Miami,1236.0,8,False
2020-04-15,FL,Miami,665.0,6,False
2020-04-16,FL,Miami,2495.0,8,False
2020-04-17,FL,Miami,179.0,8,False
2020-04-18,FL,Miami,268.0,6,False
2020-04-19,FL,Miami,1262.0,8,False
2020-04-20,FL,Miami,1930.0,7,False
2020-04-21,FL,Miami,9826.0,8,False
2020-04-22,FL,Miami,486.0,9,False
2020-04-23,FL,Miami,3235.0,8,False
2020-04-24,FL,Miami,2265.0,1,False
2020-04-25,FL,Miami,1032.0,9,False
2020-04-26,FL,Miami,2090.0,7,False
2020-04-27,FL,Miami,1534.0,9,False
2020-04-28,FL,Miami,488.0,12,False
2020-04-29,FL,Miami,823.0,8,False
2020-04-30,FL,Miami,4603.0,8,False
2020-05-01,FL,Miami,6069.0,13,False
2020-05-02,FL,Miami,52.0,6,False
2020-05-03,FL,Miami,784.0,9,False
2020-05-04,FL,Miami,1913.0,9,False
2020-05-05,FL,Miami,3202.0,11,False
2020-05-06,FL,Miami,4907.0,11,False
2020-05-07,FL,Miami,982.0,6,False
2020-05-08,FL,Miami,1976.0,14,False
2020-05-09,FL,Miami,3435.0,9,False
2020-05-10,FL,Miami,392.0,6,False
2020-05-11,FL,Miami,3486.0,6,False
2020-05-12,FL,Miami,14908.0,12,False
2020-05-13,FL,Miami,683.0,5,False
2020-05-14,FL,Miami,5478.0,9,False
2020-05-15,FL,Miami,2232.0,8,False
2020-05-16,FL,Miami,7796.0,13,False
2020-05-17,FL,Miami,2362.0,8,False
2020-05-18,FL,Miami,1387.0,6,False
2020-05-19,FL,Miami,2944.0,9,False
2020-05-20,FL,Miami,2003.0,10,False
2020-05-21,FL,Miami,4921.0,12,False
2020-05-22,FL,Miami,4749.0,8,False
2020-05-23,FL,Miami,4312.0,11,False
2020-05-24,FL,Miami,5414.0,12,False
2020-05-25,FL,Miami,3599.0,8,False
2020-05-26,FL,Miami,1198.0,3,False
2020-05-27,FL,Miami,5363.0,6,False
2020-05-28,FL,Miami,6922.0,10,False
2020-05-29,FL,Miami,1930.0,10,False
2020-05-30,FL,Miami,9590.0,13,False
2020-05-31,FL,Miami,1469.0,7,False
2020-06-01,FL,Miami,4804.0,8,True
2020-06-02,FL,Miami,3506.0,7,True
2020-06-03,FL,Miami,2910.0,5,True
2020-06-04,FL,Miami,3490.0,6,True
2020-06-05,FL,Miami,3654.0,6,True
2020-06-06,FL,Miami,708.0,10,True
2020-06-07,FL,Miami,1957.0,8,True
2020-06-08,FL,Miami,3989.0,9,True
2020-06-09,FL,Miami,6705.0,11,True
2020-06-10,FL,Miami,2283.0,5,True
2020-06-11,FL,Miami,484.0,3,True
2020-06-12,FL,Miami,5377.0,8,True
2020-06-13,FL,Miami,5236.0,7,True
2020-06-14,FL,Miami,5465.0,12,True
2020-06-15,FL,Miami,6511.0,9,True
2020-06-16,FL,Miami,4589.0,9,True
2020-06-17,FL,Miami,3126.0,8,True
2020-06-18,FL,Miami,3718.0,13,True
2020-06-19,FL,Miami,8287.0,5,True
2020-06-20,FL,Miami,6640.0,4,True
2020-06-21,FL,Miami,1999.0,5,True
2020-06-22,FL,Miami,5859.0,9,True
2020-06-23,FL,Miami,4606.0,13,True
2020-06-24,FL,Miami,10299.0,13,True
2020-06-25,FL,Miami,6240.0,7,True
2020-06-26,FL,Miami,10195.0,10,True
2020-06-27,FL,Miami,11148.0,8,True
2020-06-28,FL,Miami,1800.0,8,True
2020-06-29,FL,Miami,7258.0,9,True
2020-06-30,FL,Miami,5103.0,9,True
2020-07-01,FL,Miami,1271.0,6,True
2020-07-02,FL,Miami,2904.0,5,True
2020-07-03,FL,Miami,1935.0,7,True
2020-07-04,FL,Miami,4624.0,8,True
2020-07-05,FL,Miami,10473.0,17,True
2020-07-06,FL,Miami,3892.0,7,True
2020-07-07,FL,Miami,4815.0,7,True
2020-07-08,FL,Miami,3493.0,10,True
2020-07-09,FL,Miami,3271.0,9,True
2020-07-10,FL,Miami,6126.0,7,True
2020-07-11,FL,Miami,2307.0,6,True
2020-07-12,FL,Miami,2597.0,10,True
2020-07-13,FL,Miami,689.0,3,True
2020-07-14,FL,Miami,3466.0,9,True
2020-07-15,FL,Miami,2147.0,8,True
2020-07-16,FL,Miami,3841.0,14,True
2020-07-17,FL,Miami,10147.0,8,True
2020-07-18,FL,Miami,3341.0,7,True
2020-07-19,FL,Miami,2861.0,10,True
2020-07-20,FL,Miami,550.0,4,True
2020-07-21,FL,Miami,517.0,7,True
2020-07-22,FL,Miami,459.0,7,True
2020-07-23,FL,Miami,4063.0,7,True
2020-07-24,FL,Miami,955.0,4,True
2020-07-25,FL,Miami,7259.0,14,True
2020-07-26,FL,Miami,4310.0,12,True
2020-07-27,FL,Miami,3583.0,6,True
2020-07-28,FL,Miami,1566.0,5,True
2020-07-29,FL,Miami,4516.0,7,True
2020-07-30,FL,Miami,5844.0,10,True
2020-07-31,FL,Miami,4199.0,6,True
2020-08-01,FL,Miami,3821.0,13,True
2020-08-02,FL,Miami,3552.0,9,True
2020-08-03,FL,Miami,4612.0,13,True
2020-08-04,FL,Miami,5149.0,8,True
2020-08-05,FL,Miami,2888.0,5,True
2020-08-06,FL,Miami,6621.0,13,True
2020-08-07,FL,Miami,4330.0,7,True
2020-08-08,FL,Miami,3615.0,8,True
2020-08-09,FL,Miami,3001.0,6,True
2020-08-10,FL,Miami,8144.0,11,True
2020-08-11,FL,Miami,10532.0,11,True
2020-08-12,FL,Miami,2694.0,8,True
2020-08-13,FL,Miami,2090.0,12,True
2020-08-14,FL,Miami,4615.0,7,True
2020-08-15,FL,Miami,4391.0,7,True
2020-08-16,FL,Miami,2523.0,9,True
2020-08-17,FL,Miami,2776.0,4,True
2020-08-18,FL,Miami,2316.0,7,True
2020-08-19,FL,Miami,4776.0,10,True
2020-08-20,FL,Miami,2955.0,6,True
2020-08-21,FL,Miami,6742.0,5,True
2020-08-22,FL,Miami,2745.0,9,True
2020-08-23,FL,Miami,1978.0,6,True
2020-08-24,FL,Miami,3424.0,7,True
2020-08-25,FL,Miami,4362.0,5,True
2020-08-26,FL,Miami,828.0,8,True
2020-08-27,FL,Miami,1553.0,5,True
2020-08-28,FL,Miami,5936.0,5,True
2020-08-29,FL,Miami,5140.0,13,True
2020-08-30,FL,Miami,3871.0,11,True
2020-08-31,FL,Miami,2894.0,13,True
2020-09-01,FL,Miami,670.0,3,False
2020-09-02,FL,Miami,8290.0,8,False
2020-09-03,FL,Miami,3974.0,9,False
2020-09-04,FL,Miami,6848.0,14,False
2020-09-05,FL,Miami,752.0,3,False
2020-09-06,FL,Miami,2052.0,2,False
2020-09-07,FL,Miami,2415.0,5,False
2020-09-08,FL,Miami,5300.0,9,False
2020-09-09,FL,Miami,2629.0,6,False
2020-09-10,FL,Miami,7350.0,10,False
2020-09-11,FL,Miami,3001.0,6,False
2020-09-12,FL,Miami,6322.0,8,False
2020-09-13,FL,Miami,3404.0,6,False
2020-09-14,FL,Miami,4962.0,9,False
2020-09-15,FL,Miami,3726.0,6,False
2020-09-16,FL,Miami,6892.0,11,False
2020-09-17,FL,Miami,6099.0,7,False
2020-09-18,FL,Miami,1040.0,8,False
2020-09-19,FL,Miami,8099.0,10,False
2020-09-20,FL,Miami,2161.0,8,False
2020-09-21,FL,Miami,14860.0,12,False
2020-09-22,FL,Miami,2332.0,4,False
2020-09-23,FL,Miami,8227.0,13,False
2020-09-24,FL,Miami,5354.0,14,False
2020-09-25,FL,Miami,8137.0,12,False
2020-09-26,FL,Miami,2235.0,9,False
2020-09-27,FL,Miami,3459.0,6,False
2020-09-28,FL,Miami,5494.0,9,False
2020-09-29,FL,Miami,2590.0,10,False
2020-09-30,FL,Miami,8083.0,10,False
2020-10-01,FL,Miami,3372.0,6,False
2020-10-02,FL,Miami,1074.0,4,False
2020-10-03,FL,Miami,7539.0,9,False
2020-10-04,FL,Miami,1740.0,6,False
2020-10-05,FL,Miami,2600.0,5,False
2020-10-06,FL,Miami,5170.0,12,False
2020-10-07,FL,Miami,5693.0,7,False
2020-10-08,FL,Miami,4361.0,5,False
2020-10-09,FL,Miami,2631.0,6,False
2020-10-10,FL,Miami,1663.0,5,False
2020-10-11,FL,Miami,5801.0,8,False
2020-10-12,FL,Miami,9276.0,7,False
2020-10-13,FL,Miami,1374.0,9,False
2020-10-14,FL,Miami,8222.0,13,False
2020-10-15,FL,Miami,3129.0,9,False
2020-10-16,FL,Miami,7200.0,10,False
2020-10-17,FL,Miami,5592.0,6,False
2020-10-18,FL,Miami,3832.0,5,False
2020-10-19,FL,Miami,11032.0,14,False
2020-10-20,FL,Miami,3080.0,4,False
2020-10-21,FL,Miami,6904.0,12,False
2020-10-22,FL,Miami,4549.0,7,False
2020-10-23,FL,Miami,7215.0,7,False
2020-10-24,FL,Miami,5254.0,5,False
2020-10-25,FL,Miami,10166.0,13,False
2020-10-26,FL,Miami,3007.0,9,False
2020-10-27,FL,Miami,5281.0,6,False
2020-10-28,FL,Miami,4812.0,14,False
2020-10-29,FL,Miami,4109.0,9,False
2020-10-30,FL,Miami,2304.0,6,False
2020-10-31,FL,Miami,3833.0,9,False
2020-11-01,FL,Miami,2999.0,5,False
2020-11-02,FL,Miami,1213.0,5,False
2020-11-03,FL,Miami,6784.0,7,False
2020-11-04,FL,Miami,8476.0,13,False
2020-11-05,FL,Miami,3725.0,8,False
2020-11-06,FL,Miami,14389.0,13,False
2020-11-07,FL,Miami,1537.0,3,False
2020-11-08,FL,Miami,10238.0,9,False
2020-11-09,FL,Miami,3393.0,11,False
2020-11-10,FL,Miami,3839.0,8,False
2020-11-11,FL,Miami,4027.0,7,False
2020-11-12,FL,Miami,2619.0,6,False
2020-11-13,FL,Miami,583.0,5,False
2020-11-14,FL,Miami,10594.0,8,False
2020-11-15,FL,Miami,1643.0,10,False
2020-11-16,FL,Miami,6175.0,9,False
2020-11-17,FL,Miami,3165.0,6,False
2020-11-18,FL,Miami,8204.0,8,False
2020-11-19,FL,Miami,2420.0,7,False
2020-11-20,FL,Miami,2680.0,5,False
2020-11-21,FL,Miami,5545.0,9,False
2020-11-22,FL,Miami,8361.0,7,False
2020-11-23,FL,Miami,1638.0,7,False
2020-11-24,FL,Miami,2802.0,3,False
2020-11-25,FL,Miami,6470.0,12,False
2020-11-26,FL,Miami,76.0,12,False
2020-11-27,FL,Miami,9167.0,5,False
2020-11-28,FL,Miami,6258.0,10,False
2020-11-29,FL,Miami,4349.0,4,False
2020-11-30,FL,Miami,5614.0,8,False
2020-12-01,FL,Miami,2962.0,9,False
2020-12-02,FL,Miami,3036.0,11,False
2020-12-03,FL,Miami,6499.0,13,False
2020-12-04,FL,Miami,13470.0,11,False
2020-12-05,FL,Miami,5059.0,6,False
2020-12-06,FL,Miami,4134.0,10,False
2020-12-07,FL,Miami,1671.0,9,False
2020-12-08,FL,Miami,4437.0,11,False
2020-12-09,FL,Miami,3266.0,6,False
2020-12-10,FL,Miami,7438.0,10,False
2020-12-11,FL,Miami,5092.0,8,False
2020-12-12,FL,Miami,6990.0,6,False
2020-12-13,FL,Miami,1994.0,6,False
2020-12-14,FL,Miami,1917.0,10,False
2020-12-15,FL,Miami,8136.0,10,False
2020-12-16,FL,Miami,1958.0,4,False
2020-12-17,FL,Miami,2182.0,7,False
2020-12-18,FL,Miami,2818.0,7,False
2020-12-19,FL,Miami,7653.0,10,False
2020-12-20,FL,Miami,28334.0,16,False
2020-12-21,FL,Miami,3547.0,10,False
2020-12-22,FL,Miami,7482.0,9,False
2020-12-23,FL,Miami,5010.0,10,False
2020-12-24,FL,Miami,3504.0,9,False
2020-12-25,FL,Miami,0.0,3,False
2020-12-26,FL,Miami,1396.0,5,False
2020-12-27,FL,Miami,6889.0,5,False
2020-12-28,FL,Miami,8252.0,10,False
2020-12-29,FL,Miami,5448.0,6,False
2020-12-30,FL,Miami,8144.0,6,False
2020-12-31,FL,Miami,5819.0,9,False
2021-01-01,FL,Miami,8699.0,9,False
2021-01-02,FL,Miami,2305.0,5,False
2021-01-03,FL,Miami,6283.0,11,False
2021-01-04,FL,Miami,6043.0,10,False
2021-01-05,FL,Miami,7211.0,11,False
2021-01-06,FL,Miami,8207.0,6,False
2021-01-07,FL,Miami,3702.0,6,False
2021-01-08,FL,Miami,2650.0,6,False
2021-01-09,FL,Miami,2123.0,6,False
2021-01-10,FL,Miami,3848.0,9,False
2021-01-11,FL,Miami,8314.0,9,False
2021-01-12,FL,Miami,4314.0,7,False
2021-01-13,FL,Miami,1174.0,8,False
2021-01-14,FL,Miami,6235.0,9,False
2021-01-15,FL,Miami,836.0,5,False
2021-01-16,FL,Miami,22548.0,7,False
2021-01-17,FL,Miami,4900.0,12,False
2021-01-18,FL,Miami,5866.0,10,False
2021-01-19,FL,Miami,4083.0,10,False
2021-01-20,FL,Miami,2927.0,7,False
2021-01-21,FL,Miami,6501.0,12,False
2021-01-22,FL,Miami,4185.0,6,False
2021-01-23,FL,Miami,3254.0,4,False
2021-01-24,FL,Miami,7938.0,11,False
2021-01-25,FL,Miami,1494.0,4,False
2021-01-26,FL,Miami,2113.0,4,False
2021-01-27,FL,Miami,5016.0,12,False
2021-01-28,FL,Miami,6933.0,11,False
2021-01-29,FL,Miami,3934.0,9,False
2021-01-30,FL,Miami,5248.0,9,False
2021-01-31,FL,Miami,3591.0,13,False
2021-02-01,FL,Miami,2434.0,6,False
2021-02-02,FL,Miami,3579.0,10,False
2021-02-03,FL,Miami,7167.0,14,False
2021-02-04,FL,Miami,2233.0,7,False
2021-02-05,FL,Miami,3051.0,5,False
2021-02-06,FL,Miami,3492.0,8,False
2021-02-07,FL,Miami,6626.0,9,False
2021-02-08,FL,Miami,1978.0,4,False
2021-02-09,FL,Miami,3073.0,7,False
2021-02-10,FL,Miami,6734.0,13,False
2021-02-11,FL,Miami,1316.0,5,False
2021-02-12,FL,Miami,9128.0,9,False
2021-02-13,FL,Miami,13309.0,8,False
2021-02-14,FL,Miami,6549.0,10,False
2021-02-15,FL,Miami,2391.0,7,False
2021-02-16,FL,Miami,2754.0,5,False
2021-02-17,FL,Miami,4575.0,8,False
2021-02-18,FL,Miami,3823.0,5,False
2021-02-19,FL,Miami,5786.0,13,False
2021-02-20,FL,Miami,19811.0,11,False
2021-02-21,FL,Miami,5888.0,13,False
2021-02-22,FL,Miami,3469.0,12,False
2021-02-23,FL,Miami,6187.0,8,False
2021-02-24,FL,Miami,641.0,3,False
2021-02-25,FL,Miami,2898.0,6,False
2021-02-26,FL,Miami,9590.0,8,False
2021-02-27,FL,Miami,4985.0,4,False
2021-02-28,FL,Miami,5159.0,7,False
2021-03-01,FL,Miami,4543.0,7,False
2021-03-02,FL,Miami,1338.0,7,False
2021-03-03,FL,Miami,6418.0,10,False
2021-03-04,FL,Miami,5116.0,8,False
2021-03-05,FL,Miami,1230.0,6,False
2021-03-06,FL,Miami,11332.0,14,False
2021-03-07,FL,Miami,7209.0,8,False
2021-03-08,FL,Miami,5032.0,9,False
2021-03-09,FL,Miami,3469.0,8,False
2021-03-10,FL,Miami,13014.0,15,False
2021-03-11,FL,Miami,2847.0,8,False
2021-03-12,FL,Miami,7318.0,9,False
2021-03-13,FL,Miami,5250.0,6,False
2021-03-14,FL,Miami,2436.0,5,False
2021-03-15,FL,Miami,4160.0,12,False
2021-03-16,FL,Miami,2342.0,12,False
2021-03-17,FL,Miami,5000.0,9,False
2021-03-18,FL,Miami,9509.0,6,False
2021-03-19,FL,Miami,10646.0,8,False
2021-03-20,FL,Miami,10604.0,11,False
2021-03-21,FL,Miami,1597.0,9,False
2021-03-22,FL,Miami,5215.0,10,False
2021-03-23,FL,Miami,6639.0,7,False
2021-03-24,FL,Miami,3465.0,9,False
2021-03-25,FL,Miami,7800.0,8,False
2021-03-26,FL,Miami,12329.0,3,False
2021-03-27,FL,Miami,6993.0,6,False
2021-03-28,FL,Miami,3072.0,8,False
2021-03-29,FL,Miami,6458.0,8,False
2021-03-30,FL,Miami,9419.0,11,False
2021-03-31,FL,Miami,4506.0,5,False
2021-04-01,FL,Miami,4743.0,10,False
2021-04-02,FL,Miami,7553.0,11,False
2021-04-03,FL,Miami,3761.0,5,False
2021-04-04,FL,Miami,281.0,5,False
2021-04-05,FL,Miami,122.0,1,False
2021-04-06,FL,Miami,3171.0,7,False
2021-04-07,FL,Miami,4655.0,10,False
2021-04-08,FL,Miami,7776.0,11,False
2021-04-09,FL,Miami,9653.0,13,False
2021-04-10,FL,Miami,4098.0,5,False
2021-04-11,FL,Miami,8032.0,6,False
2021-04-12,FL,Miami,6915.0,8,False
2021-04-13,FL,Miami,7570.0,8,False
2021-04-14,FL,Miami,4279.0,5,False
2021-04-15,FL,Miami,2062.0,4,False
2021-04-16,FL,Miami,6835.0,9,False
2021-04-17,FL,Miami,6047.0,8,False
2021-04-18,FL,Miami,7361.0,9,False
2021-04-19,FL,Miami,5125.0,10,False
2021-04-20,FL,Miami,4727.0,9,False
2021-04-21,FL,Miami,4664.0,9,False
2021-04-22,FL,Miami,8059.0,12,False
2021-04-23,FL,Miami,2165.0,3,False
2021-04-24,FL,Miami,658.0,5,False
2021-04-25,FL,Miami,4166.0,7,False
2021-04-26,FL,Miami,3967.0,10,False
2021-04-27,FL,Miami,2176.0,8,False
2021-04-28,FL,Miami,7528.0,8,False
2021-04-29,FL,Miami,3885.0,6,False
2021-04-30,FL,Miami,2010.0,6,False
2021-05-01,FL,Miami,10389.0,10,False
2021-05-02,FL,Miami,6634.0,15,False
2021-05-03,FL,Miami,7553.0,8,False
2021-05-04,FL,Miami,12787.0,10,False
2021-05-05,FL,Miami,3043.0,4,False
2021-05-06,FL,Miami,3789.0,8,False
2021-05-07,FL,Miami,5653.0,10,False
2021-05-08,FL,Miami,19982.0,13,False
2021-05-09,FL,Miami,6073.0,6,False
2021-05-10,FL,Miami,7024.0,7,False
2021-05-11,FL,Miami,3351.0,6,False
2021-05-12,FL,Miami,4494.0,13,False
2021-05-13,FL,Miami,11197.0,11,False
2021-05-14,FL,Miami,7004.0,8,False
2021-05-15,FL,Miami,9217.0,10,False
2021-05-16,FL,Miami,11985.0,8,False
2021-05-17,FL,Miami,1925.0,7,False
2021-05-18,FL,Miami,6311.0,10,False
2021-05-19,FL,Miami,4274.0,4,False
2021-05-20,FL,Miami,5453.0,8,False
2021-05-21,FL,Miami,7021.0,11,False
2021-05-22,FL,Miami,4874.0,7,False
2021-05-23,FL,Miami,4943.0,11,False
2021-05-24,FL,Miami,4721.0,6,False
2021-05-25,FL,Miami,1092.0,1,False
2021-05-26,FL,Miami,7655.0,11,False
2021-05-27,FL,Miami,2872.0,4,False
2021-05-28,FL,Miami,17853.0,8,False
2021-05-29,FL,Miami,6126.0,8,False
2021-05-30,FL,Miami,5140.0,6,False
2021-05-31,FL,Miami,13216.0,9,False
2021-06-01,FL,Miami,7768.0,6,True
2021-06-02,FL,Miami,7333.0,7,True
2021-06-03,FL,Miami,5089.0,9,True
2021-06-04,FL,Miami,4152.0,5,True
2021-06-05,FL,Miami,10161.0,10,True
2021-06-06,FL,Miami,8381.0,8,True
2021-06-07,FL,Miami,9936.0,14,True
2021-06-08,FL,Miami,4574.0,9,True
2021-06-09,FL,Miami,2005.0,6,True
2021-06-10,FL,Miami,8345.0,10,True
2021-06-11,FL,Miami,6878.0,9,True
2021-06-12,FL,Miami,7215.0,7,True
2021-06-13,FL,Miami,4367.0,12,True
2021-06-14,FL,Miami,3494.0,7,True
2021-06-15,FL,Miami,1441.0,5,True
2021-06-16,FL,Miami,3076.0,3,True
2021-06-17,FL,Miami,8242.0,14,True
2021-06-18,FL,Miami,4365.0,10,True
2021-06-19,FL,Miami,1519.0,5,True
2021-06-20,FL,Miami,5828.0,7,True
2021-06-21,FL,Miami,11770.0,10,True
2021-06-22,FL,Miami,8098.0,8,True
2021-06-23,FL,Miami,3554.0,13,True
2021-06-24,FL,Miami,5852.0,6,True
2021-06-25,FL,Miami,1205.0,4,True
2021-06-26,FL,Miami,4772.0,9,True
2021-06-27,FL,Miami,7275.0,9,True
2021-06-28,FL,Miami,11315.0,10,True
2021-06-29,FL,Miami,8323.0,13,True
2021-06-30,FL,Miami,6226.0,4,True
2021-07-01,FL,Miami,8225.0,8,True
2021-07-02,FL,Miami,3464.0,8,True
2021-07-03,FL,Miami,5742.0,7,True
2021-07-04,FL,Miami,5500.0,9,True
2021-07-05,FL,Miami,8864.0,10,True
2021-07-06,FL,Miami,2885.0,4,True
2021-07-07,FL,Miami,1718.0,5,True
2021-07-08,FL,Miami,5096.0,5,True
2021-07-09,FL,Miami,6216.0,8,True
2021-07-10,FL,Miami,2592.0,5,True
2021-07-11,FL,Miami,225.0,7,True
2021-07-12,FL,Miami,8584.0,10,True
2021-07-13,FL,Miami,8715.0,8,True
2021-07-14,FL,Miami,633.0,4,True
2021-07-15,FL,Miami,8914.0,6,True
2021-07-16,FL,Miami,10071.0,9,True
2021-07-17,FL,Miami,14009.0,9,True
2021-07-18,FL,Miami,3873.0,11,True
2021-07-19,FL,Miami,4084.0,8,True
2021-07-20,FL,Miami,5815.0,10,True
2021-07-21,FL,Miami,1236.0,5,True
2021-07-22,FL,Miami,8762.0,7,True
2021-07-23,FL,Miami,6623.0,6,True
2021-07-24,FL,Miami,4648.0,7,True
2021-07-25,FL,Miami,3137.0,7,True
2021-07-26,FL,Miami,1542.0,6,True
2021-07-27,FL,Miami,2892.0,6,True
2021-07-28,FL,Miami,2180.0,5,True
2021-07-29,FL,Miami,5522.0,9,True
2021-07-30,FL,Miami,5833.0,8,True
2021-07-31,FL,Miami,5787.0,10,True
2021-08-01,FL,Miami,3284.0,6,True
2021-08-02,FL,Miami,1984.0,6,True
2021-08-03,FL,Miami,8060.0,11,True
2021-08-04,FL,Miami,2375.0,5,True
2021-08-05,FL,Miami,6875.0,14,True
2021-08-06,FL,Miami,7015.0,9,True
2021-08-07,FL,Miami,4815.0,14,True
2021-08-08,FL,Miami,6971.0,6,True
2021-08-09,FL,Miami,7675.0,12,True
2021-08-10,FL,Miami,1040.0,1,True
2021-08-11,FL,Miami,1841.0,10,True
2021-08-12,FL,Miami,7448.0,14,True
2021-08-13,FL,Miami,3852.0,7,True
2021-08-14,FL,Miami,11929.0,13,True
2021-08-15,FL,Miami,725.0,5,True
2021-08-16,FL,Miami,3060.0,4,True
2021-08-17,FL,Miami,7185.0,11,True
2021-08-18,FL,Miami,10704.0,10,True
2021-08-19,FL,Miami,6167.0,10,True
2021-08-20,FL,Miami,6975.0,9,True
2021-08-21,FL,Miami,4302.0,4,True
2021-08-22,FL,Miami,41.0,1,True
2021-08-23,FL,Miami,8696.0,10,True
2021-08-24,FL,Miami,7221.0,6,True
2021-08-25,FL,Miami,2779.0,8,True
2021-08-26,FL,Miami,3674.0,8,True
2021-08-27,FL,Miami,7715.0,12,True
2021-08-28,FL,Miami,2816.0,7,True
2021-08-29,FL,Miami,3566.0,11,True
2021-08-30,FL,Miami,2392.0,5,True
2021-08-31,FL,Miami,2827.0,12,True
2021-09-01,FL,Miami,2222.0,5,False
2021-09-02,FL,Miami,5504.0,5,False
2021-09-03,FL,Miami,4240.0,5,False
2021-09-04,FL,Miami,5222.0,6,False
2021-09-05,FL,Miami,4210.0,4,False
2021-09-06,FL,Miami,2896.0,7,False
2021-09-07,FL,Miami,5948.0,7,False
2021-09-08,FL,Miami,5274.0,9,False
2021-09-09,FL,Miami,5775.0,10,False
2021-09-10,FL,Miami,11141.0,7,False
2021-09-11,FL,Miami,6658.0,9,False
2021-09-12,FL,Miami,8567.0,6,False
2021-09-13,FL,Miami,3230.0,7,False
2021-09-14,FL,Miami,364.0,3,False
2021-09-15,FL,Miami,4146.0,4,False
2021-09-16,FL,Miami,10229.0,15,False
2021-09-17,FL,Miami,1137.0,7,False
2021-09-18,FL,Miami,3939.0,5,False
2021-09-19,FL,Miami,2143.0,8,False
2021-09-20,FL,Miami,1256.0,10,False
2021-09-21,FL,Miami,12609.0,14,False
2021-09-22,FL,Miami,5309.0,6,False
2021-09-23,FL,Miami,3521.0,7,False
2021-09-24,FL,Miami,17536.0,13,False
2021-09-25,FL,Miami,6114.0,12,False
2021-09-26,FL,Miami,6373.0,7,False
2021-09-27,FL,Miami,6953.0,12,False
2021-09-28,FL,Miami,6064.0,12,False
2021-09-29,FL,Miami,8513.0,9,False
2021-09-30,FL,Miami,6594.0,10,False
2021-10-01,FL,Miami,6739.0,7,False
2021-10-02,FL,Miami,7199.0,8,False
2021-10-03,FL,Miami,1710.0,6,False
2021-10-04,FL,Miami,1574.0,7,False
2021-10-05,FL,Miami,7827.0,6,False
2021-10-06,FL,Miami,3583.0,9,False
2021-10-07,FL,Miami,2246.0,7,False
2021-10-08,FL,Miami,2868.0,10,False
2021-10-09,FL,Miami,12380.0,10,False
2021-10-10,FL,Miami,4042.0,11,False
2021-10-11,FL,Miami,4251.0,8,False
2021-10-12,FL,Miami,4505.0,7,False
2021-10-13,FL,Miami,5272.0,10,False
2021-10-14,FL,Miami,4699.0,11,False
2021-10-15,FL,Miami,5266.0,9,False
2021-10-16,FL,Miami,3312.0,6,False
2021-10-17,FL,Miami,10279.0,13,False
2021-10-18,FL,Miami,3915.0,7,False
2021-10-19,FL,Miami,3122.0,8,False
2021-10-20,FL,Miami,2969.0,7,False
2021-10-21,FL,Miami,13089.0,9,False
2021-10-22,FL,Miami,7517.0,14,False
2021-10-23,FL,Miami,9362.0,8,False
2021-10-24,FL,Miami,2040.0,6,False
2021-10-25,FL,Miami,971.0,4,False
2021-10-26,FL,Miami,7116.0,4,False
2021-10-27,FL,Miami,8342.0,5,False
2021-10-28,FL,Miami,10280.0,13,False
2021-10-29,FL,Miami,6668.0,10,False
2021-10-30,FL,Miami,6303.0,7,False
2021-10-31,FL,Miami,10068.0,7,False
2021-11-01,FL,Miami,14318.0,9,False
2021-11-02,FL,Miami,2235.0,6,False
2021-11-03,FL,Miami,2522.0,10,False
2021-11-04,FL,Miami,9582.0,8,False
2021-11-05,FL,Miami,5112.0,9,False
2021-11-06,FL,Miami,2053.0,3,False
2021-11-07,FL,Miami,7244.0,11,False
2021-11-08,FL,Miami,2354.0,6,False
2021-11-09,FL,Miami,2980.0,6,False
2021-11-10,FL,Miami,10841.0,13,False
2021-11-11,FL,Miami,20473.0,10,False
2021-11-12,FL,Miami,1762.0,8,False
2021-11-13,FL,Miami,10985.0,15,False
2021-11-14,FL,Miami,13605.0,10,False
2021-11-15,FL,Miami,5171.0,8,False
2021-11-16,FL,Miami,7728.0,11,False
2021-11-17,FL,Miami,14170.0,13,False
2021-11-18,FL,Miami,6463.0,7,False
2021-11-19,FL,Miami,3795.0,4,False
2021-11-20,FL,Miami,3666.0,4,False
2021-11-21,FL,Miami,13071.0,13,False
2021-11-22,FL,Miami,4614.0,8,False
2021-11-23,FL,Miami,4565.0,5,False
2021-11-24,FL,Miami,9330.0,9,False
2021-11-25,FL,Miami,2987.0,7,False
2021-11-26,FL,Miami,3352.0,6,False
2021-11-27,FL,Miami,2310.0,5,False
2021-11-28,FL,Miami,6399.0,10,False
2021-11-29,FL,Miami,3503.0,9,False
2021-11-30,FL,Miami,3897.0,10,False
2021-12-01,FL,Miami,700.0,6,False
2021-12-02,FL,Miami,25981.0,10,False
2021-12-03,FL,Miami,4372.0,11,False
2021-12-04,FL,Miami,4864.0,7,False
2021-12-05,FL,Miami,13524.0,7,False
2021-12-06,FL,Miami,9432.0,9,False
2021-12-07,FL,Miami,3873.0,6,False
2021-12-08,FL,Miami,991.0,4,False
2021-12-09,FL,Miami,19134.0,18,False
2021-12-10,FL,Miami,3475.0,8,False
2021-12-11,FL,Miami,8773.0,9,False
2021-12-12,FL,Miami,2745.0,10,False
2021-12-13,FL,Miami,2069.0,6,False
2021-12-14,FL,Miami,9173.0,9,False
2021-12-15,FL,Miami,2674.0,7,False
2021-12-16,FL,Miami,11129.0,12,False
2021-12-17,FL,Miami,6062.0,9,False
2021-12-18,FL,Miami,5255.0,4,False
2021-12-19,FL,Miami,2498.0,6,False
2021-12-20,FL,Miami,3568.0,7,False
2021-12-21,FL,Miami,6322.0,9,False
2021-12-22,FL,Miami,13001.0,13,False
2021-12-23,FL,Miami,5401.0,7,False
2021-12-24,FL,Miami,2499.0,6,False
2021-12-25,FL,Miami,5691.0,11,False
2021-12-26,FL,Miami,8057.0,9,False
2021-12-27,FL,Miami,1346.0,6,False
2021-12-28,FL,Miami,6230.0,5,False
2021-12-29,FL,Miami,4089.0,5,False
2021-12-30,FL,Miami,3108.0,8,False
2021-12-31,FL,Miami,3678.0,5,False
2022-01-01,FL,Miami,29.0,1,False
2022-01-02,FL,Miami,6019.0,9,False
2022-01-03,FL,Miami,5245.0,8,False
2022-01-04,FL,Miami,9327.0,10,False
2022-01-05,FL,Miami,3623.0,11,False
2022-01-06,FL,Miami,9198.0,9,False
2022-01-07,FL,Miami,6305.0,5,False
2022-01-08,FL,Miami,6204.0,8,False
2022-01-09,FL,Miami,4627.0,9,False
2022-01-10,FL,Miami,5997.0,7,False
2022-01-11,FL,Miami,2182.0,5,False
2022-01-12,FL,Miami,2568.0,5,False
2022-01-13,FL,Miami,8978.0,16,False
2022-01-14,FL,Miami,2515.0,11,False
2022-01-15,FL,Miami,5093.0,5,False
2022-01-16,FL,Miami,9269.0,8,False
2022-01-17,FL,Miami,2256.0,2,False
2022-01-18,FL,Miami,1203.0,5,False
2022-01-19,FL,Miami,4793.0,11,False
2022-01-20,FL,Miami,345.0,3,False
2022-01-21,FL,Miami,8563.0,8,False
2022-01-22,FL,Miami,3912.0,9,False
2022-01-23,FL,Miami,4913.0,9,False
2022-01-24,FL,Miami,6562.0,11,False
2022-01-25,FL,Miami,6763.0,9,False
2022-01-26,FL,Miami,1716.0,7,False
2022-01-27,FL,Miami,1725.0,4,False
2022-01-28,FL,Miami,11006.0,10,False
2022-01-29,FL,Miami,6042.0,8,False
2022-01-30,FL,Miami,18574.0,9,False
2022-01-31,FL,Miami,3569.0,7,False
2022-02-01,FL,Miami,9142.0,14,False
2022-02-02,FL,Miami,950.0,7,False
2022-02-03,FL,Miami,5257.0,7,False
2022-02-04,FL,Miami,2896.0,3,False
2022-02-05,FL,Miami,20562.0,16,False
2022-02-06,FL,Miami,9104.0,9,False
2022-02-07,FL,Miami,9283.0,13,False
2022-02-08,FL,Miami,2446.0,8,False
2022-02-09,FL,Miami,1318.0,8,False
2022-02-10,FL,Miami,2540.0,10,False
2022-02-11,FL,Miami,21752.0,10,False
2022-02-12,FL,Miami,11655.0,8,False
2022-02-13,FL,Miami,2724.0,8,False
2022-02-14,FL,Miami,829.0,3,False
2022-02-15,FL,Miami,11006.0,8,False
2022-02-16,FL,Miami,1743.0,8,False
2022-02-17,FL,Miami,1954.0,7,False
2022-02-18,FL,Miami,8930.0,8,False
2022-02-19,FL,Miami,9579.0,11,False
2022-02-20,FL,Miami,3408.0,4,False
2022-02-21,FL,Miami,2200.0,3,False
2022-02-22,FL,Miami,3831.0,7,False
2022-02-23,FL,Miami,4167.0,6,False
2022-02-24,FL,Miami,4928.0,5,False
2022-02-25,FL,Miami,11174.0,12,False
2022-02-26,FL,Miami,1845.0,7,False
2022-02-27,FL,Miami,1689.0,7,False
2022-02-28,FL,Miami,6392.0,6,False
2022-03-01,FL,Miami,9118.0,12,False
2022-03-02,FL,Miami,2513.0,6,False
2022-03-03,FL,Miami,3329.0,8,False
2022-03-04,FL,Miami,2336.0,4,False
2022-03-05,FL,Miami,11117.0,8,False
2022-03-06,FL,Miami,7336.0,10,False
2022-03-07,FL,Miami,7108.0,6,False
2022-03-08,FL,Miami,7675.0,10,False
2022-03-09,FL,Miami,5246.0,9,False
2022-03-10,FL,Miami,12155.0,10,False
2022-03-11,FL,Miami,11437.0,7,False
2022-03-12,FL,Miami,4632.0,7,False
2022-03-13,FL,Miami,8350.0,12,False
2022-03-14,FL,Miami,5113.0,12,False
2022-03-15,FL,Miami,4342.0,6,False
2022-03-16,FL,Miami,11513.0,8,False
2022-03-17,FL,Miami,2902.0,7,False
2022-03-18,FL,Miami,20681.0,16,False
2022-03-19,FL,Miami,14155.0,12,False
2022-03-20,FL,Miami,5925.0,12,False
2022-03-21,FL,Miami,1928.0,5,False
2022-03-22,FL,Miami,10888.0,17,False
2022-03-23,FL,Miami,10363.0,10,False
2022-03-24,FL,Miami,16584.0,12,False
2022-03-25,FL,Miami,3285.0,6,False
2022-03-26,FL,Miami,16819.0,15,False
2022-03-27,FL,Miami,2213.0,6,False
2022-03-28,FL,Miami,8975.0,9,False
2022-03-29,FL,Miami,6225.0,11,False
2022-03-30,FL,Miami,2417.0,4,False
2022-03-31,FL,Miami,19524.0,15,False
2022-04-01,FL,Miami,2095.0,4,False
2022-04-02,FL,Miami,3756.0,11,False
2022-04-03,FL,Miami,2812.0,5,False
2022-04-04,FL,Miami,2865.0,7,False
2022-04-05,FL,Miami,7747.0,10,False
2022-04-06,FL,Miami,2868.0,6,False
2022-04-07,FL,Miami,7782.0,5,False
2022-04-08,FL,Miami,731.0,6,False
2022-04-09,FL,Miami,7986.0,6,False
2022-04-10,FL,Miami,12659.0,14,False
2022-04-11,FL,Miami,1547.0,6,False
2022-04-12,FL,Miami,2316.0,7,False
2022-04-13,FL,Miami,2299.0,7,False
2022-04-14,FL,Miami,5666.0,7,False
2022-04-15,FL,Miami,11330.0,8,False
2022-04-16,FL,Miami,4322.0,6,False
2022-04-17,FL,Miami,3562.0,5,False
2022-04-18,FL,Miami,6821.0,7,False
2022-04-19,FL,Miami,5436.0,8,False
2022-04-20,FL,Miami,3780.0,5,False
2022-04-21,FL,Miami,8496.0,7,False
2022-04-22,FL,Miami,4616.0,7,False
2022-04-23,FL,Miami,580.0,6,False
2022-04-24,FL,Miami,1113.0,7,False
2022-04-25,FL,Miami,11709.0,11,False
2022-04-26,FL,Miami,4030.0,11,False
2022-04-27,FL,Miami,5851.0,6,False
2022-04-28,FL,Miami,10729.0,8,False
2022-04-29,FL,Miami,5141.0,7,False
2022-04-30,FL,Miami,16528.0,14,False
2022-05-01,FL,Miami,3535.0,5,False
2022-05-02,FL,Miami,3144.0,8,False
2022-05-03,FL,Miami,4689.0,9,False
2022-05-04,FL,Miami,6952.0,9,False
2022-05-05,FL,Miami,1930.0,9,False
2022-05-06,FL,Miami,4990.0,9,False
2022-05-07,FL,Miami,3082.0,8,False
2022-05-08,FL,Miami,7729.0,8,False
2022-05-09,FL,Miami,11389.0,11,False
2022-05-10,FL,Miami,5280.0,5,False
2022-05-11,FL,Miami,8335.0,10,False
2022-05-12,FL,Miami,792.0,5,False
2022-05-13,FL,Miami,4027.0,8,False
2022-05-14,FL,Miami,7041.0,8,False
2022-05-15,FL,Miami,521.0,5,False
2022-05-16,FL,Miami,4935.0,8,False
2022-05-17,FL,Miami,8534.0,12,False
2022-05-18,FL,Miami,5814.0,11,False
2022-05-19,FL,Miami,4890.0,10,False
2022-05-20,FL,Miami,4987.0,12,False
2022-05-21,FL,Miami,6707.0,7,False
2022-05-22,FL,Miami,6356.0,7,False
2022-05-23,FL,Miami,4010.0,6,False
2022-05-24,FL,Miami,5817.0,8,False
2022-05-25,FL,Miami,5290.0,7,False
2022-05-26,FL,Miami,8249.0,13,False
2022-05-27,FL,Miami,3935.0,7,False
2022-05-28,FL,Miami,8931.0,9,False
2022-05-29,FL,Miami,5092.0,13,False
2022-05-30,FL,Miami,526.0,5,False
2022-05-31,FL,Miami,8945.0,12,False
2022-06-01,FL,Miami,381.0,3,True
2022-06-02,FL,Miami,8932.0,11,True
2022-06-03,FL,Miami,1691.0,3,True
2022-06-04,FL,Miami,5516.0,8,True
2022-06-05,FL,Miami,4323.0,9,True
2022-06-06,FL,Miami,550.0,6,True
2022-06-07,FL,Miami,919.0,5,True
2022-06-08,FL,Miami,1911.0,5,True
2022-06-09,FL,Miami,4346.0,10,True
2022-06-10,FL,Miami,1386.0,5,True
2022-06-11,FL,Miami,4856.0,6,True
2022-06-12,FL,Miami,0.0,3,True
2022-06-13,FL,Miami,1414.0,6,True
2022-06-14,FL,Miami,3484.0,7,True
2022-06-15,FL,Miami,6652.0,7,True
2022-06-16,FL,Miami,2325.0,5,True
2022-06-17,FL,Miami,1970.0,5,True
2022-06-18,FL,Miami,4266.0,6,True
2022-06-19,FL,Miami,5085.0,9,True
2022-06-20,FL,Miami,3955.0,6,True
2022-06-21,FL,Miami,8162.0,12,True
2022-06-22,FL,Miami,4021.0,11,True
2022-06-23,FL,Miami,3172.0,6,True
2022-06-24,FL,Miami,9564.0,9,True
2022-06-25,FL,Miami,2832.0,9,True
2022-06-26,FL,Miami,3599.0,7,True
2022-06-27,FL,Miami,3515.0,6,True
2022-06-28,FL,Miami,9550.0,9,True
2022-06-29,FL,Miami,1863.0,7,True
2022-06-30,FL,Miami,5480.0,7,True
2022-07-01,FL,Miami,20152.0,15,True
2022-07-02,FL,Miami,2218.0,3,True
2022-07-03,FL,Miami,5504.0,9,True
2022-07-04,FL,Miami,10219.0,7,True
2022-07-05,FL,Miami,3583.0,8,True
2022-07-06,FL,Miami,3826.0,6,True
2022-07-07,FL,Miami,62.0,1,True
2022-07-08,FL,Miami,9134.0,14,True
2022-07-09,FL,Miami,21553.0,14,True
2022-07-10,FL,Miami,2528.0,6,True
2022-07-11,FL,Miami,6884.0,9,True
2022-07-12,FL,Miami,6814.0,9,True
2022-07-13,FL,Miami,1710.0,5,True
2022-07-14,FL,Miami,5333.0,7,True
2022-07-15,FL,Miami,6148.0,6,True
2022-07-16,FL,Miami,3197.0,7,True
2022-07-17,FL,Miami,13772.0,12,True
2022-07-18,FL,Miami,1628.0,5,True
2022-07-19,FL,Miami,3013.0,7,True
2022-07-20,FL,Miami,5369.0,6,True
2022-07-21,FL,Miami,3061.0,7,True
2022-07-22,FL,Miami,6780.0,9,True
2022-07-23,FL,Miami,4955.0,8,True
2022-07-24,FL,Miami,7166.0,4,True
2022-07-25,FL,Miami,2837.0,6,True
2022-07-26,FL,Miami,2095.0,6,True
2022-07-27,FL,Miami,4820.0,5,True
2022-07-28,FL,Miami,7576.0,8,True
2022-07-29,FL,Miami,8331.0,11,True
2022-07-30,FL,Miami,4454.0,6,True
2022-07-31,FL,Miami,4844.0,8,True
2022-08-01,FL,Miami,4823.0,9,True
2022-08-02,FL,Miami,11782.0,12,True
2022-08-03,FL,Miami,4186.0,7,True
2022-08-04,FL,Miami,668.0,3,True
2022-08-05,FL,Miami,13984.0,7,True
2022-08-06,FL,Miami,6921.0,8,True
2022-08-07,FL,Miami,10594.0,5,True
2022-08-08,FL,Miami,4027.0,8,True
2022-08-09,FL,Miami,5373.0,7,True
2022-08-10,FL,Miami,11101.0,15,True
2022-08-11,FL,Miami,8301.0,8,True
2022-08-12,FL,Miami,3836.0,5,True
2022-08-13,FL,Miami,10063.0,9,True
2022-08-14,FL,Miami,5955.0,8,True
2022-08-15,FL,Miami,2749.0,8,True
2022-08-16,FL,Miami,6586.0,9,True
2022-08-17,FL,Miami,6281.0,6,True
2022-08-18,FL,Miami,4284.0,7,True
2022-08-19,FL,Miami,5799.0,12,True
2022-08-20,FL,Miami,4613.0,8,True
2022-08-21,FL,Miami,2186.0,8,True
2022-08-22,FL,Miami,4026.0,6,True
2022-08-23,FL,Miami,676.0,2,True
2022-08-24,FL,Miami,786.0,6,True
2022-08-25,FL,Miami,5494.0,6,True
2022-08-26,FL,Miami,2360.0,10,True
2022-08-27,FL,Miami,12076.0,14,True
2022-08-28,FL,Miami,2545.0,6,True
2022-08-29,FL,Miami,4861.0,9,True
2022-08-30,FL,Miami,5381.0,7,True
2022-08-31,FL,Miami,5370.0,7,True
2022-09-01,FL,Miami,8023.0,11,False
2022-09-02,FL,Miami,6790.0,6,False
2022-09-03,FL,Miami,5777.0,5,False
2022-09-04,FL,Miami,9063.0,12,False
2022-09-05,FL,Miami,953.0,3,False
2022-09-06,FL,Miami,757.0,4,False
2022-09-07,FL,Miami,6211.0,8,False
2022-09-08,FL,Miami,3583.0,5,False
2022-09-09,FL,Miami,9940.0,10,False
2022-09-10,FL,Miami,6391.0,8,False
2022-09-11,FL,Miami,3054.0,10,False
2022-09-12,FL,Miami,7004.0,6,False
2022-09-13,FL,Miami,205.0,3,False
2022-09-14,FL,Miami,8828.0,9,False
2022-09-15,FL,Miami,4177.0,6,False
2022-09-16,FL,Miami,4855.0,6,False
2022-09-17,FL,Miami,5815.0,7,False
2022-09-18,FL,Miami,6501.0,5,False
2022-09-19,FL,Miami,492.0,4,False
2022-09-20,FL,Miami,15396.0,9,False
2022-09-21,FL,Miami,13936.0,11,False
2022-09-22,FL,Miami,7368.0,12,False
2022-09-23,FL,Miami,7043.0,8,False
2022-09-24,FL,Miami,7287.0,12,False
2022-09-25,FL,Miami,2368.0,6,False
2022-09-26,FL,Miami,1435.0,4,False
2022-09-27,FL,Miami,1269.0,6,False
2022-09-28,FL,Miami,5369.0,13,False
2022-09-29,FL,Miami,4304.0,5,False
2022-09-30,FL,Miami,4246.0,6,False
2022-10-01,FL,Miami,4546.0,5,False
2022-10-02,FL,Miami,1522.0,8,False
2022-10-03,FL,Miami,8012.0,12,False
2022-10-04,FL,Miami,6736.0,9,False
2022-10-05,FL,Miami,8880.0,11,False
2022-10-06,FL,Miami,9701.0,11,False
2022-10-07,FL,Miami,5933.0,6,False
2022-10-08,FL,Miami,4325.0,7,False
2022-10-09,FL,Miami,635.0,5,False
2022-10-10,FL,Miami,13523.0,10,False
2022-10-11,FL,Miami,9498.0,11,False
2022-10-12,FL,Miami,4110.0,10,False
2022-10-13,FL,Miami,8402.0,8,False
2022-10-14,FL,Miami,6939.0,6,False
2022-10-15,FL,Miami,9347.0,9,False
2022-10-16,FL,Miami,673.0,4,False
2022-10-17,FL,Miami,1590.0,3,False
2022-10-18,FL,Miami,4669.0,9,False
2022-10-19,FL,Miami,4397.0,5,False
2022-10-20,FL,Miami,5346.0,4,False
2022-10-21,FL,Miami,8825.0,8,False
2022-10-22,FL,Miami,9764.0,8,False
2022-10-23,FL,Miami,7065.0,5,False
2022-10-24,FL,Miami,9987.0,14,False
2022-10-25,FL,Miami,4578.0,9,False
2022-10-26,FL,Miami,10931.0,12,False
2022-10-27,FL,Miami,6702.0,6,False
2022-10-28,FL,Miami,5060.0,4,False
2022-10-29,FL,Miami,5768.0,15,False
2022-10-30,FL,Miami,10195.0,12,False
2022-10-31,FL,Miami,6342.0,12,False
2022-11-01,FL,Miami,3196.0,6,False
2022-11-02,FL,Miami,3646.0,8,False
2022-11-03,FL,Miami,5355.0,8,False
2022-11-04,FL,Miami,8155.0,10,False
2022-11-05,FL,Miami,10328.0,9,False
2022-11-06,FL,Miami,720.0,6,False
2022-11-07,FL,Miami,5249.0,10,False
2022-11-08,FL,Miami,3405.0,6,False
2022-11-09,FL,Miami,3599.0,6,False
2022-11-10,FL,Miami,5362.0,11,False
2022-11-11,FL,Miami,4779.0,7,False
2022-11-12,FL,Miami,4028.0,6,False
2022-11-13,FL,Miami,7784.0,13,False
2022-11-14,FL,Miami,2661.0,5,False
2022-11-15,FL,Miami,10228.0,12,False
2022-11-16,FL,Miami,6461.0,9,False
2022-11-17,FL,Miami,7219.0,9,False
2022-11-18,FL,Miami,12220.0,10,False
2022-11-19,FL,Miami,11030.0,18,False
2022-11-20,FL,Miami,2148.0,7,False
2022-11-21,FL,Miami,6158.0,8,False
2022-11-22,FL,Miami,7408.0,12,False
2022-11-23,FL,Miami,6809.0,6,False
2022-11-24,FL,Miami,2870.0,4,False
2022-11-25,FL,Miami,7007.0,7,False
2022-11-26,FL,Miami,6723.0,8,False
2022-11-27,FL,Miami,5165.0,9,False
2022-11-28,FL,Miami,6087.0,8,False
2022-11-29,FL,Miami,8007.0,13,False
2022-11-30,FL,Miami,677.0,7,False
2022-12-01,FL,Miami,4824.0,7,False
2022-12-02,FL,Miami,802.0,5,False
2022-12-03,FL,Miami,3153.0,6,False
2022-12-04,FL,Miami,26368.0,10,False
2022-12-05,FL,Miami,4742.0,11,False
2022-12-06,FL,Miami,4917.0,6,False
2022-12-07,FL,Miami,27870.0,13,False
2022-12-08,FL,Miami,706.0,3,False
2022-12-09,FL,Miami,2928.0,7,False
2022-12-10,FL,Miami,6050.0,5,False
2022-12-11,FL,Miami,6767.0,9,False
2022-12-12,FL,Miami,4024.0,8,False
2022-12-13,FL,Miami,1752.0,5,False
2022-12-14,FL,Miami,6072.0,5,False
2022-12-15,FL,Miami,8705.0,13,False
2022-12-16,FL,Miami,5365.0,6,False
2022-12-17,FL,Miami,3933.0,10,False
2022-12-18,FL,Miami,6434.0,10,False
2022-12-19,FL,Miami,5106.0,9,False
2022-12-20,FL,Miami,2952.0,4,False
2022-12-21,FL,Miami,10359.0,11,False
2022-12-22,FL,Miami,8867.0,6,False
2022-12-23,FL,Miami,12260.0,7,False
2022-12-24,FL,Miami,3809.0,8,False
2022-12-25,FL,Miami,3491.0,8,False
2022-12-26,FL,Miami,6880.0,2,False
2022-12-27,FL,Miami,3416.0,6,False
2022-12-28,FL,Miami,8942.0,7,False
2022-12-29,FL,Miami,5632.0,5,False
2022-12-30,FL,Miami,10181.0,8,False
2022-12-31,FL,Miami,7941.0,8,False
2023-01-01,FL,Miami,8623.0,11,False
2023-01-02,FL,Miami,7879.0,8,False
2023-01-03,FL,Miami,7444.0,10,False
2023-01-04,FL,Miami,4676.0,8,False
2023-01-05,FL,Miami,7020.0,10,False
2023-01-06,FL,Miami,6076.0,7,False
2023-01-07,FL,Miami,4128.0,6,False
2023-01-08,FL,Miami,10915.0,15,False
2023-01-09,FL,Miami,3188.0,6,False
2023-01-10,FL,Miami,400.0,2,False
2023-01-11,FL,Miami,5867.0,10,False
2023-01-12,FL,Miami,12218.0,8,False
2023-01-13,FL,Miami,7251.0,13,False
2023-01-14,FL,Miami,3142.0,11,False
2023-01-15,FL,Miami,1556.0,5,False
2023-01-16,FL,Miami,8938.0,11,False
2023-01-17,FL,Miami,2322.0,10,False
2023-01-18,FL,Miami,4619.0,10,False
2023-01-19,FL,Miami,940.0,6,False
2023-01-20,FL,Miami,4146.0,6,False
2023-01-21,FL,Miami,4899.0,12,False
2023-01-22,FL,Miami,8810.0,13,False
2023-01-23,FL,Miami,13670.0,10,False
2023-01-24,FL,Miami,3669.0,8,False
2023-01-25,FL,Miami,6252.0,11,False
2023-01-26,FL,Miami,510.0,4,False
2023-01-27,FL,Miami,6410.0,8,False
2023-01-28,FL,Miami,676.0,2,False
2023-01-29,FL,Miami,3068.0,7,False
2023-01-30,FL,Miami,3912.0,8,False
2023-01-31,FL,Miami,1651.0,6,False
2023-02-01,FL,Miami,5702.0,11,False
2023-02-02,FL,Miami,9497.0,11,False
2023-02-03,FL,Miami,11090.0,9,False
2023-02-04,FL,Miami,3216.0,4,False
2023-02-05,FL,Miami,4792.0,8,False
2023-02-06,FL,Miami,1810.0,6,False
2023-02-07,FL,Miami,2904.0,8,False
2023-02-08,FL,Miami,17922.0,7,False
2023-02-09,FL,Miami,4691.0,7,False
2023-02-10,FL,Miami,6506.0,10,False
2023-02-11,FL,Miami,6561.0,6,False
2023-02-12,FL,Miami,2882.0,7,False
2023-02-13,FL,Miami,4976.0,9,False
2023-02-14,FL,Miami,743.0,2,False
2023-02-15,FL,Miami,5332.0,4,False
2023-02-16,FL,Miami,4454.0,9,False
2023-02-17,FL,Miami,3932.0,10,False
2023-02-18,FL,Miami,10610.0,10,False
2023-02-19,FL,Miami,9275.0,6,False
2023-02-20,FL,Miami,225.0,3,False
2023-02-21,FL,Miami,1716.0,5,False
2023-02-22,FL,Miami,8553.0,6,False
2023-02-23,FL,Miami,7675.0,7,False
2023-02-24,FL,Miami,7413.0,6,False
2023-02-25,FL,Miami,11066.0,9,False
2023-02-26,FL,Miami,2906.0,8,False
2023-02-27,FL,Miami,9021.0,11,False
2023-02-28,FL,Miami,9983.0,9,False
2023-03-01,FL,Miami,6513.0,5,False
2023-03-02,FL,Miami,8322.0,9,False
2023-03-03,FL,Miami,4245.0,8,False
2023-03-04,FL,Miami,9469.0,10,False
2023-03-05,FL,Miami,4481.0,7,False
2023-03-06,FL,Miami,2258.0,7,False
2023-03-07,FL,Miami,7697.0,7,False
2023-03-08,FL,Miami,3324.0,5,False
2023-03-09,FL,Miami,1198.0,6,False
2023-03-10,FL,Miami,8564.0,7,False
2023-03-11,FL,Miami,1841.0,4,False
2023-03-12,FL,Miami,8355.0,8,False
2023-03-13,FL,Miami,8695.0,7,False
2023-03-14,FL,Miami,410.0,4,False
2023-03-15,FL,Miami,2347.0,8,False
2023-03-16,FL,Miami,3344.0,10,False
2023-03-17,FL,Miami,6831.0,8,False
2023-03-18,FL,Miami,5319.0,8,False
2023-03-19,FL,Miami,3287.0,7,False
2023-03-20,FL,Miami,10765.0,14,False
2023-03-21,FL,Miami,6310.0,9,False
2023-03-22,FL,Miami,13672.0,10,False
2023-03-23,FL,Miami,4827.0,8,False
2023-03-24,FL,Miami,6446.0,5,False
2023-03-25,FL,Miami,4656.0,6,False
2023-03-26,FL,Miami,1743.0,10,False
2023-03-27,FL,Miami,11212.0,13,False
2023-03-28,FL,Miami,5517.0,8,False
2023-03-29,FL,Miami,3906.0,4,False
2023-03-30,FL,Miami,4642.0,12,False
2023-03-31,FL,Miami,16724.0,11,False
2023-04-01,FL,Miami,7930.0,11,False
2023-04-02,FL,Miami,14869.0,11,False
2023-04-03,FL,Miami,8971.0,8,False
2023-04-04,FL,Miami,3057.0,6,False
2023-04-05,FL,Miami,7091.0,9,False
2023-04-06,FL,Miami,5487.0,8,False
2023-04-07,FL,Miami,10591.0,8,False
2023-04-08,FL,Miami,3343.0,7,False
2023-04-09,FL,Miami,1768.0,3,False
2023-04-10,FL,Miami,5953.0,10,False
2023-04-11,FL,Miami,3026.0,7,False
2023-04-12,FL,Miami,14268.0,13,False
2023-04-13,FL,Miami,10400.0,9,False
2023-04-14,FL,Miami,3796.0,7,False
2023-04-15,FL,Miami,9618.0,7,False
2023-04-16,FL,Miami,4939.0,6,False
2023-04-17,FL,Miami,1030.0,5,False
2023-04-18,FL,Miami,3252.0,3,False
2023-04-19,FL,Miami,3164.0,6,False
2023-04-20,FL,Miami,3816.0,5,False
2023-04-21,FL,Miami,8660.0,7,False
2023-04-22,FL,Miami,6287.0,7,False
2023-04-23,FL,Miami,12349.0,14,False
2023-04-24,FL,Miami,4826.0,7,False
2023-04-25,FL,Miami,3834.0,4,False
2023-04-26,FL,Miami,4326.0,7,False
2023-04-27,FL,Miami,5253.0,6,False
2023-04-28,FL,Miami,6702.0,8,False
2023-04-29,FL,Miami,20.0,2,False
2023-04-30,FL,Miami,11215.0,8,False
2023-05-01,FL,Miami,6072.0,10,False
2023-05-02,FL,Miami,1410.0,6,False
2023-05-03,FL,Miami,6657.0,8,False
2023-05-04,FL,Miami,7711.0,10,False
2023-05-05,FL,Miami,8288.0,8,False
2023-05-06,FL,Miami,2538.0,4,False
2023-05-07,FL,Miami,26349.0,12,False
2023-05-08,FL,Miami,4455.0,8,False
2023-05-09,FL,Miami,9673.0,7,False
2023-05-10,FL,Miami,19625.0,15,False
2023-05-11,FL,Miami,3896.0,4,False
2023-05-12,FL,Miami,229.0,3,False
2023-05-13,FL,Miami,4764.0,9,False
2023-05-14,FL,Miami,5147.0,6,False
2023-05-15,FL,Miami,4986.0,9,False
2023-05-16,FL,Miami,4867.0,11,False
2023-05-17,FL,Miami,5502.0,7,False
2023-05-18,FL,Miami,16186.0,9,False
2023-05-19,FL,Miami,13560.0,10,False
2023-05-20,FL,Miami,2544.0,10,False
2023-05-21,FL,Miami,5673.0,9,False
2023-05-22,FL,Miami,8289.0,7,False
2023-05-23,FL,Miami,5065.0,7,False
2023-05-24,FL,Miami,8738.0,13,False
2023-05-25,FL,Miami,4034.0,8,False
2023-05-26,FL,Miami,3029.0,6,False
2023-05-27,FL,Miami,4875.0,7,False
2023-05-28,FL,Miami,4362.0,7,False
2023-05-29,FL,Miami,4971.0,6,False
2023-05-30,FL,Miami,3876.0,8,False
2023-05-31,FL,Miami,3945.0,6,False
2023-06-01,FL,Miami,5828.0,7,True
2023-06-02,FL,Miami,3173.0,3,True
2023-06-03,FL,Miami,13107.0,11,True
2023-06-04,FL,Miami,5725.0,13,True
2023-06-05,FL,Miami,5844.0,7,True
2023-06-06,FL,Miami,4694.0,4,True
2023-06-07,FL,Miami,14050.0,9,True
2023-06-08,FL,Miami,4754.0,7,True
2023-06-09,FL,Miami,5824.0,5,True
2023-06-10,FL,Miami,4917.0,7,True
2023-06-11,FL,Miami,8446.0,9,True
2023-06-12,FL,Miami,6998.0,8,True
2023-06-13,FL,Miami,12771.0,12,True
2023-06-14,FL,Miami,9135.0,10,True
2023-06-15,FL,Miami,5618.0,7,True
2023-06-16,FL,Miami,20550.0,9,True
2023-06-17,FL,Miami,7429.0,16,True
2023-06-18,FL,Miami,2378.0,6,True
2023-06-19,FL,Miami,4614.0,7,True
2023-06-20,FL,Miami,4921.0,6,True
2023-06-21,FL,Miami,3540.0,8,True
2023-06-22,FL,Miami,8081.0,12,True
2023-06-23,FL,Miami,2109.0,9,True
2023-06-24,FL,Miami,17383.0,7,True
2023-06-25,FL,Miami,3280.0,5,True
2023-06-26,FL,Miami,4069.0,9,True
2023-06-27,FL,Miami,6491.0,8,True
2023-06-28,FL,Miami,1089.0,6,True
2023-06-29,FL,Miami,5555.0,8,True
2023-06-30,FL,Miami,13049.0,11,True
2023-07-01,FL,Miami,3154.0,6,True
2023-07-02,FL,Miami,5133.0,8,True
2023-07-03,FL,Miami,8848.0,11,True
2023-07-04,FL,Miami,4232.0,8,True
2023-07-05,FL,Miami,17342.0,10,True
2023-07-06,FL,Miami,6648.0,6,True
2023-07-07,FL,Miami,9764.0,13,True
2023-07-08,FL,Miami,1700.0,5,True
2023-07-09,FL,Miami,4562.0,7,True
2023-07-10,FL,Miami,7671.0,14,True
2023-07-11,FL,Miami,4803.0,7,True
2023-07-12,FL,Miami,1419.0,3,True
2023-07-13,FL,Miami,5633.0,6,True
2023-07-14,FL,Miami,6822.0,11,True
2023-07-15,FL,Miami,1718.0,8,True
2023-07-16,FL,Miami,11828.0,19,True
2023-07-17,FL,Miami,6790.0,11,True
2023-07-18,FL,Miami,7338.0,10,True
2023-07-19,FL,Miami,3939.0,7,True
2023-07-20,FL,Miami,6764.0,9,True
2023-07-21,FL,Miami,6682.0,6,True
2023-07-22,FL,Miami,823.0,4,True
2023-07-23,FL,Miami,4891.0,5,True
2023-07-24,FL,Miami,6968.0,8,True
2023-07-25,FL,Miami,2902.0,7,True
2023-07-26,FL,Miami,5409.0,10,True
2023-07-27,FL,Miami,3758.0,6,True
2023-07-28,FL,Miami,3773.0,5,True
2023-07-29,FL,Miami,8661.0,10,True
2023-07-30,FL,Miami,5112.0,6,True
2023-07-31,FL,Miami,8857.0,10,True
2023-08-01,FL,Miami,8911.0,11,True
2023-08-02,FL,Miami,6907.0,13,True
2023-08-03,FL,Miami,5851.0,12,True
2023-08-04,FL,Miami,9574.0,14,True
2023-08-05,FL,Miami,642.0,4,True
2023-08-06,FL,Miami,15029.0,17,True
2023-08-07,FL,Miami,2306.0,12,True
2023-08-08,FL,Miami,4308.0,7,True
2023-08-09,FL,Miami,3281.0,7,True
2023-08-10,FL,Miami,6105.0,11,True
2023-08-11,FL,Miami,5035.0,3,True
2023-08-12,FL,Miami,1086.0,3,True
2023-08-13,FL,Miami,8034.0,12,True
2023-08-14,FL,Miami,3839.0,9,True
2023-08-15,FL,Miami,13047.0,14,True
2023-08-16,FL,Miami,9977.0,15,True
2023-08-17,FL,Miami,2883.0,5,True
2023-08-18,FL,Miami,3504.0,6,True
2023-08-19,FL,Miami,8891.0,9,True
2023-08-20,FL,Miami,10972.0,12,True
2023-08-21,FL,Miami,3692.0,9,True
2023-08-22,FL,Miami,3229.0,6,True
2023-08-23,FL,Miami,5047.0,10,True
2023-08-24,FL,Miami,1997.0,4,True
2023-08-25,FL,Miami,5468.0,9,True
2023-08-26,FL,Miami,3913.0,7,True
2023-08-27,FL,Miami,7571.0,11,True
2023-08-28,FL,Miami,5967.0,7,True
2023-08-29,FL,Miami,1829.0,7,True
2023-08-30,FL,Miami,1863.0,5,True
2023-08-31,FL,Miami,2513.0,9,True
2023-09-01,FL,Miami,4328.0,9,False
2023-09-02,FL,Miami,3860.0,9,False
2023-09-03,FL,Miami,3944.0,6,False
2023-09-04,FL,Miami,6062.0,5,False
2023-09-05,FL,Miami,3364.0,5,False
2023-09-06,FL,Miami,441.0,2,False
2023-09-07,FL,Miami,3394.0,7,False
2023-09-08,FL,Miami,15589.0,14,False
2023-09-09,FL,Miami,4047.0,5,False
2023-09-10,FL,Miami,4025.0,8,False
2023-09-11,FL,Miami,1448.0,4,False
2023-09-12,FL,Miami,803.0,4,False
2023-09-13,FL,Miami,4711.0,5,False
2023-09-14,FL,Miami,1296.0,6,False
2023-09-15,FL,Miami,10820.0,12,False
2023-09-16,FL,Miami,3379.0,5,False
2023-09-17,FL,Miami,9426.0,12,False
2023-09-18,FL,Miami,5960.0,11,False
2023-09-19,FL,Miami,8454.0,10,False
2023-09-20,FL,Miami,7955.0,10,False
2023-09-21,FL,Miami,1124.0,2,False
2023-09-22,FL,Miami,3617.0,2,False
2023-09-23,FL,Miami,6788.0,11,False
2023-09-24,FL,Miami,2478.0,9,False
2023-09-25,FL,Miami,7975.0,8,False
2023-09-26,FL,Miami,8760.0,11,False
2023-09-27,FL,Miami,5470.0,6,False
2023-09-28,FL,Miami,7867.0,5,False
2023-09-29,FL,Miami,9078.0,13,False
2023-09-30,FL,Miami,346.0,3,False
2023-10-01,FL,Miami,3696.0,11,False
2023-10-02,FL,Miami,2735.0,8,False
2023-10-03,FL,Miami,1283.0,5,False
2023-10-04,FL,Miami,2562.0,11,False
2023-10-05,FL,Miami,6700.0,9,False
2023-10-06,FL,Miami,4491.0,6,False
2023-10-07,FL,Miami,5826.0,7,False
2023-10-08,FL,Miami,4806.0,10,False
2023-10-09,FL,Miami,11315.0,6,False
2023-10-10,FL,Miami,2178.0,6,False
2023-10-11,FL,Miami,4176.0,6,False
2023-10-12,FL,Miami,3112.0,6,False
2023-10-13,FL,Miami,7153.0,10,False
2023-10-14,FL,Miami,7281.0,10,False
2023-10-15,FL,Miami,4648.0,4,False
2023-10-16,FL,Miami,7208.0,11,False
2023-10-17,FL,Miami,10940.0,10,False
2023-10-18,FL,Miami,6683.0,10,False
2023-10-19,FL,Miami,7768.0,11,False
2023-10-20,FL,Miami,4135.0,9,False
2023-10-21,FL,Miami,4028.0,4,False
2023-10-22,FL,Miami,2598.0,8,False
2023-10-23,FL,Miami,4708.0,7,False
2023-10-24,FL,Miami,5651.0,13,False
2023-10-25,FL,Miami,6831.0,7,False
2023-10-26,FL,Miami,2953.0,9,False
2023-10-27,FL,Miami,5889.0,7,False
2023-10-28,FL,Miami,7429.0,15,False
2023-10-29,FL,Miami,592.0,6,False
2023-10-30,FL,Miami,10471.0,12,False
2023-10-31,FL,Miami,4346.0,7,False
2023-11-01,FL,Miami,3708.0,8,False
2023-11-02,FL,Miami,3018.0,3,False
2023-11-03,FL,Miami,1878.0,5,False
2023-11-04,FL,Miami,1044.0,3,False
2023-11-05,FL,Miami,1529.0,5,False
2023-11-06,FL,Miami,225.0,2,False
2023-11-07,FL,Miami,5181.0,11,False
2023-11-08,FL,Miami,2722.0,8,False
2023-11-09,FL,Miami,6805.0,9,False
2023-11-10,FL,Miami,16017.0,18,False
2023-11-11,FL,Miami,11737.0,9,False
2023-11-12,FL,Miami,12778.0,11,False
2023-11-13,FL,Miami,3089.0,8,False
2023-11-14,FL,Miami,9045.0,11,False
2023-11-15,FL,Miami,5633.0,11,False
2023-11-16,FL,Miami,12462.0,12,False
2023-11-17,FL,Miami,2995.0,9,False
2023-11-18,FL,Miami,9509.0,8,False
2023-11-19,FL,Miami,5778.0,12,False
2023-11-20,FL,Miami,3959.0,10,False
2023-11-21,FL,Miami,260.0,5,False
2023-11-22,FL,Miami,5484.0,6,False
2023-11-23,FL,Miami,1961.0,8,False
2023-11-24,FL,Miami,13423.0,7,False
2023-11-25,FL,Miami,14911.0,10,False
2023-11-26,FL,Miami,3449.0,7,False
2023-11-27,FL,Miami,2875.0,7,False
2023-11-28,FL,Miami,2454.0,8,False
2023-11-29,FL,Miami,5258.0,7,False
2023-11-30,FL,Miami,3813.0,11,False
2023-12-01,FL,Miami,8847.0,6,False
2023-12-02,FL,Miami,8058.0,7,False
2023-12-03,FL,Miami,2028.0,5,False
2023-12-04,FL,Miami,5523.0,10,False
2023-12-05,FL,Miami,6902.0,6,False
2023-12-06,FL,Miami,3383.0,6,False
2023-12-07,FL,Miami,9704.0,9,False
2023-12-08,FL,Miami,13259.0,11,False
2023-12-09,FL,Miami,5866.0,8,False
2023-12-10,FL,Miami,9798.0,10,False
2023-12-11,FL,Miami,23158.0,14,False
2023-12-12,FL,Miami,5337.0,10,False
2023-12-13,FL,Miami,9645.0,13,False
2023-12-14,FL,Miami,4668.0,6,False
2023-12-15,FL,Miami,11789.0,9,False
2023-12-16,FL,Miami,1423.0,6,False
2023-12-17,FL,Miami,406.0,5,False
2023-12-18,FL,Miami,6010.0,9,False
2023-12-19,FL,Miami,9127.0,10,False
2023-12-20,FL,Miami,4445.0,11,False
2023-12-21,FL,Miami,8016.0,7,False
2023-12-22,FL,Miami,4938.0,4,False
2023-12-23,FL,Miami,9489.0,9,False
2023-12-24,FL,Miami,8075.0,9,False
2023-12-25,FL,Miami,4777.0,8,False
2023-12-26,FL,Miami,8204.0,7,False
2023-12-27,FL,Miami,7567.0,5,False
2023-12-28,FL,Miami,15026.0,14,False
2023-12-29,FL,Miami,6544.0,7,False
2023-12-30,FL,Miami,3310.0,6,False
2023-12-31,FL,Miami,5284.0,6,False
2024-01-01,FL,Miami,4323.0,8,False
2024-01-02,FL,Miami,9554.0,11,False
2024-01-03,FL,Miami,3346.0,5,False
2024-01-04,FL,Miami,9094.0,8,False
2024-01-05,FL,Miami,4564.0,7,False
2024-01-06,FL,Miami,2078.0,3,False
2024-01-07,FL,Miami,9587.0,9,False
2024-01-08,FL,Miami,1508.0,4,False
2024-01-09,FL,Miami,1423.0,6,False
2024-01-10,FL,Miami,8385.0,12,False
2024-01-11,FL,Miami,5860.0,5,False
2024-01-12,FL,Miami,1211.0,4,False
2024-01-13,FL,Miami,4257.0,8,False
2024-01-14,FL,Miami,3171.0,9,False
2024-01-15,FL,Miami,4711.0,4,False
2024-01-16,FL,Miami,3492.0,8,False
2024-01-17,FL,Miami,4096.0,4,False
2024-01-18,FL,Miami,894.0,5,False
2024-01-19,FL,Miami,7107.0,5,False
2024-01-20,FL,Miami,6868.0,8,False
2024-01-21,FL,Miami,4213.0,6,False
2024-01-22,FL,Miami,4317.0,8,False
2024-01-23,FL,Miami,3092.0,6,False
2024-01-24,FL,Miami,3821.0,6,False
2024-01-25,FL,Miami,3018.0,7,False
2024-01-26,FL,Miami,5044.0,6,False
2024-01-27,FL,Miami,11769.0,8,False
2024-01-28,FL,Miami,4484.0,5,False
2024-01-29,FL,Miami,5100.0,6,False
2024-01-30,FL,Miami,1605.0,8,False
2024-01-31,FL,Miami,3705.0,3,False
2024-02-01,FL,Miami,5389.0,13,False
2024-02-02,FL,Miami,6017.0,9,False
2024-02-03,FL,Miami,5018.0,6,False
2024-02-04,FL,Miami,1999.0,4,False
2024-02-05,FL,Miami,642.0,7,False
2024-02-06,FL,Miami,3058.0,6,False
2024-02-07,FL,Miami,8174.0,13,False
2024-02-08,FL,Miami,1692.0,3,False
2024-02-09,FL,Miami,3612.0,5,False
2024-02-10,FL,Miami,5428.0,10,False
2024-02-11,FL,Miami,2765.0,6,False
2024-02-12,FL,Miami,2695.0,4,False
2024-02-13,FL,Miami,1590.0,6,False
2024-02-14,FL,Miami,3682.0,6,False
2024-02-15,FL,Miami,6486.0,13,False
2024-02-16,FL,Miami,5538.0,8,False
2024-02-17,FL,Miami,12551.0,13,False
2024-02-18,FL,Miami,4024.0,4,False
2024-02-19,FL,Miami,4923.0,5,False
2024-02-20,FL,Miami,5404.0,9,False
2024-02-21,FL,Miami,2789.0,9,False
2024-02-22,FL,Miami,5517.0,7,False
2024-02-23,FL,Miami,2127.0,2,False
2024-02-24,FL,Miami,5572.0,8,False
2024-02-25,FL,Miami,4505.0,11,False
2024-02-26,FL,Miami,3381.0,8,False
2024-02-27,FL,Miami,9830.0,11,False
2024-02-28,FL,Miami,4181.0,5,False
2024-02-29,FL,Miami,5918.0,7,False
2024-03-01,FL,Miami,7074.0,14,False
2024-03-02,FL,Miami,12025.0,6,False
2024-03-03,FL,Miami,1516.0,5,False
2024-03-04,FL,Miami,9691.0,11,False
2024-03-05,FL,Miami,4649.0,11,False
2024-03-06,FL,Miami,3605.0,5,False
2024-03-07,FL,Miami,3727.0,7,False
2024-03-08,FL,Miami,3297.0,8,False
2024-03-09,FL,Miami,2859.0,6,False
2024-03-10,FL,Miami,8692.0,11,False
2024-03-11,FL,Miami,12590.0,8,False
2024-03-12,FL,Miami,5334.0,7,False
2024-03-13,FL,Miami,5095.0,8,False
2024-03-14,FL,Miami,1020.0,6,False
2024-03-15,FL,Miami,13276.0,10,False
2024-03-16,FL,Miami,18748.0,16,False
2024-03-17,FL,Miami,6530.0,6,False
2024-03-18,FL,Miami,4637.0,10,False
2024-03-19,FL,Miami,2544.0,4,False
2024-03-20,FL,Miami,5143.0,10,False
2024-03-21,FL,Miami,6078.0,11,False
2024-03-22,FL,Miami,590.0,5,False
2024-03-23,FL,Miami,8161.0,9,False
2024-03-24,FL,Miami,2404.0,4,False
2024-03-25,FL,Miami,9005.0,8,False
2024-03-26,FL,Miami,10667.0,10,False
2024-03-27,FL,Miami,5920.0,8,False
2024-03-28,FL,Miami,7637.0,10,False
2024-03-29,FL,Miami,13861.0,12,False
2024-03-30,FL,Miami,10259.0,9,False
2024-03-31,FL,Miami,5283.0,7,False
2024-04-01,FL,Miami,4686.0,8,False
2024-04-02,FL,Miami,7860.0,10,False
2024-04-03,FL,Miami,5457.0,8,False
2024-04-04,FL,Miami,4214.0,8,False
2024-04-05,FL,Miami,1568.0,6,False
2024-04-06,FL,Miami,7305.0,6,False
2024-04-07,FL,Miami,10105.0,12,False
2024-04-08,FL,Miami,3815.0,7,False
2024-04-09,FL,Miami,3442.0,8,False
2024-04-10,FL,Miami,8357.0,12,False
2024-04-11,FL,Miami,3172.0,5,False
2024-04-12,FL,Miami,5543.0,7,False
2024-04-13,FL,Miami,5600.0,8,False
2024-04-14,FL,Miami,4765.0,8,False
2024-04-15,FL,Miami,3627.0,7,False
2024-04-16,FL,Miami,3968.0,8,False
2024-04-17,FL,Miami,8560.0,11,False
2024-04-18,FL,Miami,5662.0,8,False
2024-04-19,FL,Miami,7851.0,5,False
2024-04-20,FL,Miami,11236.0,11,False
2024-04-21,FL,Miami,6277.0,6,False
2024-04-22,FL,Miami,11738.0,10,False
2024-04-23,FL,Miami,8334.0,12,False
2024-04-24,FL,Miami,4207.0,6,False
2024-04-25,FL,Miami,6103.0,9,False
2024-04-26,FL,Miami,3474.0,6,False
2024-04-27,FL,Miami,3203.0,4,False
2024-04-28,FL,Miami,7328.0,10,False
2024-04-29,FL,Miami,5543.0,7,False
2024-04-30,FL,Miami,4472.0,6,False
2024-05-01,FL,Miami,9807.0,11,False
2024-05-02,FL,Miami,992.0,7,False
2024-05-03,FL,Miami,8939.0,6,False
2024-05-04,FL,Miami,10312.0,8,False
2024-05-05,FL,Miami,10455.0,10,False
2024-05-06,FL,Miami,6333.0,6,False
2024-05-07,FL,Miami,2893.0,9,False
2024-05-08,FL,Miami,9711.0,9,False
2024-05-09,FL,Miami,8568.0,11,False
2024-05-10,FL,Miami,9483.0,8,False
2024-05-11,FL,Miami,1044.0,5,False
2024-05-12,FL,Miami,817.0,9,False
2024-05-13,FL,Miami,8822.0,10,False
2024-05-14,FL,Miami,5379.0,8,False
2024-05-15,FL,Miami,5608.0,9,False
2024-05-16,FL,Miami,4149.0,12,False
2024-05-17,FL,Miami,6577.0,7,False
2024-05-18,FL,Miami,6906.0,7,False
2024-05-19,FL,Miami,5522.0,7,False
2024-05-20,FL,Miami,3048.0,9,False
2024-05-21,FL,Miami,390.0,3,False
2024-05-22,FL,Miami,5871.0,6,False
2024-05-23,FL,Miami,2028.0,5,False
2024-05-24,FL,Miami,2697.0,7,False
2024-05-25,FL,Miami,14619.0,12,False
2024-05-26,FL,Miami,13583.0,7,False
2024-05-27,FL,Miami,8156.0,8,False
2024-05-28,FL,Miami,569.0,2,False
2024-05-29,FL,Miami,16910.0,11,False
2024-05-30,FL,Miami,4193.0,8,False
2024-05-31,FL,Miami,12002.0,12,False
2024-06-01,FL,Miami,59.0,3,True
2024-06-02,FL,Miami,8727.0,11,True
2024-06-03,FL,Miami,498.0,4,True
2024-06-04,FL,Miami,3158.0,7,True
2024-06-05,FL,Miami,1762.0,10,True
2024-06-06,FL,Miami,9816.0,11,True
2024-06-07,FL,Miami,13158.0,15,True
2024-06-08,FL,Miami,9364.0,11,True
2024-06-09,FL,Miami,12055.0,10,True
2024-06-10,FL,Miami,6317.0,10,True
2024-06-11,FL,Miami,2703.0,6,True
2024-06-12,FL,Miami,3130.0,5,True
2024-06-13,FL,Miami,8490.0,12,True
2024-06-14,FL,Miami,7933.0,9,True
2024-06-15,FL,Miami,6270.0,9,True
2024-06-16,FL,Miami,18278.0,13,True
2024-06-17,FL,Miami,5713.0,9,True
2024-06-18,FL,Miami,7117.0,12,True
2024-06-19,FL,Miami,3507.0,7,True
2024-06-20,FL,Miami,9403.0,10,True
2024-06-21,FL,Miami,8830.0,9,True
2024-06-22,FL,Miami,4707.0,8,True
2024-06-23,FL,Miami,11509.0,19,True
2024-06-24,FL,Miami,4883.0,7,True
2024-06-25,FL,Miami,6547.0,7,True
2024-06-26,FL,Miami,3247.0,6,True
2024-06-27,FL,Miami,19235.0,12,True
2024-06-28,FL,Miami,6857.0,7,True
2024-06-29,FL,Miami,6356.0,9,True
2024-06-30,FL,Miami,8411.0,9,True
2024-07-01,FL,Miami,7572.0,12,True
2024-07-02,FL,Miami,1279.0,5,True
2024-07-03,FL,Miami,3323.0,4,True
2024-07-04,FL,Miami,29.0,1,True
2024-07-05,FL,Miami,6675.0,7,True
2024-07-06,FL,Miami,4092.0,7,True
2024-07-07,FL,Miami,10581.0,9,True
2024-07-08,FL,Miami,7153.0,12,True
2024-07-09,FL,Miami,5663.0,7,True
2024-07-10,FL,Miami,9666.0,6,True
2024-07-11,FL,Miami,3086.0,8,True
2024-07-12,FL,Miami,18574.0,14,True
2024-07-13,FL,Miami,1294.0,7,True
2024-07-14,FL,Miami,3795.0,11,True
2024-07-15,FL,Miami,9284.0,13,True
2024-07-16,FL,Miami,3750.0,6,True
2024-07-17,FL,Miami,2401.0,8,True
2024-07-18,FL,Miami,7481.0,8,True
2024-07-19,FL,Miami,2954.0,4,True
2024-07-20,FL,Miami,15924.0,8,True
2024-07-21,FL,Miami,3178.0,7,True
2024-07-22,FL,Miami,7796.0,11,True
2024-07-23,FL,Miami,2386.0,5,True
2024-07-24,FL,Miami,3832.0,8,True
2024-07-25,FL,Miami,9035.0,11,True
2024-07-26,FL,Miami,435.0,3,True
2024-07-27,FL,Miami,5164.0,6,True
2024-07-28,FL,Miami,7640.0,9,True
2024-07-29,FL,Miami,6717.0,11,True
2024-07-30,FL,Miami,9404.0,12,True
2024-07-31,FL,Miami,4696.0,13,True
2024-08-01,FL,Miami,14189.0,13,True
2024-08-02,FL,Miami,8301.0,9,True
2024-08-03,FL,Miami,4584.0,7,True
2024-08-04,FL,Miami,6504.0,5,True
2024-08-05,FL,Miami,6880.0,10,True
2024-08-06,FL,Miami,7288.0,7,True
2024-08-07,FL,Miami,3033.0,6,True
2024-08-08,FL,Miami,10600.0,10,True
2024-08-09,FL,Miami,1473.0,7,True
2024-08-10,FL,Miami,3107.0,4,True
2024-08-11,FL,Miami,4587.0,8,True
2024-08-12,FL,Miami,3199.0,5,True
2024-08-13,FL,Miami,7288.0,8,True
2024-08-14,FL,Miami,3945.0,4,True
2024-08-15,FL,Miami,6803.0,10,True
2024-08-16,FL,Miami,5325.0,9,True
2024-08-17,FL,Miami,3838.0,7,True
2024-08-18,FL,Miami,10429.0,6,True
2024-08-19,FL,Miami,4454.0,9,True
2024-08-20,FL,Miami,2365.0,7,True
2024-08-21,FL,Miami,2577.0,7,True
2024-08-22,FL,Miami,1795.0,8,True
2024-08-23,FL,Miami,3055.0,7,True
2024-08-24,FL,Miami,9510.0,8,True
2024-08-25,FL,Miami,9533.0,11,True
2024-08-26,FL,Miami,2609.0,5,True
2024-08-27,FL,Miami,6605.0,9,True
2024-08-28,FL,Miami,10856.0,12,True
2024-08-29,FL,Miami,4738.0,11,True
2024-08-30,FL,Miami,16702.0,11,True
2024-08-31,FL,Miami,5255.0,6,True
2024-09-01,FL,Miami,4961.0,8,False
2024-09-02,FL,Miami,16058.0,9,False
2024-09-03,FL,Miami,2108.0,4,False
2024-09-04,FL,Miami,12422.0,13,False
2024-09-05,FL,Miami,3203.0,5,False
2024-09-06,FL,Miami,13269.0,6,False
2024-09-07,FL,Miami,6718.0,9,False
2024-09-08,FL,Miami,3291.0,13,False
2024-09-09,FL,Miami,6647.0,7,False
2024-09-10,FL,Miami,3236.0,10,False
2024-09-11,FL,Miami,2611.0,9,False
2024-09-12,FL,Miami,10721.0,7,False
2024-09-13,FL,Miami,7796.0,12,False
2024-09-14,FL,Miami,5733.0,11,False
2024-09-15,FL,Miami,4119.0,7,False
2024-09-16,FL,Miami,5497.0,12,False
2024-09-17,FL,Miami,2821.0,8,False
2024-09-18,FL,Miami,1916.0,8,False
2024-09-19,FL,Miami,2399.0,5,False
2024-09-20,FL,Miami,16870.0,9,False
2024-09-21,FL,Miami,5619.0,7,False
2024-09-22,FL,Miami,2208.0,8,False
2024-09-23,FL,Miami,6269.0,8,False
2024-09-24,FL,Miami,2957.0,5,False
2024-09-25,FL,Miami,7237.0,5,False
2024-09-26,FL,Miami,2426.0,9,False
2024-09-27,FL,Miami,5437.0,7,False
2024-09-28,FL,Miami,7018.0,7,False
2024-09-29,FL,Miami,7342.0,11,False
2024-09-30,FL,Miami,5507.0,5,False
2024-10-01,FL,Miami,2577.0,8,False
2024-10-02,FL,Miami,10123.0,12,False
2024-10-03,FL,Miami,2367.0,9,False
2024-10-04,FL,Miami,6929.0,6,False
2024-10-05,FL,Miami,6473.0,9,False
2024-10-06,FL,Miami,7395.0,10,False
2024-10-07,FL,Miami,2392.0,9,False
2024-10-08,FL,Miami,6456.0,10,False
2024-10-09,FL,Miami,2267.0,7,False
2024-10-10,FL,Miami,2190.0,11,False
2024-10-11,FL,Miami,6132.0,8,False
2024-10-12,FL,Miami,7818.0,9,False
2024-10-13,FL,Miami,1613.0,6,False
2024-10-14,FL,Miami,12957.0,7,False
2024-10-15,FL,Miami,6640.0,6,False
2024-10-16,FL,Miami,3546.0,13,False
2024-10-17,FL,Miami,4178.0,6,False
2024-10-18,FL,Miami,3972.0,7,False
2024-10-19,FL,Miami,10525.0,11,False
2024-10-20,FL,Miami,5233.0,6,False
2024-10-21,FL,Miami,308.0,5,False
2024-10-22,FL,Miami,3347.0,9,False
2024-10-23,FL,Miami,11611.0,9,False
2024-10-24,FL,Miami,4420.0,7,False
2024-10-25,FL,Miami,682.0,4,False
2024-10-26,FL,Miami,7453.0,7,False
2024-10-27,FL,Miami,4427.0,6,False
2024-10-28,FL,Miami,4401.0,7,False
2024-10-29,FL,Miami,4906.0,6,False
2024-10-30,FL,Miami,5565.0,6,False
2024-10-31,FL,Miami,5431.0,8,False
2024-11-01,FL,Miami,5748.0,8,False
2024-11-02,FL,Miami,6635.0,8,False
2024-11-03,FL,Miami,8268.0,11,False
2024-11-04,FL,Miami,15330.0,11,False
2024-11-05,FL,Miami,6304.0,9,False
2024-11-06,FL,Miami,3192.0,8,False
2024-11-07,FL,Miami,2533.0,7,False
2024-11-08,FL,Miami,7557.0,10,False
2024-11-09,FL,Miami,4130.0,10,False
2024-11-10,FL,Miami,9600.0,8,False
2024-11-11,FL,Miami,4073.0,5,False
2024-11-12,FL,Miami,1602.0,6,False
2024-11-13,FL,Miami,11616.0,13,False
2024-11-14,FL,Miami,5091.0,11,False
2024-11-15,FL,Miami,9007.0,8,False
2024-11-16,FL,Miami,4535.0,7,False
2024-11-17,FL,Miami,4682.0,8,False
2024-11-18,FL,Miami,3287.0,6,False
2024-11-19,FL,Miami,2710.0,5,False
2024-11-20,FL,Miami,6431.0,6,False
2024-11-21,FL,Miami,5093.0,8,False
2024-11-22,FL,Miami,2653.0,4,False
2024-11-23,FL,Miami,1645.0,4,False
2024-11-24,FL,Miami,7709.0,11,False
2024-11-25,FL,Miami,7103.0,9,False
2024-11-26,FL,Miami,3447.0,6,False
2024-11-27,FL,Miami,8778.0,8,False
2024-11-28,FL,Miami,9633.0,6,False
2024-11-29,FL,Miami,10127.0,11,False
2024-11-30,FL,Miami,30476.0,7,False
2024-12-01,FL,Miami,6411.0,11,False
2024-12-02,FL,Miami,3736.0,7,False
2024-12-03,FL,Miami,22.0,1,False
2024-12-04,FL,Miami,4340.0,8,False
2024-12-05,FL,Miami,8063.0,11,False
2024-12-06,FL,Miami,4422.0,7,False
2024-12-07,FL,Miami,1833.0,7,False
2024-12-08,FL,Miami,3730.0,9,False
2024-12-09,FL,Miami,5444.0,8,False
2024-12-10,FL,Miami,1645.0,2,False
2024-12-11,FL,Miami,1083.0,4,False
2024-12-12,FL,Miami,8882.0,8,False
2024-12-13,FL,Miami,2290.0,2,False
2024-12-14,FL,Miami,1620.0,6,False
2024-12-15,FL,Miami,5295.0,8,False
2024-12-16,FL,Miami,2621.0,6,False
2024-12-17,FL,Miami,7421.0,11,False
2024-12-18,FL,Miami,9240.0,10,False
2024-12-19,FL,Miami,6537.0,10,False
2024-12-20,FL,Miami,4845.0,9,False
2024-12-21,FL,Miami,7661.0,8,False
2024-12-22,FL,Miami,4478.0,9,False
2024-12-23,FL,Miami,36231.0,9,False
2024-12-24,FL,Miami,42000.0,13,False
2024-12-25,FL,Miami,0.0,6,False
2024-12-26,FL,Miami,17295.0,10,False
2024-12-27,FL,Miami,8049.0,7,False
2024-12-28,FL,Miami,1189.0,3,False
2024-12-29,FL,Miami,535.0,2,False
2024-12-30,FL,Miami,1539.0,4,False
2024-12-31,FL,Miami,7784.0,5,False
2020-01-01,GA,Atlanta,3337.0,3,False
2020-01-02,GA,Atlanta,6052.0,4,False
2020-01-03,GA,Atlanta,2207.0,3,False
2020-01-04,GA,Atlanta,5744.0,6,False
2020-01-05,GA,Atlanta,10064.0,8,False
2020-01-06,GA,Atlanta,1322.0,3,False
2020-01-07,GA,Atlanta,1634.0,2,False
2020-01-08,GA,Atlanta,211.0,1,False
2020-01-09,GA,Atlanta,145.0,3,False
2020-01-10,GA,Atlanta,3138.0,7,False
2020-01-11,GA,Atlanta,536.0,1,False
2020-01-12,GA,Atlanta,370.0,3,False
2020-01-13,GA,Atlanta,1756.0,5,False
2020-01-14,GA,Atlanta,2546.0,5,False
2020-01-15,GA,Atlanta,1681.0,5,False
2020-01-16,GA,Atlanta,2237.0,5,False
2020-01-17,GA,Atlanta,3462.0,4,False
2020-01-18,GA,Atlanta,2656.0,3,False
2020-01-19,GA,Atlanta,3580.0,4,False
2020-01-20,GA,Atlanta,3732.0,7,False
2020-01-21,GA,Atlanta,752.0,2,False
2020-01-22,GA,Atlanta,1139.0,9,False
2020-01-23,GA,Atlanta,7584.0,7,False
2020-01-24,GA,Atlanta,2073.0,4,False
2020-01-25,GA,Atlanta,1107.0,3,False
2020-01-26,GA,Atlanta,6978.0,8,False
2020-01-27,GA,Atlanta,2856.0,3,False
2020-01-28,GA,Atlanta,2978.0,6,False
2020-01-29,GA,Atlanta,7215.0,6,False
2020-01-30,GA,Atlanta,3339.0,4,False
2020-01-31,GA,Atlanta,1930.0,3,False
2020-02-01,GA,Atlanta,3100.0,3,False
2020-02-02,GA,Atlanta,1468.0,3,False
2020-02-03,GA,Atlanta,3432.0,4,False
2020-02-04,GA,Atlanta,3695.0,5,False
2020-02-05,GA,Atlanta,156.0,1,False
2020-02-06,GA,Atlanta,2153.0,6,False
2020-02-07,GA,Atlanta,1625.0,3,False
2020-02-08,GA,Atlanta,1581.0,4,False
2020-02-09,GA,Atlanta,13592.0,8,False
2020-02-10,GA,Atlanta,627.0,2,False
2020-02-11,GA,Atlanta,2124.0,4,False
2020-02-12,GA,Atlanta,108.0,2,False
2020-02-13,GA,Atlanta,5181.0,3,False
2020-02-14,GA,Atlanta,2541.0,6,False
2020-02-15,GA,Atlanta,8286.0,5,False
2020-02-16,GA,Atlanta,0.0,2,False
2020-02-17,GA,Atlanta,68.0,1,False
2020-02-18,GA,Atlanta,3377.0,4,False
2020-02-19,GA,Atlanta,860.0,1,False
2020-02-20,GA,Atlanta,5909.0,8,False
2020-02-21,GA,Atlanta,767.0,2,False
2020-02-22,GA,Atlanta,7060.0,7,False
2020-02-23,GA,Atlanta,3029.0,7,False
2020-02-24,GA,Atlanta,2264.0,4,False
2020-02-25,GA,Atlanta,4091.0,4,False
2020-02-26,GA,Atlanta,3721.0,5,False
2020-02-27,GA,Atlanta,971.0,4,False
2020-02-28,GA,Atlanta,1499.0,4,False
2020-02-29,GA,Atlanta,2153.0,6,False
2020-03-01,GA,Atlanta,0.0,3,False
2020-03-02,GA,Atlanta,476.0,2,False
2020-03-03,GA,Atlanta,3370.0,4,False
2020-03-04,GA,Atlanta,5439.0,6,False
2020-03-05,GA,Atlanta,6086.0,4,False
2020-03-06,GA,Atlanta,393.0,2,False
2020-03-07,GA,Atlanta,3902.0,3,False
2020-03-08,GA,Atlanta,3404.0,4,False
2020-03-09,GA,Atlanta,885.0,4,False
2020-03-10,GA,Atlanta,3666.0,5,False
2020-03-11,GA,Atlanta,5054.0,6,False
2020-03-12,GA,Atlanta,2015.0,6,False
2020-03-13,GA,Atlanta,3079.0,8,False
2020-03-14,GA,Atlanta,3673.0,5,False
2020-03-15,GA,Atlanta,738.0,4,False
2020-03-16,GA,Atlanta,8850.0,11,False
2020-03-17,GA,Atlanta,1242.0,6,False
2020-03-18,GA,Atlanta,1048.0,3,False
2020-03-19,GA,Atlanta,3702.0,6,False
2020-03-20,GA,Atlanta,2034.0,7,False
2020-03-21,GA,Atlanta,1776.0,4,False
2020-03-22,GA,Atlanta,916.0,4,False
2020-03-23,GA,Atlanta,60.0,1,False
2020-03-24,GA,Atlanta,19.0,1,False
2020-03-25,GA,Atlanta,260.0,4,False
2020-03-26,GA,Atlanta,902.0,3,False
2020-03-27,GA,Atlanta,133.0,2,False
2020-03-28,GA,Atlanta,558.0,4,False
2020-03-29,GA,Atlanta,2147.0,7,False
2020-03-30,GA,Atlanta,967.0,5,False
2020-03-31,GA,Atlanta,2030.0,2,False
2020-04-01,GA,Atlanta,1420.0,5,False
2020-04-02,GA,Atlanta,670.0,6,False
2020-04-03,GA,Atlanta,64.0,5,False
2020-04-04,GA,Atlanta,38.0,7,False
2020-04-06,GA,Atlanta,549.0,5,False
2020-04-07,GA,Atlanta,121.0,4,False
2020-04-08,GA,Atlanta,1930.0,3,False
2020-04-09,GA,Atlanta,53.0,4,False
2020-04-10,GA,Atlanta,1442.0,6,False
2020-04-11,GA,Atlanta,34.0,6,False
2020-04-12,GA,Atlanta,22.0,4,False
2020-04-13,GA,Atlanta,182.0,6,False
2020-04-14,GA,Atlanta,1170.0,4,False
2020-04-15,GA,Atlanta,60.0,2,False
2020-04-16,GA,Atlanta,166.0,2,False
2020-04-17,GA,Atlanta,925.0,6,False
2020-04-18,GA,Atlanta,0.0,1,False
2020-04-19,GA,Atlanta,110.0,4,False
2020-04-20,GA,Atlanta,671.0,2,False
2020-04-21,GA,Atlanta,1656.0,7,False
2020-04-22,GA,Atlanta,568.0,3,False
2020-04-23,GA,Atlanta,126.0,1,False
2020-04-24,GA,Atlanta,912.0,6,False
2020-04-25,GA,Atlanta,6725.0,7,False
2020-04-26,GA,Atlanta,685.0,5,False
2020-04-27,GA,Atlanta,1424.0,4,False
2020-04-28,GA,Atlanta,1227.0,4,False
2020-04-29,GA,Atlanta,653.0,4,False
2020-04-30,GA,Atlanta,4856.0,7,False
2020-05-01,GA,Atlanta,2678.0,3,False
2020-05-02,GA,Atlanta,1738.0,5,False
2020-05-03,GA,Atlanta,614.0,2,False
2020-05-04,GA,Atlanta,1988.0,6,False
2020-05-05,GA,Atlanta,252.0,2,False
2020-05-06,GA,Atlanta,3300.0,5,False
2020-05-07,GA,Atlanta,38.0,2,False
2020-05-08,GA,Atlanta,4301.0,3,False
2020-05-09,GA,Atlanta,5381.0,9,False
2020-05-10,GA,Atlanta,1553.0,8,False
2020-05-11,GA,Atlanta,640.0,5,False
2020-05-12,GA,Atlanta,2887.0,5,False
2020-05-13,GA,Atlanta,2726.0,3,False
2020-05-14,GA,Atlanta,422.0,6,False
2020-05-15,GA,Atlanta,2723.0,3,False
2020-05-17,GA,Atlanta,945.0,4,False
2020-05-18,GA,Atlanta,2491.0,3,False
2020-05-19,GA,Atlanta,7656.0,1,False
2020-05-20,GA,Atlanta,1253.0,5,False
2020-05-21,GA,Atlanta,2775.0,9,False
2020-05-22,GA,Atlanta,541.0,4,False
2020-05-23,GA,Atlanta,2484.0,3,False
2020-05-24,GA,Atlanta,3539.0,2,False
2020-05-25,GA,Atlanta,1811.0,3,False
2020-05-26,GA,Atlanta,4078.0,4,False
2020-05-27,GA,Atlanta,2150.0,3,False
2020-05-28,GA,Atlanta,3005.0,4,False
2020-05-29,GA,Atlanta,1836.0,4,False
2020-05-30,GA,Atlanta,3597.0,7,False
2020-05-31,GA,Atlanta,1331.0,2,False
2020-06-01,GA,Atlanta,560.0,2,True
2020-06-02,GA,Atlanta,3240.0,2,True
2020-06-03,GA,Atlanta,2585.0,5,True
2020-06-04,GA,Atlanta,2711.0,6,True
2020-06-05,GA,Atlanta,382.0,4,True
2020-06-06,GA,Atlanta,20.0,3,True
2020-06-07,GA,Atlanta,3496.0,5,True
2020-06-08,GA,Atlanta,330.0,3,True
2020-06-09,GA,Atlanta,77.0,2,True
2020-06-10,GA,Atlanta,754.0,4,True
2020-06-11,GA,Atlanta,2536.0,2,True
2020-06-12,GA,Atlanta,2487.0,3,True
2020-06-13,GA,Atlanta,3958.0,3,True
2020-06-14,GA,Atlanta,2103.0,4,True
2020-06-15,GA,Atlanta,68.0,1,True
2020-06-16,GA,Atlanta,3371.0,5,True
2020-06-17,GA,Atlanta,328.0,3,True
2020-06-18,GA,Atlanta,202.0,1,True
2020-06-19,GA,Atlanta,1663.0,5,True
2020-06-20,GA,Atlanta,1183.0,3,True
2020-06-21,GA,Atlanta,4454.0,7,True
2020-06-22,GA,Atlanta,1373.0,5,True
2020-06-23,GA,Atlanta,3505.0,4,True
2020-06-24,GA,Atlanta,5497.0,5,True
2020-06-25,GA,Atlanta,1608.0,4,True
2020-06-26,GA,Atlanta,6340.0,5,True
2020-06-27,GA,Atlanta,202.0,2,True
2020-06-28,GA,Atlanta,1263.0,2,True
2020-06-30,GA,Atlanta,1622.0,4,True
2020-07-01,GA,Atlanta,227.0,1,True
2020-07-02,GA,Atlanta,2240.0,6,True
2020-07-03,GA,Atlanta,3122.0,4,True
2020-07-04,GA,Atlanta,6853.0,5,True
2020-07-05,GA,Atlanta,0.0,3,True
2020-07-06,GA,Atlanta,2282.0,4,True
2020-07-07,GA,Atlanta,3497.0,3,True
2020-07-08,GA,Atlanta,3747.0,6,True
2020-07-09,GA,Atlanta,2073.0,5,True
2020-07-10,GA,Atlanta,3540.0,4,True
2020-07-11,GA,Atlanta,3501.0,5,True
2020-07-12,GA,Atlanta,3745.0,5,True
2020-07-13,GA,Atlanta,28.0,1,True
2020-07-14,GA,Atlanta,3404.0,3,True
2020-07-15,GA,Atlanta,5654.0,6,True
2020-07-16,GA,Atlanta,2532.0,2,True
2020-07-17,GA,Atlanta,2481.0,6,True
2020-07-18,GA,Atlanta,2834.0,3,True
2020-07-19,GA,Atlanta,153.0,1,True
2020-07-20,GA,Atlanta,3665.0,4,True
2020-07-21,GA,Atlanta,1750.0,3,True
2020-07-22,GA,Atlanta,936.0,5,True
2020-07-23,GA,Atlanta,1761.0,4,True
2020-07-24,GA,Atlanta,3113.0,4,True
2020-07-25,GA,Atlanta,1109.0,4,True
2020-07-26,GA,Atlanta,2620.0,5,True
2020-07-27,GA,Atlanta,3650.0,7,True
2020-07-28,GA,Atlanta,257.0,3,True
2020-07-29,GA,Atlanta,4296.0,7,True
2020-07-30,GA,Atlanta,1147.0,5,True
2020-07-31,GA,Atlanta,4429.0,3,True
2020-08-01,GA,Atlanta,2753.0,4,True
2020-08-02,GA,Atlanta,1137.0,3,True
2020-08-03,GA,Atlanta,2759.0,5,True
2020-08-04,GA,Atlanta,1101.0,6,True
2020-08-05,GA,Atlanta,1891.0,5,True
2020-08-06,GA,Atlanta,732.0,3,True
2020-08-07,GA,Atlanta,2001.0,5,True
2020-08-08,GA,Atlanta,741.0,2,True
2020-08-10,GA,Atlanta,2751.0,3,True
2020-08-11,GA,Atlanta,1338.0,5,True
2020-08-12,GA,Atlanta,351.0,4,True
2020-08-13,GA,Atlanta,3990.0,5,True
2020-08-14,GA,Atlanta,4199.0,9,True
2020-08-15,GA,Atlanta,1431.0,4,True
2020-08-16,GA,Atlanta,899.0,4,True
2020-08-17,GA,Atlanta,1089.0,3,True
2020-08-18,GA,Atlanta,3303.0,7,True
2020-08-19,GA,Atlanta,5821.0,6,True
2020-08-20,GA,Atlanta,1871.0,5,True
2020-08-21,GA,Atlanta,4351.0,7,True
2020-08-22,GA,Atlanta,2636.0,4,True
2020-08-23,GA,Atlanta,2902.0,3,True
2020-08-24,GA,Atlanta,1517.0,3,True
2020-08-25,GA,Atlanta,1445.0,2,True
2020-08-26,GA,Atlanta,3133.0,2,True
2020-08-27,GA,Atlanta,2292.0,3,True
2020-08-28,GA,Atlanta,4589.0,5,True
2020-08-29,GA,Atlanta,737.0,3,True
2020-08-30,GA,Atlanta,1837.0,3,True
2020-08-31,GA,Atlanta,3595.0,6,True
2020-09-01,GA,Atlanta,717.0,3,False
2020-09-02,GA,Atlanta,2321.0,2,False
2020-09-03,GA,Atlanta,3588.0,3,False
2020-09-04,GA,Atlanta,324.0,1,False
2020-09-05,GA,Atlanta,1710.0,3,False
2020-09-06,GA,Atlanta,5314.0,6,False
2020-09-07,GA,Atlanta,623.0,2,False
2020-09-08,GA,Atlanta,4130.0,5,False
2020-09-09,GA,Atlanta,11242.0,7,False
2020-09-10,GA,Atlanta,4762.0,5,False
2020-09-11,GA,Atlanta,2957.0,6,False
2020-09-12,GA,Atlanta,443.0,1,False
2020-09-13,GA,Atlanta,75.0,1,False
2020-09-14,GA,Atlanta,5319.0,6,False
2020-09-15,GA,Atlanta,58.0,1,False
2020-09-16,GA,Atlanta,2826.0,4,False
2020-09-17,GA,Atlanta,1347.0,5,False
2020-09-18,GA,Atlanta,1576.0,6,False
2020-09-20,GA,Atlanta,5100.0,6,False
2020-09-21,GA,Atlanta,1846.0,3,False
2020-09-22,GA,Atlanta,3813.0,5,False
2020-09-23,GA,Atlanta,1547.0,6,False
2020-09-24,GA,Atlanta,3394.0,3,False
2020-09-26,GA,Atlanta,2733.0,3,False
2020-09-27,GA,Atlanta,0.0,2,False
2020-09-28,GA,Atlanta,1568.0,8,False
2020-09-29,GA,Atlanta,2484.0,4,False
2020-09-30,GA,Atlanta,2558.0,4,False
2020-10-01,GA,Atlanta,2998.0,5,False
2020-10-02,GA,Atlanta,847.0,2,False
2020-10-03,GA,Atlanta,2312.0,2,False
2020-10-04,GA,Atlanta,4142.0,3,False
2020-10-05,GA,Atlanta,1278.0,7,False
2020-10-06,GA,Atlanta,7390.0,8,False
2020-10-07,GA,Atlanta,5881.0,10,False
2020-10-08,GA,Atlanta,4192.0,4,False
2020-10-09,GA,Atlanta,2801.0,7,False
2020-10-10,GA,Atlanta,15376.0,6,False
2020-10-11,GA,Atlanta,785.0,3,False
2020-10-12,GA,Atlanta,211.0,3,False
2020-10-13,GA,Atlanta,4836.0,4,False
2020-10-14,GA,Atlanta,1515.0,2,False
2020-10-15,GA,Atlanta,1495.0,4,False
2020-10-16,GA,Atlanta,1792.0,4,False
2020-10-17,GA,Atlanta,1532.0,3,False
2020-10-18,GA,Atlanta,2174.0,4,False
2020-10-19,GA,Atlanta,1277.0,5,False
2020-10-20,GA,Atlanta,1459.0,5,False
2020-10-21,GA,Atlanta,1304.0,5,False
2020-10-22,GA,Atlanta,10388.0,7,False
2020-10-23,GA,Atlanta,1487.0,4,False
2020-10-24,GA,Atlanta,6564.0,6,False
2020-10-25,GA,Atlanta,1151.0,5,False
2020-10-26,GA,Atlanta,1325.0,3,False
2020-10-27,GA,Atlanta,10677.0,8,False
2020-10-28,GA,Atlanta,5586.0,4,False
2020-10-29,GA,Atlanta,996.0,5,False
2020-10-30,GA,Atlanta,7959.0,6,False
2020-10-31,GA,Atlanta,1833.0,5,False
2020-11-01,GA,Atlanta,3725.0,7,False
2020-11-02,GA,Atlanta,1685.0,5,False
2020-11-03,GA,Atlanta,5450.0,6,False
2020-11-04,GA,Atlanta,2117.0,5,False
2020-11-05,GA,Atlanta,546.0,3,False
2020-11-06,GA,Atlanta,4587.0,4,False
2020-11-07,GA,Atlanta,18.0,1,False
2020-11-08,GA,Atlanta,8125.0,9,False
2020-11-09,GA,Atlanta,4765.0,3,False
2020-11-10,GA,Atlanta,3947.0,6,False
2020-11-11,GA,Atlanta,11736.0,7,False
2020-11-12,GA,Atlanta,3992.0,3,False
2020-11-13,GA,Atlanta,6635.0,5,False
2020-11-14,GA,Atlanta,3919.0,2,False
2020-11-15,GA,Atlanta,1869.0,4,False
2020-11-16,GA,Atlanta,3304.0,4,False
2020-11-17,GA,Atlanta,4637.0,3,False
2020-11-18,GA,Atlanta,2386.0,6,False
2020-11-19,GA,Atlanta,910.0,3,False
2020-11-20,GA,Atlanta,7698.0,4,False
2020-11-21,GA,Atlanta,1830.0,4,False
2020-11-22,GA,Atlanta,2125.0,4,False
2020-11-23,GA,Atlanta,1327.0,3,False
2020-11-24,GA,Atlanta,5906.0,7,False
2020-11-25,GA,Atlanta,4297.0,5,False
2020-11-26,GA,Atlanta,179.0,4,False
2020-11-27,GA,Atlanta,13913.0,9,False
2020-11-28,GA,Atlanta,837.0,4,False
2020-11-29,GA,Atlanta,1483.0,1,False
2020-11-30,GA,Atlanta,3794.0,4,False
2020-12-01,GA,Atlanta,1071.0,5,False
2020-12-02,GA,Atlanta,1815.0,2,False
2020-12-03,GA,Atlanta,1397.0,5,False
2020-12-04,GA,Atlanta,325.0,4,False
2020-12-05,GA,Atlanta,871.0,2,False
2020-12-06,GA,Atlanta,6271.0,7,False
2020-12-07,GA,Atlanta,4690.0,6,False
2020-12-08,GA,Atlanta,4130.0,6,False
2020-12-09,GA,Atlanta,1677.0,2,False
2020-12-10,GA,Atlanta,3264.0,5,False
2020-12-11,GA,Atlanta,8993.0,10,False
2020-12-12,GA,Atlanta,8238.0,7,False
2020-12-13,GA,Atlanta,3082.0,4,False
2020-12-14,GA,Atlanta,5762.0,6,False
2020-12-15,GA,Atlanta,3355.0,4,False
2020-12-16,GA,Atlanta,12071.0,5,False
2020-12-17,GA,Atlanta,2643.0,3,False
2020-12-18,GA,Atlanta,3475.0,4,False
2020-12-19,GA,Atlanta,2026.0,4,False
2020-12-20,GA,Atlanta,89.0,3,False
2020-12-21,GA,Atlanta,1507.0,2,False
2020-12-22,GA,Atlanta,1785.0,5,False
2020-12-23,GA,Atlanta,1233.0,5,False
2020-12-24,GA,Atlanta,305.0,1,False
2020-12-25,GA,Atlanta,1599.0,6,False
2020-12-26,GA,Atlanta,3470.0,4,False
2020-12-27,GA,Atlanta,1322.0,3,False
2020-12-28,GA,Atlanta,957.0,4,False
2020-12-29,GA,Atlanta,1519.0,3,False
2020-12-30,GA,Atlanta,123.0,1,False
2020-12-31,GA,Atlanta,7419.0,6,False
2021-01-01,GA,Atlanta,3027.0,5,False
2021-01-02,GA,Atlanta,3695.0,4,False
2021-01-03,GA,Atlanta,4204.0,3,False
2021-01-04,GA,Atlanta,653.0,4,False
2021-01-05,GA,Atlanta,2661.0,9,False
2021-01-06,GA,Atlanta,3008.0,5,False
2021-01-07,GA,Atlanta,4111.0,6,False
2021-01-08,GA,Atlanta,3220.0,5,False
2021-01-09,GA,Atlanta,10633.0,6,False
2021-01-10,GA,Atlanta,2982.0,5,False
2021-01-11,GA,Atlanta,901.0,2,False
2021-01-12,GA,Atlanta,3207.0,7,False
2021-01-13,GA,Atlanta,1603.0,3,False
2021-01-14,GA,Atlanta,1909.0,3,False
2021-01-15,GA,Atlanta,967.0,2,False
2021-01-16,GA,Atlanta,12347.0,8,False
2021-01-17,GA,Atlanta,3278.0,5,False
2021-01-18,GA,Atlanta,1356.0,3,False
2021-01-19,GA,Atlanta,679.0,5,False
2021-01-20,GA,Atlanta,460.0,4,False
2021-01-21,GA,Atlanta,89.0,2,False
2021-01-22,GA,Atlanta,683.0,1,False
2021-01-24,GA,Atlanta,6877.0,9,False
2021-01-25,GA,Atlanta,585.0,1,False
2021-01-26,GA,Atlanta,215.0,4,False
2021-01-27,GA,Atlanta,574.0,6,False
2021-01-28,GA,Atlanta,1181.0,3,False
2021-01-29,GA,Atlanta,15304.0,8,False
2021-01-30,GA,Atlanta,1061.0,5,False
2021-01-31,GA,Atlanta,2349.0,5,False
2021-02-01,GA,Atlanta,4973.0,5,False
2021-02-02,GA,Atlanta,2828.0,5,False
2021-02-03,GA,Atlanta,3673.0,6,False
2021-02-04,GA,Atlanta,4512.0,6,False
2021-02-05,GA,Atlanta,2983.0,5,False
2021-02-06,GA,Atlanta,1694.0,4,False
2021-02-07,GA,Atlanta,2527.0,7,False
2021-02-08,GA,Atlanta,1296.0,9,False
2021-02-09,GA,Atlanta,201.0,2,False
2021-02-10,GA,Atlanta,4065.0,7,False
2021-02-11,GA,Atlanta,3032.0,5,False
2021-02-12,GA,Atlanta,4072.0,3,False
2021-02-13,GA,Atlanta,2348.0,5,False
2021-02-14,GA,Atlanta,994.0,1,False
2021-02-15,GA,Atlanta,2428.0,7,False
2021-02-16,GA,Atlanta,1726.0,4,False
2021-02-17,GA,Atlanta,1324.0,4,False
2021-02-18,GA,Atlanta,2182.0,4,False
2021-02-19,GA,Atlanta,4087.0,8,False
2021-02-20,GA,Atlanta,1813.0,6,False
2021-02-21,GA,Atlanta,0.0,1,False
2021-02-22,GA,Atlanta,2365.0,2,False
2021-02-23,GA,Atlanta,2420.0,4,False
2021-02-24,GA,Atlanta,1369.0,4,False
2021-02-25,GA,Atlanta,4672.0,5,False
2021-02-26,GA,Atlanta,2927.0,7,False
2021-02-27,GA,Atlanta,9820.0,7,False
2021-02-28,GA,Atlanta,3272.0,3,False
2021-03-01,GA,Atlanta,1335.0,4,False
2021-03-02,GA,Atlanta,2925.0,5,False
2021-03-03,GA,Atlanta,543.0,2,False
2021-03-04,GA,Atlanta,15.0,1,False
2021-03-05,GA,Atlanta,3103.0,3,False
2021-03-06,GA,Atlanta,6279.0,9,False
2021-03-07,GA,Atlanta,1378.0,6,False
2021-03-08,GA,Atlanta,2795.0,3,False
2021-03-09,GA,Atlanta,510.0,5,False
2021-03-10,GA,Atlanta,3536.0,10,False
2021-03-11,GA,Atlanta,581.0,2,False
2021-03-12,GA,Atlanta,2619.0,4,False
2021-03-13,GA,Atlanta,694.0,3,False
2021-03-14,GA,Atlanta,1490.0,3,False
2021-03-15,GA,Atlanta,1110.0,3,False
2021-03-16,GA,Atlanta,2399.0,7,False
2021-03-17,GA,Atlanta,8054.0,5,False
2021-03-18,GA,Atlanta,1030.0,4,False
2021-03-19,GA,Atlanta,3906.0,5,False
2021-03-20,GA,Atlanta,1419.0,4,False
2021-03-21,GA,Atlanta,2082.0,4,False
2021-03-22,GA,Atlanta,2162.0,5,False
2021-03-23,GA,Atlanta,2035.0,6,False
2021-03-24,GA,Atlanta,1865.0,4,False
2021-03-25,GA,Atlanta,4031.0,3,False
2021-03-26,GA,Atlanta,2046.0,5,False
2021-03-27,GA,Atlanta,5027.0,3,False
2021-03-28,GA,Atlanta,3168.0,5,False
2021-03-29,GA,Atlanta,2140.0,3,False
2021-03-30,GA,Atlanta,1503.0,3,False
2021-03-31,GA,Atlanta,8516.0,11,False
2021-04-01,GA,Atlanta,4852.0,5,False
2021-04-02,GA,Atlanta,2298.0,1,False
2021-04-03,GA,Atlanta,4556.0,4,False
2021-04-05,GA,Atlanta,14345.0,3,False
2021-04-06,GA,Atlanta,2453.0,3,False
2021-04-07,GA,Atlanta,3947.0,4,False
2021-04-08,GA,Atlanta,5574.0,4,False
2021-04-09,GA,Atlanta,6710.0,4,False
2021-04-10,GA,Atlanta,1950.0,4,False
2021-04-11,GA,Atlanta,0.0,2,False
2021-04-12,GA,Atlanta,1907.0,5,False
2021-04-13,GA,Atlanta,1996.0,2,False
2021-04-14,GA,Atlanta,318.0,2,False
2021-04-15,GA,Atlanta,1600.0,2,False
2021-04-16,GA,Atlanta,1252.0,2,False
2021-04-17,GA,Atlanta,5180.0,3,False
2021-04-18,GA,Atlanta,1962.0,2,False
2021-04-19,GA,Atlanta,2056.0,6,False
2021-04-20,GA,Atlanta,82.0,1,False
2021-04-21,GA,Atlanta,5682.0,8,False
2021-04-22,GA,Atlanta,657.0,3,False
2021-04-23,GA,Atlanta,6984.0,4,False
2021-04-24,GA,Atlanta,566.0,3,False
2021-04-25,GA,Atlanta,9432.0,6,False
2021-04-26,GA,Atlanta,5425.0,8,False
2021-04-27,GA,Atlanta,4367.0,7,False
2021-04-28,GA,Atlanta,1810.0,5,False
2021-04-29,GA,Atlanta,2365.0,4,False
2021-04-30,GA,Atlanta,6415.0,6,False
2021-05-01,GA,Atlanta,651.0,5,False
2021-05-02,GA,Atlanta,845.0,2,False
2021-05-03,GA,Atlanta,1276.0,4,False
2021-05-04,GA,Atlanta,6893.0,8,False
2021-05-05,GA,Atlanta,4422.0,6,False
2021-05-06,GA,Atlanta,3515.0,7,False
2021-05-07,GA,Atlanta,1979.0,5,False
2021-05-08,GA,Atlanta,4724.0,4,False
2021-05-09,GA,Atlanta,0.0,2,False
2021-05-10,GA,Atlanta,4682.0,4,False
2021-05-11,GA,Atlanta,11642.0,8,False
2021-05-12,GA,Atlanta,7129.0,7,False
2021-05-13,GA,Atlanta,3499.0,5,False
2021-05-14,GA,Atlanta,2951.0,5,False
2021-05-15,GA,Atlanta,5539.0,6,False
2021-05-16,GA,Atlanta,3357.0,7,False
2021-05-17,GA,Atlanta,1160.0,4,False
2021-05-18,GA,Atlanta,1908.0,7,False
2021-05-19,GA,Atlanta,11140.0,6,False
2021-05-20,GA,Atlanta,6633.0,6,False
2021-05-21,GA,Atlanta,8085.0,12,False
2021-05-22,GA,Atlanta,3521.0,5,False
2021-05-23,GA,Atlanta,2954.0,4,False
2021-05-24,GA,Atlanta,3649.0,4,False
2021-05-25,GA,Atlanta,7937.0,5,False
2021-05-26,GA,Atlanta,3078.0,4,False
2021-05-27,GA,Atlanta,12677.0,3,False
2021-05-28,GA,Atlanta,2717.0,4,False
2021-05-29,GA,Atlanta,670.0,4,False
2021-05-30,GA,Atlanta,1136.0,3,False
2021-05-31,GA,Atlanta,1492.0,3,False
2021-06-01,GA,Atlanta,6224.0,4,True
2021-06-03,GA,Atlanta,1559.0,5,True
2021-06-04,GA,Atlanta,329.0,1,True
2021-06-05,GA,Atlanta,1181.0,6,True
2021-06-06,GA,Atlanta,2742.0,2,True
2021-06-07,GA,Atlanta,6816.0,9,True
2021-06-08,GA,Atlanta,3759.0,5,True
2021-06-09,GA,Atlanta,6029.0,4,True
2021-06-10,GA,Atlanta,5086.0,3,True
2021-06-11,GA,Atlanta,5680.0,4,True
2021-06-12,GA,Atlanta,1734.0,6,True
2021-06-13,GA,Atlanta,548.0,2,True
2021-06-14,GA,Atlanta,3009.0,5,True
2021-06-15,GA,Atlanta,1471.0,5,True
2021-06-16,GA,Atlanta,10815.0,6,True
2021-06-17,GA,Atlanta,2352.0,2,True
2021-06-18,GA,Atlanta,6649.0,7,True
2021-06-19,GA,Atlanta,2623.0,4,True
2021-06-20,GA,Atlanta,5320.0,8,True
2021-06-21,GA,Atlanta,1836.0,6,True
2021-06-22,GA,Atlanta,3263.0,9,True
2021-06-23,GA,Atlanta,7188.0,5,True
2021-06-24,GA,Atlanta,158.0,1,True
2021-06-25,GA,Atlanta,1897.0,5,True
2021-06-26,GA,Atlanta,963.0,4,True
2021-06-27,GA,Atlanta,8381.0,4,True
2021-06-28,GA,Atlanta,2873.0,4,True
2021-06-29,GA,Atlanta,1593.0,2,True
2021-06-30,GA,Atlanta,12709.0,9,True
2021-07-01,GA,Atlanta,1781.0,3,True
2021-07-02,GA,Atlanta,3969.0,4,True
2021-07-03,GA,Atlanta,213.0,1,True
2021-07-04,GA,Atlanta,23.0,3,True
2021-07-05,GA,Atlanta,1098.0,6,True
2021-07-06,GA,Atlanta,378.0,1,True
2021-07-07,GA,Atlanta,646.0,2,True
2021-07-08,GA,Atlanta,13602.0,7,True
2021-07-09,GA,Atlanta,3847.0,5,True
2021-07-10,GA,Atlanta,8924.0,8,True
2021-07-11,GA,Atlanta,0.0,3,True
2021-07-12,GA,Atlanta,1244.0,3,True
2021-07-13,GA,Atlanta,8392.0,4,True
2021-07-14,GA,Atlanta,3113.0,8,True
2021-07-15,GA,Atlanta,1860.0,6,True
2021-07-16,GA,Atlanta,5712.0,4,True
2021-07-17,GA,Atlanta,92.0,2,True
2021-07-18,GA,Atlanta,0.0,2,True
2021-07-19,GA,Atlanta,4505.0,6,True
2021-07-20,GA,Atlanta,599.0,1,True
2021-07-21,GA,Atlanta,1476.0,9,True
2021-07-22,GA,Atlanta,1241.0,3,True
2021-07-23,GA,Atlanta,9714.0,6,True
2021-07-24,GA,Atlanta,6147.0,4,True
2021-07-25,GA,Atlanta,2347.0,3,True
2021-07-26,GA,Atlanta,7256.0,8,True
2021-07-27,GA,Atlanta,2210.0,1,True
2021-07-28,GA,Atlanta,3617.0,3,True
2021-07-29,GA,Atlanta,4406.0,6,True
2021-07-30,GA,Atlanta,775.0,3,True
2021-07-31,GA,Atlanta,650.0,5,True
2021-08-01,GA,Atlanta,5826.0,7,True
2021-08-02,GA,Atlanta,529.0,4,True
2021-08-03,GA,Atlanta,2108.0,6,True
2021-08-04,GA,Atlanta,2521.0,3,True
2021-08-05,GA,Atlanta,2127.0,4,True
2021-08-07,GA,Atlanta,2702.0,5,True
2021-08-08,GA,Atlanta,1601.0,5,True
2021-08-09,GA,Atlanta,3205.0,3,True
2021-08-10,GA,Atlanta,2798.0,3,True
2021-08-11,GA,Atlanta,2155.0,3,True
2021-08-12,GA,Atlanta,1329.0,3,True
2021-08-13,GA,Atlanta,7260.0,5,True
2021-08-14,GA,Atlanta,3574.0,4,True
2021-08-15,GA,Atlanta,3218.0,6,True
2021-08-16,GA,Atlanta,1699.0,1,True
2021-08-17,GA,Atlanta,2890.0,6,True
2021-08-18,GA,Atlanta,2549.0,3,True
2021-08-19,GA,Atlanta,7631.0,5,True
2021-08-20,GA,Atlanta,6236.0,5,True
2021-08-21,GA,Atlanta,10272.0,6,True
2021-08-22,GA,Atlanta,2961.0,4,True
2021-08-23,GA,Atlanta,1343.0,4,True
2021-08-24,GA,Atlanta,4537.0,4,True
2021-08-25,GA,Atlanta,868.0,3,True
2021-08-26,GA,Atlanta,3813.0,4,True
2021-08-27,GA,Atlanta,5738.0,7,True
2021-08-28,GA,Atlanta,4974.0,4,True
2021-08-29,GA,Atlanta,28.0,3,True
2021-08-30,GA,Atlanta,658.0,4,True
2021-08-31,GA,Atlanta,175.0,3,True
2021-09-01,GA,Atlanta,3222.0,3,False
2021-09-02,GA,Atlanta,7900.0,8,False
2021-09-03,GA,Atlanta,5771.0,5,False
2021-09-04,GA,Atlanta,9825.0,7,False
2021-09-05,GA,Atlanta,3575.0,4,False
2021-09-06,GA,Atlanta,556.0,3,False
2021-09-07,GA,Atlanta,1708.0,4,False
2021-09-08,GA,Atlanta,65.0,1,False
2021-09-09,GA,Atlanta,3628.0,4,False
2021-09-10,GA,Atlanta,2499.0,4,False
2021-09-11,GA,Atlanta,4846.0,7,False
2021-09-12,GA,Atlanta,217.0,5,False
2021-09-13,GA,Atlanta,1174.0,4,False
2021-09-14,GA,Atlanta,1735.0,2,False
2021-09-15,GA,Atlanta,2585.0,6,False
2021-09-16,GA,Atlanta,4733.0,3,False
2021-09-17,GA,Atlanta,1064.0,3,False
2021-09-18,GA,Atlanta,3315.0,9,False
2021-09-19,GA,Atlanta,3945.0,4,False
2021-09-20,GA,Atlanta,922.0,4,False
2021-09-21,GA,Atlanta,3327.0,4,False
2021-09-22,GA,Atlanta,3672.0,3,False
2021-09-23,GA,Atlanta,3175.0,5,False
2021-09-24,GA,Atlanta,4671.0,5,False
2021-09-25,GA,Atlanta,4113.0,4,False
2021-09-26,GA,Atlanta,3360.0,5,False
2021-09-27,GA,Atlanta,3110.0,7,False
2021-09-28,GA,Atlanta,1463.0,2,False
2021-09-29,GA,Atlanta,2550.0,3,False
2021-09-30,GA,Atlanta,5258.0,5,False
2021-10-01,GA,Atlanta,1899.0,3,False
2021-10-02,GA,Atlanta,387.0,4,False
2021-10-03,GA,Atlanta,4422.0,5,False
2021-10-04,GA,Atlanta,3093.0,6,False
2021-10-05,GA,Atlanta,445.0,3,False
2021-10-07,GA,Atlanta,3918.0,4,False
2021-10-08,GA,Atlanta,1917.0,4,False
2021-10-09,GA,Atlanta,172.0,1,False
2021-10-10,GA,Atlanta,6683.0,2,False
2021-10-11,GA,Atlanta,4401.0,5,False
2021-10-12,GA,Atlanta,4759.0,4,False
2021-10-13,GA,Atlanta,800.0,3,False
2021-10-14,GA,Atlanta,631.0,6,False
2021-10-15,GA,Atlanta,1101.0,3,False
2021-10-16,GA,Atlanta,1244.0,2,False
2021-10-17,GA,Atlanta,676.0,4,False
2021-10-18,GA,Atlanta,1328.0,4,False
2021-10-19,GA,Atlanta,3180.0,3,False
2021-10-20,GA,Atlanta,531.0,3,False
2021-10-21,GA,Atlanta,4402.0,4,False
2021-10-22,GA,Atlanta,5336.0,3,False
2021-10-23,GA,Atlanta,644.0,2,False
2021-10-24,GA,Atlanta,729.0,6,False
2021-10-25,GA,Atlanta,1348.0,5,False
2021-10-26,GA,Atlanta,417.0,1,False
2021-10-27,GA,Atlanta,5247.0,5,False
2021-10-28,GA,Atlanta,181.0,2,False
2021-10-29,GA,Atlanta,5649.0,6,False
2021-10-30,GA,Atlanta,8224.0,7,False
2021-10-31,GA,Atlanta,0.0,2,False
2021-11-01,GA,Atlanta,8146.0,9,False
2021-11-02,GA,Atlanta,2790.0,6,False
2021-11-03,GA,Atlanta,2953.0,2,False
2021-11-04,GA,Atlanta,2201.0,2,False
2021-11-05,GA,Atlanta,9613.0,9,False
2021-11-06,GA,Atlanta,2327.0,5,False
2021-11-07,GA,Atlanta,2073.0,3,False
2021-11-08,GA,Atlanta,1467.0,7,False
2021-11-09,GA,Atlanta,862.0,2,False
2021-11-11,GA,Atlanta,5364.0,8,False
2021-11-12,GA,Atlanta,62.0,1,False
2021-11-13,GA,Atlanta,4017.0,1,False
2021-11-14,GA,Atlanta,1058.0,3,False
2021-11-15,GA,Atlanta,878.0,2,False
2021-11-16,GA,Atlanta,2931.0,5,False
2021-11-18,GA,Atlanta,570.0,4,False
2021-11-19,GA,Atlanta,254.0,2,False
2021-11-20,GA,Atlanta,783.0,2,False
2021-11-21,GA,Atlanta,0.0,1,False
2021-11-22,GA,Atlanta,929.0,5,False
2021-11-23,GA,Atlanta,174.0,1,False
2021-11-24,GA,Atlanta,3604.0,2,False
2021-11-26,GA,Atlanta,6317.0,8,False
2021-11-27,GA,Atlanta,1001.0,4,False
2021-11-28,GA,Atlanta,2600.0,8,False
2021-11-29,GA,Atlanta,3333.0,7,False
2021-11-30,GA,Atlanta,3377.0,7,False
2021-12-01,GA,Atlanta,433.0,1,False
2021-12-02,GA,Atlanta,4401.0,6,False
2021-12-03,GA,Atlanta,1237.0,4,False
2021-12-04,GA,Atlanta,458.0,1,False
2021-12-05,GA,Atlanta,2698.0,4,False
2021-12-06,GA,Atlanta,3353.0,2,False
2021-12-07,GA,Atlanta,195.0,3,False
2021-12-08,GA,Atlanta,820.0,5,False
2021-12-09,GA,Atlanta,5073.0,6,False
2021-12-10,GA,Atlanta,2755.0,4,False
2021-12-11,GA,Atlanta,1575.0,5,False
2021-12-12,GA,Atlanta,9132.0,7,False
2021-12-13,GA,Atlanta,4347.0,4,False
2021-12-14,GA,Atlanta,11821.0,6,False
2021-12-15,GA,Atlanta,1225.0,1,False
2021-12-16,GA,Atlanta,242.0,2,False
2021-12-17,GA,Atlanta,1712.0,3,False
2021-12-18,GA,Atlanta,2144.0,3,False
2021-12-19,GA,Atlanta,3467.0,5,False
2021-12-20,GA,Atlanta,5135.0,4,False
2021-12-21,GA,Atlanta,6462.0,6,False
2021-12-22,GA,Atlanta,5983.0,4,False
2021-12-23,GA,Atlanta,12870.0,8,False
2021-12-24,GA,Atlanta,5114.0,7,False
2021-12-25,GA,Atlanta,149.0,4,False
2021-12-26,GA,Atlanta,4447.0,3,False
2021-12-27,GA,Atlanta,2737.0,3,False
2021-12-28,GA,Atlanta,2347.0,6,False
2021-12-29,GA,Atlanta,5695.0,7,False
2021-12-30,GA,Atlanta,2798.0,3,False
2021-12-31,GA,Atlanta,1733.0,4,False
2022-01-01,GA,Atlanta,4032.0,6,False
2022-01-02,GA,Atlanta,1541.0,7,False
2022-01-03,GA,Atlanta,465.0,1,False
2022-01-04,GA,Atlanta,3832.0,6,False
2022-01-05,GA,Atlanta,1193.0,4,False
2022-01-06,GA,Atlanta,2667.0,6,False
2022-01-07,GA,Atlanta,2203.0,2,False
2022-01-08,GA,Atlanta,5304.0,5,False
2022-01-09,GA,Atlanta,2288.0,4,False
2022-01-11,GA,Atlanta,4055.0,7,False
2022-01-12,GA,Atlanta,3092.0,8,False
2022-01-13,GA,Atlanta,1911.0,3,False
2022-01-14,GA,Atlanta,2374.0,1,False
2022-01-15,GA,Atlanta,2483.0,5,False
2022-01-16,GA,Atlanta,1369.0,4,False
2022-01-17,GA,Atlanta,1933.0,2,False
2022-01-18,GA,Atlanta,536.0,7,False
2022-01-19,GA,Atlanta,2287.0,6,False
2022-01-20,GA,Atlanta,4448.0,7,False
2022-01-21,GA,Atlanta,295.0,2,False
2022-01-22,GA,Atlanta,26.0,3,False
2022-01-23,GA,Atlanta,5714.0,7,False
2022-01-24,GA,Atlanta,1792.0,3,False
2022-01-25,GA,Atlanta,1910.0,2,False
2022-01-26,GA,Atlanta,1470.0,7,False
2022-01-27,GA,Atlanta,1411.0,3,False
2022-01-28,GA,Atlanta,5463.0,7,False
2022-01-30,GA,Atlanta,1173.0,5,False
2022-01-31,GA,Atlanta,7598.0,4,False
2022-02-01,GA,Atlanta,3285.0,2,False
2022-02-02,GA,Atlanta,514.0,4,False
2022-02-04,GA,Atlanta,5805.0,4,False
2022-02-05,GA,Atlanta,2251.0,2,False
2022-02-06,GA,Atlanta,1143.0,5,False
2022-02-07,GA,Atlanta,4498.0,4,False
2022-02-08,GA,Atlanta,1855.0,3,False
2022-02-09,GA,Atlanta,4101.0,5,False
2022-02-10,GA,Atlanta,204.0,3,False
2022-02-11,GA,Atlanta,397.0,2,False
2022-02-12,GA,Atlanta,3904.0,2,False
2022-02-13,GA,Atlanta,3699.0,4,False
2022-02-14,GA,Atlanta,2594.0,7,False
2022-02-15,GA,Atlanta,2342.0,5,False
2022-02-16,GA,Atlanta,2727.0,4,False
2022-02-17,GA,Atlanta,1584.0,3,False
2022-02-18,GA,Atlanta,1012.0,6,False
2022-02-19,GA,Atlanta,4150.0,6,False
2022-02-20,GA,Atlanta,2140.0,5,False
2022-02-21,GA,Atlanta,4155.0,8,False
2022-02-22,GA,Atlanta,32.0,1,False
2022-02-23,GA,Atlanta,939.0,5,False
2022-02-24,GA,Atlanta,7248.0,9,False
2022-02-25,GA,Atlanta,264.0,1,False
2022-02-26,GA,Atlanta,744.0,3,False
2022-02-27,GA,Atlanta,3523.0,4,False
2022-02-28,GA,Atlanta,7054.0,5,False
2022-03-01,GA,Atlanta,12397.0,11,False
2022-03-02,GA,Atlanta,2374.0,1,False
2022-03-03,GA,Atlanta,6113.0,3,False
2022-03-04,GA,Atlanta,3170.0,6,False
2022-03-05,GA,Atlanta,3860.0,4,False
2022-03-06,GA,Atlanta,4229.0,4,False
2022-03-07,GA,Atlanta,2957.0,2,False
2022-03-08,GA,Atlanta,1382.0,2,False
2022-03-09,GA,Atlanta,781.0,4,False
2022-03-10,GA,Atlanta,2191.0,5,False
2022-03-11,GA,Atlanta,4453.0,3,False
2022-03-12,GA,Atlanta,4636.0,4,False
2022-03-13,GA,Atlanta,1732.0,2,False
2022-03-14,GA,Atlanta,1544.0,5,False
2022-03-15,GA,Atlanta,3039.0,7,False
2022-03-16,GA,Atlanta,12482.0,10,False
2022-03-17,GA,Atlanta,2526.0,3,False
2022-03-18,GA,Atlanta,3645.0,4,False
2022-03-19,GA,Atlanta,9107.0,4,False
2022-03-20,GA,Atlanta,1832.0,2,False
2022-03-21,GA,Atlanta,318.0,6,False
2022-03-22,GA,Atlanta,5497.0,7,False
2022-03-23,GA,Atlanta,355.0,2,False
2022-03-24,GA,Atlanta,1255.0,5,False
2022-03-25,GA,Atlanta,413.0,2,False
2022-03-26,GA,Atlanta,87.0,2,False
2022-03-27,GA,Atlanta,0.0,1,False
2022-03-28,GA,Atlanta,4436.0,5,False
2022-03-29,GA,Atlanta,1745.0,2,False
2022-03-30,GA,Atlanta,3087.0,6,False
2022-03-31,GA,Atlanta,2068.0,3,False
2022-04-01,GA,Atlanta,411.0,3,False
2022-04-02,GA,Atlanta,1544.0,5,False
2022-04-03,GA,Atlanta,12474.0,6,False
2022-04-04,GA,Atlanta,6420.0,8,False
2022-04-05,GA,Atlanta,7671.0,6,False
2022-04-06,GA,Atlanta,1560.0,7,False
2022-04-07,GA,Atlanta,1631.0,2,False
2022-04-08,GA,Atlanta,446.0,4,False
2022-04-09,GA,Atlanta,4782.0,6,False
2022-04-10,GA,Atlanta,3904.0,5,False
2022-04-11,GA,Atlanta,5247.0,5,False
2022-04-12,GA,Atlanta,947.0,3,False
2022-04-13,GA,Atlanta,2490.0,6,False
2022-04-14,GA,Atlanta,2830.0,7,False
2022-04-15,GA,Atlanta,3537.0,2,False
2022-04-16,GA,Atlanta,4306.0,5,False
2022-04-17,GA,Atlanta,419.0,5,False
2022-04-18,GA,Atlanta,1975.0,6,False
2022-04-19,GA,Atlanta,2399.0,3,False
2022-04-20,GA,Atlanta,2689.0,5,False
2022-04-21,GA,Atlanta,2952.0,4,False
2022-04-22,GA,Atlanta,7874.0,5,False
2022-04-23,GA,Atlanta,2291.0,4,False
2022-04-24,GA,Atlanta,2278.0,9,False
2022-04-25,GA,Atlanta,2971.0,6,False
2022-04-26,GA,Atlanta,1840.0,2,False
2022-04-27,GA,Atlanta,2451.0,7,False
2022-04-28,GA,Atlanta,1946.0,4,False
2022-04-29,GA,Atlanta,2157.0,7,False
2022-04-30,GA,Atlanta,2528.0,6,False
2022-05-01,GA,Atlanta,0.0,1,False
2022-05-02,GA,Atlanta,447.0,6,False
2022-05-03,GA,Atlanta,102.0,2,False
2022-05-04,GA,Atlanta,8982.0,7,False
2022-05-05,GA,Atlanta,1819.0,4,False
2022-05-06,GA,Atlanta,251.0,3,False
2022-05-07,GA,Atlanta,419.0,3,False
2022-05-08,GA,Atlanta,9.0,3,False
2022-05-09,GA,Atlanta,2739.0,4,False
2022-05-10,GA,Atlanta,1857.0,4,False
2022-05-11,GA,Atlanta,142.0,2,False
2022-05-12,GA,Atlanta,598.0,2,False
2022-05-13,GA,Atlanta,2256.0,5,False
2022-05-14,GA,Atlanta,4353.0,5,False
2022-05-15,GA,Atlanta,3886.0,6,False
2022-05-16,GA,Atlanta,967.0,3,False
2022-05-17,GA,Atlanta,1415.0,5,False
2022-05-18,GA,Atlanta,4415.0,6,False
2022-05-19,GA,Atlanta,4132.0,6,False
2022-05-20,GA,Atlanta,4557.0,5,False
2022-05-21,GA,Atlanta,1788.0,4,False
2022-05-22,GA,Atlanta,657.0,2,False
2022-05-23,GA,Atlanta,1705.0,2,False
2022-05-24,GA,Atlanta,530.0,4,False
2022-05-25,GA,Atlanta,10932.0,2,False
2022-05-26,GA,Atlanta,655.0,4,False
2022-05-27,GA,Atlanta,11537.0,8,False
2022-05-28,GA,Atlanta,3726.0,1,False
2022-05-29,GA,Atlanta,339.0,3,False
2022-05-30,GA,Atlanta,848.0,5,False
2022-05-31,GA,Atlanta,1126.0,3,False
2022-06-01,GA,Atlanta,302.0,3,True
2022-06-02,GA,Atlanta,9.0,1,True
2022-06-03,GA,Atlanta,11123.0,7,True
2022-06-04,GA,Atlanta,3376.0,6,True
2022-06-05,GA,Atlanta,0.0,2,True
2022-06-06,GA,Atlanta,2638.0,4,True
2022-06-07,GA,Atlanta,1981.0,5,True
2022-06-08,GA,Atlanta,2672.0,1,True
2022-06-09,GA,Atlanta,5365.0,5,True
2022-06-10,GA,Atlanta,3011.0,3,True
2022-06-11,GA,Atlanta,4264.0,4,True
2022-06-12,GA,Atlanta,243.0,2,True
2022-06-13,GA,Atlanta,4240.0,6,True
2022-06-14,GA,Atlanta,2393.0,6,True
2022-06-15,GA,Atlanta,1216.0,4,True
2022-06-16,GA,Atlanta,1184.0,5,True
2022-06-17,GA,Atlanta,3652.0,5,True
2022-06-18,GA,Atlanta,4747.0,7,True
2022-06-19,GA,Atlanta,10945.0,3,True
2022-06-20,GA,Atlanta,2243.0,4,True
2022-06-21,GA,Atlanta,134.0,3,True
2022-06-22,GA,Atlanta,3474.0,6,True
2022-06-23,GA,Atlanta,2781.0,2,True
2022-06-24,GA,Atlanta,1085.0,4,True
2022-06-25,GA,Atlanta,1518.0,5,True
2022-06-26,GA,Atlanta,2241.0,5,True
2022-06-27,GA,Atlanta,4883.0,3,True
2022-06-28,GA,Atlanta,742.0,2,True
2022-06-29,GA,Atlanta,4509.0,7,True
2022-06-30,GA,Atlanta,283.0,2,True
2022-07-01,GA,Atlanta,3809.0,5,True
2022-07-02,GA,Atlanta,543.0,1,True
2022-07-03,GA,Atlanta,2318.0,5,True
2022-07-04,GA,Atlanta,1494.0,6,True
2022-07-05,GA,Atlanta,5092.0,5,True
2022-07-06,GA,Atlanta,1896.0,4,True
2022-07-07,GA,Atlanta,1849.0,3,True
2022-07-08,GA,Atlanta,785.0,2,True
2022-07-09,GA,Atlanta,447.0,3,True
2022-07-10,GA,Atlanta,1939.0,7,True
2022-07-11,GA,Atlanta,1027.0,1,True
2022-07-12,GA,Atlanta,4380.0,3,True
2022-07-13,GA,Atlanta,1352.0,5,True
2022-07-14,GA,Atlanta,2956.0,8,True
2022-07-15,GA,Atlanta,396.0,1,True
2022-07-16,GA,Atlanta,2137.0,5,True
2022-07-17,GA,Atlanta,3191.0,6,True
2022-07-18,GA,Atlanta,26.0,1,True
2022-07-19,GA,Atlanta,604.0,4,True
2022-07-20,GA,Atlanta,3231.0,5,True
2022-07-21,GA,Atlanta,4995.0,9,True
2022-07-22,GA,Atlanta,1273.0,5,True
2022-07-23,GA,Atlanta,7676.0,6,True
2022-07-24,GA,Atlanta,785.0,3,True
2022-07-25,GA,Atlanta,951.0,3,True
2022-07-26,GA,Atlanta,1240.0,3,True
2022-07-27,GA,Atlanta,958.0,3,True
2022-07-28,GA,Atlanta,4534.0,4,True
2022-07-29,GA,Atlanta,1375.0,3,True
2022-07-30,GA,Atlanta,1233.0,3,True
2022-07-31,GA,Atlanta,0.0,2,True
2022-08-01,GA,Atlanta,1064.0,2,True
2022-08-02,GA,Atlanta,4008.0,6,True
2022-08-03,GA,Atlanta,3335.0,4,True
2022-08-04,GA,Atlanta,1939.0,5,True
2022-08-05,GA,Atlanta,1599.0,5,True
2022-08-06,GA,Atlanta,4390.0,4,True
2022-08-07,GA,Atlanta,11250.0,9,True
2022-08-08,GA,Atlanta,1732.0,3,True
2022-08-09,GA,Atlanta,1617.0,2,True
2022-08-10,GA,Atlanta,2857.0,7,True
2022-08-11,GA,Atlanta,2006.0,6,True
2022-08-12,GA,Atlanta,5987.0,10,True
2022-08-13,GA,Atlanta,1716.0,5,True
2022-08-14,GA,Atlanta,1119.0,2,True
2022-08-15,GA,Atlanta,1499.0,3,True
2022-08-16,GA,Atlanta,10629.0,5,True
2022-08-17,GA,Atlanta,14820.0,7,True
2022-08-18,GA,Atlanta,687.0,7,True
2022-08-19,GA,Atlanta,377.0,1,True
2022-08-20,GA,Atlanta,2787.0,4,True
2022-08-21,GA,Atlanta,5368.0,3,True
2022-08-22,GA,Atlanta,1306.0,2,True
2022-08-23,GA,Atlanta,590.0,2,True
2022-08-24,GA,Atlanta,584.0,4,True
2022-08-25,GA,Atlanta,1531.0,3,True
2022-08-26,GA,Atlanta,10.0,1,True
2022-08-27,GA,Atlanta,0.0,1,True
2022-08-28,GA,Atlanta,803.0,2,True
2022-08-29,GA,Atlanta,6876.0,6,True
2022-08-30,GA,Atlanta,1822.0,6,True
2022-08-31,GA,Atlanta,1375.0,4,True
2022-09-01,GA,Atlanta,696.0,2,False
2022-09-02,GA,Atlanta,2479.0,3,False
2022-09-03,GA,Atlanta,93.0,3,False
2022-09-04,GA,Atlanta,5450.0,7,False
2022-09-05,GA,Atlanta,3029.0,3,False
2022-09-06,GA,Atlanta,1107.0,2,False
2022-09-07,GA,Atlanta,121.0,3,False
2022-09-08,GA,Atlanta,6719.0,6,False
2022-09-09,GA,Atlanta,601.0,4,False
2022-09-10,GA,Atlanta,3182.0,3,False
2022-09-11,GA,Atlanta,5025.0,6,False
2022-09-12,GA,Atlanta,1063.0,7,False
2022-09-13,GA,Atlanta,1638.0,3,False
2022-09-14,GA,Atlanta,3863.0,5,False
2022-09-15,GA,Atlanta,46.0,1,False
2022-09-16,GA,Atlanta,6490.0,8,False
2022-09-17,GA,Atlanta,2961.0,5,False
2022-09-18,GA,Atlanta,2635.0,5,False
2022-09-19,GA,Atlanta,370.0,2,False
2022-09-20,GA,Atlanta,3128.0,3,False
2022-09-21,GA,Atlanta,577.0,2,False
2022-09-22,GA,Atlanta,1446.0,4,False
2022-09-23,GA,Atlanta,2292.0,2,False
2022-09-25,GA,Atlanta,2856.0,3,False
2022-09-26,GA,Atlanta,4575.0,5,False
2022-09-27,GA,Atlanta,1900.0,4,False
2022-09-28,GA,Atlanta,319.0,1,False
2022-09-29,GA,Atlanta,2946.0,7,False
2022-09-30,GA,Atlanta,699.0,2,False
2022-10-01,GA,Atlanta,12393.0,10,False
2022-10-02,GA,Atlanta,2022.0,4,False
2022-10-03,GA,Atlanta,1781.0,5,False
2022-10-04,GA,Atlanta,4362.0,8,False
2022-10-05,GA,Atlanta,1931.0,5,False
2022-10-06,GA,Atlanta,8920.0,4,False
2022-10-07,GA,Atlanta,2862.0,2,False
2022-10-08,GA,Atlanta,95.0,1,False
2022-10-09,GA,Atlanta,3337.0,5,False
2022-10-10,GA,Atlanta,9822.0,7,False
2022-10-11,GA,Atlanta,1446.0,2,False
2022-10-12,GA,Atlanta,2866.0,2,False
2022-10-13,GA,Atlanta,345.0,4,False
2022-10-14,GA,Atlanta,379.0,3,False
2022-10-15,GA,Atlanta,3738.0,5,False
2022-10-16,GA,Atlanta,124.0,2,False
2022-10-17,GA,Atlanta,4546.0,7,False
2022-10-18,GA,Atlanta,1570.0,4,False
2022-10-19,GA,Atlanta,379.0,3,False
2022-10-20,GA,Atlanta,3403.0,5,False
2022-10-21,GA,Atlanta,4261.0,5,False
2022-10-22,GA,Atlanta,4156.0,6,False
2022-10-23,GA,Atlanta,2280.0,3,False
2022-10-24,GA,Atlanta,2015.0,7,False
2022-10-25,GA,Atlanta,2166.0,4,False
2022-10-26,GA,Atlanta,4972.0,4,False
2022-10-27,GA,Atlanta,1828.0,4,False
2022-10-28,GA,Atlanta,1049.0,3,False
2022-10-29,GA,Atlanta,4992.0,5,False
2022-10-30,GA,Atlanta,3591.0,4,False
2022-10-31,GA,Atlanta,1605.0,2,False
2022-11-01,GA,Atlanta,683.0,6,False
2022-11-02,GA,Atlanta,785.0,2,False
2022-11-03,GA,Atlanta,3849.0,8,False
2022-11-04,GA,Atlanta,4058.0,9,False
2022-11-05,GA,Atlanta,5146.0,4,False
2022-11-06,GA,Atlanta,2956.0,4,False
2022-11-07,GA,Atlanta,271.0,2,False
2022-11-08,GA,Atlanta,465.0,3,False
2022-11-09,GA,Atlanta,387.0,5,False
2022-11-10,GA,Atlanta,2997.0,4,False
2022-11-11,GA,Atlanta,882.0,1,False
2022-11-12,GA,Atlanta,1498.0,7,False
2022-11-13,GA,Atlanta,833.0,5,False
2022-11-14,GA,Atlanta,1805.0,5,False
2022-11-15,GA,Atlanta,2323.0,4,False
2022-11-16,GA,Atlanta,5128.0,3,False
2022-11-17,GA,Atlanta,5464.0,2,False
2022-11-18,GA,Atlanta,1314.0,1,False
2022-11-19,GA,Atlanta,1074.0,1,False
2022-11-20,GA,Atlanta,0.0,2,False
2022-11-21,GA,Atlanta,1091.0,4,False
2022-11-22,GA,Atlanta,4576.0,6,False
2022-11-23,GA,Atlanta,3740.0,5,False
2022-11-24,GA,Atlanta,666.0,4,False
2022-11-25,GA,Atlanta,7006.0,3,False
2022-11-26,GA,Atlanta,2892.0,2,False
2022-11-27,GA,Atlanta,423.0,2,False
2022-11-28,GA,Atlanta,949.0,3,False
2022-11-29,GA,Atlanta,231.0,3,False
2022-11-30,GA,Atlanta,535.0,2,False
2022-12-01,GA,Atlanta,5260.0,6,False
2022-12-02,GA,Atlanta,2744.0,3,False
2022-12-03,GA,Atlanta,1205.0,5,False
2022-12-04,GA,Atlanta,2358.0,3,False
2022-12-05,GA,Atlanta,1856.0,6,False
2022-12-06,GA,Atlanta,2061.0,4,False
2022-12-07,GA,Atlanta,477.0,3,False
2022-12-08,GA,Atlanta,1602.0,4,False
2022-12-09,GA,Atlanta,1767.0,2,False
2022-12-10,GA,Atlanta,6433.0,7,False
2022-12-11,GA,Atlanta,4850.0,10,False
2022-12-12,GA,Atlanta,198.0,2,False
2022-12-13,GA,Atlanta,3317.0,5,False
2022-12-14,GA,Atlanta,4065.0,4,False
2022-12-15,GA,Atlanta,3605.0,4,False
2022-12-16,GA,Atlanta,701.0,3,False
2022-12-17,GA,Atlanta,6299.0,7,False
2022-12-18,GA,Atlanta,8814.0,7,False
2022-12-19,GA,Atlanta,1475.0,2,False
2022-12-20,GA,Atlanta,1867.0,2,False
2022-12-21,GA,Atlanta,5446.0,4,False
2022-12-22,GA,Atlanta,2062.0,2,False
2022-12-23,GA,Atlanta,3308.0,3,False
2022-12-24,GA,Atlanta,169.0,1,False
2022-12-25,GA,Atlanta,1700.0,5,False
2022-12-26,GA,Atlanta,10479.0,6,False
2022-12-27,GA,Atlanta,1502.0,5,False
2022-12-28,GA,Atlanta,428.0,2,False
2022-12-29,GA,Atlanta,7578.0,6,False
2022-12-30,GA,Atlanta,3558.0,6,False
2022-12-31,GA,Atlanta,1012.0,4,False
2023-01-01,GA,Atlanta,58.0,5,False
2023-01-02,GA,Atlanta,2397.0,2,False
2023-01-03,GA,Atlanta,3443.0,3,False
2023-01-04,GA,Atlanta,4788.0,9,False
2023-01-05,GA,Atlanta,3206.0,5,False
2023-01-06,GA,Atlanta,308.0,2,False
2023-01-07,GA,Atlanta,1393.0,3,False
2023-01-08,GA,Atlanta,1190.0,2,False
2023-01-09,GA,Atlanta,1783.0,4,False
2023-01-10,GA,Atlanta,2433.0,4,False
2023-01-11,GA,Atlanta,2060.0,4,False
2023-01-12,GA,Atlanta,2356.0,5,False
2023-01-13,GA,Atlanta,4016.0,4,False
2023-01-14,GA,Atlanta,5747.0,7,False
2023-01-15,GA,Atlanta,274.0,4,False
2023-01-16,GA,Atlanta,1188.0,3,False
2023-01-17,GA,Atlanta,5224.0,4,False
2023-01-18,GA,Atlanta,3100.0,4,False
2023-01-19,GA,Atlanta,4089.0,6,False
2023-01-20,GA,Atlanta,2190.0,7,False
2023-01-21,GA,Atlanta,665.0,2,False
2023-01-22,GA,Atlanta,376.0,5,False
2023-01-23,GA,Atlanta,1207.0,5,False
2023-01-24,GA,Atlanta,3080.0,3,False
2023-01-25,GA,Atlanta,679.0,6,False
2023-01-26,GA,Atlanta,103.0,1,False
2023-01-27,GA,Atlanta,121.0,2,False
2023-01-28,GA,Atlanta,14490.0,5,False
2023-01-29,GA,Atlanta,2357.0,2,False
2023-01-30,GA,Atlanta,1120.0,2,False
2023-01-31,GA,Atlanta,796.0,2,False
2023-02-01,GA,Atlanta,4966.0,6,False
2023-02-02,GA,Atlanta,2755.0,3,False
2023-02-03,GA,Atlanta,5795.0,5,False
2023-02-04,GA,Atlanta,3229.0,3,False
2023-02-05,GA,Atlanta,1327.0,5,False
2023-02-06,GA,Atlanta,2077.0,3,False
2023-02-07,GA,Atlanta,984.0,4,False
2023-02-08,GA,Atlanta,8051.0,7,False
2023-02-09,GA,Atlanta,12351.0,8,False
2023-02-10,GA,Atlanta,494.0,3,False
2023-02-11,GA,Atlanta,1460.0,1,False
2023-02-12,GA,Atlanta,3374.0,6,False
2023-02-13,GA,Atlanta,116.0,2,False
2023-02-14,GA,Atlanta,1947.0,6,False
2023-02-15,GA,Atlanta,1313.0,2,False
2023-02-16,GA,Atlanta,476.0,4,False
2023-02-17,GA,Atlanta,357.0,3,False
2023-02-18,GA,Atlanta,2308.0,2,False
2023-02-19,GA,Atlanta,1437.0,3,False
2023-02-20,GA,Atlanta,313.0,1,False
2023-02-21,GA,Atlanta,1150.0,3,False
2023-02-22,GA,Atlanta,2639.0,4,False
2023-02-23,GA,Atlanta,3026.0,5,False
2023-02-24,GA,Atlanta,5548.0,5,False
2023-02-25,GA,Atlanta,9858.0,6,False
2023-02-26,GA,Atlanta,4264.0,6,False
2023-02-27,GA,Atlanta,495.0,1,False
2023-02-28,GA,Atlanta,178.0,3,False
2023-03-01,GA,Atlanta,9465.0,6,False
2023-03-02,GA,Atlanta,2703.0,4,False
2023-03-03,GA,Atlanta,2820.0,5,False
2023-03-04,GA,Atlanta,8414.0,3,False
2023-03-05,GA,Atlanta,4874.0,4,False
2023-03-06,GA,Atlanta,2365.0,3,False
2023-03-08,GA,Atlanta,3855.0,3,False
2023-03-09,GA,Atlanta,2770.0,3,False
2023-03-10,GA,Atlanta,2896.0,3,False
2023-03-11,GA,Atlanta,3158.0,4,False
2023-03-12,GA,Atlanta,0.0,2,False
2023-03-13,GA,Atlanta,3499.0,3,False
2023-03-14,GA,Atlanta,686.0,3,False
2023-03-15,GA,Atlanta,4434.0,4,False
2023-03-16,GA,Atlanta,142.0,1,False
2023-03-17,GA,Atlanta,2372.0,5,False
2023-03-18,GA,Atlanta,9310.0,8,False
2023-03-19,GA,Atlanta,1465.0,1,False
2023-03-20,GA,Atlanta,992.0,6,False
2023-03-21,GA,Atlanta,6334.0,8,False
2023-03-22,GA,Atlanta,3441.0,5,False
2023-03-23,GA,Atlanta,11819.0,6,False
2023-03-24,GA,Atlanta,7751.0,6,False
2023-03-25,GA,Atlanta,7373.0,4,False
2023-03-26,GA,Atlanta,4665.0,5,False
2023-03-27,GA,Atlanta,1278.0,5,False
2023-03-28,GA,Atlanta,1689.0,6,False
2023-03-29,GA,Atlanta,3795.0,2,False
2023-03-30,GA,Atlanta,2781.0,6,False
2023-03-31,GA,Atlanta,3538.0,3,False
2023-04-01,GA,Atlanta,3088.0,4,False
2023-04-02,GA,Atlanta,2508.0,3,False
2023-04-03,GA,Atlanta,1317.0,7,False
2023-04-04,GA,Atlanta,1806.0,3,False
2023-04-05,GA,Atlanta,1963.0,7,False
2023-04-06,GA,Atlanta,1034.0,2,False
2023-04-07,GA,Atlanta,5951.0,6,False
2023-04-08,GA,Atlanta,4494.0,4,False
2023-04-09,GA,Atlanta,0.0,1,False
2023-04-10,GA,Atlanta,132.0,3,False
2023-04-11,GA,Atlanta,1952.0,4,False
2023-04-12,GA,Atlanta,2823.0,4,False
2023-04-13,GA,Atlanta,702.0,3,False
2023-04-14,GA,Atlanta,2711.0,4,False
2023-04-15,GA,Atlanta,3945.0,6,False
2023-04-16,GA,Atlanta,2500.0,6,False
2023-04-17,GA,Atlanta,9251.0,7,False
2023-04-19,GA,Atlanta,2559.0,2,False
2023-04-20,GA,Atlanta,7721.0,7,False
2023-04-21,GA,Atlanta,2911.0,1,False
2023-04-22,GA,Atlanta,19707.0,4,False
2023-04-23,GA,Atlanta,2347.0,3,False
2023-04-24,GA,Atlanta,299.0,1,False
2023-04-25,GA,Atlanta,2706.0,5,False
2023-04-26,GA,Atlanta,2363.0,7,False
2023-04-27,GA,Atlanta,2144.0,5,False
2023-04-28,GA,Atlanta,690.0,3,False
2023-04-29,GA,Atlanta,472.0,3,False
2023-04-30,GA,Atlanta,563.0,2,False
2023-05-01,GA,Atlanta,5925.0,3,False
2023-05-02,GA,Atlanta,4296.0,4,False
2023-05-03,GA,Atlanta,280.0,2,False
2023-05-04,GA,Atlanta,3020.0,4,False
2023-05-06,GA,Atlanta,1017.0,1,False
2023-05-07,GA,Atlanta,10570.0,4,False
2023-05-08,GA,Atlanta,600.0,5,False
2023-05-09,GA,Atlanta,3863.0,5,False
2023-05-10,GA,Atlanta,1069.0,2,False
2023-05-11,GA,Atlanta,6014.0,4,False
2023-05-12,GA,Atlanta,8012.0,5,False
2023-05-13,GA,Atlanta,2008.0,3,False
2023-05-14,GA,Atlanta,2098.0,4,False
2023-05-15,GA,Atlanta,6291.0,4,False
2023-05-16,GA,Atlanta,1271.0,2,False
2023-05-17,GA,Atlanta,3382.0,4,False
2023-05-18,GA,Atlanta,3764.0,4,False
2023-05-19,GA,Atlanta,464.0,2,False
2023-05-20,GA,Atlanta,1172.0,5,False
2023-05-21,GA,Atlanta,5824.0,7,False
2023-05-22,GA,Atlanta,2565.0,6,False
2023-05-23,GA,Atlanta,5511.0,6,False
2023-05-24,GA,Atlanta,105.0,2,False
2023-05-25,GA,Atlanta,2980.0,4,False
2023-05-26,GA,Atlanta,3707.0,5,False
2023-05-27,GA,Atlanta,9644.0,7,False
2023-05-28,GA,Atlanta,1474.0,3,False
2023-05-29,GA,Atlanta,1097.0,4,False
2023-05-30,GA,Atlanta,680.0,2,False
2023-05-31,GA,Atlanta,4570.0,4,False
2023-06-01,GA,Atlanta,152.0,3,True
2023-06-02,GA,Atlanta,2767.0,5,True
2023-06-03,GA,Atlanta,3524.0,4,True
2023-06-04,GA,Atlanta,1591.0,4,True
2023-06-05,GA,Atlanta,2471.0,7,True
2023-06-06,GA,Atlanta,1379.0,2,True
2023-06-07,GA,Atlanta,66.0,2,True
2023-06-08,GA,Atlanta,2385.0,5,True
2023-06-09,GA,Atlanta,5349.0,8,True
2023-06-10,GA,Atlanta,1361.0,3,True
2023-06-11,GA,Atlanta,242.0,2,True
2023-06-12,GA,Atlanta,4312.0,6,True
2023-06-13,GA,Atlanta,6337.0,6,True
2023-06-14,GA,Atlanta,1961.0,4,True
2023-06-15,GA,Atlanta,2570.0,4,True
2023-06-16,GA,Atlanta,1313.0,3,True
2023-06-17,GA,Atlanta,3007.0,6,True
2023-06-18,GA,Atlanta,130.0,4,True
2023-06-19,GA,Atlanta,199.0,3,True
2023-06-20,GA,Atlanta,951.0,3,True
2023-06-21,GA,Atlanta,244.0,2,True
2023-06-22,GA,Atlanta,1322.0,4,True
2023-06-23,GA,Atlanta,3159.0,3,True
2023-06-24,GA,Atlanta,1324.0,4,True
2023-06-25,GA,Atlanta,858.0,4,True
2023-06-26,GA,Atlanta,11101.0,6,True
2023-06-27,GA,Atlanta,2115.0,2,True
2023-06-28,GA,Atlanta,2510.0,3,True
2023-06-29,GA,Atlanta,7879.0,5,True
2023-06-30,GA,Atlanta,3704.0,4,True
2023-07-01,GA,Atlanta,2467.0,7,True
2023-07-02,GA,Atlanta,7123.0,5,True
2023-07-03,GA,Atlanta,5465.0,5,True
2023-07-04,GA,Atlanta,2947.0,5,True
2023-07-05,GA,Atlanta,4937.0,6,True
2023-07-06,GA,Atlanta,627.0,2,True
2023-07-07,GA,Atlanta,17874.0,5,True
2023-07-08,GA,Atlanta,0.0,2,True
2023-07-09,GA,Atlanta,2219.0,3,True
2023-07-10,GA,Atlanta,436.0,2,True
2023-07-11,GA,Atlanta,2536.0,5,True
2023-07-12,GA,Atlanta,7779.0,7,True
2023-07-13,GA,Atlanta,675.0,2,True
2023-07-14,GA,Atlanta,1134.0,6,True
2023-07-15,GA,Atlanta,941.0,3,True
2023-07-16,GA,Atlanta,5505.0,6,True
2023-07-17,GA,Atlanta,3263.0,4,True
2023-07-18,GA,Atlanta,405.0,1,True
2023-07-19,GA,Atlanta,6084.0,5,True
2023-07-20,GA,Atlanta,3700.0,10,True
2023-07-21,GA,Atlanta,3041.0,3,True
2023-07-22,GA,Atlanta,167.0,2,True
2023-07-23,GA,Atlanta,1705.0,6,True
2023-07-24,GA,Atlanta,1759.0,3,True
2023-07-25,GA,Atlanta,4067.0,4,True
2023-07-26,GA,Atlanta,4097.0,8,True
2023-07-27,GA,Atlanta,3663.0,5,True
2023-07-28,GA,Atlanta,9317.0,2,True
2023-07-29,GA,Atlanta,9849.0,7,True
2023-07-30,GA,Atlanta,0.0,1,True
2023-07-31,GA,Atlanta,2052.0,5,True
2023-08-01,GA,Atlanta,2033.0,3,True
2023-08-02,GA,Atlanta,1825.0,4,True
2023-08-03,GA,Atlanta,3203.0,5,True
2023-08-04,GA,Atlanta,2029.0,6,True
2023-08-05,GA,Atlanta,2012.0,3,True
2023-08-06,GA,Atlanta,3261.0,9,True
2023-08-07,GA,Atlanta,3885.0,5,True
2023-08-08,GA,Atlanta,951.0,5,True
2023-08-09,GA,Atlanta,6307.0,7,True
2023-08-10,GA,Atlanta,1684.0,3,True
2023-08-11,GA,Atlanta,2359.0,4,True
2023-08-12,GA,Atlanta,2407.0,3,True
2023-08-13,GA,Atlanta,1617.0,1,True
2023-08-14,GA,Atlanta,1533.0,5,True
2023-08-15,GA,Atlanta,1813.0,2,True
2023-08-16,GA,Atlanta,25.0,1,True
2023-08-17,GA,Atlanta,669.0,2,True
2023-08-18,GA,Atlanta,3524.0,6,True
2023-08-19,GA,Atlanta,905.0,4,True
2023-08-20,GA,Atlanta,2664.0,5,True
2023-08-21,GA,Atlanta,433.0,4,True
2023-08-22,GA,Atlanta,3007.0,6,True
2023-08-23,GA,Atlanta,3235.0,4,True
2023-08-24,GA,Atlanta,6523.0,5,True
2023-08-25,GA,Atlanta,1126.0,2,True
2023-08-26,GA,Atlanta,2791.0,2,True
2023-08-27,GA,Atlanta,499.0,2,True
2023-08-28,GA,Atlanta,259.0,2,True
2023-08-29,GA,Atlanta,3022.0,4,True
2023-08-30,GA,Atlanta,5151.0,5,True
2023-08-31,GA,Atlanta,3635.0,4,True
2023-09-01,GA,Atlanta,6728.0,6,False
2023-09-02,GA,Atlanta,6480.0,8,False
2023-09-03,GA,Atlanta,1564.0,3,False
2023-09-04,GA,Atlanta,3689.0,3,False
2023-09-05,GA,Atlanta,670.0,4,False
2023-09-06,GA,Atlanta,3228.0,3,False
2023-09-07,GA,Atlanta,688.0,4,False
2023-09-08,GA,Atlanta,4283.0,4,False
2023-09-09,GA,Atlanta,2225.0,4,False
2023-09-10,GA,Atlanta,1066.0,6,False
2023-09-11,GA,Atlanta,3123.0,7,False
2023-09-12,GA,Atlanta,76.0,2,False
2023-09-13,GA,Atlanta,1421.0,5,False
2023-09-14,GA,Atlanta,10945.0,10,False
2023-09-15,GA,Atlanta,530.0,5,False
2023-09-16,GA,Atlanta,3172.0,5,False
2023-09-17,GA,Atlanta,1058.0,2,False
2023-09-18,GA,Atlanta,679.0,2,False
2023-09-19,GA,Atlanta,2065.0,4,False
2023-09-20,GA,Atlanta,631.0,2,False
2023-09-21,GA,Atlanta,2000.0,5,False
2023-09-22,GA,Atlanta,10521.0,5,False
2023-09-23,GA,Atlanta,9341.0,5,False
2023-09-24,GA,Atlanta,3351.0,6,False
2023-09-25,GA,Atlanta,3170.0,5,False
2023-09-26,GA,Atlanta,1914.0,4,False
2023-09-27,GA,Atlanta,3259.0,2,False
2023-09-28,GA,Atlanta,1154.0,3,False
2023-09-29,GA,Atlanta,4017.0,4,False
2023-09-30,GA,Atlanta,6381.0,8,False
2023-10-01,GA,Atlanta,6701.0,8,False
2023-10-02,GA,Atlanta,1039.0,4,False
2023-10-03,GA,Atlanta,2503.0,7,False
2023-10-04,GA,Atlanta,3794.0,5,False
2023-10-05,GA,Atlanta,2312.0,3,False
2023-10-06,GA,Atlanta,2163.0,4,False
2023-10-07,GA,Atlanta,4710.0,5,False
2023-10-08,GA,Atlanta,803.0,3,False
2023-10-09,GA,Atlanta,1551.0,6,False
2023-10-10,GA,Atlanta,903.0,5,False
2023-10-11,GA,Atlanta,470.0,1,False
2023-10-13,GA,Atlanta,5841.0,5,False
2023-10-14,GA,Atlanta,2838.0,2,False
2023-10-15,GA,Atlanta,1853.0,4,False
2023-10-16,GA,Atlanta,697.0,4,False
2023-10-17,GA,Atlanta,2410.0,2,False
2023-10-18,GA,Atlanta,2770.0,8,False
2023-10-19,GA,Atlanta,3637.0,4,False
2023-10-20,GA,Atlanta,2031.0,1,False
2023-10-21,GA,Atlanta,2441.0,3,False
2023-10-22,GA,Atlanta,2270.0,3,False
2023-10-23,GA,Atlanta,555.0,2,False
2023-10-24,GA,Atlanta,1109.0,4,False
2023-10-25,GA,Atlanta,2654.0,3,False
2023-10-26,GA,Atlanta,5516.0,5,False
2023-10-27,GA,Atlanta,3140.0,3,False
2023-10-28,GA,Atlanta,5781.0,4,False
2023-10-29,GA,Atlanta,3930.0,7,False
2023-10-30,GA,Atlanta,3868.0,7,False
2023-10-31,GA,Atlanta,105.0,1,False
2023-11-01,GA,Atlanta,1168.0,4,False
2023-11-02,GA,Atlanta,2383.0,8,False
2023-11-03,GA,Atlanta,4466.0,6,False
2023-11-04,GA,Atlanta,6492.0,3,False
2023-11-05,GA,Atlanta,3994.0,8,False
2023-11-06,GA,Atlanta,86.0,1,False
2023-11-07,GA,Atlanta,2473.0,4,False
2023-11-08,GA,Atlanta,3675.0,7,False
2023-11-09,GA,Atlanta,3206.0,4,False
2023-11-10,GA,Atlanta,784.0,4,False
2023-11-11,GA,Atlanta,1049.0,5,False
2023-11-12,GA,Atlanta,259.0,3,False
2023-11-13,GA,Atlanta,2869.0,6,False
2023-11-14,GA,Atlanta,3172.0,4,False
2023-11-15,GA,Atlanta,217.0,3,False
2023-11-16,GA,Atlanta,2595.0,8,False
2023-11-17,GA,Atlanta,171.0,3,False
2023-11-18,GA,Atlanta,14364.0,4,False
2023-11-19,GA,Atlanta,5357.0,4,False
2023-11-20,GA,Atlanta,753.0,2,False
2023-11-21,GA,Atlanta,5134.0,5,False
2023-11-22,GA,Atlanta,4185.0,6,False
2023-11-23,GA,Atlanta,366.0,2,False
2023-11-24,GA,Atlanta,6061.0,4,False
2023-11-25,GA,Atlanta,2007.0,3,False
2023-11-26,GA,Atlanta,645.0,4,False
2023-11-27,GA,Atlanta,2412.0,5,False
2023-11-28,GA,Atlanta,495.0,2,False
2023-11-29,GA,Atlanta,1150.0,3,False
2023-11-30,GA,Atlanta,442.0,3,False
2023-12-01,GA,Atlanta,4450.0,8,False
2023-12-02,GA,Atlanta,625.0,2,False
2023-12-03,GA,Atlanta,185.0,2,False
2023-12-04,GA,Atlanta,3211.0,4,False
2023-12-05,GA,Atlanta,2683.0,2,False
2023-12-06,GA,Atlanta,3377.0,3,False
2023-12-07,GA,Atlanta,1504.0,2,False
2023-12-08,GA,Atlanta,1714.0,1,False
2023-12-09,GA,Atlanta,6338.0,5,False
2023-12-10,GA,Atlanta,2579.0,4,False
2023-12-11,GA,Atlanta,500.0,3,False
2023-12-12,GA,Atlanta,2107.0,5,False
2023-12-13,GA,Atlanta,6070.0,7,False
2023-12-14,GA,Atlanta,1610.0,4,False
2023-12-15,GA,Atlanta,4314.0,10,False
2023-12-16,GA,Atlanta,2256.0,4,False
2023-12-17,GA,Atlanta,4322.0,7,False
2023-12-18,GA,Atlanta,1626.0,6,False
2023-12-19,GA,Atlanta,140.0,1,False
2023-12-20,GA,Atlanta,2462.0,4,False
2023-12-21,GA,Atlanta,4241.0,3,False
2023-12-22,GA,Atlanta,7073.0,5,False
2023-12-23,GA,Atlanta,828.0,6,False
2023-12-24,GA,Atlanta,2906.0,5,False
2023-12-25,GA,Atlanta,540.0,4,False
2023-12-26,GA,Atlanta,714.0,4,False
2023-12-27,GA,Atlanta,2946.0,8,False
2023-12-28,GA,Atlanta,851.0,2,False
2023-12-29,GA,Atlanta,2774.0,4,False
2023-12-30,GA,Atlanta,5633.0,6,False
2023-12-31,GA,Atlanta,1853.0,4,False
2024-01-01,GA,Atlanta,212.0,4,False
2024-01-02,GA,Atlanta,294.0,3,False
2024-01-03,GA,Atlanta,1500.0,3,False
2024-01-05,GA,Atlanta,9585.0,6,False
2024-01-06,GA,Atlanta,2986.0,5,False
2024-01-07,GA,Atlanta,24.0,2,False
2024-01-08,GA,Atlanta,397.0,3,False
2024-01-09,GA,Atlanta,4181.0,7,False
2024-01-10,GA,Atlanta,1602.0,5,False
2024-01-11,GA,Atlanta,2207.0,4,False
2024-01-12,GA,Atlanta,4747.0,6,False
2024-01-13,GA,Atlanta,4612.0,5,False
2024-01-14,GA,Atlanta,5923.0,7,False
2024-01-15,GA,Atlanta,3923.0,5,False
2024-01-16,GA,Atlanta,1007.0,7,False
2024-01-17,GA,Atlanta,1633.0,5,False
2024-01-18,GA,Atlanta,3085.0,4,False
2024-01-20,GA,Atlanta,5111.0,5,False
2024-01-21,GA,Atlanta,6674.0,6,False
2024-01-22,GA,Atlanta,1029.0,3,False
2024-01-23,GA,Atlanta,1103.0,5,False
2024-01-24,GA,Atlanta,213.0,1,False
2024-01-25,GA,Atlanta,5531.0,4,False
2024-01-26,GA,Atlanta,3680.0,6,False
2024-01-27,GA,Atlanta,584.0,2,False
2024-01-28,GA,Atlanta,5441.0,5,False
2024-01-29,GA,Atlanta,1972.0,2,False
2024-01-30,GA,Atlanta,68.0,1,False
2024-01-31,GA,Atlanta,2090.0,3,False
2024-02-01,GA,Atlanta,1465.0,4,False
2024-02-02,GA,Atlanta,6267.0,3,False
2024-02-03,GA,Atlanta,1096.0,4,False
2024-02-04,GA,Atlanta,2615.0,2,False
2024-02-05,GA,Atlanta,919.0,4,False
2024-02-06,GA,Atlanta,3976.0,6,False
2024-02-07,GA,Atlanta,464.0,3,False
2024-02-08,GA,Atlanta,1513.0,6,False
2024-02-09,GA,Atlanta,3300.0,4,False
2024-02-10,GA,Atlanta,7244.0,4,False
2024-02-11,GA,Atlanta,1403.0,4,False
2024-02-12,GA,Atlanta,2327.0,8,False
2024-02-13,GA,Atlanta,1122.0,6,False
2024-02-14,GA,Atlanta,901.0,4,False
2024-02-15,GA,Atlanta,219.0,3,False
2024-02-16,GA,Atlanta,3564.0,5,False
2024-02-17,GA,Atlanta,2178.0,6,False
2024-02-18,GA,Atlanta,2552.0,5,False
2024-02-19,GA,Atlanta,2641.0,6,False
2024-02-20,GA,Atlanta,3797.0,8,False
2024-02-21,GA,Atlanta,2763.0,4,False
2024-02-22,GA,Atlanta,988.0,2,False
2024-02-23,GA,Atlanta,3596.0,4,False
2024-02-24,GA,Atlanta,2409.0,2,False
2024-02-25,GA,Atlanta,3686.0,4,False
2024-02-26,GA,Atlanta,123.0,3,False
2024-02-27,GA,Atlanta,1807.0,3,False
2024-02-28,GA,Atlanta,3636.0,5,False
2024-02-29,GA,Atlanta,838.0,1,False
2024-03-01,GA,Atlanta,5512.0,6,False
2024-03-02,GA,Atlanta,9528.0,5,False
2024-03-03,GA,Atlanta,3981.0,7,False
2024-03-04,GA,Atlanta,3756.0,5,False
2024-03-05,GA,Atlanta,2254.0,4,False
2024-03-06,GA,Atlanta,4319.0,8,False
2024-03-07,GA,Atlanta,3794.0,5,False
2024-03-08,GA,Atlanta,2303.0,1,False
2024-03-09,GA,Atlanta,2395.0,2,False
2024-03-10,GA,Atlanta,1489.0,3,False
2024-03-11,GA,Atlanta,4263.0,9,False
2024-03-12,GA,Atlanta,3120.0,3,False
2024-03-13,GA,Atlanta,1004.0,2,False
2024-03-14,GA,Atlanta,1868.0,5,False
2024-03-15,GA,Atlanta,923.0,2,False
2024-03-16,GA,Atlanta,3496.0,3,False
2024-03-17,GA,Atlanta,156.0,1,False
2024-03-18,GA,Atlanta,1414.0,5,False
2024-03-19,GA,Atlanta,2256.0,3,False
2024-03-20,GA,Atlanta,1709.0,1,False
2024-03-21,GA,Atlanta,5248.0,7,False
2024-03-22,GA,Atlanta,213.0,1,False
2024-03-23,GA,Atlanta,941.0,4,False
2024-03-24,GA,Atlanta,505.0,4,False
2024-03-25,GA,Atlanta,3703.0,5,False
2024-03-26,GA,Atlanta,1773.0,5,False
2024-03-27,GA,Atlanta,289.0,4,False
2024-03-28,GA,Atlanta,3343.0,1,False
2024-03-29,GA,Atlanta,7605.0,5,False
2024-03-30,GA,Atlanta,1942.0,3,False
2024-03-31,GA,Atlanta,2317.0,9,False
2024-04-01,GA,Atlanta,3781.0,7,False
2024-04-02,GA,Atlanta,1877.0,4,False
2024-04-03,GA,Atlanta,2141.0,3,False
2024-04-04,GA,Atlanta,1150.0,5,False
2024-04-05,GA,Atlanta,1439.0,2,False
2024-04-06,GA,Atlanta,897.0,4,False
2024-04-07,GA,Atlanta,5655.0,7,False
2024-04-08,GA,Atlanta,2466.0,5,False
2024-04-09,GA,Atlanta,1097.0,4,False
2024-04-10,GA,Atlanta,146.0,2,False
2024-04-11,GA,Atlanta,2371.0,4,False
2024-04-12,GA,Atlanta,2155.0,7,False
2024-04-13,GA,Atlanta,4215.0,3,False
2024-04-14,GA,Atlanta,825.0,4,False
2024-04-15,GA,Atlanta,4127.0,5,False
2024-04-16,GA,Atlanta,4360.0,5,False
2024-04-17,GA,Atlanta,1834.0,7,False
2024-04-18,GA,Atlanta,3040.0,6,False
2024-04-19,GA,Atlanta,3227.0,2,False
2024-04-20,GA,Atlanta,15756.0,4,False
2024-04-21,GA,Atlanta,5027.0,4,False
2024-04-22,GA,Atlanta,3094.0,5,False
2024-04-23,GA,Atlanta,458.0,3,False
2024-04-24,GA,Atlanta,4181.0,5,False
2024-04-25,GA,Atlanta,2496.0,5,False
2024-04-26,GA,Atlanta,1457.0,3,False
2024-04-27,GA,Atlanta,2695.0,1,False
2024-04-28,GA,Atlanta,5912.0,8,False
2024-04-29,GA,Atlanta,916.0,5,False
2024-04-30,GA,Atlanta,2553.0,3,False
2024-05-01,GA,Atlanta,4858.0,6,False
2024-05-02,GA,Atlanta,1414.0,4,False
2024-05-03,GA,Atlanta,1184.0,3,False
2024-05-04,GA,Atlanta,1352.0,5,False
2024-05-05,GA,Atlanta,17.0,2,False
2024-05-06,GA,Atlanta,2803.0,6,False
2024-05-07,GA,Atlanta,4408.0,2,False
2024-05-08,GA,Atlanta,2976.0,5,False
2024-05-09,GA,Atlanta,5760.0,6,False
2024-05-10,GA,Atlanta,291.0,4,False
2024-05-11,GA,Atlanta,119.0,1,False
2024-05-12,GA,Atlanta,829.0,4,False
2024-05-13,GA,Atlanta,3580.0,7,False
2024-05-14,GA,Atlanta,53.0,3,False
2024-05-15,GA,Atlanta,1127.0,3,False
2024-05-16,GA,Atlanta,716.0,4,False
2024-05-17,GA,Atlanta,4185.0,5,False
2024-05-18,GA,Atlanta,3582.0,5,False
2024-05-19,GA,Atlanta,958.0,3,False
2024-05-20,GA,Atlanta,482.0,3,False
2024-05-21,GA,Atlanta,3166.0,8,False
2024-05-22,GA,Atlanta,2687.0,7,False
2024-05-23,GA,Atlanta,1354.0,5,False
2024-05-24,GA,Atlanta,6245.0,8,False
2024-05-25,GA,Atlanta,1114.0,4,False
2024-05-26,GA,Atlanta,17.0,1,False
2024-05-27,GA,Atlanta,726.0,1,False
2024-05-28,GA,Atlanta,2496.0,3,False
2024-05-29,GA,Atlanta,6847.0,9,False
2024-05-30,GA,Atlanta,1787.0,5,False
2024-05-31,GA,Atlanta,1633.0,3,False
2024-06-01,GA,Atlanta,4691.0,6,True
2024-06-02,GA,Atlanta,1002.0,3,True
2024-06-03,GA,Atlanta,2728.0,5,True
2024-06-04,GA,Atlanta,3329.0,4,True
2024-06-05,GA,Atlanta,4704.0,3,True
2024-06-06,GA,Atlanta,832.0,4,True
2024-06-07,GA,Atlanta,7315.0,5,True
2024-06-08,GA,Atlanta,4551.0,5,True
2024-06-09,GA,Atlanta,1466.0,3,True
2024-06-10,GA,Atlanta,1237.0,6,True
2024-06-11,GA,Atlanta,292.0,3,True
2024-06-12,GA,Atlanta,1319.0,4,True
2024-06-13,GA,Atlanta,3952.0,4,True
2024-06-14,GA,Atlanta,8538.0,8,True
2024-06-15,GA,Atlanta,108.0,1,True
2024-06-16,GA,Atlanta,1737.0,5,True
2024-06-17,GA,Atlanta,288.0,2,True
2024-06-18,GA,Atlanta,3105.0,6,True
2024-06-19,GA,Atlanta,2614.0,4,True
2024-06-20,GA,Atlanta,2864.0,3,True
2024-06-21,GA,Atlanta,415.0,2,True
2024-06-22,GA,Atlanta,1961.0,2,True
2024-06-23,GA,Atlanta,2564.0,7,True
2024-06-24,GA,Atlanta,2833.0,3,True
2024-06-25,GA,Atlanta,692.0,4,True
2024-06-26,GA,Atlanta,18.0,1,True
2024-06-27,GA,Atlanta,62.0,1,True
2024-06-28,GA,Atlanta,4327.0,6,True
2024-06-29,GA,Atlanta,1671.0,4,True
2024-06-30,GA,Atlanta,152.0,3,True
2024-07-01,GA,Atlanta,5443.0,7,True
2024-07-02,GA,Atlanta,77.0,2,True
2024-07-03,GA,Atlanta,4329.0,6,True
2024-07-04,GA,Atlanta,1776.0,3,True
2024-07-05,GA,Atlanta,5597.0,6,True
2024-07-06,GA,Atlanta,1265.0,2,True
2024-07-07,GA,Atlanta,0.0,4,True
2024-07-08,GA,Atlanta,3541.0,6,True
2024-07-09,GA,Atlanta,702.0,2,True
2024-07-10,GA,Atlanta,2405.0,6,True
2024-07-11,GA,Atlanta,4688.0,3,True
2024-07-12,GA,Atlanta,5423.0,7,True
2024-07-13,GA,Atlanta,1734.0,4,True
2024-07-14,GA,Atlanta,5691.0,6,True
2024-07-15,GA,Atlanta,346.0,3,True
2024-07-16,GA,Atlanta,2808.0,4,True
2024-07-17,GA,Atlanta,957.0,3,True
2024-07-19,GA,Atlanta,887.0,2,True
2024-07-20,GA,Atlanta,1789.0,5,True
2024-07-21,GA,Atlanta,7341.0,6,True
2024-07-22,GA,Atlanta,4610.0,5,True
2024-07-23,GA,Atlanta,2582.0,3,True
2024-07-24,GA,Atlanta,23.0,1,True
2024-07-25,GA,Atlanta,1094.0,1,True
2024-07-26,GA,Atlanta,3211.0,3,True
2024-07-27,GA,Atlanta,7891.0,5,True
2024-07-28,GA,Atlanta,16836.0,6,True
2024-07-29,GA,Atlanta,4017.0,8,True
2024-07-30,GA,Atlanta,2547.0,3,True
2024-07-31,GA,Atlanta,3716.0,4,True
2024-08-01,GA,Atlanta,3004.0,3,True
2024-08-02,GA,Atlanta,2196.0,3,True
2024-08-03,GA,Atlanta,4478.0,5,True
2024-08-04,GA,Atlanta,9927.0,3,True
2024-08-05,GA,Atlanta,553.0,5,True
2024-08-06,GA,Atlanta,1946.0,7,True
2024-08-07,GA,Atlanta,1547.0,5,True
2024-08-08,GA,Atlanta,2225.0,5,True
2024-08-09,GA,Atlanta,3886.0,5,True
2024-08-10,GA,Atlanta,5797.0,7,True
2024-08-11,GA,Atlanta,2284.0,4,True
2024-08-12,GA,Atlanta,1769.0,5,True
2024-08-13,GA,Atlanta,24.0,1,True
2024-08-14,GA,Atlanta,2076.0,3,True
2024-08-15,GA,Atlanta,8791.0,8,True
2024-08-16,GA,Atlanta,453.0,2,True
2024-08-17,GA,Atlanta,833.0,3,True
2024-08-18,GA,Atlanta,2789.0,5,True
2024-08-19,GA,Atlanta,321.0,3,True
2024-08-20,GA,Atlanta,1440.0,4,True
2024-08-21,GA,Atlanta,4356.0,6,True
2024-08-22,GA,Atlanta,1395.0,2,True
2024-08-23,GA,Atlanta,348.0,4,True
2024-08-24,GA,Atlanta,2983.0,3,True
2024-08-25,GA,Atlanta,3599.0,2,True
2024-08-26,GA,Atlanta,782.0,3,True
2024-08-27,GA,Atlanta,2732.0,4,True
2024-08-28,GA,Atlanta,4120.0,6,True
2024-08-29,GA,Atlanta,2302.0,5,True
2024-08-30,GA,Atlanta,729.0,2,True
2024-08-31,GA,Atlanta,8430.0,8,True
2024-09-01,GA,Atlanta,6615.0,6,False
2024-09-02,GA,Atlanta,3235.0,3,False
2024-09-03,GA,Atlanta,284.0,4,False
2024-09-04,GA,Atlanta,1353.0,5,False
2024-09-05,GA,Atlanta,3544.0,5,False
2024-09-06,GA,Atlanta,6803.0,8,False
2024-09-07,GA,Atlanta,5330.0,5,False
2024-09-08,GA,Atlanta,6322.0,9,False
2024-09-09,GA,Atlanta,1470.0,5,False
2024-09-10,GA,Atlanta,7287.0,9,False
2024-09-11,GA,Atlanta,2615.0,4,False
2024-09-12,GA,Atlanta,909.0,1,False
2024-09-13,GA,Atlanta,2632.0,3,False
2024-09-14,GA,Atlanta,12838.0,7,False
2024-09-15,GA,Atlanta,4435.0,7,False
2024-09-16,GA,Atlanta,4595.0,7,False
2024-09-17,GA,Atlanta,238.0,2,False
2024-09-18,GA,Atlanta,766.0,1,False
2024-09-19,GA,Atlanta,2294.0,3,False
2024-09-20,GA,Atlanta,1050.0,2,False
2024-09-21,GA,Atlanta,4023.0,5,False
2024-09-22,GA,Atlanta,475.0,2,False
2024-09-23,GA,Atlanta,3047.0,5,False
2024-09-24,GA,Atlanta,1580.0,5,False
2024-09-25,GA,Atlanta,3575.0,2,False
2024-09-26,GA,Atlanta,1976.0,5,False
2024-09-27,GA,Atlanta,833.0,3,False
2024-09-28,GA,Atlanta,4267.0,10,False
2024-09-29,GA,Atlanta,1095.0,2,False
2024-09-30,GA,Atlanta,322.0,5,False
2024-10-01,GA,Atlanta,3486.0,4,False
2024-10-02,GA,Atlanta,1341.0,4,False
2024-10-03,GA,Atlanta,6176.0,8,False
2024-10-04,GA,Atlanta,458.0,3,False
2024-10-05,GA,Atlanta,4546.0,8,False
2024-10-06,GA,Atlanta,2040.0,7,False
2024-10-07,GA,Atlanta,3350.0,4,False
2024-10-08,GA,Atlanta,2917.0,7,False
2024-10-09,GA,Atlanta,10359.0,2,False
2024-10-10,GA,Atlanta,2623.0,6,False
2024-10-11,GA,Atlanta,3853.0,3,False
2024-10-12,GA,Atlanta,4353.0,4,False
2024-10-13,GA,Atlanta,4665.0,10,False
2024-10-14,GA,Atlanta,8764.0,9,False
2024-10-15,GA,Atlanta,3409.0,6,False
2024-10-16,GA,Atlanta,880.0,5,False
2024-10-17,GA,Atlanta,2290.0,3,False
2024-10-18,GA,Atlanta,5267.0,3,False
2024-10-19,GA,Atlanta,4246.0,7,False
2024-10-20,GA,Atlanta,3812.0,6,False
2024-10-21,GA,Atlanta,2462.0,4,False
2024-10-22,GA,Atlanta,3745.0,7,False
2024-10-23,GA,Atlanta,3469.0,2,False
2024-10-24,GA,Atlanta,5119.0,4,False
2024-10-25,GA,Atlanta,1194.0,5,False
2024-10-26,GA,Atlanta,4733.0,4,False
2024-10-27,GA,Atlanta,3295.0,3,False
2024-10-28,GA,Atlanta,2798.0,6,False
2024-10-29,GA,Atlanta,2315.0,8,False
2024-10-30,GA,Atlanta,1300.0,4,False
2024-10-31,GA,Atlanta,275.0,3,False
2024-11-01,GA,Atlanta,5654.0,3,False
2024-11-02,GA,Atlanta,1472.0,4,False
2024-11-03,GA,Atlanta,1480.0,3,False
2024-11-04,GA,Atlanta,8669.0,3,False
2024-11-05,GA,Atlanta,57.0,1,False
2024-11-06,GA,Atlanta,3746.0,8,False
2024-11-07,GA,Atlanta,2339.0,4,False
2024-11-08,GA,Atlanta,8468.0,8,False
2024-11-09,GA,Atlanta,1439.0,2,False
2024-11-10,GA,Atlanta,2430.0,5,False
2024-11-11,GA,Atlanta,2334.0,3,False
2024-11-12,GA,Atlanta,1914.0,6,False
2024-11-13,GA,Atlanta,1053.0,2,False
2024-11-14,GA,Atlanta,387.0,2,False
2024-11-15,GA,Atlanta,2720.0,2,False
2024-11-16,GA,Atlanta,507.0,1,False
2024-11-17,GA,Atlanta,3278.0,4,False
2024-11-18,GA,Atlanta,9409.0,5,False
2024-11-19,GA,Atlanta,5921.0,4,False
2024-11-20,GA,Atlanta,3721.0,7,False
2024-11-21,GA,Atlanta,10402.0,3,False
2024-11-22,GA,Atlanta,5671.0,4,False
2024-11-23,GA,Atlanta,5768.0,6,False
2024-11-24,GA,Atlanta,3927.0,7,False
2024-11-25,GA,Atlanta,1147.0,2,False
2024-11-26,GA,Atlanta,183.0,1,False
2024-11-27,GA,Atlanta,696.0,1,False
2024-11-28,GA,Atlanta,0.0,6,False
2024-11-29,GA,Atlanta,4997.0,8,False
2024-11-30,GA,Atlanta,631.0,5,False
2024-12-01,GA,Atlanta,2344.0,2,False
2024-12-02,GA,Atlanta,730.0,3,False
2024-12-03,GA,Atlanta,5278.0,6,False
2024-12-04,GA,Atlanta,4033.0,5,False
2024-12-05,GA,Atlanta,3214.0,6,False
2024-12-06,GA,Atlanta,3131.0,6,False
2024-12-07,GA,Atlanta,4478.0,3,False
2024-12-08,GA,Atlanta,3378.0,5,False
2024-12-09,GA,Atlanta,1951.0,4,False
2024-12-10,GA,Atlanta,1361.0,4,False
2024-12-11,GA,Atlanta,2613.0,2,False
2024-12-12,GA,Atlanta,3876.0,6,False
2024-12-14,GA,Atlanta,1033.0,3,False
2024-12-15,GA,Atlanta,4018.0,5,False
2024-12-16,GA,Atlanta,308.0,3,False
2024-12-17,GA,Atlanta,1944.0,2,False
2024-12-18,GA,Atlanta,1734.0,5,False
2024-12-19,GA,Atlanta,1455.0,4,False
2024-12-20,GA,Atlanta,9481.0,9,False
2024-12-21,GA,Atlanta,6283.0,5,False
2024-12-22,GA,Atlanta,5258.0,4,False
2024-12-23,GA,Atlanta,3573.0,6,False
2024-12-24,GA,Atlanta,2709.0,5,False
2024-12-25,GA,Atlanta,177.0,3,False
2024-12-26,GA,Atlanta,4162.0,3,False
2024-12-27,GA,Atlanta,5267.0,7,False
2024-12-28,GA,Atlanta,89.0,1,False
2024-12-29,GA,Atlanta,88.0,3,False
2024-12-30,GA,Atlanta,4675.0,6,False
2024-12-31,GA,Atlanta,1166.0,2,False
2020-01-02,KS,Kansas City,1376.0,1,False
2020-01-03,KS,Kansas City,1126.0,1,False
2020-01-05,KS,Kansas City,210.0,1,False
2020-01-06,KS,Kansas City,650.0,2,False
2020-01-07,KS,Kansas City,93.0,2,False
2020-01-08,KS,Kansas City,381.0,2,False
2020-01-10,KS,Kansas City,236.0,1,False
2020-01-13,KS,Kansas City,28.0,1,False
2020-01-14,KS,Kansas City,65.0,2,False
2020-01-15,KS,Kansas City,714.0,2,False
2020-01-16,KS,Kansas City,783.0,2,False
2020-01-17,KS,Kansas City,43.0,1,False
2020-01-18,KS,Kansas City,3881.0,3,False
2020-01-19,KS,Kansas City,309.0,3,False
2020-01-22,KS,Kansas City,485.0,1,False
2020-01-23,KS,Kansas City,47.0,1,False
2020-01-24,KS,Kansas City,103.0,2,False
2020-01-25,KS,Kansas City,322.0,1,False
2020-01-27,KS,Kansas City,10.0,1,False
2020-01-29,KS,Kansas City,86.0,1,False
2020-01-30,KS,Kansas City,306.0,1,False
2020-01-31,KS,Kansas City,1115.0,1,False
2020-02-01,KS,Kansas City,0.0,2,False
2020-02-02,KS,Kansas City,959.0,4,False
2020-02-04,KS,Kansas City,277.0,2,False
2020-02-05,KS,Kansas City,3076.0,1,False
2020-02-07,KS,Kansas City,1815.0,2,False
2020-02-08,KS,Kansas City,1159.0,4,False
2020-02-11,KS,Kansas City,73.0,1,False
2020-02-13,KS,Kansas City,322.0,2,False
2020-02-14,KS,Kansas City,822.0,1,False
2020-02-17,KS,Kansas City,239.0,1,False
2020-02-18,KS,Kansas City,160.0,2,False
2020-02-19,KS,Kansas City,1260.0,3,False
2020-02-20,KS,Kansas City,61.0,1,False
2020-02-21,KS,Kansas City,1121.0,2,False
2020-02-22,KS,Kansas City,19750.0,5,False
2020-02-24,KS,Kansas City,190.0,1,False
2020-02-25,KS,Kansas City,788.0,2,False
2020-02-26,KS,Kansas City,49.0,1,False
2020-02-27,KS,Kansas City,114.0,1,False
2020-02-28,KS,Kansas City,809.0,3,False
2020-02-29,KS,Kansas City,5122.0,4,False
2020-03-01,KS,Kansas City,0.0,2,False
2020-03-02,KS,Kansas City,1369.0,2,False
2020-03-03,KS,Kansas City,107.0,1,False
2020-03-04,KS,Kansas City,982.0,1,False
2020-03-05,KS,Kansas City,44.0,1,False
2020-03-06,KS,Kansas City,2239.0,2,False
2020-03-07,KS,Kansas City,783.0,3,False
2020-03-08,KS,Kansas City,10849.0,3,False
2020-03-09,KS,Kansas City,255.0,1,False
2020-03-10,KS,Kansas City,561.0,1,False
2020-03-11,KS,Kansas City,677.0,2,False
2020-03-13,KS,Kansas City,1596.0,4,False
2020-03-14,KS,Kansas City,354.0,1,False
2020-03-15,KS,Kansas City,1079.0,1,False
2020-03-16,KS,Kansas City,826.0,1,False
2020-03-19,KS,Kansas City,14.0,1,False
2020-03-22,KS,Kansas City,0.0,1,False
2020-03-23,KS,Kansas City,10.0,1,False
2020-03-27,KS,Kansas City,0.0,1,False
2020-03-28,KS,Kansas City,166.0,3,False
2020-03-29,KS,Kansas City,126.0,1,False
2020-03-30,KS,Kansas City,0.0,1,False
2020-04-03,KS,Kansas City,17.0,2,False
2020-04-05,KS,Kansas City,487.0,1,False
2020-04-06,KS,Kansas City,8.0,1,False
2020-04-07,KS,Kansas City,0.0,1,False
2020-04-08,KS,Kansas City,238.0,1,False
2020-04-09,KS,Kansas City,210.0,1,False
2020-04-11,KS,Kansas City,0.0,1,False
2020-04-12,KS,Kansas City,0.0,2,False
2020-04-16,KS,Kansas City,0.0,1,False
2020-04-20,KS,Kansas City,14.0,1,False
2020-04-21,KS,Kansas City,157.0,3,False
2020-04-22,KS,Kansas City,0.0,1,False
2020-04-23,KS,Kansas City,0.0,2,False
2020-04-24,KS,Kansas City,0.0,1,False
2020-04-25,KS,Kansas City,81.0,1,False
2020-04-26,KS,Kansas City,0.0,1,False
2020-04-28,KS,Kansas City,223.0,2,False
2020-04-29,KS,Kansas City,0.0,3,False
2020-04-30,KS,Kansas City,0.0,1,False
2020-05-02,KS,Kansas City,0.0,3,False
2020-05-04,KS,Kansas City,631.0,1,False
2020-05-05,KS,Kansas City,161.0,2,False
2020-05-06,KS,Kansas City,6.0,1,False
2020-05-08,KS,Kansas City,196.0,3,False
2020-05-11,KS,Kansas City,0.0,1,False
2020-05-13,KS,Kansas City,294.0,2,False
2020-05-14,KS,Kansas City,9417.0,2,False
2020-05-16,KS,Kansas City,17.0,1,False
2020-05-17,KS,Kansas City,50.0,2,False
2020-05-18,KS,Kansas City,104.0,1,False
2020-05-19,KS,Kansas City,444.0,1,False
2020-05-21,KS,Kansas City,873.0,1,False
2020-05-22,KS,Kansas City,118.0,2,False
2020-05-23,KS,Kansas City,60.0,2,False
2020-05-25,KS,Kansas City,152.0,3,False
2020-05-26,KS,Kansas City,383.0,1,False
2020-05-27,KS,Kansas City,55.0,1,False
2020-05-29,KS,Kansas City,2743.0,4,False
2020-05-30,KS,Kansas City,20.0,1,False
2020-06-02,KS,Kansas City,775.0,3,True
2020-06-03,KS,Kansas City,28.0,1,True
2020-06-04,KS,Kansas City,512.0,2,True
2020-06-06,KS,Kansas City,1668.0,2,True
2020-06-07,KS,Kansas City,0.0,1,True
2020-06-09,KS,Kansas City,602.0,1,True
2020-06-10,KS,Kansas City,852.0,1,True
2020-06-11,KS,Kansas City,1712.0,3,True
2020-06-12,KS,Kansas City,13.0,1,True
2020-06-14,KS,Kansas City,548.0,4,True
2020-06-15,KS,Kansas City,348.0,1,True
2020-06-16,KS,Kansas City,652.0,1,True
2020-06-17,KS,Kansas City,205.0,2,True
2020-06-18,KS,Kansas City,103.0,2,True
2020-06-19,KS,Kansas City,879.0,1,True
2020-06-22,KS,Kansas City,24.0,1,True
2020-06-23,KS,Kansas City,99.0,1,True
2020-06-24,KS,Kansas City,71.0,2,True
2020-06-25,KS,Kansas City,2625.0,2,True
2020-06-28,KS,Kansas City,1467.0,1,True
2020-06-30,KS,Kansas City,258.0,1,True
2020-07-02,KS,Kansas City,1141.0,2,True
2020-07-04,KS,Kansas City,734.0,1,True
2020-07-06,KS,Kansas City,10.0,1,True
2020-07-08,KS,Kansas City,19.0,1,True
2020-07-09,KS,Kansas City,1803.0,2,True
2020-07-11,KS,Kansas City,756.0,2,True
2020-07-13,KS,Kansas City,236.0,2,True
2020-07-15,KS,Kansas City,2446.0,1,True
2020-07-16,KS,Kansas City,869.0,2,True
2020-07-17,KS,Kansas City,695.0,2,True
2020-07-19,KS,Kansas City,1730.0,2,True
2020-07-20,KS,Kansas City,94.0,1,True
2020-07-21,KS,Kansas City,284.0,1,True
2020-07-22,KS,Kansas City,306.0,3,True
2020-07-23,KS,Kansas City,1876.0,2,True
2020-07-26,KS,Kansas City,1214.0,1,True
2020-07-27,KS,Kansas City,1873.0,2,True
2020-07-28,KS,Kansas City,60.0,1,True
2020-07-29,KS,Kansas City,801.0,1,True
2020-07-30,KS,Kansas City,127.0,1,True
2020-07-31,KS,Kansas City,571.0,1,True
2020-08-01,KS,Kansas City,1989.0,3,True
2020-08-02,KS,Kansas City,125.0,2,True
2020-08-05,KS,Kansas City,8235.0,1,True
2020-08-06,KS,Kansas City,1388.0,2,True
2020-08-08,KS,Kansas City,56.0,2,True
2020-08-09,KS,Kansas City,557.0,1,True
2020-08-11,KS,Kansas City,19.0,1,True
2020-08-12,KS,Kansas City,306.0,2,True
2020-08-14,KS,Kansas City,1913.0,2,True
2020-08-19,KS,Kansas City,22.0,2,True
2020-08-22,KS,Kansas City,618.0,3,True
2020-08-24,KS,Kansas City,113.0,1,True
2020-08-25,KS,Kansas City,8.0,1,True
2020-08-26,KS,Kansas City,77.0,1,True
2020-08-27,KS,Kansas City,873.0,2,True
2020-08-28,KS,Kansas City,1496.0,1,True
2020-08-29,KS,Kansas City,1334.0,2,True
2020-09-01,KS,Kansas City,577.0,3,False
2020-09-03,KS,Kansas City,0.0,1,False
2020-09-05,KS,Kansas City,55.0,1,False
2020-09-06,KS,Kansas City,251.0,1,False
2020-09-08,KS,Kansas City,1008.0,2,False
2020-09-11,KS,Kansas City,76.0,3,False
2020-09-13,KS,Kansas City,0.0,1,False
2020-09-14,KS,Kansas City,1611.0,2,False
2020-09-15,KS,Kansas City,902.0,1,False
2020-09-17,KS,Kansas City,58.0,3,False
2020-09-22,KS,Kansas City,1027.0,2,False
2020-09-25,KS,Kansas City,164.0,1,False
2020-09-27,KS,Kansas City,214.0,1,False
2020-09-28,KS,Kansas City,36.0,1,False
2020-09-29,KS,Kansas City,270.0,2,False
2020-09-30,KS,Kansas City,3632.0,1,False
2020-10-03,KS,Kansas City,352.0,1,False
2020-10-04,KS,Kansas City,1165.0,1,False
2020-10-05,KS,Kansas City,469.0,1,False
2020-10-06,KS,Kansas City,159.0,2,False
2020-10-07,KS,Kansas City,763.0,2,False
2020-10-09,KS,Kansas City,40.0,1,False
2020-10-10,KS,Kansas City,2490.0,1,False
2020-10-11,KS,Kansas City,138.0,1,False
2020-10-12,KS,Kansas City,52.0,1,False
2020-10-13,KS,Kansas City,716.0,2,False
2020-10-14,KS,Kansas City,1941.0,2,False
2020-10-16,KS,Kansas City,154.0,2,False
2020-10-17,KS,Kansas City,8.0,1,False
2020-10-21,KS,Kansas City,631.0,2,False
2020-10-24,KS,Kansas City,504.0,3,False
2020-10-25,KS,Kansas City,0.0,1,False
2020-10-26,KS,Kansas City,32.0,2,False
2020-10-29,KS,Kansas City,1406.0,1,False
2020-10-30,KS,Kansas City,85.0,2,False
2020-11-01,KS,Kansas City,1061.0,2,False
2020-11-04,KS,Kansas City,48.0,1,False
2020-11-05,KS,Kansas City,1144.0,1,False
2020-11-06,KS,Kansas City,511.0,1,False
2020-11-07,KS,Kansas City,590.0,1,False
2020-11-10,KS,Kansas City,56.0,1,False
2020-11-11,KS,Kansas City,62.0,1,False
2020-11-13,KS,Kansas City,0.0,1,False
2020-11-15,KS,Kansas City,0.0,1,False
2020-11-16,KS,Kansas City,90.0,1,False
2020-11-18,KS,Kansas City,292.0,3,False
2020-11-22,KS,Kansas City,954.0,1,False
2020-11-23,KS,Kansas City,1633.0,3,False
2020-11-24,KS,Kansas City,282.0,1,False
2020-11-26,KS,Kansas City,0.0,1,False
2020-11-28,KS,Kansas City,23.0,1,False
2020-12-04,KS,Kansas City,144.0,1,False
2020-12-05,KS,Kansas City,319.0,2,False
2020-12-06,KS,Kansas City,276.0,1,False
2020-12-07,KS,Kansas City,462.0,2,False
2020-12-08,KS,Kansas City,1743.0,1,False
2020-12-09,KS,Kansas City,1321.0,2,False
2020-12-10,KS,Kansas City,1718.0,2,False
2020-12-11,KS,Kansas City,2516.0,2,False
2020-12-15,KS,Kansas City,162.0,1,False
2020-12-17,KS,Kansas City,427.0,3,False
2020-12-18,KS,Kansas City,174.0,1,False
2020-12-20,KS,Kansas City,367.0,1,False
2020-12-21,KS,Kansas City,40.0,1,False
2020-12-22,KS,Kansas City,616.0,1,False
2020-12-23,KS,Kansas City,611.0,1,False
2020-12-24,KS,Kansas City,1143.0,1,False
2020-12-25,KS,Kansas City,0.0,2,False
2020-12-27,KS,Kansas City,1344.0,4,False
2020-12-28,KS,Kansas City,495.0,1,False
2020-12-29,KS,Kansas City,123.0,2,False
2020-12-30,KS,Kansas City,729.0,1,False
2020-12-31,KS,Kansas City,113.0,2,False
2021-01-01,KS,Kansas City,10.0,1,False
2021-01-02,KS,Kansas City,440.0,1,False
2021-01-03,KS,Kansas City,168.0,3,False
2021-01-06,KS,Kansas City,102.0,1,False
2021-01-07,KS,Kansas City,159.0,1,False
2021-01-08,KS,Kansas City,14.0,1,False
2021-01-09,KS,Kansas City,14.0,1,False
2021-01-10,KS,Kansas City,251.0,2,False
2021-01-11,KS,Kansas City,63.0,1,False
2021-01-13,KS,Kansas City,187.0,3,False
2021-01-15,KS,Kansas City,341.0,2,False
2021-01-19,KS,Kansas City,28.0,1,False
2021-01-21,KS,Kansas City,44.0,1,False
2021-01-22,KS,Kansas City,1632.0,1,False
2021-01-24,KS,Kansas City,0.0,1,False
2021-01-25,KS,Kansas City,57.0,1,False
2021-01-26,KS,Kansas City,113.0,2,False
2021-01-27,KS,Kansas City,16.0,1,False
2021-01-28,KS,Kansas City,409.0,1,False
2021-01-29,KS,Kansas City,144.0,1,False
2021-01-31,KS,Kansas City,0.0,1,False
2021-02-01,KS,Kansas City,7.0,1,False
2021-02-02,KS,Kansas City,659.0,3,False
2021-02-03,KS,Kansas City,44.0,2,False
2021-02-04,KS,Kansas City,2496.0,2,False
2021-02-05,KS,Kansas City,1012.0,1,False
2021-02-06,KS,Kansas City,154.0,1,False
2021-02-07,KS,Kansas City,188.0,2,False
2021-02-08,KS,Kansas City,157.0,1,False
2021-02-09,KS,Kansas City,5290.0,2,False
2021-02-11,KS,Kansas City,145.0,3,False
2021-02-13,KS,Kansas City,1833.0,2,False
2021-02-14,KS,Kansas City,592.0,1,False
2021-02-17,KS,Kansas City,482.0,2,False
2021-02-18,KS,Kansas City,727.0,1,False
2021-02-19,KS,Kansas City,379.0,2,False
2021-02-20,KS,Kansas City,61.0,1,False
2021-02-22,KS,Kansas City,87.0,1,False
2021-02-24,KS,Kansas City,7.0,1,False
2021-02-25,KS,Kansas City,87.0,2,False
2021-02-26,KS,Kansas City,586.0,3,False
2021-02-27,KS,Kansas City,51.0,1,False
2021-03-01,KS,Kansas City,1052.0,1,False
2021-03-02,KS,Kansas City,957.0,3,False
2021-03-03,KS,Kansas City,2660.0,4,False
2021-03-05,KS,Kansas City,167.0,1,False
2021-03-06,KS,Kansas City,268.0,3,False
2021-03-07,KS,Kansas City,0.0,1,False
2021-03-09,KS,Kansas City,113.0,1,False
2021-03-10,KS,Kansas City,373.0,1,False
2021-03-12,KS,Kansas City,582.0,2,False
2021-03-13,KS,Kansas City,1703.0,2,False
2021-03-14,KS,Kansas City,1560.0,3,False
2021-03-15,KS,Kansas City,1465.0,5,False
2021-03-16,KS,Kansas City,257.0,2,False
2021-03-17,KS,Kansas City,282.0,1,False
2021-03-18,KS,Kansas City,220.0,2,False
2021-03-19,KS,Kansas City,135.0,2,False
2021-03-20,KS,Kansas City,483.0,2,False
2021-03-21,KS,Kansas City,94.0,1,False
2021-03-22,KS,Kansas City,1889.0,3,False
2021-03-23,KS,Kansas City,2276.0,1,False
2021-03-24,KS,Kansas City,3056.0,1,False
2021-03-25,KS,Kansas City,186.0,2,False
2021-03-26,KS,Kansas City,496.0,2,False
2021-03-27,KS,Kansas City,0.0,1,False
2021-03-28,KS,Kansas City,476.0,1,False
2021-03-29,KS,Kansas City,555.0,2,False
2021-03-30,KS,Kansas City,248.0,1,False
2021-03-31,KS,Kansas City,3074.0,2,False
2021-04-01,KS,Kansas City,2491.0,2,False
2021-04-02,KS,Kansas City,4861.0,3,False
2021-04-03,KS,Kansas City,2699.0,3,False
2021-04-04,KS,Kansas City,1655.0,3,False
2021-04-05,KS,Kansas City,54.0,1,False
2021-04-06,KS,Kansas City,56.0,1,False
2021-04-07,KS,Kansas City,2200.0,2,False
2021-04-08,KS,Kansas City,1467.0,1,False
2021-04-09,KS,Kansas City,74.0,1,False
2021-04-10,KS,Kansas City,1665.0,1,False
2021-04-13,KS,Kansas City,38.0,1,False
2021-04-14,KS,Kansas City,2050.0,3,False
2021-04-15,KS,Kansas City,959.0,1,False
2021-04-17,KS,Kansas City,284.0,1,False
2021-04-18,KS,Kansas City,6253.0,3,False
2021-04-19,KS,Kansas City,1103.0,2,False
2021-04-21,KS,Kansas City,1486.0,4,False
2021-04-23,KS,Kansas City,464.0,1,False
2021-04-25,KS,Kansas City,379.0,2,False
2021-04-26,KS,Kansas City,376.0,1,False
2021-04-27,KS,Kansas City,90.0,2,False
2021-04-29,KS,Kansas City,679.0,2,False
2021-05-01,KS,Kansas City,125.0,1,False
2021-05-09,KS,Kansas City,0.0,1,False
2021-05-10,KS,Kansas City,29.0,1,False
2021-05-13,KS,Kansas City,9.0,1,False
2021-05-14,KS,Kansas City,145.0,1,False
2021-05-15,KS,Kansas City,489.0,1,False
2021-05-16,KS,Kansas City,0.0,1,False
2021-05-18,KS,Kansas City,1805.0,2,False
2021-05-19,KS,Kansas City,1012.0,2,False
2021-05-20,KS,Kansas City,2183.0,1,False
2021-05-22,KS,Kansas City,183.0,2,False
2021-05-23,KS,Kansas City,366.0,2,False
2021-05-25,KS,Kansas City,81.0,2,False
2021-05-27,KS,Kansas City,2590.0,2,False
2021-05-28,KS,Kansas City,1584.0,2,False
2021-05-30,KS,Kansas City,132.0,1,False
2021-05-31,KS,Kansas City,1141.0,2,False
2021-06-01,KS,Kansas City,1349.0,1,True
2021-06-02,KS,Kansas City,61.0,1,True
2021-06-04,KS,Kansas City,944.0,1,True
2021-06-05,KS,Kansas City,317.0,3,True
2021-06-06,KS,Kansas City,105.0,2,True
2021-06-07,KS,Kansas City,158.0,1,True
2021-06-08,KS,Kansas City,287.0,1,True
2021-06-10,KS,Kansas City,1945.0,2,True
2021-06-11,KS,Kansas City,28.0,1,True
2021-06-13,KS,Kansas City,106.0,1,True
2021-06-16,KS,Kansas City,23.0,1,True
2021-06-18,KS,Kansas City,577.0,2,True
2021-06-19,KS,Kansas City,481.0,2,True
2021-06-21,KS,Kansas City,447.0,2,True
2021-06-22,KS,Kansas City,29.0,1,True
2021-06-23,KS,Kansas City,104.0,1,True
2021-06-24,KS,Kansas City,399.0,2,True
2021-06-25,KS,Kansas City,926.0,3,True
2021-06-27,KS,Kansas City,70.0,1,True
2021-06-28,KS,Kansas City,82.0,2,True
2021-06-29,KS,Kansas City,58.0,1,True
2021-06-30,KS,Kansas City,2146.0,2,True
2021-07-01,KS,Kansas City,31.0,1,True
2021-07-02,KS,Kansas City,2584.0,3,True
2021-07-03,KS,Kansas City,0.0,1,True
2021-07-07,KS,Kansas City,249.0,1,True
2021-07-08,KS,Kansas City,75.0,1,True
2021-07-09,KS,Kansas City,16.0,1,True
2021-07-11,KS,Kansas City,79.0,2,True
2021-07-12,KS,Kansas City,73.0,1,True
2021-07-15,KS,Kansas City,1943.0,3,True
2021-07-16,KS,Kansas City,64.0,2,True
2021-07-17,KS,Kansas City,2297.0,2,True
2021-07-23,KS,Kansas City,144.0,2,True
2021-07-25,KS,Kansas City,1046.0,2,True
2021-07-26,KS,Kansas City,597.0,3,True
2021-07-27,KS,Kansas City,16.0,1,True
2021-07-28,KS,Kansas City,227.0,1,True
2021-07-30,KS,Kansas City,5247.0,4,True
2021-08-01,KS,Kansas City,90.0,1,True
2021-08-02,KS,Kansas City,927.0,2,True
2021-08-03,KS,Kansas City,16.0,1,True
2021-08-05,KS,Kansas City,336.0,3,True
2021-08-07,KS,Kansas City,45.0,2,True
2021-08-08,KS,Kansas City,0.0,1,True
2021-08-10,KS,Kansas City,66.0,1,True
2021-08-11,KS,Kansas City,84.0,1,True
2021-08-12,KS,Kansas City,1281.0,2,True
2021-08-14,KS,Kansas City,836.0,1,True
2021-08-17,KS,Kansas City,94.0,1,True
2021-08-18,KS,Kansas City,720.0,4,True
2021-08-20,KS,Kansas City,75.0,1,True
2021-08-21,KS,Kansas City,260.0,1,True
2021-08-22,KS,Kansas City,0.0,1,True
2021-08-23,KS,Kansas City,1902.0,1,True
2021-08-24,KS,Kansas City,2114.0,3,True
2021-08-25,KS,Kansas City,101.0,1,True
2021-08-28,KS,Kansas City,257.0,1,True
2021-08-29,KS,Kansas City,48.0,1,True
2021-08-30,KS,Kansas City,1325.0,1,True
2021-08-31,KS,Kansas City,965.0,1,True
2021-09-01,KS,Kansas City,684.0,4,False
2021-09-02,KS,Kansas City,375.0,1,False
2021-09-04,KS,Kansas City,187.0,2,False
2021-09-05,KS,Kansas City,912.0,3,False
2021-09-06,KS,Kansas City,308.0,2,False
2021-09-08,KS,Kansas City,198.0,1,False
2021-09-09,KS,Kansas City,314.0,1,False
2021-09-10,KS,Kansas City,387.0,3,False
2021-09-12,KS,Kansas City,0.0,1,False
2021-09-15,KS,Kansas City,58.0,1,False
2021-09-17,KS,Kansas City,332.0,1,False
2021-09-18,KS,Kansas City,118.0,2,False
2021-09-19,KS,Kansas City,263.0,2,False
2021-09-20,KS,Kansas City,912.0,1,False
2021-09-22,KS,Kansas City,191.0,1,False
2021-09-23,KS,Kansas City,551.0,3,False
2021-09-29,KS,Kansas City,1784.0,2,False
2021-09-30,KS,Kansas City,71.0,1,False
2021-10-01,KS,Kansas City,235.0,1,False
2021-10-04,KS,Kansas City,195.0,2,False
2021-10-05,KS,Kansas City,1786.0,2,False
2021-10-06,KS,Kansas City,2479.0,3,False
2021-10-08,KS,Kansas City,227.0,2,False
2021-10-09,KS,Kansas City,2515.0,2,False
2021-10-10,KS,Kansas City,866.0,1,False
2021-10-12,KS,Kansas City,499.0,2,False
2021-10-13,KS,Kansas City,916.0,1,False
2021-10-16,KS,Kansas City,91.0,1,False
2021-10-17,KS,Kansas City,393.0,2,False
2021-10-18,KS,Kansas City,621.0,2,False
2021-10-19,KS,Kansas City,1185.0,1,False
2021-10-20,KS,Kansas City,192.0,1,False
2021-10-21,KS,Kansas City,24.0,1,False
2021-10-22,KS,Kansas City,318.0,1,False
2021-10-23,KS,Kansas City,1635.0,2,False
2021-10-26,KS,Kansas City,220.0,1,False
2021-10-27,KS,Kansas City,1421.0,3,False
2021-10-28,KS,Kansas City,133.0,1,False
2021-10-29,KS,Kansas City,1240.0,2,False
2021-10-30,KS,Kansas City,441.0,1,False
2021-10-31,KS,Kansas City,370.0,1,False
2021-11-01,KS,Kansas City,1830.0,1,False
2021-11-02,KS,Kansas City,279.0,1,False
2021-11-04,KS,Kansas City,465.0,1,False
2021-11-05,KS,Kansas City,909.0,2,False
2021-11-07,KS,Kansas City,591.0,1,False
2021-11-08,KS,Kansas City,516.0,4,False
2021-11-09,KS,Kansas City,10.0,1,False
2021-11-11,KS,Kansas City,3749.0,2,False
2021-11-12,KS,Kansas City,42.0,1,False
2021-11-13,KS,Kansas City,397.0,2,False
2021-11-14,KS,Kansas City,229.0,1,False
2021-11-15,KS,Kansas City,219.0,1,False
2021-11-16,KS,Kansas City,54.0,1,False
2021-11-17,KS,Kansas City,430.0,1,False
2021-11-19,KS,Kansas City,1778.0,2,False
2021-11-20,KS,Kansas City,362.0,1,False
2021-11-23,KS,Kansas City,1281.0,1,False
2021-11-24,KS,Kansas City,946.0,2,False
2021-11-25,KS,Kansas City,1026.0,2,False
2021-11-28,KS,Kansas City,110.0,2,False
2021-11-30,KS,Kansas City,1001.0,2,False
2021-12-02,KS,Kansas City,1450.0,3,False
2021-12-03,KS,Kansas City,347.0,1,False
2021-12-04,KS,Kansas City,200.0,2,False
2021-12-05,KS,Kansas City,769.0,2,False
2021-12-11,KS,Kansas City,790.0,1,False
2021-12-15,KS,Kansas City,417.0,2,False
2021-12-16,KS,Kansas City,244.0,1,False
2021-12-18,KS,Kansas City,484.0,1,False
2021-12-21,KS,Kansas City,1244.0,2,False
2021-12-22,KS,Kansas City,288.0,1,False
2021-12-23,KS,Kansas City,70.0,2,False
2021-12-24,KS,Kansas City,1710.0,2,False
2021-12-25,KS,Kansas City,222.0,3,False
2021-12-26,KS,Kansas City,98.0,1,False
2021-12-27,KS,Kansas City,171.0,1,False
2021-12-28,KS,Kansas City,314.0,2,False
2021-12-29,KS,Kansas City,522.0,1,False
2021-12-30,KS,Kansas City,1247.0,4,False
2021-12-31,KS,Kansas City,103.0,1,False
2022-01-01,KS,Kansas City,37.0,1,False
2022-01-03,KS,Kansas City,24.0,1,False
2022-01-04,KS,Kansas City,203.0,2,False
2022-01-06,KS,Kansas City,570.0,1,False
2022-01-07,KS,Kansas City,46.0,1,False
2022-01-08,KS,Kansas City,982.0,2,False
2022-01-09,KS,Kansas City,0.0,1,False
2022-01-11,KS,Kansas City,88.0,2,False
2022-01-12,KS,Kansas City,546.0,3,False
2022-01-15,KS,Kansas City,4.0,1,False
2022-01-16,KS,Kansas City,0.0,1,False
2022-01-17,KS,Kansas City,561.0,1,False
2022-01-18,KS,Kansas City,559.0,2,False
2022-01-20,KS,Kansas City,130.0,2,False
2022-01-21,KS,Kansas City,11.0,1,False
2022-01-22,KS,Kansas City,1430.0,1,False
2022-01-23,KS,Kansas City,785.0,1,False
2022-01-24,KS,Kansas City,570.0,2,False
2022-01-28,KS,Kansas City,10.0,1,False
2022-01-29,KS,Kansas City,258.0,1,False
2022-01-30,KS,Kansas City,439.0,2,False
2022-01-31,KS,Kansas City,893.0,1,False
2022-02-01,KS,Kansas City,292.0,1,False
2022-02-02,KS,Kansas City,149.0,2,False
2022-02-03,KS,Kansas City,48.0,1,False
2022-02-04,KS,Kansas City,797.0,2,False
2022-02-05,KS,Kansas City,225.0,1,False
2022-02-07,KS,Kansas City,1123.0,4,False
2022-02-08,KS,Kansas City,60.0,1,False
2022-02-09,KS,Kansas City,221.0,2,False
2022-02-11,KS,Kansas City,254.0,1,False
2022-02-13,KS,Kansas City,808.0,3,False
2022-02-14,KS,Kansas City,1046.0,1,False
2022-02-15,KS,Kansas City,1701.0,2,False
2022-02-16,KS,Kansas City,2351.0,3,False
2022-02-19,KS,Kansas City,1655.0,2,False
2022-02-20,KS,Kansas City,151.0,1,False
2022-02-21,KS,Kansas City,991.0,1,False
2022-02-22,KS,Kansas City,112.0,1,False
2022-02-23,KS,Kansas City,251.0,1,False
2022-02-24,KS,Kansas City,24.0,1,False
2022-02-26,KS,Kansas City,839.0,1,False
2022-02-27,KS,Kansas City,1442.0,2,False
2022-03-03,KS,Kansas City,33.0,1,False
2022-03-04,KS,Kansas City,2098.0,1,False
2022-03-06,KS,Kansas City,112.0,1,False
2022-03-07,KS,Kansas City,47.0,1,False
2022-03-09,KS,Kansas City,1328.0,2,False
2022-03-10,KS,Kansas City,1043.0,2,False
2022-03-12,KS,Kansas City,4858.0,4,False
2022-03-13,KS,Kansas City,0.0,2,False
2022-03-14,KS,Kansas City,56.0,1,False
2022-03-16,KS,Kansas City,80.0,1,False
2022-03-17,KS,Kansas City,200.0,3,False
2022-03-18,KS,Kansas City,94.0,1,False
2022-03-20,KS,Kansas City,0.0,2,False
2022-03-22,KS,Kansas City,20.0,1,False
2022-03-23,KS,Kansas City,1135.0,3,False
2022-03-24,KS,Kansas City,34.0,1,False
2022-03-25,KS,Kansas City,325.0,2,False
2022-03-27,KS,Kansas City,1166.0,1,False
2022-03-28,KS,Kansas City,1774.0,2,False
2022-03-29,KS,Kansas City,6810.0,3,False
2022-03-30,KS,Kansas City,171.0,1,False
2022-03-31,KS,Kansas City,318.0,1,False
2022-04-01,KS,Kansas City,3960.0,2,False
2022-04-02,KS,Kansas City,1978.0,1,False
2022-04-03,KS,Kansas City,835.0,1,False
2022-04-05,KS,Kansas City,1122.0,1,False
2022-04-07,KS,Kansas City,1454.0,2,False
2022-04-08,KS,Kansas City,1355.0,1,False
2022-04-09,KS,Kansas City,663.0,1,False
2022-04-10,KS,Kansas City,369.0,4,False
2022-04-13,KS,Kansas City,178.0,1,False
2022-04-14,KS,Kansas City,365.0,2,False
2022-04-16,KS,Kansas City,861.0,1,False
2022-04-18,KS,Kansas City,121.0,1,False
2022-04-20,KS,Kansas City,708.0,2,False
2022-04-21,KS,Kansas City,164.0,2,False
2022-04-23,KS,Kansas City,0.0,1,False
2022-04-24,KS,Kansas City,2459.0,1,False
2022-04-26,KS,Kansas City,45.0,1,False
2022-04-28,KS,Kansas City,410.0,2,False
2022-04-29,KS,Kansas City,1094.0,2,False
2022-05-01,KS,Kansas City,601.0,4,False
2022-05-02,KS,Kansas City,565.0,2,False
2022-05-03,KS,Kansas City,3457.0,3,False
2022-05-05,KS,Kansas City,1335.0,3,False
2022-05-06,KS,Kansas City,551.0,1,False
2022-05-07,KS,Kansas City,78.0,1,False
2022-05-08,KS,Kansas City,228.0,3,False
2022-05-10,KS,Kansas City,327.0,1,False
2022-05-11,KS,Kansas City,16.0,1,False
2022-05-13,KS,Kansas City,6075.0,5,False
2022-05-14,KS,Kansas City,1775.0,4,False
2022-05-15,KS,Kansas City,9867.0,5,False
2022-05-16,KS,Kansas City,342.0,2,False
2022-05-17,KS,Kansas City,2810.0,1,False
2022-05-18,KS,Kansas City,2340.0,3,False
2022-05-20,KS,Kansas City,199.0,2,False
2022-05-22,KS,Kansas City,591.0,1,False
2022-05-25,KS,Kansas City,32.0,1,False
2022-05-26,KS,Kansas City,213.0,1,False
2022-05-28,KS,Kansas City,0.0,1,False
2022-05-29,KS,Kansas City,560.0,1,False
2022-05-30,KS,Kansas City,2083.0,1,False
2022-05-31,KS,Kansas City,53.0,2,False
2022-06-01,KS,Kansas City,445.0,2,True
2022-06-03,KS,Kansas City,990.0,1,True
2022-06-04,KS,Kansas City,98.0,2,True
2022-06-06,KS,Kansas City,215.0,2,True
2022-06-07,KS,Kansas City,2337.0,1,True
2022-06-09,KS,Kansas City,1906.0,1,True
2022-06-11,KS,Kansas City,1720.0,3,True
2022-06-12,KS,Kansas City,815.0,1,True
2022-06-14,KS,Kansas City,37.0,1,True
2022-06-15,KS,Kansas City,338.0,1,True
2022-06-16,KS,Kansas City,312.0,1,True
2022-06-18,KS,Kansas City,672.0,2,True
2022-06-19,KS,Kansas City,144.0,1,True
2022-06-20,KS,Kansas City,2133.0,4,True
2022-06-21,KS,Kansas City,37.0,1,True
2022-06-22,KS,Kansas City,21.0,1,True
2022-06-24,KS,Kansas City,677.0,2,True
2022-06-25,KS,Kansas City,1018.0,3,True
2022-06-27,KS,Kansas City,180.0,2,True
2022-06-29,KS,Kansas City,147.0,2,True
2022-07-01,KS,Kansas City,576.0,2,True
2022-07-02,KS,Kansas City,1907.0,3,True
2022-07-03,KS,Kansas City,0.0,1,True
2022-07-04,KS,Kansas City,2187.0,1,True
2022-07-05,KS,Kansas City,488.0,1,True
2022-07-06,KS,Kansas City,2515.0,2,True
2022-07-08,KS,Kansas City,1515.0,3,True
2022-07-09,KS,Kansas City,41.0,1,True
2022-07-12,KS,Kansas City,634.0,1,True
2022-07-14,KS,Kansas City,628.0,2,True
2022-07-15,KS,Kansas City,62.0,1,True
2022-07-17,KS,Kansas City,796.0,3,True
2022-07-18,KS,Kansas City,111.0,1,True
2022-07-20,KS,Kansas City,957.0,2,True
2022-07-21,KS,Kansas City,121.0,1,True
2022-07-22,KS,Kansas City,624.0,3,True
2022-07-25,KS,Kansas City,84.0,1,True
2022-07-27,KS,Kansas City,886.0,3,True
2022-07-29,KS,Kansas City,312.0,3,True
2022-07-30,KS,Kansas City,0.0,1,True
2022-08-02,KS,Kansas City,749.0,2,True
2022-08-03,KS,Kansas City,308.0,1,True
2022-08-04,KS,Kansas City,7.0,1,True
2022-08-05,KS,Kansas City,27.0,1,True
2022-08-07,KS,Kansas City,0.0,1,True
2022-08-08,KS,Kansas City,46.0,1,True
2022-08-11,KS,Kansas City,1553.0,2,True
2022-08-12,KS,Kansas City,36.0,2,True
2022-08-13,KS,Kansas City,197.0,3,True
2022-08-14,KS,Kansas City,272.0,2,True
2022-08-15,KS,Kansas City,1321.0,1,True
2022-08-18,KS,Kansas City,8.0,1,True
2022-08-19,KS,Kansas City,47.0,1,True
2022-08-21,KS,Kansas City,0.0,1,True
2022-08-24,KS,Kansas City,8.0,1,True
2022-08-25,KS,Kansas City,182.0,1,True
2022-08-26,KS,Kansas City,3000.0,2,True
2022-08-27,KS,Kansas City,1303.0,1,True
2022-08-29,KS,Kansas City,1547.0,2,True
2022-08-30,KS,Kansas City,26.0,1,True
2022-08-31,KS,Kansas City,277.0,1,True
2022-09-02,KS,Kansas City,103.0,1,False
2022-09-04,KS,Kansas City,958.0,2,False
2022-09-05,KS,Kansas City,213.0,1,False
2022-09-06,KS,Kansas City,3086.0,1,False
2022-09-07,KS,Kansas City,498.0,2,False
2022-09-08,KS,Kansas City,563.0,3,False
2022-09-12,KS,Kansas City,7.0,1,False
2022-09-13,KS,Kansas City,172.0,2,False
2022-09-14,KS,Kansas City,559.0,3,False
2022-09-15,KS,Kansas City,45.0,1,False
2022-09-16,KS,Kansas City,629.0,2,False
2022-09-18,KS,Kansas City,102.0,2,False
2022-09-21,KS,Kansas City,646.0,1,False
2022-09-22,KS,Kansas City,676.0,3,False
2022-09-23,KS,Kansas City,302.0,1,False
2022-09-24,KS,Kansas City,940.0,2,False
2022-09-25,KS,Kansas City,11.0,2,False
2022-09-27,KS,Kansas City,10.0,1,False
2022-09-29,KS,Kansas City,29.0,2,False
2022-10-01,KS,Kansas City,1458.0,3,False
2022-10-02,KS,Kansas City,0.0,1,False
2022-10-03,KS,Kansas City,163.0,1,False
2022-10-04,KS,Kansas City,86.0,1,False
2022-10-05,KS,Kansas City,408.0,2,False
2022-10-06,KS,Kansas City,32.0,1,False
2022-10-07,KS,Kansas City,16.0,1,False
2022-10-08,KS,Kansas City,1196.0,2,False
2022-10-09,KS,Kansas City,1420.0,1,False
2022-10-10,KS,Kansas City,64.0,2,False
2022-10-11,KS,Kansas City,74.0,1,False
2022-10-12,KS,Kansas City,1691.0,3,False
2022-10-14,KS,Kansas City,280.0,2,False
2022-10-19,KS,Kansas City,2692.0,2,False
2022-10-20,KS,Kansas City,166.0,1,False
2022-10-21,KS,Kansas City,997.0,2,False
2022-10-22,KS,Kansas City,827.0,2,False
2022-10-23,KS,Kansas City,179.0,2,False
2022-10-24,KS,Kansas City,245.0,1,False
2022-10-25,KS,Kansas City,334.0,4,False
2022-10-26,KS,Kansas City,1963.0,1,False
2022-10-28,KS,Kansas City,1652.0,5,False
2022-10-29,KS,Kansas City,0.0,1,False
2022-10-31,KS,Kansas City,169.0,1,False
2022-11-03,KS,Kansas City,1642.0,2,False
2022-11-04,KS,Kansas City,845.0,1,False
2022-11-05,KS,Kansas City,0.0,1,False
2022-11-06,KS,Kansas City,2042.0,4,False
2022-11-07,KS,Kansas City,127.0,1,False
2022-11-08,KS,Kansas City,458.0,2,False
2022-11-09,KS,Kansas City,8.0,1,False
2022-11-11,KS,Kansas City,1523.0,2,False
2022-11-12,KS,Kansas City,128.0,1,False
2022-11-13,KS,Kansas City,157.0,1,False
2022-11-16,KS,Kansas City,2301.0,4,False
2022-11-17,KS,Kansas City,445.0,3,False
2022-11-19,KS,Kansas City,1391.0,1,False
2022-11-23,KS,Kansas City,1540.0,1,False
2022-11-25,KS,Kansas City,85.0,1,False
2022-11-26,KS,Kansas City,3118.0,1,False
2022-11-28,KS,Kansas City,18.0,1,False
2022-11-29,KS,Kansas City,1849.0,1,False
2022-12-01,KS,Kansas City,79.0,2,False
2022-12-03,KS,Kansas City,1753.0,2,False
2022-12-04,KS,Kansas City,0.0,2,False
2022-12-05,KS,Kansas City,78.0,1,False
2022-12-06,KS,Kansas City,1586.0,2,False
2022-12-07,KS,Kansas City,771.0,3,False
2022-12-08,KS,Kansas City,105.0,1,False
2022-12-10,KS,Kansas City,364.0,2,False
2022-12-12,KS,Kansas City,725.0,3,False
2022-12-13,KS,Kansas City,300.0,1,False
2022-12-15,KS,Kansas City,1250.0,1,False
2022-12-17,KS,Kansas City,1802.0,1,False
2022-12-19,KS,Kansas City,1681.0,3,False
2022-12-20,KS,Kansas City,349.0,1,False
2022-12-24,KS,Kansas City,0.0,1,False
2022-12-26,KS,Kansas City,86.0,1,False
2022-12-27,KS,Kansas City,2205.0,2,False
2022-12-29,KS,Kansas City,641.0,1,False
2022-12-30,KS,Kansas City,3787.0,2,False
2023-01-03,KS,Kansas City,4121.0,2,False
2023-01-04,KS,Kansas City,548.0,3,False
2023-01-05,KS,Kansas City,214.0,2,False
2023-01-06,KS,Kansas City,302.0,1,False
2023-01-07,KS,Kansas City,1391.0,2,False
2023-01-08,KS,Kansas City,46.0,1,False
2023-01-12,KS,Kansas City,606.0,2,False
2023-01-13,KS,Kansas City,2315.0,2,False
2023-01-14,KS,Kansas City,0.0,1,False
2023-01-16,KS,Kansas City,1252.0,1,False
2023-01-17,KS,Kansas City,312.0,1,False
2023-01-18,KS,Kansas City,44.0,2,False
2023-01-20,KS,Kansas City,52.0,1,False
2023-01-21,KS,Kansas City,190.0,2,False
2023-01-22,KS,Kansas City,828.0,1,False
2023-01-24,KS,Kansas City,447.0,1,False
2023-01-26,KS,Kansas City,50.0,1,False
2023-01-27,KS,Kansas City,269.0,2,False
2023-01-29,KS,Kansas City,767.0,2,False
2023-02-01,KS,Kansas City,449.0,1,False
2023-02-02,KS,Kansas City,1110.0,2,False
2023-02-03,KS,Kansas City,79.0,1,False
2023-02-04,KS,Kansas City,21.0,1,False
2023-02-05,KS,Kansas City,203.0,1,False
2023-02-06,KS,Kansas City,401.0,1,False
2023-02-07,KS,Kansas City,61.0,2,False
2023-02-08,KS,Kansas City,69.0,2,False
2023-02-09,KS,Kansas City,179.0,2,False
2023-02-10,KS,Kansas City,2.0,1,False
2023-02-13,KS,Kansas City,1538.0,1,False
2023-02-18,KS,Kansas City,33.0,1,False
2023-02-21,KS,Kansas City,46.0,1,False
2023-02-22,KS,Kansas City,35.0,1,False
2023-02-23,KS,Kansas City,65.0,1,False
2023-02-24,KS,Kansas City,804.0,2,False
2023-02-27,KS,Kansas City,36.0,1,False
2023-03-02,KS,Kansas City,851.0,2,False
2023-03-05,KS,Kansas City,2108.0,3,False
2023-03-07,KS,Kansas City,218.0,2,False
2023-03-09,KS,Kansas City,1843.0,4,False
2023-03-10,KS,Kansas City,976.0,2,False
2023-03-11,KS,Kansas City,98.0,2,False
2023-03-12,KS,Kansas City,0.0,1,False
2023-03-13,KS,Kansas City,1230.0,3,False
2023-03-14,KS,Kansas City,1525.0,2,False
2023-03-15,KS,Kansas City,532.0,2,False
2023-03-16,KS,Kansas City,107.0,2,False
2023-03-17,KS,Kansas City,37.0,1,False
2023-03-20,KS,Kansas City,21.0,1,False
2023-03-21,KS,Kansas City,6.0,1,False
2023-03-22,KS,Kansas City,976.0,2,False
2023-03-24,KS,Kansas City,2099.0,4,False
2023-03-26,KS,Kansas City,862.0,2,False
2023-03-27,KS,Kansas City,826.0,2,False
2023-03-29,KS,Kansas City,106.0,1,False
2023-03-30,KS,Kansas City,1069.0,1,False
2023-03-31,KS,Kansas City,585.0,2,False
2023-04-01,KS,Kansas City,3722.0,3,False
2023-04-02,KS,Kansas City,1648.0,2,False
2023-04-04,KS,Kansas City,672.0,1,False
2023-04-06,KS,Kansas City,819.0,4,False
2023-04-08,KS,Kansas City,24.0,1,False
2023-04-11,KS,Kansas City,21.0,1,False
2023-04-12,KS,Kansas City,3026.0,3,False
2023-04-13,KS,Kansas City,139.0,1,False
2023-04-14,KS,Kansas City,59.0,1,False
2023-04-15,KS,Kansas City,190.0,1,False
2023-04-16,KS,Kansas City,12.0,1,False
2023-04-17,KS,Kansas City,205.0,1,False
2023-04-18,KS,Kansas City,186.0,1,False
2023-04-20,KS,Kansas City,467.0,1,False
2023-04-21,KS,Kansas City,81.0,1,False
2023-04-24,KS,Kansas City,138.0,2,False
2023-04-26,KS,Kansas City,171.0,2,False
2023-04-28,KS,Kansas City,53.0,1,False
2023-04-29,KS,Kansas City,885.0,4,False
2023-04-30,KS,Kansas City,0.0,1,False
2023-05-01,KS,Kansas City,37.0,1,False
2023-05-03,KS,Kansas City,37.0,2,False
2023-05-04,KS,Kansas City,53.0,1,False
2023-05-05,KS,Kansas City,57.0,1,False
2023-05-06,KS,Kansas City,187.0,1,False
2023-05-08,KS,Kansas City,246.0,1,False
2023-05-09,KS,Kansas City,1267.0,4,False
2023-05-11,KS,Kansas City,46.0,1,False
2023-05-14,KS,Kansas City,685.0,1,False
2023-05-15,KS,Kansas City,3935.0,2,False
2023-05-17,KS,Kansas City,1891.0,1,False
2023-05-19,KS,Kansas City,305.0,1,False
2023-05-21,KS,Kansas City,1701.0,4,False
2023-05-22,KS,Kansas City,23.0,1,False
2023-05-23,KS,Kansas City,650.0,2,False
2023-05-24,KS,Kansas City,2700.0,1,False
2023-05-27,KS,Kansas City,2832.0,3,False
2023-05-28,KS,Kansas City,20.0,2,False
2023-05-30,KS,Kansas City,786.0,1,False
2023-05-31,KS,Kansas City,915.0,2,False
2023-06-01,KS,Kansas City,504.0,3,True
2023-06-02,KS,Kansas City,697.0,1,True
2023-06-04,KS,Kansas City,3741.0,2,True
2023-06-05,KS,Kansas City,1235.0,4,True
2023-06-06,KS,Kansas City,968.0,1,True
2023-06-07,KS,Kansas City,233.0,2,True
2023-06-09,KS,Kansas City,640.0,2,True
2023-06-10,KS,Kansas City,829.0,3,True
2023-06-11,KS,Kansas City,3772.0,2,True
2023-06-13,KS,Kansas City,44.0,2,True
2023-06-14,KS,Kansas City,66.0,1,True
2023-06-15,KS,Kansas City,29.0,1,True
2023-06-16,KS,Kansas City,45.0,1,True
2023-06-17,KS,Kansas City,0.0,1,True
2023-06-19,KS,Kansas City,1673.0,2,True
2023-06-20,KS,Kansas City,437.0,2,True
2023-06-21,KS,Kansas City,30.0,1,True
2023-06-22,KS,Kansas City,3488.0,2,True
2023-06-24,KS,Kansas City,814.0,2,True
2023-06-26,KS,Kansas City,3211.0,1,True
2023-06-30,KS,Kansas City,293.0,1,True
2023-07-01,KS,Kansas City,171.0,1,True
2023-07-03,KS,Kansas City,561.0,2,True
2023-07-04,KS,Kansas City,483.0,1,True
2023-07-06,KS,Kansas City,48.0,2,True
2023-07-07,KS,Kansas City,337.0,1,True
2023-07-08,KS,Kansas City,22.0,2,True
2023-07-09,KS,Kansas City,2513.0,2,True
2023-07-11,KS,Kansas City,633.0,2,True
2023-07-13,KS,Kansas City,68.0,1,True
2023-07-14,KS,Kansas City,196.0,1,True
2023-07-15,KS,Kansas City,952.0,2,True
2023-07-16,KS,Kansas City,4.0,1,True
2023-07-18,KS,Kansas City,1371.0,1,True
2023-07-21,KS,Kansas City,1604.0,3,True
2023-07-22,KS,Kansas City,876.0,1,True
2023-07-23,KS,Kansas City,2261.0,2,True
2023-07-24,KS,Kansas City,593.0,2,True
2023-07-25,KS,Kansas City,42.0,1,True
2023-07-26,KS,Kansas City,324.0,3,True
2023-07-27,KS,Kansas City,3131.0,1,True
2023-07-28,KS,Kansas City,1032.0,5,True
2023-07-30,KS,Kansas City,64.0,3,True
2023-08-04,KS,Kansas City,681.0,2,True
2023-08-05,KS,Kansas City,22.0,1,True
2023-08-07,KS,Kansas City,1821.0,3,True
2023-08-10,KS,Kansas City,158.0,1,True
2023-08-11,KS,Kansas City,97.0,1,True
2023-08-13,KS,Kansas City,200.0,1,True
2023-08-14,KS,Kansas City,1078.0,1,True
2023-08-15,KS,Kansas City,1285.0,3,True
2023-08-16,KS,Kansas City,299.0,1,True
2023-08-18,KS,Kansas City,74.0,1,True
2023-08-19,KS,Kansas City,0.0,1,True
2023-08-20,KS,Kansas City,190.0,1,True
2023-08-22,KS,Kansas City,33.0,2,True
2023-08-23,KS,Kansas City,256.0,1,True
2023-08-24,KS,Kansas City,118.0,1,True
2023-08-25,KS,Kansas City,1695.0,2,True
2023-08-26,KS,Kansas City,368.0,3,True
2023-08-27,KS,Kansas City,2476.0,2,True
2023-08-31,KS,Kansas City,53.0,1,True
2023-09-01,KS,Kansas City,2484.0,3,False
2023-09-02,KS,Kansas City,581.0,1,False
2023-09-03,KS,Kansas City,1947.0,3,False
2023-09-04,KS,Kansas City,149.0,1,False
2023-09-07,KS,Kansas City,858.0,1,False
2023-09-09,KS,Kansas City,0.0,1,False
2023-09-11,KS,Kansas City,326.0,1,False
2023-09-12,KS,Kansas City,489.0,1,False
2023-09-15,KS,Kansas City,123.0,2,False
2023-09-16,KS,Kansas City,778.0,1,False
2023-09-17,KS,Kansas City,948.0,3,False
2023-09-19,KS,Kansas City,799.0,2,False
2023-09-22,KS,Kansas City,1425.0,2,False
2023-09-23,KS,Kansas City,3304.0,2,False
2023-09-24,KS,Kansas City,233.0,1,False
2023-09-25,KS,Kansas City,8.0,1,False
2023-09-26,KS,Kansas City,50.0,2,False
2023-09-27,KS,Kansas City,8.0,1,False
2023-09-29,KS,Kansas City,532.0,1,False
2023-10-04,KS,Kansas City,586.0,1,False
2023-10-05,KS,Kansas City,62.0,1,False
2023-10-06,KS,Kansas City,507.0,2,False
2023-10-08,KS,Kansas City,277.0,3,False
2023-10-09,KS,Kansas City,393.0,1,False
2023-10-10,KS,Kansas City,29.0,1,False
2023-10-13,KS,Kansas City,552.0,1,False
2023-10-14,KS,Kansas City,76.0,1,False
2023-10-16,KS,Kansas City,219.0,1,False
2023-10-17,KS,Kansas City,288.0,2,False
2023-10-18,KS,Kansas City,669.0,1,False
2023-10-20,KS,Kansas City,583.0,1,False
2023-10-21,KS,Kansas City,904.0,2,False
2023-10-22,KS,Kansas City,3047.0,4,False
2023-10-23,KS,Kansas City,41.0,1,False
2023-10-25,KS,Kansas City,70.0,1,False
2023-10-26,KS,Kansas City,1374.0,2,False
2023-10-27,KS,Kansas City,6219.0,2,False
2023-10-28,KS,Kansas City,413.0,2,False
2023-10-29,KS,Kansas City,0.0,2,False
2023-10-30,KS,Kansas City,41.0,2,False
2023-10-31,KS,Kansas City,103.0,1,False
2023-11-01,KS,Kansas City,1087.0,3,False
2023-11-03,KS,Kansas City,317.0,1,False
2023-11-04,KS,Kansas City,874.0,2,False
2023-11-06,KS,Kansas City,1215.0,2,False
2023-11-07,KS,Kansas City,1065.0,3,False
2023-11-09,KS,Kansas City,126.0,2,False
2023-11-10,KS,Kansas City,140.0,2,False
2023-11-12,KS,Kansas City,2182.0,3,False
2023-11-14,KS,Kansas City,992.0,2,False
2023-11-15,KS,Kansas City,208.0,1,False
2023-11-17,KS,Kansas City,70.0,1,False
2023-11-18,KS,Kansas City,0.0,1,False
2023-11-21,KS,Kansas City,117.0,1,False
2023-11-22,KS,Kansas City,158.0,2,False
2023-11-23,KS,Kansas City,0.0,1,False
2023-11-25,KS,Kansas City,32.0,1,False
2023-11-26,KS,Kansas City,2014.0,1,False
2023-11-28,KS,Kansas City,79.0,1,False
2023-11-29,KS,Kansas City,21.0,2,False
2023-11-30,KS,Kansas City,282.0,1,False
2023-12-01,KS,Kansas City,161.0,1,False
2023-12-02,KS,Kansas City,122.0,4,False
2023-12-04,KS,Kansas City,98.0,1,False
2023-12-05,KS,Kansas City,145.0,1,False
2023-12-06,KS,Kansas City,275.0,1,False
2023-12-07,KS,Kansas City,86.0,1,False
2023-12-08,KS,Kansas City,65.0,1,False
2023-12-09,KS,Kansas City,0.0,1,False
2023-12-12,KS,Kansas City,322.0,1,False
2023-12-14,KS,Kansas City,94.0,1,False
2023-12-15,KS,Kansas City,1159.0,3,False
2023-12-16,KS,Kansas City,88.0,1,False
2023-12-19,KS,Kansas City,95.0,1,False
2023-12-20,KS,Kansas City,28.0,1,False
2023-12-22,KS,Kansas City,1040.0,2,False
2023-12-23,KS,Kansas City,200.0,1,False
2023-12-25,KS,Kansas City,0.0,2,False
2023-12-26,KS,Kansas City,2859.0,3,False
2023-12-27,KS,Kansas City,129.0,3,False
2023-12-28,KS,Kansas City,1241.0,3,False
2023-12-30,KS,Kansas City,0.0,1,False
2023-12-31,KS,Kansas City,795.0,4,False
2024-01-01,KS,Kansas City,11.0,1,False
2024-01-03,KS,Kansas City,1952.0,2,False
2024-01-05,KS,Kansas City,192.0,1,False
2024-01-07,KS,Kansas City,110.0,1,False
2024-01-08,KS,Kansas City,330.0,2,False
2024-01-11,KS,Kansas City,13.0,1,False
2024-01-15,KS,Kansas City,49.0,2,False
2024-01-16,KS,Kansas City,668.0,1,False
2024-01-18,KS,Kansas City,393.0,1,False
2024-01-19,KS,Kansas City,130.0,1,False
2024-01-21,KS,Kansas City,0.0,1,False
2024-01-22,KS,Kansas City,4216.0,1,False
2024-01-24,KS,Kansas City,1301.0,1,False
2024-01-25,KS,Kansas City,262.0,1,False
2024-01-26,KS,Kansas City,39.0,1,False
2024-01-29,KS,Kansas City,24.0,1,False
2024-01-31,KS,Kansas City,66.0,1,False
2024-02-01,KS,Kansas City,2913.0,4,False
2024-02-03,KS,Kansas City,0.0,1,False
2024-02-04,KS,Kansas City,1208.0,1,False
2024-02-05,KS,Kansas City,512.0,3,False
2024-02-06,KS,Kansas City,339.0,1,False
2024-02-07,KS,Kansas City,604.0,1,False
2024-02-08,KS,Kansas City,306.0,3,False
2024-02-09,KS,Kansas City,656.0,2,False
2024-02-10,KS,Kansas City,475.0,3,False
2024-02-11,KS,Kansas City,337.0,2,False
2024-02-13,KS,Kansas City,1652.0,3,False
2024-02-14,KS,Kansas City,488.0,1,False
2024-02-15,KS,Kansas City,75.0,2,False
2024-02-16,KS,Kansas City,425.0,1,False
2024-02-17,KS,Kansas City,25.0,1,False
2024-02-19,KS,Kansas City,515.0,2,False
2024-02-24,KS,Kansas City,487.0,2,False
2024-02-25,KS,Kansas City,14.0,1,False
2024-02-26,KS,Kansas City,71.0,1,False
2024-02-27,KS,Kansas City,37.0,1,False
2024-02-28,KS,Kansas City,48.0,1,False
2024-03-04,KS,Kansas City,295.0,1,False
2024-03-05,KS,Kansas City,1399.0,3,False
2024-03-06,KS,Kansas City,1419.0,3,False
2024-03-07,KS,Kansas City,153.0,1,False
2024-03-08,KS,Kansas City,405.0,1,False
2024-03-09,KS,Kansas City,2227.0,2,False
2024-03-10,KS,Kansas City,693.0,2,False
2024-03-12,KS,Kansas City,187.0,1,False
2024-03-14,KS,Kansas City,4583.0,4,False
2024-03-15,KS,Kansas City,1543.0,1,False
2024-03-17,KS,Kansas City,244.0,2,False
2024-03-19,KS,Kansas City,10.0,1,False
2024-03-21,KS,Kansas City,253.0,1,False
2024-03-22,KS,Kansas City,3440.0,4,False
2024-03-23,KS,Kansas City,159.0,2,False
2024-03-26,KS,Kansas City,386.0,3,False
2024-03-27,KS,Kansas City,1904.0,3,False
2024-03-29,KS,Kansas City,1520.0,3,False
2024-03-30,KS,Kansas City,461.0,1,False
2024-03-31,KS,Kansas City,4119.0,2,False
2024-04-01,KS,Kansas City,51.0,1,False
2024-04-03,KS,Kansas City,59.0,1,False
2024-04-04,KS,Kansas City,86.0,1,False
2024-04-06,KS,Kansas City,31.0,1,False
2024-04-07,KS,Kansas City,46.0,1,False
2024-04-08,KS,Kansas City,1571.0,1,False
2024-04-09,KS,Kansas City,69.0,1,False
2024-04-12,KS,Kansas City,3240.0,2,False
2024-04-13,KS,Kansas City,196.0,3,False
2024-04-14,KS,Kansas City,0.0,1,False
2024-04-15,KS,Kansas City,1249.0,2,False
2024-04-16,KS,Kansas City,1555.0,1,False
2024-04-19,KS,Kansas City,153.0,3,False
2024-04-20,KS,Kansas City,1028.0,2,False
2024-04-21,KS,Kansas City,2014.0,4,False
2024-04-22,KS,Kansas City,193.0,2,False
2024-04-25,KS,Kansas City,8.0,1,False
2024-04-26,KS,Kansas City,583.0,2,False
2024-04-27,KS,Kansas City,82.0,1,False
2024-04-28,KS,Kansas City,4909.0,2,False
2024-04-29,KS,Kansas City,1724.0,2,False
2024-05-01,KS,Kansas City,150.0,2,False
2024-05-03,KS,Kansas City,66.0,2,False
2024-05-05,KS,Kansas City,1898.0,2,False
2024-05-06,KS,Kansas City,82.0,1,False
2024-05-08,KS,Kansas City,17.0,1,False
2024-05-09,KS,Kansas City,1419.0,2,False
2024-05-10,KS,Kansas City,697.0,3,False
2024-05-12,KS,Kansas City,0.0,1,False
2024-05-13,KS,Kansas City,2409.0,4,False
2024-05-17,KS,Kansas City,2062.0,2,False
2024-05-18,KS,Kansas City,11.0,1,False
2024-05-19,KS,Kansas City,322.0,2,False
2024-05-21,KS,Kansas City,714.0,3,False
2024-05-22,KS,Kansas City,45.0,1,False
2024-05-24,KS,Kansas City,255.0,2,False
2024-05-25,KS,Kansas City,0.0,2,False
2024-05-26,KS,Kansas City,223.0,1,False
2024-05-27,KS,Kansas City,1967.0,1,False
2024-05-28,KS,Kansas City,1709.0,2,False
2024-05-29,KS,Kansas City,867.0,1,False
2024-05-31,KS,Kansas City,18.0,1,False
2024-06-02,KS,Kansas City,209.0,1,True
2024-06-03,KS,Kansas City,921.0,1,True
2024-06-05,KS,Kansas City,632.0,2,True
2024-06-09,KS,Kansas City,1063.0,1,True
2024-06-10,KS,Kansas City,134.0,1,True
2024-06-11,KS,Kansas City,965.0,2,True
2024-06-12,KS,Kansas City,4367.0,3,True
2024-06-13,KS,Kansas City,696.0,2,True
2024-06-14,KS,Kansas City,1787.0,1,True
2024-06-16,KS,Kansas City,62.0,1,True
2024-06-17,KS,Kansas City,101.0,1,True
2024-06-18,KS,Kansas City,926.0,1,True
2024-06-20,KS,Kansas City,1120.0,2,True
2024-06-21,KS,Kansas City,208.0,1,True
2024-06-25,KS,Kansas City,543.0,2,True
2024-06-27,KS,Kansas City,271.0,2,True
2024-06-28,KS,Kansas City,822.0,1,True
2024-06-30,KS,Kansas City,2756.0,2,True
2024-07-01,KS,Kansas City,2604.0,1,True
2024-07-02,KS,Kansas City,360.0,1,True
2024-07-05,KS,Kansas City,210.0,1,True
2024-07-07,KS,Kansas City,0.0,1,True
2024-07-08,KS,Kansas City,752.0,1,True
2024-07-11,KS,Kansas City,1987.0,3,True
2024-07-13,KS,Kansas City,1661.0,2,True
2024-07-16,KS,Kansas City,166.0,2,True
2024-07-17,KS,Kansas City,1337.0,1,True
2024-07-22,KS,Kansas City,681.0,1,True
2024-07-23,KS,Kansas City,870.0,2,True
2024-07-25,KS,Kansas City,951.0,1,True
2024-07-26,KS,Kansas City,1237.0,2,True
2024-07-28,KS,Kansas City,99.0,3,True
2024-07-29,KS,Kansas City,135.0,1,True
2024-07-30,KS,Kansas City,267.0,1,True
2024-07-31,KS,Kansas City,988.0,1,True
2024-08-03,KS,Kansas City,163.0,1,True
2024-08-04,KS,Kansas City,165.0,1,True
2024-08-05,KS,Kansas City,8120.0,1,True
2024-08-06,KS,Kansas City,55.0,1,True
2024-08-07,KS,Kansas City,452.0,1,True
2024-08-08,KS,Kansas City,158.0,1,True
2024-08-09,KS,Kansas City,1860.0,3,True
2024-08-11,KS,Kansas City,0.0,1,True
2024-08-12,KS,Kansas City,339.0,3,True
2024-08-13,KS,Kansas City,135.0,1,True
2024-08-14,KS,Kansas City,801.0,2,True
2024-08-17,KS,Kansas City,0.0,1,True
2024-08-19,KS,Kansas City,9.0,1,True
2024-08-20,KS,Kansas City,429.0,2,True
2024-08-21,KS,Kansas City,638.0,1,True
2024-08-22,KS,Kansas City,739.0,3,True
2024-08-23,KS,Kansas City,5374.0,2,True
2024-08-25,KS,Kansas City,163.0,1,True
2024-08-28,KS,Kansas City,29.0,1,True
2024-08-31,KS,Kansas City,716.0,1,True
2024-09-01,KS,Kansas City,2322.0,2,False
2024-09-02,KS,Kansas City,197.0,1,False
2024-09-03,KS,Kansas City,120.0,1,False
2024-09-05,KS,Kansas City,1798.0,3,False
2024-09-06,KS,Kansas City,718.0,2,False
2024-09-07,KS,Kansas City,2421.0,3,False
2024-09-08,KS,Kansas City,210.0,1,False
2024-09-09,KS,Kansas City,82.0,1,False
2024-09-10,KS,Kansas City,151.0,2,False
2024-09-11,KS,Kansas City,8430.0,1,False
2024-09-12,KS,Kansas City,1238.0,2,False
2024-09-13,KS,Kansas City,1118.0,2,False
2024-09-15,KS,Kansas City,0.0,1,False
2024-09-16,KS,Kansas City,141.0,3,False
2024-09-17,KS,Kansas City,229.0,2,False
2024-09-18,KS,Kansas City,182.0,2,False
2024-09-19,KS,Kansas City,18.0,1,False
2024-09-20,KS,Kansas City,1394.0,1,False
2024-09-22,KS,Kansas City,0.0,2,False
2024-09-23,KS,Kansas City,322.0,2,False
2024-09-24,KS,Kansas City,501.0,2,False
2024-09-25,KS,Kansas City,1181.0,4,False
2024-09-28,KS,Kansas City,2120.0,3,False
2024-09-29,KS,Kansas City,187.0,2,False
2024-09-30,KS,Kansas City,7.0,1,False
2024-10-01,KS,Kansas City,1160.0,2,False
2024-10-03,KS,Kansas City,18.0,1,False
2024-10-05,KS,Kansas City,1365.0,2,False
2024-10-06,KS,Kansas City,556.0,1,False
2024-10-07,KS,Kansas City,427.0,1,False
2024-10-10,KS,Kansas City,98.0,1,False
2024-10-11,KS,Kansas City,2249.0,1,False
2024-10-12,KS,Kansas City,201.0,1,False
2024-10-13,KS,Kansas City,693.0,1,False
2024-10-14,KS,Kansas City,1082.0,1,False
2024-10-16,KS,Kansas City,15.0,2,False
2024-10-17,KS,Kansas City,98.0,1,False
2024-10-18,KS,Kansas City,1044.0,3,False
2024-10-19,KS,Kansas City,298.0,1,False
2024-10-20,KS,Kansas City,1263.0,2,False
2024-10-24,KS,Kansas City,1218.0,3,False
2024-10-25,KS,Kansas City,1440.0,2,False
2024-10-28,KS,Kansas City,455.0,1,False
2024-10-30,KS,Kansas City,636.0,1,False
2024-10-31,KS,Kansas City,78.0,1,False
2024-11-01,KS,Kansas City,829.0,2,False
2024-11-03,KS,Kansas City,0.0,1,False
2024-11-07,KS,Kansas City,233.0,1,False
2024-11-08,KS,Kansas City,147.0,1,False
2024-11-10,KS,Kansas City,0.0,1,False
2024-11-11,KS,Kansas City,38.0,1,False
2024-11-12,KS,Kansas City,457.0,1,False
2024-11-13,KS,Kansas City,137.0,1,False
2024-11-15,KS,Kansas City,58.0,1,False
2024-11-16,KS,Kansas City,27.0,1,False
2024-11-17,KS,Kansas City,78.0,1,False
2024-11-21,KS,Kansas City,23.0,1,False
2024-11-22,KS,Kansas City,150.0,3,False
2024-11-25,KS,Kansas City,653.0,2,False
2024-11-26,KS,Kansas City,2084.0,3,False
2024-11-27,KS,Kansas City,2316.0,3,False
2024-11-28,KS,Kansas City,0.0,2,False
2024-11-29,KS,Kansas City,141.0,3,False
2024-11-30,KS,Kansas City,1014.0,1,False
2024-12-04,KS,Kansas City,33.0,1,False
2024-12-05,KS,Kansas City,105.0,1,False
2024-12-06,KS,Kansas City,2737.0,2,False
2024-12-07,KS,Kansas City,977.0,3,False
2024-12-09,KS,Kansas City,41.0,1,False
2024-12-10,KS,Kansas City,94.0,1,False
2024-12-11,KS,Kansas City,83.0,1,False
2024-12-12,KS,Kansas City,438.0,2,False
2024-12-13,KS,Kansas City,990.0,1,False
2024-12-14,KS,Kansas City,79.0,2,False
2024-12-15,KS,Kansas City,1743.0,3,False
2024-12-19,KS,Kansas City,323.0,2,False
2024-12-20,KS,Kansas City,198.0,3,False
2024-12-22,KS,Kansas City,353.0,1,False
2024-12-25,KS,Kansas City,0.0,1,False
2024-12-26,KS,Kansas City,176.0,2,False
2024-12-27,KS,Kansas City,677.0,1,False
2024-12-28,KS,Kansas City,0.0,1,False
2024-12-29,KS,Kansas City,954.0,3,False
2024-12-31,KS,Kansas City,124.0,1,False
2020-01-01,MA,Boston,562.0,3,False
2020-01-02,MA,Boston,686.0,2,False
2020-01-03,MA,Boston,1873.0,3,False
2020-01-04,MA,Boston,560.0,1,False
2020-01-05,MA,Boston,529.0,2,False
2020-01-06,MA,Boston,39.0,1,False
2020-01-07,MA,Boston,691.0,3,False
2020-01-08,MA,Boston,162.0,5,False
2020-01-11,MA,Boston,45.0,1,False
2020-01-12,MA,Boston,2022.0,4,False
2020-01-13,MA,Boston,4044.0,3,False
2020-01-14,MA,Boston,381.0,3,False
2020-01-15,MA,Boston,257.0,2,False
2020-01-16,MA,Boston,2723.0,3,False
2020-01-17,MA,Boston,1412.0,1,False
2020-01-18,MA,Boston,740.0,2,False
2020-01-19,MA,Boston,1062.0,3,False
2020-01-21,MA,Boston,117.0,3,False
2020-01-22,MA,Boston,20.0,1,False
2020-01-23,MA,Boston,66.0,1,False
2020-01-24,MA,Boston,8785.0,5,False
2020-01-25,MA,Boston,484.0,2,False
2020-01-26,MA,Boston,76.0,1,False
2020-01-27,MA,Boston,417.0,2,False
2020-01-28,MA,Boston,10.0,1,False
2020-01-29,MA,Boston,70.0,1,False
2020-01-30,MA,Boston,858.0,1,False
2020-01-31,MA,Boston,2646.0,5,False
2020-02-01,MA,Boston,2308.0,3,False
2020-02-02,MA,Boston,249.0,2,False
2020-02-03,MA,Boston,1113.0,3,False
2020-02-06,MA,Boston,52.0,1,False
2020-02-07,MA,Boston,1865.0,1,False
2020-02-08,MA,Boston,1721.0,2,False
2020-02-10,MA,Boston,606.0,2,False
2020-02-11,MA,Boston,531.0,3,False
2020-02-12,MA,Boston,2030.0,3,False
2020-02-13,MA,Boston,3042.0,2,False
2020-02-14,MA,Boston,434.0,2,False
2020-02-15,MA,Boston,3074.0,2,False
2020-02-17,MA,Boston,1607.0,4,False
2020-02-18,MA,Boston,2965.0,4,False
2020-02-19,MA,Boston,321.0,1,False
2020-02-20,MA,Boston,171.0,1,False
2020-02-22,MA,Boston,0.0,1,False
2020-02-23,MA,Boston,179.0,1,False
2020-02-24,MA,Boston,1561.0,1,False
2020-02-25,MA,Boston,232.0,1,False
2020-02-26,MA,Boston,1770.0,1,False
2020-02-27,MA,Boston,76.0,2,False
2020-02-29,MA,Boston,2971.0,2,False
2020-03-01,MA,Boston,68.0,4,False
2020-03-02,MA,Boston,1193.0,3,False
2020-03-03,MA,Boston,190.0,1,False
2020-03-04,MA,Boston,414.0,4,False
2020-03-06,MA,Boston,1266.0,3,False
2020-03-07,MA,Boston,642.0,2,False
2020-03-08,MA,Boston,1867.0,1,False
2020-03-09,MA,Boston,680.0,4,False
2020-03-10,MA,Boston,237.0,3,False
2020-03-11,MA,Boston,418.0,5,False
2020-03-12,MA,Boston,4752.0,3,False
2020-03-13,MA,Boston,32.0,1,False
2020-03-14,MA,Boston,244.0,1,False
2020-03-15,MA,Boston,213.0,3,False
2020-03-16,MA,Boston,17.0,1,False
2020-03-17,MA,Boston,75.0,1,False
2020-03-18,MA,Boston,109.0,2,False
2020-03-19,MA,Boston,712.0,1,False
2020-03-20,MA,Boston,440.0,1,False
2020-03-21,MA,Boston,627.0,2,False
2020-03-22,MA,Boston,17.0,2,False
2020-03-24,MA,Boston,0.0,3,False
2020-03-25,MA,Boston,1135.0,3,False
2020-03-27,MA,Boston,15.0,2,False
2020-03-28,MA,Boston,0.0,4,False
2020-03-29,MA,Boston,57.0,3,False
2020-03-30,MA,Boston,0.0,1,False
2020-04-01,MA,Boston,838.0,4,False
2020-04-02,MA,Boston,385.0,4,False
2020-04-03,MA,Boston,210.0,2,False
2020-04-05,MA,Boston,177.0,3,False
2020-04-06,MA,Boston,0.0,2,False
2020-04-07,MA,Boston,354.0,4,False
2020-04-08,MA,Boston,250.0,1,False
2020-04-09,MA,Boston,112.0,3,False
2020-04-11,MA,Boston,113.0,4,False
2020-04-12,MA,Boston,76.0,2,False
2020-04-13,MA,Boston,0.0,2,False
2020-04-15,MA,Boston,937.0,4,False
2020-04-16,MA,Boston,0.0,3,False
2020-04-17,MA,Boston,654.0,5,False
2020-04-18,MA,Boston,0.0,2,False
2020-04-19,MA,Boston,222.0,3,False
2020-04-20,MA,Boston,776.0,2,False
2020-04-21,MA,Boston,0.0,1,False
2020-04-22,MA,Boston,477.0,3,False
2020-04-23,MA,Boston,770.0,4,False
2020-04-24,MA,Boston,95.0,2,False
2020-04-25,MA,Boston,335.0,3,False
2020-04-26,MA,Boston,163.0,2,False
2020-04-27,MA,Boston,412.0,2,False
2020-04-29,MA,Boston,642.0,1,False
2020-04-30,MA,Boston,146.0,2,False
2020-05-01,MA,Boston,0.0,1,False
2020-05-02,MA,Boston,0.0,1,False
2020-05-04,MA,Boston,6318.0,3,False
2020-05-05,MA,Boston,0.0,1,False
2020-05-06,MA,Boston,211.0,4,False
2020-05-07,MA,Boston,0.0,2,False
2020-05-08,MA,Boston,951.0,3,False
2020-05-09,MA,Boston,0.0,3,False
2020-05-10,MA,Boston,99.0,1,False
2020-05-12,MA,Boston,19.0,2,False
2020-05-13,MA,Boston,140.0,2,False
2020-05-14,MA,Boston,324.0,3,False
2020-05-15,MA,Boston,206.0,4,False
2020-05-16,MA,Boston,0.0,2,False
2020-05-17,MA,Boston,16.0,1,False
2020-05-19,MA,Boston,122.0,2,False
2020-05-20,MA,Boston,243.0,1,False
2020-05-21,MA,Boston,38.0,3,False
2020-05-22,MA,Boston,94.0,2,False
2020-05-23,MA,Boston,25.0,2,False
2020-05-24,MA,Boston,1162.0,4,False
2020-05-25,MA,Boston,43.0,2,False
2020-05-26,MA,Boston,0.0,1,False
2020-05-27,MA,Boston,0.0,1,False
2020-05-28,MA,Boston,41.0,3,False
2020-05-29,MA,Boston,1347.0,2,False
2020-05-30,MA,Boston,49.0,1,False
2020-05-31,MA,Boston,185.0,1,False
2020-06-02,MA,Boston,0.0,1,True
2020-06-03,MA,Boston,0.0,1,True
2020-06-04,MA,Boston,217.0,1,True
2020-06-05,MA,Boston,95.0,1,True
2020-06-06,MA,Boston,134.0,3,True
2020-06-07,MA,Boston,0.0,1,True
2020-06-08,MA,Boston,803.0,1,True
2020-06-09,MA,Boston,381.0,1,True
2020-06-10,MA,Boston,405.0,3,True
2020-06-11,MA,Boston,382.0,1,True
2020-06-12,MA,Boston,551.0,3,True
2020-06-13,MA,Boston,565.0,4,True
2020-06-14,MA,Boston,0.0,2,True
2020-06-15,MA,Boston,1530.0,1,True
2020-06-16,MA,Boston,1274.0,3,True
2020-06-18,MA,Boston,135.0,3,True
2020-06-19,MA,Boston,954.0,1,True
2020-06-20,MA,Boston,2348.0,3,True
2020-06-21,MA,Boston,40.0,2,True
2020-06-22,MA,Boston,1763.0,2,True
2020-06-23,MA,Boston,612.0,3,True
2020-06-24,MA,Boston,1955.0,2,True
2020-06-25,MA,Boston,2253.0,5,True
2020-06-26,MA,Boston,18.0,1,True
2020-06-27,MA,Boston,2069.0,3,True
2020-06-28,MA,Boston,1328.0,4,True
2020-06-29,MA,Boston,405.0,1,True
2020-06-30,MA,Boston,2332.0,4,True
2020-07-01,MA,Boston,955.0,3,True
2020-07-02,MA,Boston,107.0,2,True
2020-07-03,MA,Boston,1126.0,4,True
2020-07-04,MA,Boston,139.0,3,True
2020-07-05,MA,Boston,914.0,2,True
2020-07-06,MA,Boston,12.0,1,True
2020-07-08,MA,Boston,63.0,1,True
2020-07-09,MA,Boston,176.0,2,True
2020-07-10,MA,Boston,270.0,2,True
2020-07-11,MA,Boston,1769.0,2,True
2020-07-13,MA,Boston,805.0,1,True
2020-07-15,MA,Boston,3046.0,4,True
2020-07-16,MA,Boston,3670.0,3,True
2020-07-17,MA,Boston,3577.0,4,True
2020-07-18,MA,Boston,694.0,2,True
2020-07-19,MA,Boston,2656.0,4,True
2020-07-22,MA,Boston,939.0,3,True
2020-07-23,MA,Boston,474.0,2,True
2020-07-24,MA,Boston,1055.0,3,True
2020-07-25,MA,Boston,1376.0,2,True
2020-07-26,MA,Boston,2925.0,3,True
2020-07-27,MA,Boston,433.0,3,True
2020-07-28,MA,Boston,155.0,1,True
2020-07-30,MA,Boston,1573.0,3,True
2020-07-31,MA,Boston,2429.0,3,True
2020-08-01,MA,Boston,2302.0,3,True
2020-08-02,MA,Boston,337.0,2,True
2020-08-03,MA,Boston,1363.0,3,True
2020-08-04,MA,Boston,454.0,1,True
2020-08-05,MA,Boston,579.0,2,True
2020-08-07,MA,Boston,41.0,1,True
2020-08-08,MA,Boston,3310.0,3,True
2020-08-09,MA,Boston,136.0,2,True
2020-08-11,MA,Boston,268.0,2,True
2020-08-12,MA,Boston,1806.0,3,True
2020-08-13,MA,Boston,299.0,2,True
2020-08-14,MA,Boston,359.0,1,True
2020-08-15,MA,Boston,117.0,3,True
2020-08-16,MA,Boston,319.0,2,True
2020-08-17,MA,Boston,896.0,3,True
2020-08-18,MA,Boston,877.0,2,True
2020-08-19,MA,Boston,2322.0,3,True
2020-08-20,MA,Boston,887.0,3,True
2020-08-21,MA,Boston,1386.0,1,True
2020-08-22,MA,Boston,1711.0,4,True
2020-08-23,MA,Boston,2687.0,3,True
2020-08-25,MA,Boston,969.0,2,True
2020-08-26,MA,Boston,31.0,1,True
2020-08-27,MA,Boston,272.0,3,True
2020-08-28,MA,Boston,2215.0,4,True
2020-08-29,MA,Boston,777.0,3,True
2020-08-30,MA,Boston,0.0,1,True
2020-08-31,MA,Boston,1631.0,2,True
2020-09-01,MA,Boston,806.0,4,False
2020-09-03,MA,Boston,161.0,1,False
2020-09-04,MA,Boston,209.0,2,False
2020-09-05,MA,Boston,645.0,2,False
2020-09-06,MA,Boston,155.0,1,False
2020-09-07,MA,Boston,430.0,4,False
2020-09-08,MA,Boston,2228.0,5,False
2020-09-09,MA,Boston,336.0,2,False
2020-09-10,MA,Boston,15.0,1,False
2020-09-11,MA,Boston,2895.0,2,False
2020-09-13,MA,Boston,1432.0,2,False
2020-09-14,MA,Boston,96.0,1,False
2020-09-15,MA,Boston,232.0,2,False
2020-09-16,MA,Boston,469.0,2,False
2020-09-18,MA,Boston,2296.0,2,False
2020-09-20,MA,Boston,52.0,3,False
2020-09-21,MA,Boston,140.0,1,False
2020-09-22,MA,Boston,459.0,2,False
2020-09-23,MA,Boston,0.0,1,False
2020-09-24,MA,Boston,848.0,4,False
2020-09-25,MA,Boston,757.0,2,False
2020-09-26,MA,Boston,0.0,1,False
2020-09-27,MA,Boston,167.0,4,False
2020-09-28,MA,Boston,56.0,2,False
2020-09-29,MA,Boston,4118.0,2,False
2020-09-30,MA,Boston,159.0,1,False
2020-10-01,MA,Boston,187.0,3,False
2020-10-02,MA,Boston,260.0,2,False
2020-10-03,MA,Boston,118.0,1,False
2020-10-04,MA,Boston,522.0,2,False
2020-10-05,MA,Boston,2802.0,6,False
2020-10-06,MA,Boston,600.0,1,False
2020-10-07,MA,Boston,626.0,5,False
2020-10-08,MA,Boston,1187.0,2,False
2020-10-09,MA,Boston,55.0,1,False
2020-10-10,MA,Boston,1166.0,3,False
2020-10-11,MA,Boston,1846.0,3,False
2020-10-12,MA,Boston,579.0,2,False
2020-10-13,MA,Boston,157.0,2,False
2020-10-14,MA,Boston,2446.0,3,False
2020-10-15,MA,Boston,365.0,2,False
2020-10-16,MA,Boston,380.0,3,False
2020-10-17,MA,Boston,371.0,1,False
2020-10-18,MA,Boston,3514.0,4,False
2020-10-19,MA,Boston,1160.0,3,False
2020-10-20,MA,Boston,360.0,1,False
2020-10-21,MA,Boston,186.0,2,False
2020-10-22,MA,Boston,2157.0,5,False
2020-10-23,MA,Boston,83.0,1,False
2020-10-24,MA,Boston,7075.0,4,False
2020-10-25,MA,Boston,2560.0,1,False
2020-10-26,MA,Boston,656.0,2,False
2020-10-27,MA,Boston,152.0,2,False
2020-10-28,MA,Boston,1234.0,2,False
2020-10-29,MA,Boston,2252.0,2,False
2020-10-30,MA,Boston,63.0,1,False
2020-10-31,MA,Boston,3111.0,1,False
2020-11-02,MA,Boston,1070.0,1,False
2020-11-03,MA,Boston,2206.0,4,False
2020-11-04,MA,Boston,1887.0,5,False
2020-11-05,MA,Boston,612.0,3,False
2020-11-07,MA,Boston,389.0,1,False
2020-11-09,MA,Boston,782.0,2,False
2020-11-10,MA,Boston,197.0,1,False
2020-11-11,MA,Boston,109.0,1,False
2020-11-12,MA,Boston,26.0,1,False
2020-11-13,MA,Boston,2371.0,4,False
2020-11-14,MA,Boston,2050.0,3,False
2020-11-15,MA,Boston,48.0,1,False
2020-11-16,MA,Boston,1848.0,2,False
2020-11-17,MA,Boston,2745.0,2,False
2020-11-18,MA,Boston,57.0,1,False
2020-11-20,MA,Boston,2078.0,2,False
2020-11-21,MA,Boston,680.0,2,False
2020-11-22,MA,Boston,312.0,3,False
2020-11-23,MA,Boston,40.0,1,False
2020-11-24,MA,Boston,4034.0,4,False
2020-11-25,MA,Boston,116.0,1,False
2020-11-26,MA,Boston,855.0,5,False
2020-11-27,MA,Boston,1556.0,2,False
2020-11-28,MA,Boston,90.0,1,False
2020-11-29,MA,Boston,221.0,2,False
2020-11-30,MA,Boston,71.0,1,False
2020-12-01,MA,Boston,48.0,1,False
2020-12-02,MA,Boston,1817.0,2,False
2020-12-03,MA,Boston,862.0,4,False
2020-12-04,MA,Boston,783.0,5,False
2020-12-05,MA,Boston,1773.0,4,False
2020-12-06,MA,Boston,610.0,2,False
2020-12-07,MA,Boston,170.0,1,False
2020-12-08,MA,Boston,199.0,2,False
2020-12-10,MA,Boston,1361.0,2,False
2020-12-11,MA,Boston,226.0,1,False
2020-12-13,MA,Boston,13.0,3,False
2020-12-14,MA,Boston,123.0,1,False
2020-12-15,MA,Boston,513.0,1,False
2020-12-16,MA,Boston,928.0,2,False
2020-12-17,MA,Boston,361.0,2,False
2020-12-18,MA,Boston,424.0,2,False
2020-12-21,MA,Boston,1589.0,2,False
2020-12-24,MA,Boston,275.0,3,False
2020-12-25,MA,Boston,771.0,5,False
2020-12-26,MA,Boston,2475.0,6,False
2020-12-27,MA,Boston,124.0,2,False
2020-12-28,MA,Boston,1179.0,1,False
2020-12-29,MA,Boston,788.0,4,False
2020-12-30,MA,Boston,129.0,1,False
2020-12-31,MA,Boston,880.0,2,False
2021-01-01,MA,Boston,78.0,3,False
2021-01-02,MA,Boston,68.0,1,False
2021-01-03,MA,Boston,2115.0,5,False
2021-01-04,MA,Boston,1059.0,3,False
2021-01-05,MA,Boston,117.0,2,False
2021-01-06,MA,Boston,2118.0,3,False
2021-01-07,MA,Boston,84.0,2,False
2021-01-08,MA,Boston,1175.0,4,False
2021-01-09,MA,Boston,1074.0,2,False
2021-01-11,MA,Boston,844.0,3,False
2021-01-12,MA,Boston,116.0,1,False
2021-01-13,MA,Boston,1292.0,2,False
2021-01-15,MA,Boston,212.0,1,False
2021-01-16,MA,Boston,173.0,2,False
2021-01-17,MA,Boston,0.0,1,False
2021-01-18,MA,Boston,243.0,2,False
2021-01-19,MA,Boston,572.0,4,False
2021-01-21,MA,Boston,365.0,3,False
2021-01-22,MA,Boston,1247.0,3,False
2021-01-24,MA,Boston,1304.0,2,False
2021-01-25,MA,Boston,169.0,2,False
2021-01-26,MA,Boston,2241.0,3,False
2021-01-27,MA,Boston,118.0,1,False
2021-01-28,MA,Boston,414.0,3,False
2021-01-30,MA,Boston,1828.0,3,False
2021-01-31,MA,Boston,1423.0,2,False
2021-02-01,MA,Boston,378.0,2,False
2021-02-02,MA,Boston,892.0,2,False
2021-02-03,MA,Boston,255.0,3,False
2021-02-05,MA,Boston,1151.0,3,False
2021-02-06,MA,Boston,80.0,1,False
2021-02-07,MA,Boston,0.0,1,False
2021-02-08,MA,Boston,1401.0,4,False
2021-02-10,MA,Boston,233.0,2,False
2021-02-11,MA,Boston,118.0,2,False
2021-02-14,MA,Boston,3521.0,2,False
2021-02-16,MA,Boston,394.0,3,False
2021-02-17,MA,Boston,198.0,1,False
2021-02-18,MA,Boston,281.0,4,False
2021-02-19,MA,Boston,1183.0,3,False
2021-02-20,MA,Boston,722.0,3,False
2021-02-21,MA,Boston,3731.0,4,False
2021-02-22,MA,Boston,1005.0,4,False
2021-02-23,MA,Boston,255.0,3,False
2021-02-24,MA,Boston,1146.0,1,False
2021-02-25,MA,Boston,18.0,2,False
2021-02-26,MA,Boston,48.0,1,False
2021-02-27,MA,Boston,877.0,2,False
2021-03-01,MA,Boston,944.0,2,False
2021-03-02,MA,Boston,79.0,1,False
2021-03-04,MA,Boston,1628.0,2,False
2021-03-05,MA,Boston,642.0,1,False
2021-03-06,MA,Boston,92.0,1,False
2021-03-07,MA,Boston,204.0,2,False
2021-03-08,MA,Boston,12.0,1,False
2021-03-10,MA,Boston,515.0,2,False
2021-03-11,MA,Boston,83.0,2,False
2021-03-12,MA,Boston,351.0,4,False
2021-03-13,MA,Boston,794.0,2,False
2021-03-14,MA,Boston,0.0,1,False
2021-03-15,MA,Boston,82.0,2,False
2021-03-16,MA,Boston,2320.0,5,False
2021-03-17,MA,Boston,1738.0,4,False
2021-03-18,MA,Boston,1893.0,3,False
2021-03-19,MA,Boston,286.0,2,False
2021-03-20,MA,Boston,3276.0,2,False
2021-03-22,MA,Boston,1851.0,3,False
2021-03-24,MA,Boston,460.0,2,False
2021-03-26,MA,Boston,841.0,2,False
2021-03-27,MA,Boston,2707.0,4,False
2021-03-28,MA,Boston,557.0,2,False
2021-03-29,MA,Boston,1641.0,2,False
2021-03-30,MA,Boston,248.0,1,False
2021-03-31,MA,Boston,1289.0,3,False
2021-04-01,MA,Boston,17.0,1,False
2021-04-02,MA,Boston,83.0,1,False
2021-04-03,MA,Boston,4406.0,5,False
2021-04-04,MA,Boston,106.0,1,False
2021-04-05,MA,Boston,1073.0,2,False
2021-04-06,MA,Boston,1065.0,1,False
2021-04-07,MA,Boston,2215.0,3,False
2021-04-08,MA,Boston,1737.0,4,False
2021-04-09,MA,Boston,138.0,1,False
2021-04-10,MA,Boston,568.0,2,False
2021-04-11,MA,Boston,161.0,3,False
2021-04-12,MA,Boston,1238.0,4,False
2021-04-13,MA,Boston,1178.0,1,False
2021-04-14,MA,Boston,132.0,1,False
2021-04-15,MA,Boston,42.0,2,False
2021-04-16,MA,Boston,848.0,1,False
2021-04-17,MA,Boston,314.0,2,False
2021-04-18,MA,Boston,2483.0,1,False
2021-04-19,MA,Boston,82.0,2,False
2021-04-20,MA,Boston,4691.0,2,False
2021-04-21,MA,Boston,2099.0,3,False
2021-04-23,MA,Boston,2191.0,5,False
2021-04-24,MA,Boston,1261.0,2,False
2021-04-25,MA,Boston,339.0,2,False
2021-04-26,MA,Boston,2100.0,3,False
2021-04-27,MA,Boston,205.0,2,False
2021-04-29,MA,Boston,204.0,2,False
2021-04-30,MA,Boston,730.0,2,False
2021-05-01,MA,Boston,2387.0,1,False
2021-05-02,MA,Boston,269.0,2,False
2021-05-03,MA,Boston,234.0,2,False
2021-05-04,MA,Boston,3052.0,3,False
2021-05-05,MA,Boston,216.0,2,False
2021-05-06,MA,Boston,623.0,1,False
2021-05-07,MA,Boston,612.0,1,False
2021-05-08,MA,Boston,3609.0,3,False
2021-05-09,MA,Boston,0.0,1,False
2021-05-10,MA,Boston,1245.0,1,False
2021-05-11,MA,Boston,2161.0,3,False
2021-05-12,MA,Boston,1653.0,5,False
2021-05-13,MA,Boston,194.0,1,False
2021-05-15,MA,Boston,54.0,1,False
2021-05-16,MA,Boston,387.0,2,False
2021-05-18,MA,Boston,596.0,1,False
2021-05-19,MA,Boston,3140.0,3,False
2021-05-20,MA,Boston,38.0,1,False
2021-05-21,MA,Boston,669.0,2,False
2021-05-22,MA,Boston,361.0,2,False
2021-05-23,MA,Boston,1852.0,2,False
2021-05-24,MA,Boston,100.0,3,False
2021-05-25,MA,Boston,75.0,1,False
2021-05-26,MA,Boston,604.0,2,False
2021-05-27,MA,Boston,176.0,2,False
2021-05-28,MA,Boston,78.0,1,False
2021-05-29,MA,Boston,388.0,2,False
2021-05-30,MA,Boston,359.0,1,False
2021-05-31,MA,Boston,562.0,1,False
2021-06-02,MA,Boston,3680.0,4,True
2021-06-03,MA,Boston,3219.0,3,True
2021-06-04,MA,Boston,838.0,4,True
2021-06-08,MA,Boston,10.0,1,True
2021-06-09,MA,Boston,589.0,3,True
2021-06-10,MA,Boston,158.0,3,True
2021-06-11,MA,Boston,5236.0,5,True
2021-06-12,MA,Boston,4320.0,4,True
2021-06-13,MA,Boston,89.0,2,True
2021-06-14,MA,Boston,7076.0,7,True
2021-06-15,MA,Boston,2197.0,1,True
2021-06-16,MA,Boston,2200.0,1,True
2021-06-18,MA,Boston,5685.0,5,True
2021-06-19,MA,Boston,3292.0,3,True
2021-06-20,MA,Boston,330.0,4,True
2021-06-21,MA,Boston,2122.0,2,True
2021-06-22,MA,Boston,235.0,2,True
2021-06-23,MA,Boston,658.0,3,True
2021-06-25,MA,Boston,112.0,1,True
2021-06-26,MA,Boston,7151.0,7,True
2021-06-28,MA,Boston,65.0,2,True
2021-06-30,MA,Boston,223.0,3,True
2021-07-01,MA,Boston,643.0,2,True
2021-07-02,MA,Boston,4730.0,1,True
2021-07-03,MA,Boston,939.0,4,True
2021-07-04,MA,Boston,4231.0,3,True
2021-07-05,MA,Boston,2945.0,1,True
2021-07-07,MA,Boston,413.0,2,True
2021-07-08,MA,Boston,991.0,2,True
2021-07-10,MA,Boston,151.0,5,True
2021-07-11,MA,Boston,122.0,2,True
2021-07-12,MA,Boston,72.0,1,True
2021-07-13,MA,Boston,5722.0,2,True
2021-07-14,MA,Boston,128.0,3,True
2021-07-15,MA,Boston,2340.0,5,True
2021-07-16,MA,Boston,18.0,1,True
2021-07-17,MA,Boston,1272.0,3,True
2021-07-18,MA,Boston,4098.0,1,True
2021-07-20,MA,Boston,1198.0,4,True
2021-07-21,MA,Boston,818.0,1,True
2021-07-22,MA,Boston,480.0,2,True
2021-07-23,MA,Boston,496.0,2,True
2021-07-25,MA,Boston,5678.0,6,True
2021-07-26,MA,Boston,1624.0,3,True
2021-07-28,MA,Boston,85.0,1,True
2021-07-29,MA,Boston,5490.0,4,True
2021-07-30,MA,Boston,28.0,1,True
2021-07-31,MA,Boston,1348.0,1,True
2021-08-01,MA,Boston,2288.0,3,True
2021-08-02,MA,Boston,909.0,3,True
2021-08-03,MA,Boston,10.0,1,True
2021-08-04,MA,Boston,456.0,2,True
2021-08-05,MA,Boston,122.0,1,True
2021-08-06,MA,Boston,43.0,1,True
2021-08-07,MA,Boston,745.0,1,True
2021-08-08,MA,Boston,47.0,2,True
2021-08-09,MA,Boston,142.0,3,True
2021-08-10,MA,Boston,415.0,1,True
2021-08-11,MA,Boston,1184.0,2,True
2021-08-12,MA,Boston,1692.0,2,True
2021-08-13,MA,Boston,62.0,2,True
2021-08-14,MA,Boston,673.0,2,True
2021-08-15,MA,Boston,867.0,3,True
2021-08-16,MA,Boston,2049.0,5,True
2021-08-17,MA,Boston,3697.0,2,True
2021-08-18,MA,Boston,72.0,2,True
2021-08-20,MA,Boston,213.0,2,True
2021-08-21,MA,Boston,588.0,2,True
2021-08-22,MA,Boston,410.0,2,True
2021-08-23,MA,Boston,6677.0,3,True
2021-08-24,MA,Boston,86.0,1,True
2021-08-25,MA,Boston,17.0,1,True
2021-08-26,MA,Boston,1488.0,1,True
2021-08-27,MA,Boston,4391.0,6,True
2021-08-28,MA,Boston,219.0,2,True
2021-08-29,MA,Boston,1280.0,2,True
2021-08-30,MA,Boston,646.0,1,True
2021-08-31,MA,Boston,2128.0,2,True
2021-09-01,MA,Boston,1509.0,4,False
2021-09-02,MA,Boston,1277.0,3,False
2021-09-03,MA,Boston,793.0,2,False
2021-09-04,MA,Boston,38.0,1,False
2021-09-05,MA,Boston,1459.0,3,False
2021-09-06,MA,Boston,2081.0,3,False
2021-09-07,MA,Boston,1210.0,4,False
2021-09-08,MA,Boston,819.0,3,False
2021-09-09,MA,Boston,2340.0,3,False
2021-09-10,MA,Boston,54.0,1,False
2021-09-12,MA,Boston,1572.0,1,False
2021-09-13,MA,Boston,220.0,2,False
2021-09-14,MA,Boston,366.0,2,False
2021-09-16,MA,Boston,419.0,3,False
2021-09-17,MA,Boston,102.0,1,False
2021-09-18,MA,Boston,3404.0,3,False
2021-09-19,MA,Boston,2139.0,3,False
2021-09-20,MA,Boston,264.0,2,False
2021-09-21,MA,Boston,1256.0,3,False
2021-09-22,MA,Boston,162.0,2,False
2021-09-23,MA,Boston,8522.0,4,False
2021-09-24,MA,Boston,2376.0,4,False
2021-09-26,MA,Boston,43.0,1,False
2021-09-27,MA,Boston,1229.0,1,False
2021-09-28,MA,Boston,19.0,1,False
2021-09-29,MA,Boston,168.0,1,False
2021-09-30,MA,Boston,298.0,1,False
2021-10-01,MA,Boston,47.0,1,False
2021-10-02,MA,Boston,6875.0,3,False
2021-10-03,MA,Boston,917.0,4,False
2021-10-04,MA,Boston,1878.0,2,False
2021-10-05,MA,Boston,157.0,2,False
2021-10-06,MA,Boston,233.0,1,False
2021-10-07,MA,Boston,107.0,1,False
2021-10-08,MA,Boston,1918.0,2,False
2021-10-09,MA,Boston,5307.0,2,False
2021-10-10,MA,Boston,7367.0,6,False
2021-10-11,MA,Boston,159.0,2,False
2021-10-12,MA,Boston,283.0,1,False
2021-10-13,MA,Boston,620.0,2,False
2021-10-14,MA,Boston,9.0,1,False
2021-10-15,MA,Boston,62.0,1,False
2021-10-16,MA,Boston,1452.0,2,False
2021-10-17,MA,Boston,302.0,1,False
2021-10-18,MA,Boston,941.0,4,False
2021-10-19,MA,Boston,395.0,2,False
2021-10-20,MA,Boston,129.0,1,False
2021-10-21,MA,Boston,308.0,1,False
2021-10-22,MA,Boston,659.0,2,False
2021-10-23,MA,Boston,6878.0,2,False
2021-10-24,MA,Boston,1758.0,2,False
2021-10-25,MA,Boston,1224.0,2,False
2021-10-26,MA,Boston,7181.0,4,False
2021-10-27,MA,Boston,922.0,3,False
2021-10-30,MA,Boston,36.0,1,False
2021-10-31,MA,Boston,0.0,2,False
2021-11-02,MA,Boston,156.0,2,False
2021-11-03,MA,Boston,99.0,1,False
2021-11-04,MA,Boston,5525.0,2,False
2021-11-05,MA,Boston,1586.0,1,False
2021-11-06,MA,Boston,6245.0,1,False
2021-11-07,MA,Boston,1153.0,2,False
2021-11-08,MA,Boston,185.0,2,False
2021-11-11,MA,Boston,621.0,4,False
2021-11-13,MA,Boston,3490.0,2,False
2021-11-14,MA,Boston,121.0,3,False
2021-11-15,MA,Boston,1141.0,4,False
2021-11-16,MA,Boston,26.0,1,False
2021-11-17,MA,Boston,13.0,1,False
2021-11-18,MA,Boston,201.0,1,False
2021-11-19,MA,Boston,1526.0,2,False
2021-11-20,MA,Boston,329.0,2,False
2021-11-21,MA,Boston,483.0,2,False
2021-11-23,MA,Boston,320.0,1,False
2021-11-24,MA,Boston,2348.0,2,False
2021-11-25,MA,Boston,0.0,5,False
2021-11-26,MA,Boston,620.0,2,False
2021-11-27,MA,Boston,208.0,1,False
2021-11-28,MA,Boston,276.0,1,False
2021-11-29,MA,Boston,8215.0,3,False
2021-11-30,MA,Boston,822.0,1,False
2021-12-01,MA,Boston,93.0,3,False
2021-12-03,MA,Boston,4148.0,4,False
2021-12-04,MA,Boston,792.0,3,False
2021-12-05,MA,Boston,470.0,4,False
2021-12-07,MA,Boston,733.0,2,False
2021-12-08,MA,Boston,206.0,2,False
2021-12-10,MA,Boston,130.0,1,False
2021-12-11,MA,Boston,3770.0,5,False
2021-12-12,MA,Boston,2769.0,3,False
2021-12-13,MA,Boston,1805.0,4,False
2021-12-14,MA,Boston,2707.0,3,False
2021-12-15,MA,Boston,153.0,1,False
2021-12-16,MA,Boston,371.0,1,False
2021-12-17,MA,Boston,113.0,1,False
2021-12-18,MA,Boston,203.0,2,False
2021-12-19,MA,Boston,512.0,2,False
2021-12-20,MA,Boston,8632.0,5,False
2021-12-21,MA,Boston,603.0,2,False
2021-12-23,MA,Boston,13746.0,8,False
2021-12-24,MA,Boston,3307.0,4,False
2021-12-25,MA,Boston,0.0,5,False
2021-12-26,MA,Boston,290.0,1,False
2021-12-28,MA,Boston,3370.0,3,False
2021-12-29,MA,Boston,2144.0,4,False
2021-12-30,MA,Boston,4801.0,2,False
2021-12-31,MA,Boston,334.0,3,False
2022-01-01,MA,Boston,2052.0,2,False
2022-01-02,MA,Boston,0.0,1,False
2022-01-03,MA,Boston,1191.0,3,False
2022-01-04,MA,Boston,620.0,2,False
2022-01-05,MA,Boston,1156.0,4,False
2022-01-06,MA,Boston,40.0,1,False
2022-01-07,MA,Boston,44.0,1,False
2022-01-08,MA,Boston,3303.0,1,False
2022-01-09,MA,Boston,213.0,2,False
2022-01-10,MA,Boston,413.0,3,False
2022-01-11,MA,Boston,188.0,2,False
2022-01-12,MA,Boston,324.0,2,False
2022-01-14,MA,Boston,885.0,3,False
2022-01-15,MA,Boston,513.0,2,False
2022-01-16,MA,Boston,1232.0,3,False
2022-01-17,MA,Boston,278.0,3,False
2022-01-18,MA,Boston,617.0,2,False
2022-01-19,MA,Boston,2351.0,6,False
2022-01-20,MA,Boston,2347.0,3,False
2022-01-21,MA,Boston,121.0,1,False
2022-01-22,MA,Boston,84.0,1,False
2022-01-23,MA,Boston,84.0,2,False
2022-01-24,MA,Boston,16.0,3,False
2022-01-25,MA,Boston,372.0,1,False
2022-01-26,MA,Boston,554.0,1,False
2022-01-27,MA,Boston,687.0,1,False
2022-01-28,MA,Boston,3171.0,3,False
2022-01-29,MA,Boston,17.0,3,False
2022-01-30,MA,Boston,3646.0,3,False
2022-01-31,MA,Boston,536.0,2,False
2022-02-01,MA,Boston,176.0,1,False
2022-02-02,MA,Boston,443.0,3,False
2022-02-04,MA,Boston,195.0,1,False
2022-02-05,MA,Boston,1475.0,1,False
2022-02-06,MA,Boston,245.0,2,False
2022-02-07,MA,Boston,158.0,3,False
2022-02-08,MA,Boston,269.0,3,False
2022-02-09,MA,Boston,558.0,1,False
2022-02-10,MA,Boston,1287.0,2,False
2022-02-11,MA,Boston,38.0,1,False
2022-02-12,MA,Boston,144.0,2,False
2022-02-13,MA,Boston,393.0,2,False
2022-02-15,MA,Boston,2301.0,4,False
2022-02-17,MA,Boston,1064.0,6,False
2022-02-18,MA,Boston,353.0,1,False
2022-02-22,MA,Boston,835.0,4,False
2022-02-23,MA,Boston,1477.0,3,False
2022-02-24,MA,Boston,785.0,1,False
2022-02-25,MA,Boston,544.0,1,False
2022-02-28,MA,Boston,2699.0,2,False
2022-03-01,MA,Boston,384.0,1,False
2022-03-02,MA,Boston,1214.0,2,False
2022-03-03,MA,Boston,3371.0,2,False
2022-03-04,MA,Boston,941.0,2,False
2022-03-05,MA,Boston,2443.0,2,False
2022-03-06,MA,Boston,22.0,1,False
2022-03-07,MA,Boston,70.0,1,False
2022-03-09,MA,Boston,75.0,1,False
2022-03-10,MA,Boston,790.0,3,False
2022-03-11,MA,Boston,119.0,1,False
2022-03-12,MA,Boston,4195.0,4,False
2022-03-13,MA,Boston,589.0,2,False
2022-03-14,MA,Boston,29.0,1,False
2022-03-15,MA,Boston,1121.0,3,False
2022-03-16,MA,Boston,44.0,1,False
2022-03-17,MA,Boston,499.0,3,False
2022-03-18,MA,Boston,680.0,1,False
2022-03-19,MA,Boston,18.0,1,False
2022-03-20,MA,Boston,20.0,2,False
2022-03-21,MA,Boston,957.0,5,False
2022-03-22,MA,Boston,104.0,1,False
2022-03-23,MA,Boston,2719.0,7,False
2022-03-24,MA,Boston,268.0,2,False
2022-03-26,MA,Boston,75.0,1,False
2022-03-27,MA,Boston,458.0,4,False
2022-03-28,MA,Boston,1498.0,2,False
2022-03-29,MA,Boston,3015.0,7,False
2022-03-30,MA,Boston,1502.0,1,False
2022-03-31,MA,Boston,457.0,2,False
2022-04-01,MA,Boston,2663.0,4,False
2022-04-02,MA,Boston,4914.0,3,False
2022-04-04,MA,Boston,1382.0,1,False
2022-04-06,MA,Boston,204.0,1,False
2022-04-07,MA,Boston,116.0,2,False
2022-04-08,MA,Boston,1090.0,2,False
2022-04-09,MA,Boston,222.0,3,False
2022-04-10,MA,Boston,0.0,1,False
2022-04-12,MA,Boston,325.0,1,False
2022-04-13,MA,Boston,644.0,3,False
2022-04-15,MA,Boston,1180.0,2,False
2022-04-16,MA,Boston,306.0,1,False
2022-04-17,MA,Boston,341.0,6,False
2022-04-18,MA,Boston,77.0,1,False
2022-04-19,MA,Boston,109.0,2,False
2022-04-20,MA,Boston,28.0,1,False
2022-04-22,MA,Boston,6690.0,8,False
2022-04-23,MA,Boston,210.0,2,False
2022-04-24,MA,Boston,0.0,1,False
2022-04-25,MA,Boston,1459.0,2,False
2022-04-26,MA,Boston,942.0,2,False
2022-04-27,MA,Boston,16.0,1,False
2022-04-28,MA,Boston,2868.0,3,False
2022-04-29,MA,Boston,5294.0,5,False
2022-04-30,MA,Boston,108.0,1,False
2022-05-01,MA,Boston,815.0,1,False
2022-05-03,MA,Boston,1306.0,2,False
2022-05-04,MA,Boston,270.0,1,False
2022-05-06,MA,Boston,243.0,1,False
2022-05-07,MA,Boston,515.0,2,False
2022-05-08,MA,Boston,1834.0,3,False
2022-05-09,MA,Boston,2098.0,3,False
2022-05-10,MA,Boston,1616.0,1,False
2022-05-11,MA,Boston,1785.0,2,False
2022-05-12,MA,Boston,1228.0,4,False
2022-05-13,MA,Boston,166.0,1,False
2022-05-15,MA,Boston,1183.0,3,False
2022-05-16,MA,Boston,807.0,1,False
2022-05-17,MA,Boston,821.0,2,False
2022-05-18,MA,Boston,465.0,3,False
2022-05-19,MA,Boston,1421.0,4,False
2022-05-22,MA,Boston,0.0,1,False
2022-05-23,MA,Boston,333.0,4,False
2022-05-24,MA,Boston,2393.0,2,False
2022-05-25,MA,Boston,4007.0,2,False
2022-05-27,MA,Boston,1325.0,4,False
2022-05-28,MA,Boston,139.0,1,False
2022-05-29,MA,Boston,2056.0,4,False
2022-05-30,MA,Boston,835.0,1,False
2022-05-31,MA,Boston,381.0,2,False
2022-06-01,MA,Boston,201.0,1,True
2022-06-02,MA,Boston,4500.0,2,True
2022-06-03,MA,Boston,204.0,1,True
2022-06-04,MA,Boston,0.0,1,True
2022-06-05,MA,Boston,3012.0,3,True
2022-06-06,MA,Boston,5290.0,2,True
2022-06-07,MA,Boston,38.0,1,True
2022-06-08,MA,Boston,139.0,3,True
2022-06-09,MA,Boston,3622.0,2,True
2022-06-10,MA,Boston,1167.0,4,True
2022-06-11,MA,Boston,486.0,1,True
2022-06-13,MA,Boston,312.0,3,True
2022-06-14,MA,Boston,1205.0,5,True
2022-06-16,MA,Boston,28.0,1,True
2022-06-17,MA,Boston,63.0,1,True
2022-06-18,MA,Boston,3577.0,6,True
2022-06-19,MA,Boston,1819.0,4,True
2022-06-21,MA,Boston,1263.0,3,True
2022-06-22,MA,Boston,616.0,1,True
2022-06-23,MA,Boston,106.0,1,True
2022-06-24,MA,Boston,2127.0,2,True
2022-06-25,MA,Boston,387.0,3,True
2022-06-26,MA,Boston,455.0,2,True
2022-06-27,MA,Boston,49.0,2,True
2022-06-28,MA,Boston,1141.0,3,True
2022-06-29,MA,Boston,327.0,2,True
2022-06-30,MA,Boston,1908.0,5,True
2022-07-01,MA,Boston,2024.0,2,True
2022-07-02,MA,Boston,1498.0,3,True
2022-07-03,MA,Boston,1718.0,4,True
2022-07-04,MA,Boston,112.0,1,True
2022-07-05,MA,Boston,1168.0,1,True
2022-07-06,MA,Boston,2193.0,4,True
2022-07-07,MA,Boston,710.0,1,True
2022-07-08,MA,Boston,40.0,1,True
2022-07-09,MA,Boston,1178.0,3,True
2022-07-10,MA,Boston,846.0,1,True
2022-07-12,MA,Boston,131.0,2,True
2022-07-13,MA,Boston,92.0,1,True
2022-07-15,MA,Boston,715.0,2,True
2022-07-16,MA,Boston,988.0,1,True
2022-07-17,MA,Boston,728.0,4,True
2022-07-18,MA,Boston,252.0,3,True
2022-07-19,MA,Boston,195.0,2,True
2022-07-20,MA,Boston,327.0,1,True
2022-07-21,MA,Boston,3369.0,1,True
2022-07-22,MA,Boston,844.0,3,True
2022-07-24,MA,Boston,487.0,4,True
2022-07-25,MA,Boston,2155.0,4,True
2022-07-26,MA,Boston,2698.0,4,True
2022-07-27,MA,Boston,1323.0,5,True
2022-07-28,MA,Boston,1714.0,4,True
2022-07-29,MA,Boston,1150.0,2,True
2022-07-30,MA,Boston,2453.0,1,True
2022-07-31,MA,Boston,0.0,1,True
2022-08-01,MA,Boston,15.0,1,True
2022-08-04,MA,Boston,76.0,1,True
2022-08-05,MA,Boston,258.0,2,True
2022-08-06,MA,Boston,2538.0,2,True
2022-08-08,MA,Boston,207.0,1,True
2022-08-09,MA,Boston,90.0,1,True
2022-08-10,MA,Boston,2148.0,3,True
2022-08-11,MA,Boston,1827.0,2,True
2022-08-12,MA,Boston,4784.0,2,True
2022-08-14,MA,Boston,2198.0,2,True
2022-08-15,MA,Boston,1023.0,1,True
2022-08-16,MA,Boston,761.0,1,True
2022-08-18,MA,Boston,530.0,1,True
2022-08-19,MA,Boston,246.0,2,True
2022-08-20,MA,Boston,5471.0,7,True
2022-08-21,MA,Boston,940.0,4,True
2022-08-22,MA,Boston,63.0,2,True
2022-08-23,MA,Boston,548.0,2,True
2022-08-24,MA,Boston,197.0,2,True
2022-08-25,MA,Boston,623.0,3,True
2022-08-26,MA,Boston,396.0,3,True
2022-08-27,MA,Boston,13193.0,4,True
2022-08-28,MA,Boston,109.0,2,True
2022-08-30,MA,Boston,65.0,1,True
2022-08-31,MA,Boston,1436.0,4,True
2022-09-01,MA,Boston,119.0,2,False
2022-09-02,MA,Boston,5600.0,5,False
2022-09-04,MA,Boston,404.0,2,False
2022-09-05,MA,Boston,284.0,2,False
2022-09-07,MA,Boston,263.0,4,False
2022-09-08,MA,Boston,708.0,3,False
2022-09-09,MA,Boston,154.0,1,False
2022-09-10,MA,Boston,1168.0,2,False
2022-09-11,MA,Boston,0.0,1,False
2022-09-12,MA,Boston,2530.0,5,False
2022-09-13,MA,Boston,1435.0,4,False
2022-09-14,MA,Boston,1327.0,1,False
2022-09-15,MA,Boston,325.0,2,False
2022-09-16,MA,Boston,3254.0,2,False
2022-09-17,MA,Boston,4964.0,3,False
2022-09-18,MA,Boston,285.0,1,False
2022-09-19,MA,Boston,12.0,1,False
2022-09-20,MA,Boston,2546.0,4,False
2022-09-23,MA,Boston,8.0,1,False
2022-09-24,MA,Boston,1204.0,1,False
2022-09-25,MA,Boston,2850.0,4,False
2022-09-26,MA,Boston,999.0,3,False
2022-09-27,MA,Boston,78.0,1,False
2022-09-28,MA,Boston,105.0,1,False
2022-09-29,MA,Boston,74.0,1,False
2022-09-30,MA,Boston,93.0,1,False
2022-10-01,MA,Boston,1098.0,2,False
2022-10-03,MA,Boston,26.0,1,False
2022-10-04,MA,Boston,1212.0,2,False
2022-10-05,MA,Boston,1533.0,2,False
2022-10-06,MA,Boston,301.0,2,False
2022-10-07,MA,Boston,3191.0,2,False
2022-10-08,MA,Boston,5182.0,3,False
2022-10-09,MA,Boston,1103.0,2,False
2022-10-10,MA,Boston,311.0,1,False
2022-10-11,MA,Boston,571.0,2,False
2022-10-15,MA,Boston,31.0,1,False
2022-10-16,MA,Boston,2234.0,3,False
2022-10-17,MA,Boston,1755.0,2,False
2022-10-18,MA,Boston,170.0,2,False
2022-10-19,MA,Boston,283.0,1,False
2022-10-20,MA,Boston,484.0,2,False
2022-10-21,MA,Boston,3966.0,3,False
2022-10-22,MA,Boston,3949.0,3,False
2022-10-23,MA,Boston,587.0,4,False
2022-10-24,MA,Boston,449.0,1,False
2022-10-25,MA,Boston,703.0,4,False
2022-10-26,MA,Boston,1875.0,2,False
2022-10-27,MA,Boston,699.0,1,False
2022-10-28,MA,Boston,2683.0,4,False
2022-10-29,MA,Boston,556.0,2,False
2022-10-30,MA,Boston,4047.0,3,False
2022-10-31,MA,Boston,639.0,2,False
2022-11-01,MA,Boston,1009.0,2,False
2022-11-02,MA,Boston,2028.0,2,False
2022-11-03,MA,Boston,1988.0,3,False
2022-11-04,MA,Boston,3562.0,2,False
2022-11-05,MA,Boston,675.0,2,False
2022-11-06,MA,Boston,18.0,1,False
2022-11-07,MA,Boston,95.0,1,False
2022-11-08,MA,Boston,2723.0,4,False
2022-11-09,MA,Boston,1086.0,2,False
2022-11-10,MA,Boston,1197.0,2,False
2022-11-11,MA,Boston,1488.0,1,False
2022-11-12,MA,Boston,575.0,1,False
2022-11-13,MA,Boston,675.0,1,False
2022-11-14,MA,Boston,2395.0,3,False
2022-11-15,MA,Boston,47.0,2,False
2022-11-16,MA,Boston,2117.0,4,False
2022-11-17,MA,Boston,111.0,1,False
2022-11-19,MA,Boston,465.0,3,False
2022-11-20,MA,Boston,303.0,2,False
2022-11-21,MA,Boston,14.0,1,False
2022-11-22,MA,Boston,466.0,1,False
2022-11-23,MA,Boston,801.0,1,False
2022-11-24,MA,Boston,678.0,2,False
2022-11-25,MA,Boston,1147.0,1,False
2022-11-27,MA,Boston,3127.0,1,False
2022-11-28,MA,Boston,565.0,2,False
2022-11-29,MA,Boston,437.0,3,False
2022-11-30,MA,Boston,1293.0,2,False
2022-12-01,MA,Boston,1195.0,2,False
2022-12-02,MA,Boston,15774.0,4,False
2022-12-03,MA,Boston,84.0,1,False
2022-12-04,MA,Boston,753.0,4,False
2022-12-05,MA,Boston,1560.0,3,False
2022-12-06,MA,Boston,2527.0,3,False
2022-12-07,MA,Boston,82.0,2,False
2022-12-08,MA,Boston,89.0,1,False
2022-12-09,MA,Boston,66.0,1,False
2022-12-11,MA,Boston,4252.0,5,False
2022-12-13,MA,Boston,1241.0,3,False
2022-12-14,MA,Boston,2622.0,4,False
2022-12-15,MA,Boston,195.0,2,False
2022-12-16,MA,Boston,533.0,3,False
2022-12-17,MA,Boston,171.0,2,False
2022-12-18,MA,Boston,137.0,2,False
2022-12-19,MA,Boston,825.0,4,False
2022-12-20,MA,Boston,281.0,1,False
2022-12-21,MA,Boston,242.0,2,False
2022-12-22,MA,Boston,155.0,1,False
2022-12-23,MA,Boston,96.0,1,False
2022-12-25,MA,Boston,566.0,4,False
2022-12-26,MA,Boston,989.0,2,False
2022-12-27,MA,Boston,255.0,2,False
2022-12-28,MA,Boston,82.0,1,False
2022-12-29,MA,Boston,1191.0,2,False
2022-12-30,MA,Boston,1985.0,4,False
2022-12-31,MA,Boston,446.0,2,False
2023-01-01,MA,Boston,1533.0,3,False
2023-01-02,MA,Boston,1127.0,4,False
2023-01-03,MA,Boston,2413.0,4,False
2023-01-04,MA,Boston,678.0,6,False
2023-01-05,MA,Boston,121.0,1,False
2023-01-06,MA,Boston,1580.0,4,False
2023-01-07,MA,Boston,2986.0,2,False
2023-01-08,MA,Boston,373.0,2,False
2023-01-09,MA,Boston,174.0,2,False
2023-01-10,MA,Boston,338.0,2,False
2023-01-11,MA,Boston,726.0,3,False
2023-01-12,MA,Boston,1625.0,4,False
2023-01-13,MA,Boston,139.0,1,False
2023-01-14,MA,Boston,912.0,3,False
2023-01-15,MA,Boston,2491.0,3,False
2023-01-16,MA,Boston,242.0,2,False
2023-01-17,MA,Boston,456.0,1,False
2023-01-18,MA,Boston,84.0,2,False
2023-01-19,MA,Boston,983.0,3,False
2023-01-20,MA,Boston,52.0,1,False
2023-01-22,MA,Boston,1421.0,2,False
2023-01-23,MA,Boston,624.0,1,False
2023-01-24,MA,Boston,49.0,2,False
2023-01-25,MA,Boston,1042.0,3,False
2023-01-26,MA,Boston,46.0,1,False
2023-01-27,MA,Boston,4062.0,4,False
2023-01-29,MA,Boston,94.0,1,False
2023-01-30,MA,Boston,405.0,3,False
2023-01-31,MA,Boston,1224.0,2,False
2023-02-03,MA,Boston,271.0,2,False
2023-02-05,MA,Boston,2033.0,1,False
2023-02-06,MA,Boston,289.0,1,False
2023-02-07,MA,Boston,1904.0,2,False
2023-02-08,MA,Boston,1693.0,3,False
2023-02-09,MA,Boston,985.0,3,False
2023-02-10,MA,Boston,728.0,2,False
2023-02-12,MA,Boston,1610.0,2,False
2023-02-14,MA,Boston,1322.0,2,False
2023-02-16,MA,Boston,105.0,1,False
2023-02-18,MA,Boston,1039.0,1,False
2023-02-19,MA,Boston,4418.0,3,False
2023-02-20,MA,Boston,43.0,1,False
2023-02-22,MA,Boston,393.0,3,False
2023-02-24,MA,Boston,3710.0,3,False
2023-02-25,MA,Boston,1172.0,1,False
2023-02-26,MA,Boston,2047.0,3,False
2023-02-28,MA,Boston,2203.0,3,False
2023-03-01,MA,Boston,901.0,3,False
2023-03-02,MA,Boston,1041.0,1,False
2023-03-03,MA,Boston,202.0,2,False
2023-03-04,MA,Boston,0.0,1,False
2023-03-05,MA,Boston,298.0,1,False
2023-03-06,MA,Boston,1068.0,3,False
2023-03-08,MA,Boston,1509.0,2,False
2023-03-09,MA,Boston,923.0,1,False
2023-03-10,MA,Boston,3536.0,2,False
2023-03-11,MA,Boston,259.0,1,False
2023-03-12,MA,Boston,3035.0,3,False
2023-03-13,MA,Boston,223.0,2,False
2023-03-14,MA,Boston,4233.0,2,False
2023-03-15,MA,Boston,99.0,1,False
2023-03-16,MA,Boston,86.0,2,False
2023-03-17,MA,Boston,54.0,1,False
2023-03-18,MA,Boston,886.0,2,False
2023-03-19,MA,Boston,3963.0,2,False
2023-03-20,MA,Boston,838.0,4,False
2023-03-21,MA,Boston,422.0,1,False
2023-03-24,MA,Boston,254.0,3,False
2023-03-25,MA,Boston,3228.0,3,False
2023-03-26,MA,Boston,3088.0,1,False
2023-03-27,MA,Boston,1099.0,1,False
2023-03-28,MA,Boston,5274.0,2,False
2023-03-29,MA,Boston,752.0,2,False
2023-03-30,MA,Boston,208.0,1,False
2023-04-01,MA,Boston,37.0,1,False
2023-04-02,MA,Boston,78.0,5,False
2023-04-03,MA,Boston,299.0,3,False
2023-04-04,MA,Boston,140.0,2,False
2023-04-05,MA,Boston,991.0,4,False
2023-04-07,MA,Boston,2073.0,3,False
2023-04-08,MA,Boston,1487.0,1,False
2023-04-10,MA,Boston,1517.0,3,False
2023-04-11,MA,Boston,1774.0,1,False
2023-04-12,MA,Boston,1716.0,3,False
2023-04-13,MA,Boston,683.0,3,False
2023-04-14,MA,Boston,41.0,1,False
2023-04-15,MA,Boston,2698.0,3,False
2023-04-16,MA,Boston,552.0,2,False
2023-04-18,MA,Boston,248.0,2,False
2023-04-19,MA,Boston,751.0,1,False
2023-04-20,MA,Boston,1045.0,2,False
2023-04-21,MA,Boston,577.0,3,False
2023-04-22,MA,Boston,227.0,2,False
2023-04-23,MA,Boston,451.0,3,False
2023-04-25,MA,Boston,554.0,3,False
2023-04-26,MA,Boston,161.0,1,False
2023-04-27,MA,Boston,891.0,1,False
2023-04-28,MA,Boston,159.0,1,False
2023-04-29,MA,Boston,56.0,1,False
2023-04-30,MA,Boston,1117.0,3,False
2023-05-01,MA,Boston,105.0,1,False
2023-05-02,MA,Boston,471.0,3,False
2023-05-03,MA,Boston,763.0,2,False
2023-05-04,MA,Boston,2114.0,4,False
2023-05-05,MA,Boston,853.0,4,False
2023-05-06,MA,Boston,3367.0,3,False
2023-05-07,MA,Boston,1219.0,2,False
2023-05-09,MA,Boston,976.0,3,False
2023-05-10,MA,Boston,5194.0,3,False
2023-05-11,MA,Boston,71.0,1,False
2023-05-12,MA,Boston,3122.0,3,False
2023-05-13,MA,Boston,0.0,1,False
2023-05-14,MA,Boston,257.0,2,False
2023-05-15,MA,Boston,184.0,2,False
2023-05-16,MA,Boston,1366.0,2,False
2023-05-17,MA,Boston,1210.0,3,False
2023-05-18,MA,Boston,4863.0,2,False
2023-05-19,MA,Boston,2229.0,2,False
2023-05-20,MA,Boston,383.0,2,False
2023-05-21,MA,Boston,48.0,1,False
2023-05-22,MA,Boston,285.0,1,False
2023-05-23,MA,Boston,28.0,1,False
2023-05-24,MA,Boston,1358.0,2,False
2023-05-26,MA,Boston,2889.0,4,False
2023-05-27,MA,Boston,3009.0,3,False
2023-05-28,MA,Boston,4559.0,4,False
2023-05-29,MA,Boston,151.0,1,False
2023-05-30,MA,Boston,32.0,1,False
2023-05-31,MA,Boston,1076.0,3,False
2023-06-01,MA,Boston,44.0,1,True
2023-06-02,MA,Boston,4963.0,7,True
2023-06-03,MA,Boston,1455.0,2,True
2023-06-04,MA,Boston,833.0,4,True
2023-06-06,MA,Boston,1903.0,1,True
2023-06-07,MA,Boston,1857.0,6,True
2023-06-08,MA,Boston,81.0,2,True
2023-06-09,MA,Boston,459.0,3,True
2023-06-10,MA,Boston,3071.0,4,True
2023-06-11,MA,Boston,1181.0,1,True
2023-06-12,MA,Boston,445.0,2,True
2023-06-14,MA,Boston,3958.0,5,True
2023-06-15,MA,Boston,116.0,2,True
2023-06-16,MA,Boston,116.0,2,True
2023-06-17,MA,Boston,545.0,2,True
2023-06-18,MA,Boston,127.0,3,True
2023-06-19,MA,Boston,2462.0,1,True
2023-06-20,MA,Boston,356.0,3,True
2023-06-21,MA,Boston,353.0,2,True
2023-06-22,MA,Boston,5004.0,4,True
2023-06-24,MA,Boston,997.0,2,True
2023-06-25,MA,Boston,71.0,2,True
2023-06-26,MA,Boston,660.0,3,True
2023-06-27,MA,Boston,564.0,2,True
2023-06-30,MA,Boston,427.0,4,True
2023-07-01,MA,Boston,1623.0,3,True
2023-07-04,MA,Boston,3812.0,3,True
2023-07-06,MA,Boston,1230.0,2,True
2023-07-07,MA,Boston,1663.0,4,True
2023-07-08,MA,Boston,667.0,4,True
2023-07-09,MA,Boston,1738.0,1,True
2023-07-10,MA,Boston,1908.0,1,True
2023-07-11,MA,Boston,1669.0,3,True
2023-07-12,MA,Boston,1707.0,1,True
2023-07-13,MA,Boston,1144.0,2,True
2023-07-14,MA,Boston,491.0,1,True
2023-07-15,MA,Boston,594.0,3,True
2023-07-16,MA,Boston,1732.0,3,True
2023-07-18,MA,Boston,1214.0,2,True
2023-07-19,MA,Boston,4324.0,2,True
2023-07-20,MA,Boston,3646.0,4,True
2023-07-21,MA,Boston,1369.0,1,True
2023-07-22,MA,Boston,877.0,1,True
2023-07-23,MA,Boston,454.0,2,True
2023-07-24,MA,Boston,760.0,4,True
2023-07-25,MA,Boston,227.0,1,True
2023-07-27,MA,Boston,1253.0,2,True
2023-07-28,MA,Boston,2540.0,3,True
2023-07-29,MA,Boston,131.0,3,True
2023-07-30,MA,Boston,2563.0,4,True
2023-08-01,MA,Boston,1221.0,2,True
2023-08-02,MA,Boston,278.0,1,True
2023-08-03,MA,Boston,1448.0,5,True
2023-08-04,MA,Boston,2219.0,3,True
2023-08-05,MA,Boston,158.0,2,True
2023-08-06,MA,Boston,3556.0,4,True
2023-08-07,MA,Boston,1267.0,5,True
2023-08-09,MA,Boston,2672.0,2,True
2023-08-11,MA,Boston,2194.0,2,True
2023-08-12,MA,Boston,2007.0,3,True
2023-08-13,MA,Boston,1747.0,5,True
2023-08-15,MA,Boston,49.0,1,True
2023-08-16,MA,Boston,999.0,2,True
2023-08-19,MA,Boston,763.0,2,True
2023-08-20,MA,Boston,1666.0,2,True
2023-08-21,MA,Boston,1148.0,2,True
2023-08-22,MA,Boston,981.0,2,True
2023-08-23,MA,Boston,432.0,3,True
2023-08-24,MA,Boston,1506.0,3,True
2023-08-25,MA,Boston,2191.0,4,True
2023-08-26,MA,Boston,1000.0,1,True
2023-08-28,MA,Boston,40.0,1,True
2023-08-29,MA,Boston,2022.0,2,True
2023-08-30,MA,Boston,1830.0,2,True
2023-08-31,MA,Boston,745.0,4,True
2023-09-01,MA,Boston,1128.0,1,False
2023-09-03,MA,Boston,861.0,1,False
2023-09-04,MA,Boston,1672.0,1,False
2023-09-06,MA,Boston,48.0,1,False
2023-09-07,MA,Boston,19.0,1,False
2023-09-08,MA,Boston,404.0,2,False
2023-09-10,MA,Boston,861.0,3,False
2023-09-11,MA,Boston,2122.0,1,False
2023-09-12,MA,Boston,280.0,2,False
2023-09-13,MA,Boston,820.0,2,False
2023-09-14,MA,Boston,1794.0,2,False
2023-09-15,MA,Boston,307.0,2,False
2023-09-16,MA,Boston,1722.0,1,False
2023-09-17,MA,Boston,0.0,1,False
2023-09-18,MA,Boston,2424.0,4,False
2023-09-19,MA,Boston,1568.0,1,False
2023-09-20,MA,Boston,3137.0,3,False
2023-09-21,MA,Boston,61.0,2,False
2023-09-22,MA,Boston,2181.0,3,False
2023-09-23,MA,Boston,1397.0,2,False
2023-09-24,MA,Boston,0.0,1,False
2023-09-26,MA,Boston,37.0,2,False
2023-09-28,MA,Boston,1200.0,3,False
2023-09-29,MA,Boston,1539.0,1,False
2023-09-30,MA,Boston,416.0,2,False
2023-10-01,MA,Boston,1390.0,3,False
2023-10-02,MA,Boston,1246.0,2,False
2023-10-03,MA,Boston,1766.0,5,False
2023-10-04,MA,Boston,962.0,2,False
2023-10-05,MA,Boston,671.0,3,False
2023-10-06,MA,Boston,1807.0,1,False
2023-10-07,MA,Boston,228.0,1,False
2023-10-08,MA,Boston,0.0,1,False
2023-10-09,MA,Boston,2521.0,5,False
2023-10-10,MA,Boston,1132.0,3,False
2023-10-11,MA,Boston,480.0,2,False
2023-10-12,MA,Boston,1023.0,4,False
2023-10-13,MA,Boston,9098.0,6,False
2023-10-14,MA,Boston,197.0,1,False
2023-10-15,MA,Boston,0.0,2,False
2023-10-16,MA,Boston,85.0,1,False
2023-10-17,MA,Boston,428.0,1,False
2023-10-18,MA,Boston,2041.0,3,False
2023-10-19,MA,Boston,50.0,1,False
2023-10-20,MA,Boston,398.0,3,False
2023-10-21,MA,Boston,27.0,3,False
2023-10-22,MA,Boston,2641.0,2,False
2023-10-23,MA,Boston,110.0,1,False
2023-10-24,MA,Boston,226.0,2,False
2023-10-26,MA,Boston,2574.0,3,False
2023-10-27,MA,Boston,332.0,1,False
2023-10-28,MA,Boston,1104.0,2,False
2023-10-29,MA,Boston,1338.0,3,False
2023-11-01,MA,Boston,39.0,1,False
2023-11-02,MA,Boston,914.0,2,False
2023-11-04,MA,Boston,6158.0,5,False
2023-11-05,MA,Boston,175.0,2,False
2023-11-06,MA,Boston,3578.0,4,False
2023-11-07,MA,Boston,127.0,1,False
2023-11-08,MA,Boston,943.0,3,False
2023-11-09,MA,Boston,3512.0,5,False
2023-11-10,MA,Boston,1865.0,7,False
2023-11-11,MA,Boston,289.0,1,False
2023-11-12,MA,Boston,0.0,1,False
2023-11-13,MA,Boston,269.0,1,False
2023-11-14,MA,Boston,1222.0,4,False
2023-11-17,MA,Boston,3271.0,4,False
2023-11-18,MA,Boston,5466.0,1,False
2023-11-19,MA,Boston,565.0,1,False
2023-11-20,MA,Boston,4126.0,4,False
2023-11-23,MA,Boston,0.0,1,False
2023-11-25,MA,Boston,64.0,2,False
2023-11-26,MA,Boston,1227.0,4,False
2023-11-28,MA,Boston,768.0,2,False
2023-11-29,MA,Boston,2808.0,3,False
2023-11-30,MA,Boston,45.0,1,False
2023-12-01,MA,Boston,142.0,1,False
2023-12-02,MA,Boston,0.0,1,False
2023-12-03,MA,Boston,5.0,1,False
2023-12-05,MA,Boston,122.0,1,False
2023-12-06,MA,Boston,183.0,2,False
2023-12-07,MA,Boston,120.0,1,False
2023-12-08,MA,Boston,721.0,4,False
2023-12-09,MA,Boston,308.0,2,False
2023-12-10,MA,Boston,1594.0,3,False
2023-12-11,MA,Boston,1171.0,1,False
2023-12-12,MA,Boston,84.0,2,False
2023-12-13,MA,Boston,123.0,1,False
2023-12-14,MA,Boston,1301.0,4,False
2023-12-17,MA,Boston,1256.0,2,False
2023-12-18,MA,Boston,138.0,2,False
2023-12-19,MA,Boston,214.0,2,False
2023-12-20,MA,Boston,210.0,1,False
2023-12-21,MA,Boston,13162.0,3,False
2023-12-22,MA,Boston,195.0,2,False
2023-12-23,MA,Boston,6591.0,5,False
2023-12-24,MA,Boston,91.0,1,False
2023-12-27,MA,Boston,1529.0,4,False
2023-12-28,MA,Boston,259.0,1,False
2023-12-29,MA,Boston,4744.0,4,False
2023-12-30,MA,Boston,42.0,1,False
2023-12-31,MA,Boston,817.0,3,False
2024-01-01,MA,Boston,2624.0,4,False
2024-01-02,MA,Boston,153.0,1,False
2024-01-03,MA,Boston,2420.0,3,False
2024-01-04,MA,Boston,5003.0,7,False
2024-01-05,MA,Boston,346.0,2,False
2024-01-06,MA,Boston,5023.0,3,False
2024-01-07,MA,Boston,73.0,3,False
2024-01-08,MA,Boston,1368.0,3,False
2024-01-12,MA,Boston,1579.0,5,False
2024-01-13,MA,Boston,1570.0,5,False
2024-01-14,MA,Boston,1672.0,3,False
2024-01-15,MA,Boston,18.0,1,False
2024-01-16,MA,Boston,295.0,1,False
2024-01-17,MA,Boston,469.0,3,False
2024-01-18,MA,Boston,912.0,1,False
2024-01-20,MA,Boston,147.0,1,False
2024-01-21,MA,Boston,276.0,4,False
2024-01-22,MA,Boston,78.0,1,False
2024-01-23,MA,Boston,110.0,1,False
2024-01-25,MA,Boston,101.0,2,False
2024-01-26,MA,Boston,193.0,2,False
2024-01-29,MA,Boston,101.0,1,False
2024-01-30,MA,Boston,1504.0,2,False
2024-01-31,MA,Boston,1467.0,3,False
2024-02-01,MA,Boston,2180.0,2,False
2024-02-02,MA,Boston,78.0,1,False
2024-02-03,MA,Boston,1560.0,2,False
2024-02-04,MA,Boston,106.0,3,False
2024-02-05,MA,Boston,1324.0,1,False
2024-02-06,MA,Boston,1553.0,5,False
2024-02-08,MA,Boston,623.0,2,False
2024-02-09,MA,Boston,569.0,2,False
2024-02-10,MA,Boston,53.0,1,False
2024-02-11,MA,Boston,1854.0,3,False
2024-02-12,MA,Boston,177.0,1,False
2024-02-13,MA,Boston,57.0,1,False
2024-02-14,MA,Boston,3728.0,5,False
2024-02-15,MA,Boston,1082.0,4,False
2024-02-16,MA,Boston,828.0,2,False
2024-02-17,MA,Boston,672.0,2,False
2024-02-19,MA,Boston,1148.0,3,False
2024-02-20,MA,Boston,702.0,3,False
2024-02-21,MA,Boston,1907.0,1,False
2024-02-22,MA,Boston,328.0,2,False
2024-02-23,MA,Boston,1313.0,3,False
2024-02-24,MA,Boston,810.0,2,False
2024-02-25,MA,Boston,2153.0,2,False
2024-02-26,MA,Boston,474.0,1,False
2024-02-29,MA,Boston,448.0,1,False
2024-03-01,MA,Boston,2236.0,2,False
2024-03-02,MA,Boston,1574.0,2,False
2024-03-04,MA,Boston,1607.0,6,False
2024-03-05,MA,Boston,3441.0,3,False
2024-03-06,MA,Boston,87.0,2,False
2024-03-07,MA,Boston,204.0,2,False
2024-03-09,MA,Boston,553.0,2,False
2024-03-10,MA,Boston,1412.0,1,False
2024-03-11,MA,Boston,80.0,1,False
2024-03-12,MA,Boston,96.0,1,False
2024-03-13,MA,Boston,3050.0,5,False
2024-03-14,MA,Boston,2177.0,2,False
2024-03-15,MA,Boston,3285.0,4,False
2024-03-16,MA,Boston,498.0,1,False
2024-03-17,MA,Boston,42.0,4,False
2024-03-19,MA,Boston,117.0,1,False
2024-03-21,MA,Boston,240.0,3,False
2024-03-22,MA,Boston,402.0,2,False
2024-03-23,MA,Boston,76.0,1,False
2024-03-24,MA,Boston,66.0,1,False
2024-03-25,MA,Boston,1353.0,2,False
2024-03-26,MA,Boston,48.0,1,False
2024-03-27,MA,Boston,81.0,1,False
2024-03-28,MA,Boston,114.0,1,False
2024-03-29,MA,Boston,51.0,1,False
2024-03-30,MA,Boston,2314.0,5,False
2024-03-31,MA,Boston,96.0,1,False
2024-04-01,MA,Boston,152.0,1,False
2024-04-02,MA,Boston,464.0,1,False
2024-04-03,MA,Boston,3604.0,3,False
2024-04-04,MA,Boston,71.0,1,False
2024-04-06,MA,Boston,3583.0,3,False
2024-04-07,MA,Boston,82.0,1,False
2024-04-08,MA,Boston,193.0,2,False
2024-04-10,MA,Boston,1533.0,4,False
2024-04-11,MA,Boston,3587.0,5,False
2024-04-12,MA,Boston,1065.0,4,False
2024-04-14,MA,Boston,2193.0,3,False
2024-04-15,MA,Boston,59.0,1,False
2024-04-16,MA,Boston,204.0,3,False
2024-04-17,MA,Boston,78.0,3,False
2024-04-18,MA,Boston,3897.0,4,False
2024-04-20,MA,Boston,1484.0,3,False
2024-04-21,MA,Boston,739.0,1,False
2024-04-22,MA,Boston,547.0,2,False
2024-04-23,MA,Boston,123.0,1,False
2024-04-24,MA,Boston,1805.0,3,False
2024-04-25,MA,Boston,80.0,1,False
2024-04-26,MA,Boston,1061.0,4,False
2024-04-27,MA,Boston,95.0,1,False
2024-04-28,MA,Boston,5904.0,3,False
2024-04-29,MA,Boston,2285.0,2,False
2024-04-30,MA,Boston,646.0,3,False
2024-05-01,MA,Boston,384.0,2,False
2024-05-02,MA,Boston,3278.0,2,False
2024-05-03,MA,Boston,2723.0,1,False
2024-05-04,MA,Boston,749.0,4,False
2024-05-05,MA,Boston,3572.0,3,False
2024-05-06,MA,Boston,1137.0,3,False
2024-05-07,MA,Boston,1929.0,1,False
2024-05-08,MA,Boston,1160.0,2,False
2024-05-09,MA,Boston,1846.0,5,False
2024-05-10,MA,Boston,2246.0,3,False
2024-05-11,MA,Boston,45.0,1,False
2024-05-13,MA,Boston,6595.0,4,False
2024-05-14,MA,Boston,458.0,2,False
2024-05-16,MA,Boston,2800.0,1,False
2024-05-18,MA,Boston,1368.0,3,False
2024-05-19,MA,Boston,0.0,1,False
2024-05-21,MA,Boston,126.0,2,False
2024-05-22,MA,Boston,319.0,1,False
2024-05-23,MA,Boston,2282.0,2,False
2024-05-26,MA,Boston,0.0,1,False
2024-05-27,MA,Boston,3392.0,5,False
2024-05-28,MA,Boston,51.0,1,False
2024-05-29,MA,Boston,5521.0,2,False
2024-05-30,MA,Boston,1415.0,2,False
2024-05-31,MA,Boston,487.0,1,False
2024-06-01,MA,Boston,2774.0,4,True
2024-06-04,MA,Boston,528.0,3,True
2024-06-05,MA,Boston,2095.0,2,True
2024-06-06,MA,Boston,2375.0,4,True
2024-06-07,MA,Boston,92.0,1,True
2024-06-08,MA,Boston,2110.0,1,True
2024-06-09,MA,Boston,207.0,2,True
2024-06-10,MA,Boston,164.0,3,True
2024-06-11,MA,Boston,4467.0,4,True
2024-06-12,MA,Boston,3634.0,2,True
2024-06-13,MA,Boston,2018.0,5,True
2024-06-14,MA,Boston,241.0,2,True
2024-06-15,MA,Boston,9.0,1,True
2024-06-16,MA,Boston,1310.0,3,True
2024-06-17,MA,Boston,3580.0,3,True
2024-06-18,MA,Boston,10.0,1,True
2024-06-19,MA,Boston,2723.0,3,True
2024-06-20,MA,Boston,971.0,1,True
2024-06-21,MA,Boston,5201.0,6,True
2024-06-22,MA,Boston,279.0,4,True
2024-06-23,MA,Boston,1542.0,4,True
2024-06-24,MA,Boston,492.0,3,True
2024-06-25,MA,Boston,3342.0,5,True
2024-06-26,MA,Boston,2604.0,3,True
2024-06-27,MA,Boston,2580.0,3,True
2024-06-28,MA,Boston,5725.0,2,True
2024-06-29,MA,Boston,683.0,4,True
2024-06-30,MA,Boston,296.0,1,True
2024-07-02,MA,Boston,2736.0,5,True
2024-07-03,MA,Boston,1281.0,2,True
2024-07-04,MA,Boston,17.0,1,True
2024-07-05,MA,Boston,1353.0,1,True
2024-07-06,MA,Boston,9292.0,5,True
2024-07-07,MA,Boston,30.0,2,True
2024-07-08,MA,Boston,202.0,1,True
2024-07-09,MA,Boston,190.0,3,True
2024-07-10,MA,Boston,5996.0,7,True
2024-07-11,MA,Boston,1754.0,1,True
2024-07-12,MA,Boston,514.0,2,True
2024-07-13,MA,Boston,1169.0,1,True
2024-07-14,MA,Boston,3986.0,3,True
2024-07-16,MA,Boston,1401.0,4,True
2024-07-18,MA,Boston,132.0,1,True
2024-07-19,MA,Boston,2003.0,1,True
2024-07-20,MA,Boston,1652.0,5,True
2024-07-21,MA,Boston,0.0,1,True
2024-07-22,MA,Boston,1240.0,2,True
2024-07-23,MA,Boston,1574.0,3,True
2024-07-25,MA,Boston,5348.0,6,True
2024-07-26,MA,Boston,171.0,2,True
2024-07-27,MA,Boston,1824.0,3,True
2024-07-29,MA,Boston,585.0,1,True
2024-07-30,MA,Boston,1484.0,2,True
2024-07-31,MA,Boston,346.0,2,True
2024-08-01,MA,Boston,134.0,1,True
2024-08-02,MA,Boston,768.0,1,True
2024-08-03,MA,Boston,2154.0,2,True
2024-08-04,MA,Boston,3783.0,4,True
2024-08-05,MA,Boston,329.0,3,True
2024-08-06,MA,Boston,345.0,3,True
2024-08-07,MA,Boston,1569.0,1,True
2024-08-09,MA,Boston,495.0,2,True
2024-08-10,MA,Boston,2352.0,2,True
2024-08-11,MA,Boston,120.0,2,True
2024-08-12,MA,Boston,723.0,2,True
2024-08-13,MA,Boston,4076.0,7,True
2024-08-14,MA,Boston,2383.0,2,True
2024-08-15,MA,Boston,1992.0,3,True
2024-08-16,MA,Boston,73.0,1,True
2024-08-17,MA,Boston,56.0,2,True
2024-08-18,MA,Boston,2453.0,1,True
2024-08-20,MA,Boston,98.0,1,True
2024-08-21,MA,Boston,1125.0,3,True
2024-08-22,MA,Boston,2211.0,1,True
2024-08-24,MA,Boston,163.0,2,True
2024-08-25,MA,Boston,2617.0,1,True
2024-08-26,MA,Boston,722.0,2,True
2024-08-27,MA,Boston,1355.0,1,True
2024-08-28,MA,Boston,284.0,2,True
2024-08-29,MA,Boston,2790.0,3,True
2024-08-30,MA,Boston,5223.0,2,True
2024-08-31,MA,Boston,1930.0,3,True
2024-09-01,MA,Boston,27.0,2,False
2024-09-02,MA,Boston,612.0,2,False
2024-09-03,MA,Boston,2283.0,2,False
2024-09-04,MA,Boston,101.0,1,False
2024-09-05,MA,Boston,542.0,1,False
2024-09-06,MA,Boston,3639.0,2,False
2024-09-07,MA,Boston,325.0,3,False
2024-09-08,MA,Boston,1997.0,4,False
2024-09-09,MA,Boston,1035.0,1,False
2024-09-10,MA,Boston,391.0,1,False
2024-09-11,MA,Boston,648.0,3,False
2024-09-12,MA,Boston,118.0,2,False
2024-09-13,MA,Boston,273.0,2,False
2024-09-14,MA,Boston,1073.0,3,False
2024-09-15,MA,Boston,1662.0,4,False
2024-09-16,MA,Boston,96.0,2,False
2024-09-17,MA,Boston,1780.0,2,False
2024-09-18,MA,Boston,1466.0,3,False
2024-09-19,MA,Boston,929.0,3,False
2024-09-21,MA,Boston,423.0,3,False
2024-09-22,MA,Boston,0.0,2,False
2024-09-23,MA,Boston,2002.0,3,False
2024-09-24,MA,Boston,1350.0,2,False
2024-09-25,MA,Boston,167.0,1,False
2024-09-26,MA,Boston,710.0,4,False
2024-09-27,MA,Boston,679.0,2,False
2024-09-28,MA,Boston,2929.0,3,False
2024-09-30,MA,Boston,3232.0,4,False
2024-10-02,MA,Boston,39.0,1,False
2024-10-03,MA,Boston,1330.0,2,False
2024-10-04,MA,Boston,39.0,1,False
2024-10-06,MA,Boston,71.0,3,False
2024-10-07,MA,Boston,684.0,2,False
2024-10-08,MA,Boston,3981.0,1,False
2024-10-09,MA,Boston,1543.0,3,False
2024-10-11,MA,Boston,1030.0,2,False
2024-10-13,MA,Boston,8.0,3,False
2024-10-14,MA,Boston,965.0,2,False
2024-10-15,MA,Boston,1210.0,2,False
2024-10-17,MA,Boston,146.0,2,False
2024-10-18,MA,Boston,18.0,1,False
2024-10-19,MA,Boston,2194.0,3,False
2024-10-20,MA,Boston,1244.0,2,False
2024-10-21,MA,Boston,168.0,1,False
2024-10-22,MA,Boston,3522.0,4,False
2024-10-23,MA,Boston,689.0,4,False
2024-10-24,MA,Boston,2133.0,3,False
2024-10-25,MA,Boston,58.0,2,False
2024-10-26,MA,Boston,954.0,3,False
2024-10-27,MA,Boston,953.0,2,False
2024-10-28,MA,Boston,1334.0,4,False
2024-10-29,MA,Boston,779.0,3,False
2024-10-31,MA,Boston,2732.0,3,False
2024-11-03,MA,Boston,127.0,2,False
2024-11-04,MA,Boston,1252.0,4,False
2024-11-05,MA,Boston,905.0,2,False
2024-11-07,MA,Boston,3690.0,6,False
2024-11-09,MA,Boston,36.0,1,False
2024-11-10,MA,Boston,162.0,1,False
2024-11-11,MA,Boston,1769.0,2,False
2024-11-12,MA,Boston,36.0,1,False
2024-11-13,MA,Boston,527.0,3,False
2024-11-14,MA,Boston,90.0,1,False
2024-11-15,MA,Boston,3681.0,1,False
2024-11-16,MA,Boston,58.0,1,False
2024-11-17,MA,Boston,0.0,1,False
2024-11-18,MA,Boston,2192.0,4,False
2024-11-20,MA,Boston,2585.0,1,False
2024-11-21,MA,Boston,49.0,1,False
2024-11-22,MA,Boston,210.0,2,False
2024-11-23,MA,Boston,35.0,1,False
2024-11-25,MA,Boston,141.0,1,False
2024-11-26,MA,Boston,1198.0,3,False
2024-11-27,MA,Boston,2214.0,3,False
2024-11-28,MA,Boston,0.0,1,False
2024-11-29,MA,Boston,501.0,2,False
2024-11-30,MA,Boston,3045.0,4,False
2024-12-01,MA,Boston,4449.0,5,False
2024-12-02,MA,Boston,686.0,2,False
2024-12-03,MA,Boston,797.0,3,False
2024-12-04,MA,Boston,2394.0,3,False
2024-12-05,MA,Boston,1759.0,5,False
2024-12-06,MA,Boston,2136.0,4,False
2024-12-07,MA,Boston,556.0,4,False
2024-12-08,MA,Boston,1589.0,3,False
2024-12-10,MA,Boston,85.0,1,False
2024-12-11,MA,Boston,46.0,2,False
2024-12-12,MA,Boston,116.0,1,False
2024-12-13,MA,Boston,161.0,1,False
2024-12-14,MA,Boston,665.0,2,False
2024-12-15,MA,Boston,107.0,3,False
2024-12-16,MA,Boston,584.0,1,False
2024-12-17,MA,Boston,34.0,1,False
2024-12-18,MA,Boston,797.0,3,False
2024-12-20,MA,Boston,848.0,3,False
2024-12-21,MA,Boston,64.0,1,False
2024-12-22,MA,Boston,690.0,1,False
2024-12-23,MA,Boston,241.0,1,False
2024-12-24,MA,Boston,954.0,2,False
2024-12-26,MA,Boston,2213.0,3,False
2024-12-27,MA,Boston,215.0,2,False
2024-12-28,MA,Boston,935.0,2,False
2024-12-29,MA,Boston,0.0,1,False
2024-12-30,MA,Boston,32.0,2,False
2024-12-31,MA,Boston,230.0,2,False
2020-01-01,MO,Kansas City,117.0,1,False
2020-01-02,MO,Kansas City,855.0,1,False
2020-01-03,MO,Kansas City,3670.0,4,False
2020-01-04,MO,Kansas City,365.0,2,False
2020-01-05,MO,Kansas City,314.0,2,False
2020-01-06,MO,Kansas City,990.0,4,False
2020-01-07,MO,Kansas City,1081.0,4,False
2020-01-08,MO,Kansas City,288.0,2,False
2020-01-09,MO,Kansas City,2937.0,6,False
2020-01-10,MO,Kansas City,3071.0,6,False
2020-01-11,MO,Kansas City,1593.0,5,False
2020-01-12,MO,Kansas City,289.0,1,False
2020-01-13,MO,Kansas City,831.0,3,False
2020-01-14,MO,Kansas City,652.0,2,False
2020-01-15,MO,Kansas City,390.0,2,False
2020-01-16,MO,Kansas City,107.0,1,False
2020-01-19,MO,Kansas City,224.0,2,False
2020-01-20,MO,Kansas City,40.0,1,False
2020-01-21,MO,Kansas City,1318.0,3,False
2020-01-24,MO,Kansas City,1129.0,6,False
2020-01-25,MO,Kansas City,384.0,3,False
2020-01-26,MO,Kansas City,798.0,3,False
2020-01-27,MO,Kansas City,25.0,1,False
2020-01-28,MO,Kansas City,396.0,3,False
2020-01-29,MO,Kansas City,79.0,2,False
2020-01-30,MO,Kansas City,1203.0,4,False
2020-01-31,MO,Kansas City,132.0,3,False
2020-02-02,MO,Kansas City,4150.0,6,False
2020-02-03,MO,Kansas City,889.0,1,False
2020-02-04,MO,Kansas City,841.0,5,False
2020-02-05,MO,Kansas City,1047.0,2,False
2020-02-06,MO,Kansas City,3729.0,3,False
2020-02-07,MO,Kansas City,17.0,1,False
2020-02-08,MO,Kansas City,4263.0,2,False
2020-02-09,MO,Kansas City,1461.0,3,False
2020-02-10,MO,Kansas City,1625.0,2,False
2020-02-11,MO,Kansas City,49.0,1,False
2020-02-12,MO,Kansas City,56.0,1,False
2020-02-13,MO,Kansas City,44.0,2,False
2020-02-14,MO,Kansas City,1138.0,1,False
2020-02-15,MO,Kansas City,54.0,2,False
2020-02-17,MO,Kansas City,2136.0,7,False
2020-02-18,MO,Kansas City,4408.0,2,False
2020-02-19,MO,Kansas City,183.0,1,False
2020-02-20,MO,Kansas City,375.0,2,False
2020-02-21,MO,Kansas City,2672.0,1,False
2020-02-22,MO,Kansas City,24.0,1,False
2020-02-23,MO,Kansas City,2561.0,2,False
2020-02-24,MO,Kansas City,1259.0,1,False
2020-02-25,MO,Kansas City,1457.0,2,False
2020-02-27,MO,Kansas City,681.0,2,False
2020-02-28,MO,Kansas City,855.0,1,False
2020-02-29,MO,Kansas City,3434.0,3,False
2020-03-01,MO,Kansas City,1381.0,2,False
2020-03-02,MO,Kansas City,556.0,3,False
2020-03-03,MO,Kansas City,32.0,1,False
2020-03-04,MO,Kansas City,2861.0,2,False
2020-03-05,MO,Kansas City,3541.0,6,False
2020-03-06,MO,Kansas City,5834.0,4,False
2020-03-09,MO,Kansas City,156.0,1,False
2020-03-10,MO,Kansas City,2182.0,3,False
2020-03-11,MO,Kansas City,91.0,1,False
2020-03-12,MO,Kansas City,1276.0,5,False
2020-03-13,MO,Kansas City,845.0,2,False
2020-03-16,MO,Kansas City,338.0,1,False
2020-03-18,MO,Kansas City,67.0,1,False
2020-03-19,MO,Kansas City,709.0,1,False
2020-03-21,MO,Kansas City,91.0,2,False
2020-03-22,MO,Kansas City,0.0,4,False
2020-03-23,MO,Kansas City,45.0,3,False
2020-03-24,MO,Kansas City,348.0,4,False
2020-03-25,MO,Kansas City,22.0,3,False
2020-03-26,MO,Kansas City,267.0,2,False
2020-03-27,MO,Kansas City,277.0,1,False
2020-03-28,MO,Kansas City,232.0,2,False
2020-03-29,MO,Kansas City,0.0,1,False
2020-03-30,MO,Kansas City,57.0,1,False
2020-03-31,MO,Kansas City,380.0,2,False
2020-04-01,MO,Kansas City,356.0,1,False
2020-04-02,MO,Kansas City,78.0,3,False
2020-04-03,MO,Kansas City,4.0,2,False
2020-04-04,MO,Kansas City,2955.0,4,False
2020-04-05,MO,Kansas City,0.0,1,False
2020-04-07,MO,Kansas City,0.0,2,False
2020-04-08,MO,Kansas City,583.0,5,False
2020-04-09,MO,Kansas City,25.0,2,False
2020-04-10,MO,Kansas City,936.0,6,False
2020-04-11,MO,Kansas City,46.0,6,False
2020-04-12,MO,Kansas City,73.0,1,False
2020-04-13,MO,Kansas City,163.0,1,False
2020-04-14,MO,Kansas City,28.0,1,False
2020-04-15,MO,Kansas City,79.0,3,False
2020-04-16,MO,Kansas City,135.0,3,False
2020-04-17,MO,Kansas City,264.0,1,False
2020-04-18,MO,Kansas City,2312.0,5,False
2020-04-19,MO,Kansas City,91.0,4,False
2020-04-20,MO,Kansas City,415.0,1,False
2020-04-21,MO,Kansas City,198.0,4,False
2020-04-22,MO,Kansas City,19.0,1,False
2020-04-23,MO,Kansas City,109.0,1,False
2020-04-24,MO,Kansas City,0.0,1,False
2020-04-25,MO,Kansas City,2.0,2,False
2020-04-26,MO,Kansas City,176.0,4,False
2020-04-27,MO,Kansas City,0.0,1,False
2020-04-28,MO,Kansas City,85.0,1,False
2020-04-30,MO,Kansas City,0.0,1,False
2020-05-01,MO,Kansas City,878.0,2,False
2020-05-02,MO,Kansas City,1838.0,5,False
2020-05-03,MO,Kansas City,146.0,5,False
2020-05-04,MO,Kansas City,339.0,1,False
2020-05-05,MO,Kansas City,632.0,4,False
2020-05-06,MO,Kansas City,124.0,1,False
2020-05-08,MO,Kansas City,300.0,2,False
2020-05-09,MO,Kansas City,11442.0,2,False
2020-05-10,MO,Kansas City,219.0,3,False
2020-05-11,MO,Kansas City,227.0,1,False
2020-05-12,MO,Kansas City,211.0,1,False
2020-05-13,MO,Kansas City,28.0,1,False
2020-05-14,MO,Kansas City,3516.0,3,False
2020-05-15,MO,Kansas City,716.0,3,False
2020-05-16,MO,Kansas City,100.0,1,False
2020-05-17,MO,Kansas City,864.0,2,False
2020-05-18,MO,Kansas City,239.0,1,False
2020-05-19,MO,Kansas City,1053.0,3,False
2020-05-21,MO,Kansas City,1935.0,4,False
2020-05-22,MO,Kansas City,334.0,3,False
2020-05-23,MO,Kansas City,0.0,2,False
2020-05-24,MO,Kansas City,284.0,2,False
2020-05-26,MO,Kansas City,556.0,2,False
2020-05-27,MO,Kansas City,51.0,2,False
2020-05-28,MO,Kansas City,1347.0,4,False
2020-05-29,MO,Kansas City,1703.0,2,False
2020-05-30,MO,Kansas City,945.0,2,False
2020-05-31,MO,Kansas City,68.0,1,False
2020-06-01,MO,Kansas City,101.0,2,True
2020-06-02,MO,Kansas City,334.0,2,True
2020-06-03,MO,Kansas City,597.0,2,True
2020-06-04,MO,Kansas City,15.0,2,True
2020-06-05,MO,Kansas City,2684.0,5,True
2020-06-06,MO,Kansas City,1270.0,5,True
2020-06-07,MO,Kansas City,7.0,1,True
2020-06-08,MO,Kansas City,1344.0,6,True
2020-06-09,MO,Kansas City,92.0,2,True
2020-06-10,MO,Kansas City,1226.0,4,True
2020-06-11,MO,Kansas City,309.0,3,True
2020-06-12,MO,Kansas City,363.0,3,True
2020-06-13,MO,Kansas City,2963.0,3,True
2020-06-14,MO,Kansas City,2607.0,4,True
2020-06-15,MO,Kansas City,2494.0,4,True
2020-06-16,MO,Kansas City,1484.0,1,True
2020-06-17,MO,Kansas City,3770.0,3,True
2020-06-18,MO,Kansas City,129.0,1,True
2020-06-19,MO,Kansas City,1901.0,2,True
2020-06-20,MO,Kansas City,1753.0,1,True
2020-06-21,MO,Kansas City,562.0,3,True
2020-06-22,MO,Kansas City,154.0,2,True
2020-06-24,MO,Kansas City,3291.0,6,True
2020-06-25,MO,Kansas City,302.0,1,True
2020-06-26,MO,Kansas City,1234.0,2,True
2020-06-27,MO,Kansas City,3171.0,3,True
2020-06-28,MO,Kansas City,11.0,4,True
2020-06-29,MO,Kansas City,65.0,2,True
2020-06-30,MO,Kansas City,117.0,1,True
2020-07-01,MO,Kansas City,1571.0,4,True
2020-07-02,MO,Kansas City,3405.0,5,True
2020-07-03,MO,Kansas City,656.0,2,True
2020-07-04,MO,Kansas City,560.0,2,True
2020-07-05,MO,Kansas City,1300.0,3,True
2020-07-06,MO,Kansas City,1241.0,3,True
2020-07-07,MO,Kansas City,1342.0,3,True
2020-07-08,MO,Kansas City,206.0,2,True
2020-07-09,MO,Kansas City,329.0,2,True
2020-07-10,MO,Kansas City,1511.0,3,True
2020-07-11,MO,Kansas City,849.0,4,True
2020-07-12,MO,Kansas City,347.0,2,True
2020-07-13,MO,Kansas City,152.0,2,True
2020-07-14,MO,Kansas City,860.0,2,True
2020-07-15,MO,Kansas City,741.0,2,True
2020-07-16,MO,Kansas City,127.0,2,True
2020-07-17,MO,Kansas City,274.0,1,True
2020-07-18,MO,Kansas City,801.0,4,True
2020-07-19,MO,Kansas City,1497.0,2,True
2020-07-20,MO,Kansas City,114.0,1,True
2020-07-21,MO,Kansas City,2548.0,4,True
2020-07-22,MO,Kansas City,149.0,3,True
2020-07-23,MO,Kansas City,2397.0,2,True
2020-07-24,MO,Kansas City,2254.0,2,True
2020-07-25,MO,Kansas City,0.0,2,True
2020-07-26,MO,Kansas City,919.0,2,True
2020-07-27,MO,Kansas City,14.0,1,True
2020-07-28,MO,Kansas City,309.0,1,True
2020-07-29,MO,Kansas City,106.0,1,True
2020-07-30,MO,Kansas City,2643.0,3,True
2020-07-31,MO,Kansas City,941.0,2,True
2020-08-01,MO,Kansas City,847.0,3,True
2020-08-02,MO,Kansas City,156.0,2,True
2020-08-03,MO,Kansas City,2084.0,5,True
2020-08-04,MO,Kansas City,132.0,2,True
2020-08-05,MO,Kansas City,1385.0,2,True
2020-08-06,MO,Kansas City,133.0,1,True
2020-08-07,MO,Kansas City,225.0,4,True
2020-08-08,MO,Kansas City,1511.0,2,True
2020-08-09,MO,Kansas City,771.0,3,True
2020-08-10,MO,Kansas City,29.0,1,True
2020-08-11,MO,Kansas City,1458.0,2,True
2020-08-12,MO,Kansas City,798.0,3,True
2020-08-13,MO,Kansas City,337.0,1,True
2020-08-14,MO,Kansas City,6852.0,3,True
2020-08-15,MO,Kansas City,1794.0,3,True
2020-08-16,MO,Kansas City,8.0,5,True
2020-08-17,MO,Kansas City,568.0,1,True
2020-08-18,MO,Kansas City,1018.0,1,True
2020-08-19,MO,Kansas City,232.0,3,True
2020-08-20,MO,Kansas City,1569.0,3,True
2020-08-21,MO,Kansas City,517.0,1,True
2020-08-23,MO,Kansas City,726.0,2,True
2020-08-24,MO,Kansas City,826.0,4,True
2020-08-25,MO,Kansas City,2880.0,1,True
2020-08-26,MO,Kansas City,747.0,1,True
2020-08-27,MO,Kansas City,59.0,2,True
2020-08-28,MO,Kansas City,305.0,1,True
2020-09-01,MO,Kansas City,2000.0,3,False
2020-09-02,MO,Kansas City,2933.0,4,False
2020-09-03,MO,Kansas City,3164.0,4,False
2020-09-04,MO,Kansas City,1032.0,4,False
2020-09-05,MO,Kansas City,2404.0,1,False
2020-09-06,MO,Kansas City,0.0,1,False
2020-09-07,MO,Kansas City,1337.0,3,False
2020-09-08,MO,Kansas City,1132.0,3,False
2020-09-09,MO,Kansas City,26.0,1,False
2020-09-10,MO,Kansas City,19.0,1,False
2020-09-12,MO,Kansas City,13451.0,5,False
2020-09-13,MO,Kansas City,1606.0,4,False
2020-09-14,MO,Kansas City,619.0,1,False
2020-09-15,MO,Kansas City,1377.0,5,False
2020-09-16,MO,Kansas City,128.0,1,False
2020-09-17,MO,Kansas City,690.0,5,False
2020-09-18,MO,Kansas City,758.0,1,False
2020-09-19,MO,Kansas City,2493.0,3,False
2020-09-21,MO,Kansas City,1465.0,4,False
2020-09-23,MO,Kansas City,569.0,2,False
2020-09-24,MO,Kansas City,609.0,2,False
2020-09-25,MO,Kansas City,268.0,2,False
2020-09-26,MO,Kansas City,86.0,2,False
2020-09-27,MO,Kansas City,1386.0,3,False
2020-09-28,MO,Kansas City,2974.0,4,False
2020-09-29,MO,Kansas City,934.0,3,False
2020-09-30,MO,Kansas City,249.0,2,False
2020-10-01,MO,Kansas City,2019.0,4,False
2020-10-02,MO,Kansas City,2171.0,3,False
2020-10-03,MO,Kansas City,36.0,2,False
2020-10-04,MO,Kansas City,0.0,1,False
2020-10-05,MO,Kansas City,923.0,4,False
2020-10-06,MO,Kansas City,298.0,3,False
2020-10-07,MO,Kansas City,2310.0,5,False
2020-10-08,MO,Kansas City,2424.0,2,False
2020-10-09,MO,Kansas City,28.0,1,False
2020-10-10,MO,Kansas City,269.0,2,False
2020-10-11,MO,Kansas City,23.0,1,False
2020-10-12,MO,Kansas City,1548.0,2,False
2020-10-14,MO,Kansas City,158.0,3,False
2020-10-15,MO,Kansas City,1053.0,1,False
2020-10-16,MO,Kansas City,60.0,2,False
2020-10-17,MO,Kansas City,1920.0,2,False
2020-10-18,MO,Kansas City,42.0,2,False
2020-10-19,MO,Kansas City,738.0,2,False
2020-10-21,MO,Kansas City,70.0,2,False
2020-10-22,MO,Kansas City,383.0,2,False
2020-10-23,MO,Kansas City,237.0,1,False
2020-10-25,MO,Kansas City,303.0,2,False
2020-10-26,MO,Kansas City,2652.0,6,False
2020-10-27,MO,Kansas City,8.0,1,False
2020-10-28,MO,Kansas City,50.0,3,False
2020-10-29,MO,Kansas City,219.0,1,False
2020-10-30,MO,Kansas City,186.0,2,False
2020-10-31,MO,Kansas City,1638.0,1,False
2020-11-01,MO,Kansas City,110.0,3,False
2020-11-02,MO,Kansas City,3674.0,1,False
2020-11-03,MO,Kansas City,1566.0,3,False
2020-11-06,MO,Kansas City,171.0,1,False
2020-11-07,MO,Kansas City,623.0,3,False
2020-11-08,MO,Kansas City,1488.0,5,False
2020-11-09,MO,Kansas City,1452.0,1,False
2020-11-10,MO,Kansas City,104.0,1,False
2020-11-11,MO,Kansas City,2951.0,4,False
2020-11-13,MO,Kansas City,1327.0,3,False
2020-11-14,MO,Kansas City,1965.0,4,False
2020-11-15,MO,Kansas City,1763.0,2,False
2020-11-16,MO,Kansas City,1878.0,5,False
2020-11-17,MO,Kansas City,988.0,3,False
2020-11-18,MO,Kansas City,100.0,2,False
2020-11-19,MO,Kansas City,3207.0,3,False
2020-11-20,MO,Kansas City,195.0,2,False
2020-11-21,MO,Kansas City,968.0,2,False
2020-11-22,MO,Kansas City,0.0,3,False
2020-11-23,MO,Kansas City,671.0,4,False
2020-11-24,MO,Kansas City,1918.0,2,False
2020-11-25,MO,Kansas City,362.0,2,False
2020-11-27,MO,Kansas City,147.0,1,False
2020-11-28,MO,Kansas City,2989.0,4,False
2020-11-29,MO,Kansas City,173.0,1,False
2020-11-30,MO,Kansas City,31.0,1,False
2020-12-01,MO,Kansas City,254.0,2,False
2020-12-02,MO,Kansas City,1089.0,1,False
2020-12-03,MO,Kansas City,52.0,2,False
2020-12-04,MO,Kansas City,1788.0,2,False
2020-12-05,MO,Kansas City,339.0,2,False
2020-12-06,MO,Kansas City,824.0,4,False
2020-12-07,MO,Kansas City,3066.0,4,False
2020-12-08,MO,Kansas City,296.0,2,False
2020-12-09,MO,Kansas City,205.0,2,False
2020-12-10,MO,Kansas City,552.0,1,False
2020-12-11,MO,Kansas City,1232.0,1,False
2020-12-12,MO,Kansas City,1157.0,1,False
2020-12-13,MO,Kansas City,1252.0,3,False
2020-12-14,MO,Kansas City,65.0,1,False
2020-12-15,MO,Kansas City,13.0,1,False
2020-12-16,MO,Kansas City,2791.0,3,False
2020-12-17,MO,Kansas City,696.0,3,False
2020-12-18,MO,Kansas City,505.0,4,False
2020-12-19,MO,Kansas City,329.0,3,False
2020-12-21,MO,Kansas City,482.0,2,False
2020-12-23,MO,Kansas City,141.0,1,False
2020-12-24,MO,Kansas City,3642.0,4,False
2020-12-26,MO,Kansas City,2605.0,2,False
2020-12-27,MO,Kansas City,454.0,1,False
2020-12-28,MO,Kansas City,632.0,3,False
2020-12-29,MO,Kansas City,2952.0,4,False
2020-12-30,MO,Kansas City,172.0,1,False
2021-01-01,MO,Kansas City,4685.0,2,False
2021-01-03,MO,Kansas City,1762.0,3,False
2021-01-04,MO,Kansas City,291.0,2,False
2021-01-05,MO,Kansas City,895.0,1,False
2021-01-06,MO,Kansas City,2223.0,4,False
2021-01-07,MO,Kansas City,80.0,2,False
2021-01-08,MO,Kansas City,2269.0,1,False
2021-01-09,MO,Kansas City,85.0,2,False
2021-01-10,MO,Kansas City,551.0,3,False
2021-01-11,MO,Kansas City,92.0,1,False
2021-01-12,MO,Kansas City,3306.0,3,False
2021-01-13,MO,Kansas City,2582.0,3,False
2021-01-14,MO,Kansas City,1097.0,4,False
2021-01-15,MO,Kansas City,50.0,1,False
2021-01-16,MO,Kansas City,184.0,1,False
2021-01-17,MO,Kansas City,0.0,1,False
2021-01-18,MO,Kansas City,69.0,1,False
2021-01-19,MO,Kansas City,496.0,2,False
2021-01-20,MO,Kansas City,155.0,1,False
2021-01-21,MO,Kansas City,198.0,1,False
2021-01-22,MO,Kansas City,765.0,1,False
2021-01-23,MO,Kansas City,334.0,2,False
2021-01-24,MO,Kansas City,643.0,4,False
2021-01-25,MO,Kansas City,395.0,2,False
2021-01-26,MO,Kansas City,1646.0,5,False
2021-01-27,MO,Kansas City,1303.0,1,False
2021-01-28,MO,Kansas City,494.0,2,False
2021-01-29,MO,Kansas City,764.0,1,False
2021-01-30,MO,Kansas City,1470.0,1,False
2021-01-31,MO,Kansas City,1712.0,3,False
2021-02-02,MO,Kansas City,1217.0,3,False
2021-02-03,MO,Kansas City,303.0,2,False
2021-02-04,MO,Kansas City,1108.0,1,False
2021-02-06,MO,Kansas City,287.0,1,False
2021-02-07,MO,Kansas City,419.0,1,False
2021-02-08,MO,Kansas City,920.0,4,False
2021-02-09,MO,Kansas City,616.0,2,False
2021-02-10,MO,Kansas City,265.0,3,False
2021-02-11,MO,Kansas City,1462.0,4,False
2021-02-13,MO,Kansas City,319.0,3,False
2021-02-14,MO,Kansas City,51.0,2,False
2021-02-15,MO,Kansas City,113.0,4,False
2021-02-16,MO,Kansas City,910.0,3,False
2021-02-17,MO,Kansas City,235.0,3,False
2021-02-18,MO,Kansas City,1836.0,4,False
2021-02-19,MO,Kansas City,1586.0,3,False
2021-02-20,MO,Kansas City,0.0,1,False
2021-02-21,MO,Kansas City,106.0,2,False
2021-02-23,MO,Kansas City,185.0,1,False
2021-02-25,MO,Kansas City,129.0,2,False
2021-02-26,MO,Kansas City,27.0,1,False
2021-02-27,MO,Kansas City,1822.0,4,False
2021-02-28,MO,Kansas City,17.0,2,False
2021-03-01,MO,Kansas City,2389.0,3,False
2021-03-02,MO,Kansas City,909.0,4,False
2021-03-04,MO,Kansas City,11.0,1,False
2021-03-05,MO,Kansas City,365.0,3,False
2021-03-06,MO,Kansas City,1798.0,1,False
2021-03-07,MO,Kansas City,931.0,1,False
2021-03-08,MO,Kansas City,265.0,1,False
2021-03-09,MO,Kansas City,280.0,2,False
2021-03-10,MO,Kansas City,1404.0,3,False
2021-03-11,MO,Kansas City,2312.0,6,False
2021-03-12,MO,Kansas City,1119.0,5,False
2021-03-13,MO,Kansas City,83.0,1,False
2021-03-14,MO,Kansas City,2213.0,2,False
2021-03-15,MO,Kansas City,92.0,2,False
2021-03-16,MO,Kansas City,44.0,1,False
2021-03-17,MO,Kansas City,178.0,1,False
2021-03-18,MO,Kansas City,331.0,1,False
2021-03-19,MO,Kansas City,189.0,2,False
2021-03-20,MO,Kansas City,2445.0,2,False
2021-03-21,MO,Kansas City,0.0,1,False
2021-03-22,MO,Kansas City,936.0,2,False
2021-03-24,MO,Kansas City,3232.0,2,False
2021-03-25,MO,Kansas City,181.0,1,False
2021-03-26,MO,Kansas City,4897.0,3,False
2021-03-27,MO,Kansas City,2442.0,5,False
2021-03-28,MO,Kansas City,428.0,2,False
2021-03-29,MO,Kansas City,9.0,1,False
2021-03-30,MO,Kansas City,1103.0,3,False
2021-03-31,MO,Kansas City,56.0,2,False
2021-04-01,MO,Kansas City,2250.0,7,False
2021-04-02,MO,Kansas City,4964.0,6,False
2021-04-03,MO,Kansas City,37.0,1,False
2021-04-04,MO,Kansas City,12.0,3,False
2021-04-05,MO,Kansas City,106.0,1,False
2021-04-06,MO,Kansas City,4008.0,3,False
2021-04-07,MO,Kansas City,1890.0,1,False
2021-04-08,MO,Kansas City,238.0,2,False
2021-04-09,MO,Kansas City,2019.0,2,False
2021-04-11,MO,Kansas City,917.0,2,False
2021-04-12,MO,Kansas City,263.0,1,False
2021-04-13,MO,Kansas City,316.0,3,False
2021-04-14,MO,Kansas City,689.0,3,False
2021-04-16,MO,Kansas City,1317.0,1,False
2021-04-17,MO,Kansas City,3502.0,4,False
2021-04-18,MO,Kansas City,281.0,1,False
2021-04-19,MO,Kansas City,179.0,2,False
2021-04-20,MO,Kansas City,108.0,2,False
2021-04-22,MO,Kansas City,3273.0,3,False
2021-04-23,MO,Kansas City,2831.0,1,False
2021-04-24,MO,Kansas City,733.0,4,False
2021-04-25,MO,Kansas City,1154.0,4,False
2021-04-26,MO,Kansas City,1600.0,2,False
2021-04-28,MO,Kansas City,86.0,1,False
2021-04-29,MO,Kansas City,1875.0,3,False
2021-05-01,MO,Kansas City,369.0,2,False
2021-05-02,MO,Kansas City,2710.0,3,False
2021-05-03,MO,Kansas City,1781.0,2,False
2021-05-04,MO,Kansas City,5011.0,7,False
2021-05-05,MO,Kansas City,91.0,2,False
2021-05-06,MO,Kansas City,2194.0,2,False
2021-05-07,MO,Kansas City,93.0,1,False
2021-05-08,MO,Kansas City,561.0,2,False
2021-05-09,MO,Kansas City,1740.0,2,False
2021-05-13,MO,Kansas City,1615.0,2,False
2021-05-14,MO,Kansas City,1404.0,4,False
2021-05-15,MO,Kansas City,3860.0,4,False
2021-05-16,MO,Kansas City,389.0,2,False
2021-05-17,MO,Kansas City,166.0,2,False
2021-05-18,MO,Kansas City,6101.0,2,False
2021-05-19,MO,Kansas City,102.0,1,False
2021-05-20,MO,Kansas City,863.0,2,False
2021-05-21,MO,Kansas City,734.0,2,False
2021-05-22,MO,Kansas City,336.0,2,False
2021-05-23,MO,Kansas City,135.0,1,False
2021-05-24,MO,Kansas City,87.0,1,False
2021-05-25,MO,Kansas City,539.0,3,False
2021-05-26,MO,Kansas City,140.0,4,False
2021-05-27,MO,Kansas City,892.0,3,False
2021-05-28,MO,Kansas City,6433.0,3,False
2021-05-29,MO,Kansas City,1398.0,2,False
2021-05-30,MO,Kansas City,35.0,1,False
2021-05-31,MO,Kansas City,1222.0,1,False
2021-06-01,MO,Kansas City,2762.0,4,True
2021-06-02,MO,Kansas City,929.0,2,True
2021-06-03,MO,Kansas City,3364.0,5,True
2021-06-04,MO,Kansas City,408.0,4,True
2021-06-05,MO,Kansas City,1005.0,4,True
2021-06-06,MO,Kansas City,3269.0,1,True
2021-06-07,MO,Kansas City,262.0,3,True
2021-06-08,MO,Kansas City,718.0,2,True
2021-06-09,MO,Kansas City,739.0,1,True
2021-06-10,MO,Kansas City,77.0,1,True
2021-06-11,MO,Kansas City,17.0,1,True
2021-06-12,MO,Kansas City,34.0,2,True
2021-06-13,MO,Kansas City,2143.0,3,True
2021-06-14,MO,Kansas City,135.0,2,True
2021-06-15,MO,Kansas City,1125.0,2,True
2021-06-16,MO,Kansas City,330.0,3,True
2021-06-17,MO,Kansas City,127.0,2,True
2021-06-18,MO,Kansas City,5221.0,2,True
2021-06-19,MO,Kansas City,6653.0,2,True
2021-06-20,MO,Kansas City,381.0,2,True
2021-06-21,MO,Kansas City,4508.0,3,True
2021-06-22,MO,Kansas City,53.0,1,True
2021-06-23,MO,Kansas City,3777.0,7,True
2021-06-24,MO,Kansas City,1108.0,2,True
2021-06-25,MO,Kansas City,186.0,1,True
2021-06-26,MO,Kansas City,117.0,2,True
2021-06-27,MO,Kansas City,1620.0,5,True
2021-06-29,MO,Kansas City,766.0,1,True
2021-06-30,MO,Kansas City,5130.0,4,True
2021-07-01,MO,Kansas City,815.0,3,True
2021-07-02,MO,Kansas City,2254.0,2,True
2021-07-03,MO,Kansas City,1623.0,2,True
2021-07-04,MO,Kansas City,8406.0,4,True
2021-07-05,MO,Kansas City,854.0,2,True
2021-07-06,MO,Kansas City,44.0,1,True
2021-07-07,MO,Kansas City,5179.0,4,True
2021-07-08,MO,Kansas City,13031.0,7,True
2021-07-09,MO,Kansas City,892.0,2,True
2021-07-10,MO,Kansas City,36.0,1,True
2021-07-11,MO,Kansas City,1212.0,2,True
2021-07-12,MO,Kansas City,1325.0,2,True
2021-07-13,MO,Kansas City,847.0,3,True
2021-07-14,MO,Kansas City,2159.0,2,True
2021-07-15,MO,Kansas City,3962.0,6,True
2021-07-17,MO,Kansas City,655.0,2,True
2021-07-18,MO,Kansas City,109.0,2,True
2021-07-19,MO,Kansas City,154.0,1,True
2021-07-20,MO,Kansas City,452.0,2,True
2021-07-21,MO,Kansas City,5073.0,4,True
2021-07-22,MO,Kansas City,2367.0,3,True
2021-07-23,MO,Kansas City,798.0,4,True
2021-07-24,MO,Kansas City,2142.0,5,True
2021-07-25,MO,Kansas City,1380.0,2,True
2021-07-26,MO,Kansas City,1281.0,2,True
2021-07-27,MO,Kansas City,2061.0,5,True
2021-07-28,MO,Kansas City,153.0,2,True
2021-07-29,MO,Kansas City,150.0,1,True
2021-07-30,MO,Kansas City,3211.0,4,True
2021-07-31,MO,Kansas City,862.0,2,True
2021-08-01,MO,Kansas City,2448.0,5,True
2021-08-02,MO,Kansas City,8210.0,4,True
2021-08-03,MO,Kansas City,325.0,3,True
2021-08-04,MO,Kansas City,10.0,1,True
2021-08-05,MO,Kansas City,2022.0,5,True
2021-08-06,MO,Kansas City,230.0,1,True
2021-08-07,MO,Kansas City,929.0,1,True
2021-08-08,MO,Kansas City,584.0,1,True
2021-08-09,MO,Kansas City,1104.0,1,True
2021-08-10,MO,Kansas City,78.0,3,True
2021-08-11,MO,Kansas City,4569.0,5,True
2021-08-12,MO,Kansas City,916.0,4,True
2021-08-13,MO,Kansas City,1462.0,2,True
2021-08-14,MO,Kansas City,139.0,2,True
2021-08-15,MO,Kansas City,2445.0,3,True
2021-08-16,MO,Kansas City,316.0,2,True
2021-08-17,MO,Kansas City,834.0,2,True
2021-08-18,MO,Kansas City,3301.0,1,True
2021-08-19,MO,Kansas City,2897.0,1,True
2021-08-20,MO,Kansas City,3298.0,5,True
2021-08-21,MO,Kansas City,59.0,1,True
2021-08-22,MO,Kansas City,2189.0,1,True
2021-08-23,MO,Kansas City,2720.0,4,True
2021-08-24,MO,Kansas City,2805.0,4,True
2021-08-25,MO,Kansas City,1452.0,3,True
2021-08-26,MO,Kansas City,696.0,5,True
2021-08-27,MO,Kansas City,313.0,1,True
2021-08-28,MO,Kansas City,34.0,1,True
2021-08-29,MO,Kansas City,673.0,4,True
2021-08-30,MO,Kansas City,135.0,2,True
2021-08-31,MO,Kansas City,80.0,2,True
2021-09-01,MO,Kansas City,396.0,3,False
2021-09-02,MO,Kansas City,356.0,2,False
2021-09-04,MO,Kansas City,1221.0,3,False
2021-09-05,MO,Kansas City,1287.0,4,False
2021-09-06,MO,Kansas City,4102.0,4,False
2021-09-07,MO,Kansas City,48.0,2,False
2021-09-08,MO,Kansas City,1879.0,4,False
2021-09-09,MO,Kansas City,1531.0,2,False
2021-09-10,MO,Kansas City,107.0,3,False
2021-09-11,MO,Kansas City,0.0,1,False
2021-09-12,MO,Kansas City,1467.0,2,False
2021-09-13,MO,Kansas City,443.0,2,False
2021-09-14,MO,Kansas City,3825.0,2,False
2021-09-15,MO,Kansas City,77.0,1,False
2021-09-16,MO,Kansas City,348.0,3,False
2021-09-17,MO,Kansas City,2585.0,4,False
2021-09-18,MO,Kansas City,175.0,2,False
2021-09-20,MO,Kansas City,928.0,6,False
2021-09-21,MO,Kansas City,485.0,2,False
2021-09-22,MO,Kansas City,433.0,1,False
2021-09-23,MO,Kansas City,680.0,2,False
2021-09-24,MO,Kansas City,2865.0,2,False
2021-09-25,MO,Kansas City,2589.0,2,False
2021-09-27,MO,Kansas City,327.0,4,False
2021-09-28,MO,Kansas City,1570.0,2,False
2021-09-29,MO,Kansas City,101.0,4,False
2021-09-30,MO,Kansas City,215.0,1,False
2021-10-01,MO,Kansas City,619.0,2,False
2021-10-02,MO,Kansas City,5094.0,4,False
2021-10-03,MO,Kansas City,4550.0,3,False
2021-10-04,MO,Kansas City,679.0,3,False
2021-10-05,MO,Kansas City,1283.0,3,False
2021-10-06,MO,Kansas City,1150.0,3,False
2021-10-07,MO,Kansas City,2803.0,2,False
2021-10-08,MO,Kansas City,990.0,3,False
2021-10-09,MO,Kansas City,1011.0,2,False
2021-10-10,MO,Kansas City,0.0,3,False
2021-10-11,MO,Kansas City,4091.0,3,False
2021-10-12,MO,Kansas City,133.0,1,False
2021-10-13,MO,Kansas City,810.0,4,False
2021-10-14,MO,Kansas City,414.0,1,False
2021-10-15,MO,Kansas City,1174.0,3,False
2021-10-16,MO,Kansas City,0.0,1,False
2021-10-17,MO,Kansas City,564.0,6,False
2021-10-18,MO,Kansas City,20.0,1,False
2021-10-19,MO,Kansas City,55.0,2,False
2021-10-20,MO,Kansas City,1063.0,2,False
2021-10-21,MO,Kansas City,1067.0,2,False
2021-10-22,MO,Kansas City,1337.0,2,False
2021-10-23,MO,Kansas City,1903.0,1,False
2021-10-24,MO,Kansas City,1835.0,1,False
2021-10-25,MO,Kansas City,473.0,1,False
2021-10-26,MO,Kansas City,368.0,1,False
2021-10-27,MO,Kansas City,2435.0,4,False
2021-10-28,MO,Kansas City,227.0,3,False
2021-10-29,MO,Kansas City,4340.0,4,False
2021-10-30,MO,Kansas City,209.0,2,False
2021-10-31,MO,Kansas City,0.0,1,False
2021-11-02,MO,Kansas City,888.0,4,False
2021-11-03,MO,Kansas City,1121.0,3,False
2021-11-04,MO,Kansas City,951.0,4,False
2021-11-05,MO,Kansas City,642.0,4,False
2021-11-06,MO,Kansas City,1922.0,3,False
2021-11-07,MO,Kansas City,313.0,1,False
2021-11-08,MO,Kansas City,584.0,2,False
2021-11-09,MO,Kansas City,64.0,2,False
2021-11-10,MO,Kansas City,5813.0,3,False
2021-11-11,MO,Kansas City,739.0,1,False
2021-11-12,MO,Kansas City,646.0,2,False
2021-11-13,MO,Kansas City,782.0,2,False
2021-11-14,MO,Kansas City,2139.0,2,False
2021-11-15,MO,Kansas City,167.0,2,False
2021-11-16,MO,Kansas City,1674.0,7,False
2021-11-17,MO,Kansas City,3947.0,4,False
2021-11-18,MO,Kansas City,4340.0,7,False
2021-11-19,MO,Kansas City,3516.0,5,False
2021-11-20,MO,Kansas City,4671.0,4,False
2021-11-21,MO,Kansas City,1721.0,3,False
2021-11-22,MO,Kansas City,4038.0,8,False
2021-11-23,MO,Kansas City,587.0,3,False
2021-11-24,MO,Kansas City,1367.0,2,False
2021-11-25,MO,Kansas City,0.0,2,False
2021-11-26,MO,Kansas City,4943.0,3,False
2021-11-27,MO,Kansas City,2361.0,3,False
2021-11-28,MO,Kansas City,11252.0,3,False
2021-11-30,MO,Kansas City,61.0,1,False
2021-12-01,MO,Kansas City,891.0,1,False
2021-12-02,MO,Kansas City,4270.0,5,False
2021-12-03,MO,Kansas City,763.0,1,False
2021-12-04,MO,Kansas City,101.0,2,False
2021-12-05,MO,Kansas City,0.0,1,False
2021-12-06,MO,Kansas City,1522.0,2,False
2021-12-07,MO,Kansas City,411.0,1,False
2021-12-09,MO,Kansas City,1092.0,2,False
2021-12-10,MO,Kansas City,703.0,2,False
2021-12-11,MO,Kansas City,135.0,1,False
2021-12-12,MO,Kansas City,2130.0,3,False
2021-12-13,MO,Kansas City,1337.0,4,False
2021-12-14,MO,Kansas City,1193.0,5,False
2021-12-15,MO,Kansas City,410.0,4,False
2021-12-16,MO,Kansas City,34.0,1,False
2021-12-17,MO,Kansas City,469.0,1,False
2021-12-19,MO,Kansas City,1649.0,5,False
2021-12-20,MO,Kansas City,2242.0,5,False
2021-12-21,MO,Kansas City,1099.0,2,False
2021-12-22,MO,Kansas City,66.0,1,False
2021-12-23,MO,Kansas City,6468.0,2,False
2021-12-24,MO,Kansas City,59.0,1,False
2021-12-25,MO,Kansas City,0.0,1,False
2021-12-26,MO,Kansas City,1680.0,3,False
2021-12-27,MO,Kansas City,1859.0,2,False
2021-12-28,MO,Kansas City,594.0,3,False
2021-12-29,MO,Kansas City,1322.0,4,False
2021-12-30,MO,Kansas City,2220.0,1,False
2021-12-31,MO,Kansas City,558.0,4,False
2022-01-01,MO,Kansas City,603.0,1,False
2022-01-02,MO,Kansas City,507.0,2,False
2022-01-03,MO,Kansas City,1677.0,3,False
2022-01-04,MO,Kansas City,67.0,1,False
2022-01-05,MO,Kansas City,983.0,6,False
2022-01-07,MO,Kansas City,1887.0,5,False
2022-01-08,MO,Kansas City,56.0,1,False
2022-01-09,MO,Kansas City,696.0,2,False
2022-01-10,MO,Kansas City,446.0,3,False
2022-01-11,MO,Kansas City,1068.0,5,False
2022-01-14,MO,Kansas City,238.0,2,False
2022-01-15,MO,Kansas City,42.0,2,False
2022-01-16,MO,Kansas City,930.0,5,False
2022-01-17,MO,Kansas City,265.0,1,False
2022-01-18,MO,Kansas City,35.0,1,False
2022-01-19,MO,Kansas City,58.0,2,False
2022-01-20,MO,Kansas City,132.0,1,False
2022-01-21,MO,Kansas City,892.0,2,False
2022-01-22,MO,Kansas City,1879.0,3,False
2022-01-23,MO,Kansas City,1526.0,2,False
2022-01-24,MO,Kansas City,1835.0,1,False
2022-01-25,MO,Kansas City,878.0,1,False
2022-01-26,MO,Kansas City,367.0,3,False
2022-01-27,MO,Kansas City,132.0,3,False
2022-01-28,MO,Kansas City,56.0,1,False
2022-01-29,MO,Kansas City,3863.0,1,False
2022-01-30,MO,Kansas City,484.0,4,False
2022-01-31,MO,Kansas City,34.0,1,False
2022-02-01,MO,Kansas City,2043.0,4,False
2022-02-02,MO,Kansas City,158.0,3,False
2022-02-03,MO,Kansas City,1224.0,5,False
2022-02-04,MO,Kansas City,2459.0,1,False
2022-02-05,MO,Kansas City,2469.0,4,False
2022-02-06,MO,Kansas City,122.0,2,False
2022-02-07,MO,Kansas City,124.0,2,False
2022-02-08,MO,Kansas City,1580.0,1,False
2022-02-09,MO,Kansas City,2287.0,3,False
2022-02-10,MO,Kansas City,1023.0,2,False
2022-02-11,MO,Kansas City,305.0,2,False
2022-02-12,MO,Kansas City,0.0,1,False
2022-02-13,MO,Kansas City,1878.0,5,False
2022-02-15,MO,Kansas City,225.0,1,False
2022-02-16,MO,Kansas City,1418.0,1,False
2022-02-17,MO,Kansas City,96.0,4,False
2022-02-18,MO,Kansas City,60.0,2,False
2022-02-19,MO,Kansas City,5009.0,3,False
2022-02-21,MO,Kansas City,2599.0,9,False
2022-02-22,MO,Kansas City,864.0,2,False
2022-02-23,MO,Kansas City,1677.0,3,False
2022-02-24,MO,Kansas City,369.0,4,False
2022-02-25,MO,Kansas City,1217.0,2,False
2022-02-26,MO,Kansas City,2635.0,6,False
2022-02-28,MO,Kansas City,696.0,3,False
2022-03-01,MO,Kansas City,4828.0,4,False
2022-03-02,MO,Kansas City,1786.0,2,False
2022-03-03,MO,Kansas City,2201.0,1,False
2022-03-04,MO,Kansas City,4123.0,4,False
2022-03-05,MO,Kansas City,5165.0,6,False
2022-03-07,MO,Kansas City,1035.0,2,False
2022-03-08,MO,Kansas City,1969.0,3,False
2022-03-09,MO,Kansas City,2628.0,6,False
2022-03-10,MO,Kansas City,1643.0,3,False
2022-03-12,MO,Kansas City,1425.0,1,False
2022-03-14,MO,Kansas City,2297.0,1,False
2022-03-16,MO,Kansas City,670.0,1,False
2022-03-17,MO,Kansas City,1351.0,2,False
2022-03-18,MO,Kansas City,356.0,1,False
2022-03-19,MO,Kansas City,1009.0,3,False
2022-03-20,MO,Kansas City,3112.0,2,False
2022-03-21,MO,Kansas City,724.0,4,False
2022-03-22,MO,Kansas City,2050.0,1,False
2022-03-23,MO,Kansas City,1118.0,3,False
2022-03-24,MO,Kansas City,1622.0,2,False
2022-03-25,MO,Kansas City,229.0,2,False
2022-03-26,MO,Kansas City,1010.0,1,False
2022-03-27,MO,Kansas City,223.0,1,False
2022-03-28,MO,Kansas City,1232.0,4,False
2022-03-30,MO,Kansas City,91.0,2,False
2022-03-31,MO,Kansas City,1791.0,5,False
2022-04-02,MO,Kansas City,4200.0,2,False
2022-04-03,MO,Kansas City,1321.0,1,False
2022-04-04,MO,Kansas City,4984.0,5,False
2022-04-05,MO,Kansas City,568.0,2,False
2022-04-06,MO,Kansas City,271.0,2,False
2022-04-07,MO,Kansas City,1609.0,3,False
2022-04-09,MO,Kansas City,59.0,1,False
2022-04-11,MO,Kansas City,2024.0,5,False
2022-04-12,MO,Kansas City,3189.0,4,False
2022-04-13,MO,Kansas City,193.0,1,False
2022-04-14,MO,Kansas City,132.0,1,False
2022-04-15,MO,Kansas City,572.0,1,False
2022-04-16,MO,Kansas City,3571.0,2,False
2022-04-17,MO,Kansas City,600.0,2,False
2022-04-18,MO,Kansas City,239.0,1,False
2022-04-19,MO,Kansas City,1040.0,5,False
2022-04-20,MO,Kansas City,2412.0,5,False
2022-04-21,MO,Kansas City,1750.0,6,False
2022-04-22,MO,Kansas City,181.0,1,False
2022-04-23,MO,Kansas City,751.0,3,False
2022-04-24,MO,Kansas City,1191.0,2,False
2022-04-25,MO,Kansas City,356.0,1,False
2022-04-26,MO,Kansas City,270.0,2,False
2022-04-27,MO,Kansas City,1954.0,3,False
2022-04-28,MO,Kansas City,69.0,1,False
2022-04-29,MO,Kansas City,43.0,1,False
2022-04-30,MO,Kansas City,8794.0,3,False
2022-05-01,MO,Kansas City,0.0,2,False
2022-05-02,MO,Kansas City,50.0,3,False
2022-05-03,MO,Kansas City,2108.0,4,False
2022-05-04,MO,Kansas City,9578.0,3,False
2022-05-05,MO,Kansas City,653.0,2,False
2022-05-06,MO,Kansas City,1704.0,2,False
2022-05-07,MO,Kansas City,679.0,4,False
2022-05-10,MO,Kansas City,1630.0,2,False
2022-05-11,MO,Kansas City,8327.0,3,False
2022-05-12,MO,Kansas City,393.0,1,False
2022-05-13,MO,Kansas City,20.0,1,False
2022-05-14,MO,Kansas City,1570.0,4,False
2022-05-16,MO,Kansas City,3115.0,3,False
2022-05-17,MO,Kansas City,431.0,1,False
2022-05-18,MO,Kansas City,2049.0,4,False
2022-05-19,MO,Kansas City,144.0,1,False
2022-05-20,MO,Kansas City,1023.0,3,False
2022-05-21,MO,Kansas City,942.0,2,False
2022-05-22,MO,Kansas City,1575.0,3,False
2022-05-23,MO,Kansas City,17.0,1,False
2022-05-24,MO,Kansas City,1745.0,2,False
2022-05-25,MO,Kansas City,1065.0,4,False
2022-05-26,MO,Kansas City,29.0,1,False
2022-05-27,MO,Kansas City,2135.0,1,False
2022-05-29,MO,Kansas City,0.0,1,False
2022-05-30,MO,Kansas City,519.0,2,False
2022-05-31,MO,Kansas City,912.0,2,False
2022-06-01,MO,Kansas City,6172.0,7,True
2022-06-02,MO,Kansas City,3719.0,4,True
2022-06-03,MO,Kansas City,299.0,2,True
2022-06-04,MO,Kansas City,59.0,2,True
2022-06-05,MO,Kansas City,263.0,2,True
2022-06-06,MO,Kansas City,75.0,1,True
2022-06-07,MO,Kansas City,185.0,5,True
2022-06-08,MO,Kansas City,558.0,2,True
2022-06-09,MO,Kansas City,77.0,1,True
2022-06-10,MO,Kansas City,1673.0,3,True
2022-06-11,MO,Kansas City,1827.0,2,True
2022-06-12,MO,Kansas City,1719.0,2,True
2022-06-14,MO,Kansas City,1160.0,4,True
2022-06-15,MO,Kansas City,901.0,1,True
2022-06-16,MO,Kansas City,167.0,1,True
2022-06-17,MO,Kansas City,1208.0,2,True
2022-06-18,MO,Kansas City,182.0,2,True
2022-06-19,MO,Kansas City,18.0,2,True
2022-06-20,MO,Kansas City,962.0,1,True
2022-06-21,MO,Kansas City,1183.0,3,True
2022-06-22,MO,Kansas City,5424.0,2,True
2022-06-23,MO,Kansas City,1979.0,2,True
2022-06-24,MO,Kansas City,608.0,3,True
2022-06-25,MO,Kansas City,663.0,1,True
2022-06-26,MO,Kansas City,7887.0,5,True
2022-06-27,MO,Kansas City,4647.0,2,True
2022-06-28,MO,Kansas City,3354.0,3,True
2022-06-29,MO,Kansas City,131.0,2,True
2022-06-30,MO,Kansas City,832.0,2,True
2022-07-01,MO,Kansas City,242.0,4,True
2022-07-02,MO,Kansas City,1280.0,4,True
2022-07-03,MO,Kansas City,0.0,3,True
2022-07-04,MO,Kansas City,2568.0,5,True
2022-07-05,MO,Kansas City,208.0,1,True
2022-07-08,MO,Kansas City,806.0,4,True
2022-07-09,MO,Kansas City,493.0,1,True
2022-07-10,MO,Kansas City,2242.0,1,True
2022-07-11,MO,Kansas City,106.0,2,True
2022-07-12,MO,Kansas City,835.0,2,True
2022-07-13,MO,Kansas City,318.0,4,True
2022-07-14,MO,Kansas City,264.0,2,True
2022-07-16,MO,Kansas City,2269.0,7,True
2022-07-17,MO,Kansas City,1262.0,5,True
2022-07-18,MO,Kansas City,594.0,3,True
2022-07-19,MO,Kansas City,393.0,3,True
2022-07-20,MO,Kansas City,1031.0,3,True
2022-07-21,MO,Kansas City,2272.0,5,True
2022-07-22,MO,Kansas City,2306.0,3,True
2022-07-23,MO,Kansas City,228.0,4,True
2022-07-24,MO,Kansas City,205.0,1,True
2022-07-26,MO,Kansas City,1818.0,3,True
2022-07-27,MO,Kansas City,3072.0,4,True
2022-07-28,MO,Kansas City,579.0,3,True
2022-07-29,MO,Kansas City,1066.0,3,True
2022-07-30,MO,Kansas City,891.0,4,True
2022-07-31,MO,Kansas City,3071.0,6,True
2022-08-01,MO,Kansas City,2724.0,4,True
2022-08-02,MO,Kansas City,3101.0,3,True
2022-08-03,MO,Kansas City,722.0,2,True
2022-08-04,MO,Kansas City,721.0,2,True
2022-08-05,MO,Kansas City,737.0,5,True
2022-08-06,MO,Kansas City,4476.0,2,True
2022-08-07,MO,Kansas City,157.0,1,True
2022-08-09,MO,Kansas City,8145.0,3,True
2022-08-10,MO,Kansas City,3383.0,4,True
2022-08-11,MO,Kansas City,706.0,2,True
2022-08-13,MO,Kansas City,1567.0,4,True
2022-08-14,MO,Kansas City,0.0,2,True
2022-08-15,MO,Kansas City,3702.0,6,True
2022-08-16,MO,Kansas City,2118.0,3,True
2022-08-18,MO,Kansas City,3000.0,3,True
2022-08-19,MO,Kansas City,1561.0,3,True
2022-08-20,MO,Kansas City,29.0,1,True
2022-08-21,MO,Kansas City,2276.0,3,True
2022-08-22,MO,Kansas City,919.0,1,True
2022-08-23,MO,Kansas City,699.0,3,True
2022-08-25,MO,Kansas City,82.0,1,True
2022-08-26,MO,Kansas City,848.0,1,True
2022-08-27,MO,Kansas City,40.0,2,True
2022-08-28,MO,Kansas City,1853.0,3,True
2022-08-29,MO,Kansas City,32.0,1,True
2022-08-30,MO,Kansas City,600.0,2,True
2022-08-31,MO,Kansas City,312.0,1,True
2022-09-02,MO,Kansas City,2881.0,5,False
2022-09-03,MO,Kansas City,1342.0,1,False
2022-09-04,MO,Kansas City,281.0,1,False
2022-09-05,MO,Kansas City,1452.0,4,False
2022-09-06,MO,Kansas City,4836.0,4,False
2022-09-08,MO,Kansas City,27.0,1,False
2022-09-09,MO,Kansas City,44.0,1,False
2022-09-10,MO,Kansas City,459.0,3,False
2022-09-11,MO,Kansas City,242.0,3,False
2022-09-12,MO,Kansas City,1700.0,1,False
2022-09-13,MO,Kansas City,804.0,3,False
2022-09-14,MO,Kansas City,4511.0,8,False
2022-09-15,MO,Kansas City,27.0,2,False
2022-09-16,MO,Kansas City,1129.0,4,False
2022-09-17,MO,Kansas City,1918.0,4,False
2022-09-18,MO,Kansas City,4467.0,4,False
2022-09-19,MO,Kansas City,337.0,2,False
2022-09-20,MO,Kansas City,1242.0,3,False
2022-09-21,MO,Kansas City,1756.0,2,False
2022-09-23,MO,Kansas City,1004.0,5,False
2022-09-24,MO,Kansas City,0.0,1,False
2022-09-25,MO,Kansas City,55.0,3,False
2022-09-27,MO,Kansas City,923.0,2,False
2022-09-29,MO,Kansas City,111.0,2,False
2022-09-30,MO,Kansas City,877.0,4,False
2022-10-01,MO,Kansas City,1919.0,3,False
2022-10-02,MO,Kansas City,2069.0,2,False
2022-10-03,MO,Kansas City,12.0,1,False
2022-10-04,MO,Kansas City,40.0,3,False
2022-10-05,MO,Kansas City,108.0,1,False
2022-10-06,MO,Kansas City,33.0,1,False
2022-10-07,MO,Kansas City,88.0,1,False
2022-10-08,MO,Kansas City,114.0,2,False
2022-10-09,MO,Kansas City,3827.0,7,False
2022-10-10,MO,Kansas City,388.0,2,False
2022-10-11,MO,Kansas City,911.0,2,False
2022-10-12,MO,Kansas City,1165.0,2,False
2022-10-13,MO,Kansas City,400.0,3,False
2022-10-14,MO,Kansas City,2631.0,2,False
2022-10-15,MO,Kansas City,2513.0,6,False
2022-10-16,MO,Kansas City,1587.0,2,False
2022-10-17,MO,Kansas City,1527.0,2,False
2022-10-18,MO,Kansas City,1070.0,4,False
2022-10-19,MO,Kansas City,132.0,2,False
2022-10-20,MO,Kansas City,154.0,2,False
2022-10-21,MO,Kansas City,131.0,1,False
2022-10-22,MO,Kansas City,0.0,1,False
2022-10-23,MO,Kansas City,0.0,1,False
2022-10-24,MO,Kansas City,274.0,3,False
2022-10-25,MO,Kansas City,964.0,1,False
2022-10-26,MO,Kansas City,1047.0,1,False
2022-10-27,MO,Kansas City,1361.0,1,False
2022-10-28,MO,Kansas City,14.0,1,False
2022-10-29,MO,Kansas City,4496.0,3,False
2022-10-30,MO,Kansas City,577.0,4,False
2022-10-31,MO,Kansas City,62.0,2,False
2022-11-01,MO,Kansas City,5038.0,4,False
2022-11-02,MO,Kansas City,1930.0,2,False
2022-11-03,MO,Kansas City,369.0,3,False
2022-11-04,MO,Kansas City,2082.0,4,False
2022-11-05,MO,Kansas City,4859.0,3,False
2022-11-06,MO,Kansas City,101.0,1,False
2022-11-07,MO,Kansas City,87.0,1,False
2022-11-08,MO,Kansas City,645.0,1,False
2022-11-09,MO,Kansas City,251.0,4,False
2022-11-10,MO,Kansas City,34.0,1,False
2022-11-11,MO,Kansas City,220.0,1,False
2022-11-12,MO,Kansas City,69.0,1,False
2022-11-13,MO,Kansas City,1513.0,1,False
2022-11-14,MO,Kansas City,163.0,2,False
2022-11-15,MO,Kansas City,1440.0,2,False
2022-11-16,MO,Kansas City,1986.0,1,False
2022-11-17,MO,Kansas City,921.0,4,False
2022-11-18,MO,Kansas City,109.0,1,False
2022-11-19,MO,Kansas City,336.0,2,False
2022-11-20,MO,Kansas City,890.0,2,False
2022-11-21,MO,Kansas City,110.0,2,False
2022-11-22,MO,Kansas City,523.0,3,False
2022-11-23,MO,Kansas City,347.0,3,False
2022-11-24,MO,Kansas City,0.0,2,False
2022-11-25,MO,Kansas City,140.0,1,False
2022-11-26,MO,Kansas City,104.0,1,False
2022-11-27,MO,Kansas City,1423.0,4,False
2022-11-28,MO,Kansas City,1874.0,5,False
2022-11-29,MO,Kansas City,2159.0,2,False
2022-11-30,MO,Kansas City,145.0,3,False
2022-12-01,MO,Kansas City,1010.0,3,False
2022-12-02,MO,Kansas City,6778.0,2,False
2022-12-03,MO,Kansas City,1315.0,1,False
2022-12-04,MO,Kansas City,2279.0,3,False
2022-12-05,MO,Kansas City,3316.0,3,False
2022-12-06,MO,Kansas City,3457.0,2,False
2022-12-07,MO,Kansas City,1348.0,4,False
2022-12-08,MO,Kansas City,2810.0,5,False
2022-12-09,MO,Kansas City,33.0,1,False
2022-12-10,MO,Kansas City,1426.0,4,False
2022-12-11,MO,Kansas City,1723.0,1,False
2022-12-12,MO,Kansas City,829.0,3,False
2022-12-13,MO,Kansas City,1451.0,4,False
2022-12-14,MO,Kansas City,81.0,1,False
2022-12-15,MO,Kansas City,331.0,2,False
2022-12-16,MO,Kansas City,1241.0,2,False
2022-12-17,MO,Kansas City,2284.0,2,False
2022-12-18,MO,Kansas City,891.0,4,False
2022-12-19,MO,Kansas City,12594.0,3,False
2022-12-20,MO,Kansas City,885.0,3,False
2022-12-21,MO,Kansas City,412.0,3,False
2022-12-22,MO,Kansas City,116.0,1,False
2022-12-23,MO,Kansas City,31.0,1,False
2022-12-24,MO,Kansas City,0.0,1,False
2022-12-25,MO,Kansas City,0.0,1,False
2022-12-27,MO,Kansas City,746.0,2,False
2022-12-29,MO,Kansas City,5516.0,4,False
2022-12-30,MO,Kansas City,1003.0,2,False
2022-12-31,MO,Kansas City,756.0,3,False
2023-01-01,MO,Kansas City,709.0,1,False
2023-01-02,MO,Kansas City,2675.0,4,False
2023-01-03,MO,Kansas City,170.0,3,False
2023-01-04,MO,Kansas City,1115.0,3,False
2023-01-05,MO,Kansas City,1984.0,2,False
2023-01-06,MO,Kansas City,671.0,2,False
2023-01-07,MO,Kansas City,225.0,3,False
2023-01-08,MO,Kansas City,1035.0,2,False
2023-01-09,MO,Kansas City,164.0,3,False
2023-01-10,MO,Kansas City,57.0,2,False
2023-01-11,MO,Kansas City,1626.0,5,False
2023-01-12,MO,Kansas City,1607.0,3,False
2023-01-14,MO,Kansas City,326.0,3,False
2023-01-16,MO,Kansas City,228.0,2,False
2023-01-18,MO,Kansas City,200.0,1,False
2023-01-19,MO,Kansas City,1683.0,2,False
2023-01-20,MO,Kansas City,477.0,1,False
2023-01-22,MO,Kansas City,0.0,2,False
2023-01-23,MO,Kansas City,785.0,4,False
2023-01-24,MO,Kansas City,1726.0,3,False
2023-01-25,MO,Kansas City,188.0,3,False
2023-01-26,MO,Kansas City,1709.0,1,False
2023-01-27,MO,Kansas City,1741.0,1,False
2023-01-28,MO,Kansas City,991.0,1,False
2023-01-29,MO,Kansas City,352.0,1,False
2023-01-30,MO,Kansas City,316.0,3,False
2023-01-31,MO,Kansas City,1691.0,2,False
2023-02-02,MO,Kansas City,2604.0,5,False
2023-02-03,MO,Kansas City,153.0,2,False
2023-02-04,MO,Kansas City,186.0,3,False
2023-02-05,MO,Kansas City,0.0,1,False
2023-02-06,MO,Kansas City,381.0,2,False
2023-02-07,MO,Kansas City,2987.0,1,False
2023-02-08,MO,Kansas City,171.0,3,False
2023-02-09,MO,Kansas City,601.0,2,False
2023-02-10,MO,Kansas City,3103.0,3,False
2023-02-11,MO,Kansas City,256.0,4,False
2023-02-14,MO,Kansas City,41.0,1,False
2023-02-15,MO,Kansas City,4430.0,5,False
2023-02-16,MO,Kansas City,711.0,4,False
2023-02-17,MO,Kansas City,2465.0,1,False
2023-02-18,MO,Kansas City,0.0,1,False
2023-02-19,MO,Kansas City,522.0,4,False
2023-02-20,MO,Kansas City,3039.0,2,False
2023-02-21,MO,Kansas City,1231.0,2,False
2023-02-22,MO,Kansas City,500.0,1,False
2023-02-23,MO,Kansas City,303.0,2,False
2023-02-24,MO,Kansas City,95.0,1,False
2023-02-25,MO,Kansas City,7498.0,5,False
2023-02-26,MO,Kansas City,2534.0,2,False
2023-02-27,MO,Kansas City,1254.0,3,False
2023-02-28,MO,Kansas City,3219.0,4,False
2023-03-01,MO,Kansas City,2033.0,4,False
2023-03-02,MO,Kansas City,3781.0,3,False
2023-03-03,MO,Kansas City,578.0,2,False
2023-03-04,MO,Kansas City,2075.0,4,False
2023-03-06,MO,Kansas City,1569.0,5,False
2023-03-07,MO,Kansas City,3674.0,6,False
2023-03-08,MO,Kansas City,1060.0,4,False
2023-03-09,MO,Kansas City,1176.0,1,False
2023-03-10,MO,Kansas City,284.0,4,False
2023-03-11,MO,Kansas City,467.0,2,False
2023-03-12,MO,Kansas City,307.0,2,False
2023-03-14,MO,Kansas City,1781.0,3,False
2023-03-15,MO,Kansas City,631.0,1,False
2023-03-16,MO,Kansas City,2347.0,2,False
2023-03-17,MO,Kansas City,2586.0,4,False
2023-03-18,MO,Kansas City,3906.0,3,False
2023-03-19,MO,Kansas City,354.0,1,False
2023-03-20,MO,Kansas City,2025.0,4,False
2023-03-21,MO,Kansas City,1983.0,4,False
2023-03-22,MO,Kansas City,2130.0,2,False
2023-03-23,MO,Kansas City,425.0,1,False
2023-03-24,MO,Kansas City,3596.0,5,False
2023-03-25,MO,Kansas City,199.0,2,False
2023-03-26,MO,Kansas City,563.0,2,False
2023-03-27,MO,Kansas City,488.0,4,False
2023-03-28,MO,Kansas City,769.0,2,False
2023-03-29,MO,Kansas City,380.0,3,False
2023-03-30,MO,Kansas City,2415.0,2,False
2023-03-31,MO,Kansas City,46.0,1,False
2023-04-01,MO,Kansas City,3193.0,4,False
2023-04-02,MO,Kansas City,2402.0,2,False
2023-04-03,MO,Kansas City,2720.0,7,False
2023-04-04,MO,Kansas City,362.0,2,False
2023-04-05,MO,Kansas City,2404.0,4,False
2023-04-06,MO,Kansas City,1390.0,2,False
2023-04-07,MO,Kansas City,198.0,1,False
2023-04-08,MO,Kansas City,1146.0,5,False
2023-04-09,MO,Kansas City,1858.0,2,False
2023-04-10,MO,Kansas City,1282.0,2,False
2023-04-11,MO,Kansas City,2544.0,3,False
2023-04-12,MO,Kansas City,326.0,2,False
2023-04-13,MO,Kansas City,2510.0,5,False
2023-04-15,MO,Kansas City,461.0,3,False
2023-04-16,MO,Kansas City,631.0,3,False
2023-04-17,MO,Kansas City,352.0,1,False
2023-04-19,MO,Kansas City,1219.0,3,False
2023-04-20,MO,Kansas City,3331.0,3,False
2023-04-21,MO,Kansas City,3140.0,4,False
2023-04-22,MO,Kansas City,3089.0,4,False
2023-04-23,MO,Kansas City,1014.0,2,False
2023-04-24,MO,Kansas City,4601.0,5,False
2023-04-25,MO,Kansas City,2655.0,3,False
2023-04-26,MO,Kansas City,355.0,1,False
2023-04-27,MO,Kansas City,1698.0,4,False
2023-04-28,MO,Kansas City,2216.0,4,False
2023-04-29,MO,Kansas City,4580.0,3,False
2023-04-30,MO,Kansas City,0.0,1,False
2023-05-01,MO,Kansas City,3030.0,5,False
2023-05-02,MO,Kansas City,9701.0,3,False
2023-05-03,MO,Kansas City,26.0,1,False
2023-05-04,MO,Kansas City,2245.0,4,False
2023-05-05,MO,Kansas City,1055.0,2,False
2023-05-06,MO,Kansas City,31.0,1,False
2023-05-07,MO,Kansas City,2441.0,2,False
2023-05-08,MO,Kansas City,52.0,1,False
2023-05-09,MO,Kansas City,3200.0,4,False
2023-05-10,MO,Kansas City,981.0,2,False
2023-05-11,MO,Kansas City,17.0,1,False
2023-05-12,MO,Kansas City,4184.0,5,False
2023-05-13,MO,Kansas City,1195.0,2,False
2023-05-15,MO,Kansas City,255.0,4,False
2023-05-16,MO,Kansas City,1409.0,2,False
2023-05-17,MO,Kansas City,95.0,1,False
2023-05-18,MO,Kansas City,1182.0,2,False
2023-05-19,MO,Kansas City,367.0,3,False
2023-05-20,MO,Kansas City,2785.0,2,False
2023-05-21,MO,Kansas City,7392.0,2,False
2023-05-22,MO,Kansas City,1188.0,1,False
2023-05-23,MO,Kansas City,3328.0,3,False
2023-05-24,MO,Kansas City,4744.0,7,False
2023-05-25,MO,Kansas City,2218.0,3,False
2023-05-26,MO,Kansas City,737.0,3,False
2023-05-28,MO,Kansas City,2164.0,3,False
2023-05-29,MO,Kansas City,272.0,2,False
2023-05-30,MO,Kansas City,473.0,4,False
2023-05-31,MO,Kansas City,2088.0,4,False
2023-06-01,MO,Kansas City,1306.0,2,True
2023-06-02,MO,Kansas City,448.0,1,True
2023-06-03,MO,Kansas City,451.0,4,True
2023-06-04,MO,Kansas City,379.0,1,True
2023-06-05,MO,Kansas City,338.0,1,True
2023-06-06,MO,Kansas City,466.0,3,True
2023-06-07,MO,Kansas City,316.0,3,True
2023-06-08,MO,Kansas City,818.0,6,True
2023-06-09,MO,Kansas City,795.0,1,True
2023-06-10,MO,Kansas City,4441.0,5,True
2023-06-11,MO,Kansas City,1819.0,3,True
2023-06-12,MO,Kansas City,995.0,2,True
2023-06-13,MO,Kansas City,284.0,2,True
2023-06-14,MO,Kansas City,48.0,1,True
2023-06-15,MO,Kansas City,556.0,2,True
2023-06-16,MO,Kansas City,64.0,1,True
2023-06-17,MO,Kansas City,720.0,1,True
2023-06-18,MO,Kansas City,2853.0,2,True
2023-06-19,MO,Kansas City,1762.0,3,True
2023-06-20,MO,Kansas City,27.0,1,True
2023-06-21,MO,Kansas City,851.0,3,True
2023-06-22,MO,Kansas City,1037.0,3,True
2023-06-23,MO,Kansas City,2422.0,4,True
2023-06-24,MO,Kansas City,2194.0,3,True
2023-06-25,MO,Kansas City,411.0,1,True
2023-06-26,MO,Kansas City,1315.0,3,True
2023-06-28,MO,Kansas City,87.0,1,True
2023-06-29,MO,Kansas City,1747.0,3,True
2023-06-30,MO,Kansas City,309.0,2,True
2023-07-01,MO,Kansas City,1743.0,3,True
2023-07-02,MO,Kansas City,16.0,1,True
2023-07-03,MO,Kansas City,349.0,1,True
2023-07-05,MO,Kansas City,3182.0,4,True
2023-07-06,MO,Kansas City,149.0,1,True
2023-07-07,MO,Kansas City,2071.0,4,True
2023-07-08,MO,Kansas City,97.0,1,True
2023-07-09,MO,Kansas City,588.0,1,True
2023-07-10,MO,Kansas City,3066.0,3,True
2023-07-11,MO,Kansas City,3516.0,5,True
2023-07-12,MO,Kansas City,95.0,1,True
2023-07-13,MO,Kansas City,1428.0,4,True
2023-07-14,MO,Kansas City,2036.0,3,True
2023-07-15,MO,Kansas City,1372.0,3,True
2023-07-16,MO,Kansas City,5333.0,4,True
2023-07-19,MO,Kansas City,8563.0,3,True
2023-07-20,MO,Kansas City,140.0,1,True
2023-07-22,MO,Kansas City,2296.0,5,True
2023-07-23,MO,Kansas City,40.0,2,True
2023-07-24,MO,Kansas City,1942.0,4,True
2023-07-25,MO,Kansas City,704.0,2,True
2023-07-26,MO,Kansas City,1304.0,2,True
2023-07-27,MO,Kansas City,935.0,3,True
2023-07-29,MO,Kansas City,4270.0,6,True
2023-07-31,MO,Kansas City,276.0,5,True
2023-08-01,MO,Kansas City,793.0,3,True
2023-08-02,MO,Kansas City,646.0,3,True
2023-08-04,MO,Kansas City,815.0,2,True
2023-08-05,MO,Kansas City,597.0,2,True
2023-08-06,MO,Kansas City,519.0,2,True
2023-08-07,MO,Kansas City,740.0,4,True
2023-08-08,MO,Kansas City,1284.0,4,True
2023-08-09,MO,Kansas City,2265.0,5,True
2023-08-10,MO,Kansas City,817.0,2,True
2023-08-11,MO,Kansas City,523.0,3,True
2023-08-12,MO,Kansas City,116.0,1,True
2023-08-13,MO,Kansas City,0.0,1,True
2023-08-14,MO,Kansas City,2289.0,5,True
2023-08-15,MO,Kansas City,171.0,2,True
2023-08-16,MO,Kansas City,39.0,3,True
2023-08-17,MO,Kansas City,1536.0,3,True
2023-08-18,MO,Kansas City,6168.0,6,True
2023-08-20,MO,Kansas City,2911.0,4,True
2023-08-21,MO,Kansas City,1798.0,2,True
2023-08-22,MO,Kansas City,1282.0,3,True
2023-08-23,MO,Kansas City,1470.0,3,True
2023-08-24,MO,Kansas City,3981.0,4,True
2023-08-26,MO,Kansas City,491.0,2,True
2023-08-27,MO,Kansas City,1729.0,3,True
2023-08-28,MO,Kansas City,466.0,4,True
2023-08-29,MO,Kansas City,509.0,5,True
2023-09-01,MO,Kansas City,126.0,1,False
2023-09-02,MO,Kansas City,51.0,1,False
2023-09-03,MO,Kansas City,3407.0,2,False
2023-09-04,MO,Kansas City,2706.0,5,False
2023-09-05,MO,Kansas City,506.0,1,False
2023-09-06,MO,Kansas City,1192.0,5,False
2023-09-07,MO,Kansas City,89.0,2,False
2023-09-08,MO,Kansas City,968.0,4,False
2023-09-09,MO,Kansas City,5473.0,5,False
2023-09-10,MO,Kansas City,510.0,4,False
2023-09-11,MO,Kansas City,2186.0,5,False
2023-09-12,MO,Kansas City,277.0,2,False
2023-09-13,MO,Kansas City,151.0,1,False
2023-09-14,MO,Kansas City,4672.0,4,False
2023-09-15,MO,Kansas City,5258.0,4,False
2023-09-16,MO,Kansas City,2206.0,3,False
2023-09-17,MO,Kansas City,0.0,1,False
2023-09-18,MO,Kansas City,274.0,3,False
2023-09-19,MO,Kansas City,528.0,3,False
2023-09-20,MO,Kansas City,246.0,3,False
2023-09-22,MO,Kansas City,1981.0,5,False
2023-09-23,MO,Kansas City,315.0,1,False
2023-09-24,MO,Kansas City,641.0,2,False
2023-09-25,MO,Kansas City,1119.0,3,False
2023-09-26,MO,Kansas City,7146.0,3,False
2023-09-27,MO,Kansas City,1887.0,5,False
2023-09-28,MO,Kansas City,712.0,1,False
2023-09-29,MO,Kansas City,76.0,1,False
2023-09-30,MO,Kansas City,669.0,5,False
2023-10-01,MO,Kansas City,554.0,2,False
2023-10-02,MO,Kansas City,96.0,1,False
2023-10-03,MO,Kansas City,2751.0,4,False
2023-10-04,MO,Kansas City,26.0,2,False
2023-10-05,MO,Kansas City,2501.0,3,False
2023-10-06,MO,Kansas City,10.0,1,False
2023-10-07,MO,Kansas City,3486.0,4,False
2023-10-08,MO,Kansas City,0.0,1,False
2023-10-09,MO,Kansas City,2169.0,2,False
2023-10-10,MO,Kansas City,3875.0,4,False
2023-10-11,MO,Kansas City,1143.0,3,False
2023-10-12,MO,Kansas City,335.0,3,False
2023-10-13,MO,Kansas City,198.0,2,False
2023-10-14,MO,Kansas City,592.0,4,False
2023-10-15,MO,Kansas City,14.0,2,False
2023-10-16,MO,Kansas City,822.0,2,False
2023-10-17,MO,Kansas City,892.0,3,False
2023-10-18,MO,Kansas City,354.0,1,False
2023-10-19,MO,Kansas City,697.0,3,False
2023-10-20,MO,Kansas City,2346.0,3,False
2023-10-21,MO,Kansas City,350.0,3,False
2023-10-22,MO,Kansas City,161.0,4,False
2023-10-23,MO,Kansas City,195.0,1,False
2023-10-24,MO,Kansas City,1372.0,4,False
2023-10-25,MO,Kansas City,2523.0,4,False
2023-10-26,MO,Kansas City,14.0,1,False
2023-10-27,MO,Kansas City,431.0,3,False
2023-10-28,MO,Kansas City,1244.0,5,False
2023-10-29,MO,Kansas City,19.0,2,False
2023-10-30,MO,Kansas City,1176.0,2,False
2023-10-31,MO,Kansas City,1502.0,4,False
2023-11-01,MO,Kansas City,454.0,6,False
2023-11-02,MO,Kansas City,2028.0,4,False
2023-11-03,MO,Kansas City,1733.0,3,False
2023-11-04,MO,Kansas City,910.0,3,False
2023-11-05,MO,Kansas City,374.0,3,False
2023-11-06,MO,Kansas City,1171.0,4,False
2023-11-07,MO,Kansas City,2553.0,2,False
2023-11-08,MO,Kansas City,1031.0,5,False
2023-11-09,MO,Kansas City,422.0,1,False
2023-11-10,MO,Kansas City,625.0,3,False
2023-11-11,MO,Kansas City,62.0,1,False
2023-11-12,MO,Kansas City,628.0,2,False
2023-11-13,MO,Kansas City,1814.0,1,False
2023-11-14,MO,Kansas City,2834.0,5,False
2023-11-15,MO,Kansas City,943.0,3,False
2023-11-16,MO,Kansas City,2485.0,5,False
2023-11-17,MO,Kansas City,203.0,1,False
2023-11-18,MO,Kansas City,143.0,3,False
2023-11-19,MO,Kansas City,21.0,3,False
2023-11-20,MO,Kansas City,696.0,2,False
2023-11-21,MO,Kansas City,972.0,2,False
2023-11-22,MO,Kansas City,2268.0,3,False
2023-11-23,MO,Kansas City,5670.0,3,False
2023-11-24,MO,Kansas City,3888.0,3,False
2023-11-25,MO,Kansas City,1552.0,4,False
2023-11-26,MO,Kansas City,2177.0,6,False
2023-11-27,MO,Kansas City,143.0,2,False
2023-11-28,MO,Kansas City,3889.0,5,False
2023-11-29,MO,Kansas City,245.0,1,False
2023-11-30,MO,Kansas City,501.0,3,False
2023-12-01,MO,Kansas City,403.0,3,False
2023-12-02,MO,Kansas City,1333.0,4,False
2023-12-03,MO,Kansas City,0.0,1,False
2023-12-04,MO,Kansas City,764.0,2,False
2023-12-05,MO,Kansas City,162.0,2,False
2023-12-07,MO,Kansas City,3635.0,4,False
2023-12-10,MO,Kansas City,0.0,1,False
2023-12-11,MO,Kansas City,801.0,2,False
2023-12-12,MO,Kansas City,5993.0,7,False
2023-12-13,MO,Kansas City,38.0,1,False
2023-12-14,MO,Kansas City,856.0,2,False
2023-12-15,MO,Kansas City,253.0,1,False
2023-12-16,MO,Kansas City,27.0,2,False
2023-12-17,MO,Kansas City,226.0,3,False
2023-12-18,MO,Kansas City,211.0,1,False
2023-12-19,MO,Kansas City,1683.0,2,False
2023-12-20,MO,Kansas City,1000.0,3,False
2023-12-21,MO,Kansas City,189.0,1,False
2023-12-22,MO,Kansas City,4518.0,4,False
2023-12-23,MO,Kansas City,2896.0,4,False
2023-12-24,MO,Kansas City,279.0,2,False
2023-12-25,MO,Kansas City,671.0,3,False
2023-12-26,MO,Kansas City,3171.0,4,False
2023-12-27,MO,Kansas City,226.0,1,False
2023-12-28,MO,Kansas City,1239.0,2,False
2023-12-29,MO,Kansas City,253.0,2,False
2023-12-30,MO,Kansas City,610.0,3,False
2023-12-31,MO,Kansas City,258.0,4,False
2024-01-02,MO,Kansas City,1724.0,3,False
2024-01-03,MO,Kansas City,1167.0,1,False
2024-01-04,MO,Kansas City,2540.0,5,False
2024-01-05,MO,Kansas City,1089.0,3,False
2024-01-06,MO,Kansas City,1803.0,3,False
2024-01-07,MO,Kansas City,5336.0,3,False
2024-01-08,MO,Kansas City,69.0,1,False
2024-01-09,MO,Kansas City,3.0,1,False
2024-01-10,MO,Kansas City,208.0,2,False
2024-01-11,MO,Kansas City,939.0,1,False
2024-01-13,MO,Kansas City,322.0,3,False
2024-01-16,MO,Kansas City,428.0,2,False
2024-01-17,MO,Kansas City,2007.0,1,False
2024-01-18,MO,Kansas City,338.0,2,False
2024-01-19,MO,Kansas City,2474.0,3,False
2024-01-21,MO,Kansas City,2813.0,3,False
2024-01-22,MO,Kansas City,253.0,1,False
2024-01-23,MO,Kansas City,2016.0,1,False
2024-01-24,MO,Kansas City,2435.0,3,False
2024-01-25,MO,Kansas City,1083.0,2,False
2024-01-26,MO,Kansas City,2099.0,4,False
2024-01-27,MO,Kansas City,219.0,2,False
2024-01-28,MO,Kansas City,916.0,3,False
2024-01-29,MO,Kansas City,1011.0,4,False
2024-01-30,MO,Kansas City,2246.0,2,False
2024-01-31,MO,Kansas City,3018.0,7,False
2024-02-01,MO,Kansas City,92.0,3,False
2024-02-02,MO,Kansas City,1925.0,2,False
2024-02-03,MO,Kansas City,1607.0,2,False
2024-02-04,MO,Kansas City,6515.0,5,False
2024-02-06,MO,Kansas City,429.0,1,False
2024-02-07,MO,Kansas City,960.0,3,False
2024-02-08,MO,Kansas City,124.0,2,False
2024-02-09,MO,Kansas City,1713.0,4,False
2024-02-10,MO,Kansas City,688.0,3,False
2024-02-11,MO,Kansas City,1376.0,2,False
2024-02-12,MO,Kansas City,1654.0,7,False
2024-02-13,MO,Kansas City,2194.0,4,False
2024-02-14,MO,Kansas City,24.0,2,False
2024-02-15,MO,Kansas City,2487.0,2,False
2024-02-16,MO,Kansas City,1066.0,2,False
2024-02-17,MO,Kansas City,2566.0,4,False
2024-02-18,MO,Kansas City,1960.0,3,False
2024-02-19,MO,Kansas City,400.0,2,False
2024-02-20,MO,Kansas City,15.0,1,False
2024-02-21,MO,Kansas City,601.0,5,False
2024-02-22,MO,Kansas City,79.0,2,False
2024-02-23,MO,Kansas City,722.0,3,False
2024-02-24,MO,Kansas City,6107.0,2,False
2024-02-25,MO,Kansas City,1110.0,3,False
2024-02-26,MO,Kansas City,650.0,4,False
2024-02-27,MO,Kansas City,29.0,1,False
2024-02-28,MO,Kansas City,1818.0,4,False
2024-02-29,MO,Kansas City,4511.0,8,False
2024-03-01,MO,Kansas City,467.0,2,False
2024-03-02,MO,Kansas City,584.0,2,False
2024-03-03,MO,Kansas City,1466.0,4,False
2024-03-04,MO,Kansas City,874.0,4,False
2024-03-05,MO,Kansas City,1876.0,3,False
2024-03-06,MO,Kansas City,5899.0,3,False
2024-03-07,MO,Kansas City,292.0,1,False
2024-03-08,MO,Kansas City,2239.0,5,False
2024-03-09,MO,Kansas City,1036.0,4,False
2024-03-10,MO,Kansas City,0.0,3,False
2024-03-11,MO,Kansas City,214.0,2,False
2024-03-12,MO,Kansas City,726.0,3,False
2024-03-13,MO,Kansas City,410.0,2,False
2024-03-14,MO,Kansas City,336.0,2,False
2024-03-15,MO,Kansas City,3623.0,5,False
2024-03-16,MO,Kansas City,1571.0,4,False
2024-03-17,MO,Kansas City,2432.0,3,False
2024-03-18,MO,Kansas City,51.0,1,False
2024-03-19,MO,Kansas City,1027.0,3,False
2024-03-21,MO,Kansas City,160.0,2,False
2024-03-22,MO,Kansas City,157.0,3,False
2024-03-23,MO,Kansas City,181.0,2,False
2024-03-24,MO,Kansas City,1498.0,3,False
2024-03-26,MO,Kansas City,1016.0,1,False
2024-03-27,MO,Kansas City,3295.0,1,False
2024-03-28,MO,Kansas City,519.0,2,False
2024-03-29,MO,Kansas City,3675.0,5,False
2024-03-30,MO,Kansas City,1598.0,2,False
2024-03-31,MO,Kansas City,0.0,1,False
2024-04-01,MO,Kansas City,1762.0,3,False
2024-04-02,MO,Kansas City,1315.0,3,False
2024-04-03,MO,Kansas City,325.0,3,False
2024-04-04,MO,Kansas City,635.0,3,False
2024-04-05,MO,Kansas City,974.0,2,False
2024-04-06,MO,Kansas City,153.0,1,False
2024-04-07,MO,Kansas City,5133.0,4,False
2024-04-08,MO,Kansas City,180.0,2,False
2024-04-10,MO,Kansas City,7012.0,6,False
2024-04-11,MO,Kansas City,1588.0,2,False
2024-04-12,MO,Kansas City,78.0,2,False
2024-04-13,MO,Kansas City,262.0,1,False
2024-04-15,MO,Kansas City,1537.0,2,False
2024-04-16,MO,Kansas City,327.0,4,False
2024-04-17,MO,Kansas City,3625.0,2,False
2024-04-19,MO,Kansas City,247.0,3,False
2024-04-20,MO,Kansas City,3089.0,1,False
2024-04-21,MO,Kansas City,2624.0,5,False
2024-04-22,MO,Kansas City,4741.0,2,False
2024-04-24,MO,Kansas City,1585.0,3,False
2024-04-25,MO,Kansas City,462.0,2,False
2024-04-26,MO,Kansas City,283.0,1,False
2024-04-27,MO,Kansas City,80.0,1,False
2024-04-28,MO,Kansas City,1930.0,4,False
2024-04-29,MO,Kansas City,1948.0,2,False
2024-04-30,MO,Kansas City,29.0,1,False
2024-05-01,MO,Kansas City,4268.0,5,False
2024-05-02,MO,Kansas City,1822.0,2,False
2024-05-03,MO,Kansas City,2189.0,2,False
2024-05-04,MO,Kansas City,0.0,1,False
2024-05-05,MO,Kansas City,0.0,1,False
2024-05-06,MO,Kansas City,3032.0,3,False
2024-05-07,MO,Kansas City,1274.0,3,False
2024-05-08,MO,Kansas City,556.0,2,False
2024-05-09,MO,Kansas City,5629.0,4,False
2024-05-10,MO,Kansas City,208.0,3,False
2024-05-11,MO,Kansas City,467.0,1,False
2024-05-12,MO,Kansas City,1125.0,4,False
2024-05-13,MO,Kansas City,188.0,1,False
2024-05-14,MO,Kansas City,37.0,1,False
2024-05-15,MO,Kansas City,9985.0,4,False
2024-05-16,MO,Kansas City,2942.0,3,False
2024-05-17,MO,Kansas City,1331.0,2,False
2024-05-18,MO,Kansas City,214.0,2,False
2024-05-19,MO,Kansas City,975.0,3,False
2024-05-20,MO,Kansas City,2103.0,1,False
2024-05-22,MO,Kansas City,289.0,2,False
2024-05-23,MO,Kansas City,705.0,3,False
2024-05-25,MO,Kansas City,166.0,1,False
2024-05-26,MO,Kansas City,284.0,3,False
2024-05-27,MO,Kansas City,23.0,1,False
2024-05-29,MO,Kansas City,2683.0,3,False
2024-05-30,MO,Kansas City,409.0,3,False
2024-05-31,MO,Kansas City,966.0,2,False
2024-06-01,MO,Kansas City,521.0,2,True
2024-06-02,MO,Kansas City,278.0,2,True
2024-06-03,MO,Kansas City,1728.0,8,True
2024-06-04,MO,Kansas City,1697.0,2,True
2024-06-05,MO,Kansas City,4691.0,2,True
2024-06-07,MO,Kansas City,4264.0,3,True
2024-06-08,MO,Kansas City,1006.0,4,True
2024-06-09,MO,Kansas City,783.0,3,True
2024-06-10,MO,Kansas City,816.0,5,True
2024-06-11,MO,Kansas City,1342.0,1,True
2024-06-12,MO,Kansas City,1131.0,1,True
2024-06-13,MO,Kansas City,467.0,5,True
2024-06-14,MO,Kansas City,1267.0,1,True
2024-06-15,MO,Kansas City,48.0,1,True
2024-06-16,MO,Kansas City,160.0,3,True
2024-06-17,MO,Kansas City,225.0,3,True
2024-06-18,MO,Kansas City,1211.0,3,True
2024-06-19,MO,Kansas City,2347.0,2,True
2024-06-20,MO,Kansas City,1141.0,3,True
2024-06-21,MO,Kansas City,2251.0,4,True
2024-06-22,MO,Kansas City,1916.0,3,True
2024-06-23,MO,Kansas City,6005.0,3,True
2024-06-24,MO,Kansas City,125.0,2,True
2024-06-25,MO,Kansas City,433.0,3,True
2024-06-26,MO,Kansas City,1774.0,4,True
2024-06-27,MO,Kansas City,876.0,3,True
2024-06-28,MO,Kansas City,10432.0,5,True
2024-06-29,MO,Kansas City,5019.0,6,True
2024-06-30,MO,Kansas City,3665.0,3,True
2024-07-01,MO,Kansas City,141.0,1,True
2024-07-03,MO,Kansas City,939.0,2,True
2024-07-04,MO,Kansas City,1437.0,1,True
2024-07-05,MO,Kansas City,1353.0,3,True
2024-07-06,MO,Kansas City,855.0,4,True
2024-07-07,MO,Kansas City,960.0,6,True
2024-07-08,MO,Kansas City,345.0,2,True
2024-07-09,MO,Kansas City,1530.0,4,True
2024-07-10,MO,Kansas City,271.0,1,True
2024-07-11,MO,Kansas City,776.0,3,True
2024-07-12,MO,Kansas City,4545.0,4,True
2024-07-13,MO,Kansas City,62.0,1,True
2024-07-14,MO,Kansas City,3456.0,2,True
2024-07-15,MO,Kansas City,2374.0,3,True
2024-07-16,MO,Kansas City,1387.0,3,True
2024-07-17,MO,Kansas City,208.0,1,True
2024-07-18,MO,Kansas City,32.0,1,True
2024-07-19,MO,Kansas City,658.0,2,True
2024-07-20,MO,Kansas City,132.0,1,True
2024-07-21,MO,Kansas City,0.0,2,True
2024-07-22,MO,Kansas City,748.0,3,True
2024-07-23,MO,Kansas City,37.0,1,True
2024-07-24,MO,Kansas City,853.0,4,True
2024-07-25,MO,Kansas City,33.0,1,True
2024-07-26,MO,Kansas City,1079.0,1,True
2024-07-27,MO,Kansas City,1266.0,5,True
2024-07-28,MO,Kansas City,2122.0,4,True
2024-07-29,MO,Kansas City,639.0,5,True
2024-07-30,MO,Kansas City,94.0,1,True
2024-07-31,MO,Kansas City,2324.0,5,True
2024-08-01,MO,Kansas City,191.0,4,True
2024-08-02,MO,Kansas City,453.0,2,True
2024-08-03,MO,Kansas City,10616.0,7,True
2024-08-04,MO,Kansas City,0.0,1,True
2024-08-05,MO,Kansas City,783.0,4,True
2024-08-06,MO,Kansas City,1750.0,2,True
2024-08-07,MO,Kansas City,1250.0,4,True
2024-08-08,MO,Kansas City,914.0,1,True
2024-08-09,MO,Kansas City,792.0,2,True
2024-08-10,MO,Kansas City,1717.0,4,True
2024-08-11,MO,Kansas City,1616.0,2,True
2024-08-12,MO,Kansas City,2662.0,4,True
2024-08-13,MO,Kansas City,73.0,2,True
2024-08-14,MO,Kansas City,2010.0,5,True
2024-08-15,MO,Kansas City,1198.0,7,True
2024-08-16,MO,Kansas City,448.0,2,True
2024-08-17,MO,Kansas City,1044.0,3,True
2024-08-18,MO,Kansas City,631.0,1,True
2024-08-19,MO,Kansas City,0.0,1,True
2024-08-20,MO,Kansas City,2061.0,2,True
2024-08-21,MO,Kansas City,2848.0,2,True
2024-08-22,MO,Kansas City,1415.0,3,True
2024-08-23,MO,Kansas City,24.0,1,True
2024-08-24,MO,Kansas City,14.0,1,True
2024-08-25,MO,Kansas City,306.0,1,True
2024-08-26,MO,Kansas City,2823.0,2,True
2024-08-27,MO,Kansas City,7824.0,1,True
2024-08-28,MO,Kansas City,525.0,2,True
2024-08-29,MO,Kansas City,3615.0,3,True
2024-08-30,MO,Kansas City,5328.0,7,True
2024-08-31,MO,Kansas City,11455.0,4,True
2024-09-01,MO,Kansas City,0.0,2,False
2024-09-03,MO,Kansas City,636.0,3,False
2024-09-04,MO,Kansas City,169.0,2,False
2024-09-05,MO,Kansas City,415.0,3,False
2024-09-06,MO,Kansas City,3557.0,3,False
2024-09-07,MO,Kansas City,3497.0,5,False
2024-09-08,MO,Kansas City,1058.0,3,False
2024-09-09,MO,Kansas City,1250.0,5,False
2024-09-10,MO,Kansas City,567.0,2,False
2024-09-11,MO,Kansas City,2358.0,5,False
2024-09-12,MO,Kansas City,1265.0,3,False
2024-09-13,MO,Kansas City,2341.0,3,False
2024-09-14,MO,Kansas City,954.0,2,False
2024-09-15,MO,Kansas City,2446.0,5,False
2024-09-16,MO,Kansas City,205.0,3,False
2024-09-17,MO,Kansas City,2335.0,3,False
2024-09-18,MO,Kansas City,106.0,2,False
2024-09-19,MO,Kansas City,4146.0,5,False
2024-09-20,MO,Kansas City,3464.0,4,False
2024-09-21,MO,Kansas City,8575.0,6,False
2024-09-22,MO,Kansas City,4159.0,4,False
2024-09-23,MO,Kansas City,443.0,1,False
2024-09-24,MO,Kansas City,86.0,2,False
2024-09-25,MO,Kansas City,2566.0,4,False
2024-09-26,MO,Kansas City,1687.0,5,False
2024-09-27,MO,Kansas City,905.0,3,False
2024-09-28,MO,Kansas City,157.0,2,False
2024-09-29,MO,Kansas City,277.0,1,False
2024-09-30,MO,Kansas City,413.0,1,False
2024-10-01,MO,Kansas City,210.0,2,False
2024-10-02,MO,Kansas City,177.0,2,False
2024-10-03,MO,Kansas City,4778.0,2,False
2024-10-04,MO,Kansas City,1262.0,2,False
2024-10-06,MO,Kansas City,1460.0,4,False
2024-10-07,MO,Kansas City,755.0,1,False
2024-10-09,MO,Kansas City,6216.0,6,False
2024-10-10,MO,Kansas City,1688.0,4,False
2024-10-11,MO,Kansas City,588.0,2,False
2024-10-12,MO,Kansas City,277.0,2,False
2024-10-13,MO,Kansas City,701.0,2,False
2024-10-15,MO,Kansas City,835.0,2,False
2024-10-16,MO,Kansas City,2481.0,5,False
2024-10-17,MO,Kansas City,1532.0,2,False
2024-10-18,MO,Kansas City,121.0,1,False
2024-10-19,MO,Kansas City,125.0,2,False
2024-10-20,MO,Kansas City,0.0,1,False
2024-10-21,MO,Kansas City,587.0,3,False
2024-10-22,MO,Kansas City,508.0,3,False
2024-10-23,MO,Kansas City,2515.0,3,False
2024-10-24,MO,Kansas City,1212.0,3,False
2024-10-25,MO,Kansas City,18.0,1,False
2024-10-26,MO,Kansas City,1050.0,3,False
2024-10-27,MO,Kansas City,0.0,1,False
2024-10-28,MO,Kansas City,2239.0,4,False
2024-10-29,MO,Kansas City,93.0,2,False
2024-10-30,MO,Kansas City,12.0,1,False
2024-10-31,MO,Kansas City,844.0,3,False
2024-11-01,MO,Kansas City,2082.0,3,False
2024-11-02,MO,Kansas City,798.0,1,False
2024-11-03,MO,Kansas City,1251.0,1,False
2024-11-04,MO,Kansas City,223.0,2,False
2024-11-05,MO,Kansas City,1103.0,2,False
2024-11-06,MO,Kansas City,5431.0,2,False
2024-11-07,MO,Kansas City,912.0,5,False
2024-11-08,MO,Kansas City,631.0,2,False
2024-11-09,MO,Kansas City,373.0,1,False
2024-11-10,MO,Kansas City,3619.0,5,False
2024-11-11,MO,Kansas City,1189.0,2,False
2024-11-12,MO,Kansas City,527.0,1,False
2024-11-13,MO,Kansas City,1019.0,3,False
2024-11-14,MO,Kansas City,2841.0,5,False
2024-11-15,MO,Kansas City,799.0,5,False
2024-11-16,MO,Kansas City,4458.0,5,False
2024-11-17,MO,Kansas City,3037.0,3,False
2024-11-18,MO,Kansas City,482.0,2,False
2024-11-19,MO,Kansas City,2070.0,3,False
2024-11-20,MO,Kansas City,552.0,3,False
2024-11-21,MO,Kansas City,107.0,1,False
2024-11-23,MO,Kansas City,51.0,3,False
2024-11-24,MO,Kansas City,0.0,1,False
2024-11-25,MO,Kansas City,348.0,2,False
2024-11-26,MO,Kansas City,697.0,1,False
2024-11-27,MO,Kansas City,2001.0,1,False
2024-11-28,MO,Kansas City,234.0,2,False
2024-11-29,MO,Kansas City,565.0,2,False
2024-11-30,MO,Kansas City,5781.0,7,False
2024-12-01,MO,Kansas City,0.0,1,False
2024-12-02,MO,Kansas City,453.0,4,False
2024-12-03,MO,Kansas City,585.0,1,False
2024-12-04,MO,Kansas City,2651.0,3,False
2024-12-05,MO,Kansas City,100.0,2,False
2024-12-06,MO,Kansas City,2454.0,3,False
2024-12-07,MO,Kansas City,1731.0,4,False
2024-12-08,MO,Kansas City,5499.0,4,False
2024-12-09,MO,Kansas City,86.0,1,False
2024-12-11,MO,Kansas City,1905.0,3,False
2024-12-12,MO,Kansas City,1736.0,3,False
2024-12-13,MO,Kansas City,4856.0,4,False
2024-12-14,MO,Kansas City,3256.0,3,False
2024-12-15,MO,Kansas City,0.0,2,False
2024-12-16,MO,Kansas City,566.0,1,False
2024-12-17,MO,Kansas City,699.0,2,False
2024-12-18,MO,Kansas City,498.0,2,False
2024-12-19,MO,Kansas City,429.0,4,False
2024-12-20,MO,Kansas City,54.0,1,False
2024-12-22,MO,Kansas City,285.0,1,False
2024-12-23,MO,Kansas City,796.0,2,False
2024-12-24,MO,Kansas City,995.0,1,False
2024-12-25,MO,Kansas City,6510.0,3,False
2024-12-26,MO,Kansas City,157.0,2,False
2024-12-27,MO,Kansas City,6779.0,5,False
2024-12-28,MO,Kansas City,151.0,1,False
2024-12-30,MO,Kansas City,176.0,3,False
2024-12-31,MO,Kansas City,3030.0,5,False
2020-01-01,NJ,New York/New Jersey,2225.0,4,False
2020-01-02,NJ,New York/New Jersey,543.0,1,False
2020-01-03,NJ,New York/New Jersey,2557.0,3,False
2020-01-04,NJ,New York/New Jersey,1901.0,5,False
2020-01-05,NJ,New York/New Jersey,1316.0,3,False
2020-01-06,NJ,New York/New Jersey,7077.0,8,False
2020-01-07,NJ,New York/New Jersey,1419.0,5,False
2020-01-08,NJ,New York/New Jersey,2246.0,3,False
2020-01-09,NJ,New York/New Jersey,4911.0,4,False
2020-01-10,NJ,New York/New Jersey,521.0,2,False
2020-01-12,NJ,New York/New Jersey,209.0,1,False
2020-01-13,NJ,New York/New Jersey,213.0,3,False
2020-01-14,NJ,New York/New Jersey,77.0,1,False
2020-01-15,NJ,New York/New Jersey,12264.0,5,False
2020-01-16,NJ,New York/New Jersey,1590.0,3,False
2020-01-17,NJ,New York/New Jersey,292.0,4,False
2020-01-18,NJ,New York/New Jersey,2225.0,3,False
2020-01-20,NJ,New York/New Jersey,85.0,1,False
2020-01-21,NJ,New York/New Jersey,232.0,1,False
2020-01-22,NJ,New York/New Jersey,136.0,1,False
2020-01-23,NJ,New York/New Jersey,1515.0,2,False
2020-01-24,NJ,New York/New Jersey,3118.0,5,False
2020-01-25,NJ,New York/New Jersey,3357.0,4,False
2020-01-26,NJ,New York/New Jersey,862.0,2,False
2020-01-27,NJ,New York/New Jersey,32.0,1,False
2020-01-28,NJ,New York/New Jersey,1876.0,7,False
2020-01-29,NJ,New York/New Jersey,1914.0,3,False
2020-01-30,NJ,New York/New Jersey,412.0,2,False
2020-01-31,NJ,New York/New Jersey,2962.0,2,False
2020-02-01,NJ,New York/New Jersey,352.0,1,False
2020-02-02,NJ,New York/New Jersey,2305.0,5,False
2020-02-03,NJ,New York/New Jersey,863.0,4,False
2020-02-04,NJ,New York/New Jersey,672.0,1,False
2020-02-06,NJ,New York/New Jersey,392.0,1,False
2020-02-07,NJ,New York/New Jersey,1736.0,4,False
2020-02-08,NJ,New York/New Jersey,4908.0,2,False
2020-02-10,NJ,New York/New Jersey,2522.0,4,False
2020-02-11,NJ,New York/New Jersey,57.0,1,False
2020-02-12,NJ,New York/New Jersey,1387.0,3,False
2020-02-13,NJ,New York/New Jersey,60.0,1,False
2020-02-16,NJ,New York/New Jersey,3353.0,5,False
2020-02-17,NJ,New York/New Jersey,128.0,2,False
2020-02-18,NJ,New York/New Jersey,12145.0,5,False
2020-02-19,NJ,New York/New Jersey,301.0,2,False
2020-02-20,NJ,New York/New Jersey,486.0,4,False
2020-02-21,NJ,New York/New Jersey,2777.0,2,False
2020-02-23,NJ,New York/New Jersey,2649.0,3,False
2020-02-24,NJ,New York/New Jersey,1239.0,4,False
2020-02-25,NJ,New York/New Jersey,23.0,1,False
2020-02-26,NJ,New York/New Jersey,279.0,2,False
2020-02-27,NJ,New York/New Jersey,599.0,3,False
2020-02-28,NJ,New York/New Jersey,416.0,3,False
2020-02-29,NJ,New York/New Jersey,829.0,2,False
2020-03-01,NJ,New York/New Jersey,2161.0,2,False
2020-03-02,NJ,New York/New Jersey,649.0,2,False
2020-03-03,NJ,New York/New Jersey,1291.0,1,False
2020-03-04,NJ,New York/New Jersey,1290.0,2,False
2020-03-05,NJ,New York/New Jersey,31.0,1,False
2020-03-06,NJ,New York/New Jersey,247.0,2,False
2020-03-07,NJ,New York/New Jersey,689.0,1,False
2020-03-08,NJ,New York/New Jersey,0.0,1,False
2020-03-09,NJ,New York/New Jersey,720.0,5,False
2020-03-10,NJ,New York/New Jersey,388.0,2,False
2020-03-11,NJ,New York/New Jersey,251.0,2,False
2020-03-12,NJ,New York/New Jersey,24.0,1,False
2020-03-13,NJ,New York/New Jersey,73.0,1,False
2020-03-14,NJ,New York/New Jersey,4628.0,3,False
2020-03-15,NJ,New York/New Jersey,915.0,4,False
2020-03-16,NJ,New York/New Jersey,185.0,2,False
2020-03-17,NJ,New York/New Jersey,11.0,1,False
2020-03-18,NJ,New York/New Jersey,771.0,5,False
2020-03-19,NJ,New York/New Jersey,9.0,1,False
2020-03-20,NJ,New York/New Jersey,53.0,1,False
2020-03-22,NJ,New York/New Jersey,0.0,1,False
2020-03-23,NJ,New York/New Jersey,1306.0,4,False
2020-03-24,NJ,New York/New Jersey,385.0,5,False
2020-03-25,NJ,New York/New Jersey,156.0,2,False
2020-03-26,NJ,New York/New Jersey,69.0,2,False
2020-03-27,NJ,New York/New Jersey,260.0,3,False
2020-03-28,NJ,New York/New Jersey,150.0,2,False
2020-03-29,NJ,New York/New Jersey,568.0,2,False
2020-03-30,NJ,New York/New Jersey,365.0,3,False
2020-03-31,NJ,New York/New Jersey,800.0,1,False
2020-04-01,NJ,New York/New Jersey,150.0,2,False
2020-04-02,NJ,New York/New Jersey,739.0,5,False
2020-04-03,NJ,New York/New Jersey,0.0,1,False
2020-04-04,NJ,New York/New Jersey,0.0,2,False
2020-04-05,NJ,New York/New Jersey,40.0,2,False
2020-04-06,NJ,New York/New Jersey,0.0,2,False
2020-04-07,NJ,New York/New Jersey,0.0,2,False
2020-04-08,NJ,New York/New Jersey,229.0,4,False
2020-04-10,NJ,New York/New Jersey,1814.0,7,False
2020-04-11,NJ,New York/New Jersey,0.0,3,False
2020-04-12,NJ,New York/New Jersey,0.0,3,False
2020-04-13,NJ,New York/New Jersey,0.0,1,False
2020-04-14,NJ,New York/New Jersey,0.0,2,False
2020-04-15,NJ,New York/New Jersey,70.0,2,False
2020-04-16,NJ,New York/New Jersey,0.0,1,False
2020-04-17,NJ,New York/New Jersey,368.0,3,False
2020-04-19,NJ,New York/New Jersey,0.0,5,False
2020-04-20,NJ,New York/New Jersey,334.0,4,False
2020-04-21,NJ,New York/New Jersey,0.0,2,False
2020-04-22,NJ,New York/New Jersey,1716.0,1,False
2020-04-23,NJ,New York/New Jersey,357.0,3,False
2020-04-24,NJ,New York/New Jersey,1449.0,3,False
2020-04-25,NJ,New York/New Jersey,117.0,2,False
2020-04-26,NJ,New York/New Jersey,405.0,6,False
2020-04-27,NJ,New York/New Jersey,118.0,1,False
2020-04-28,NJ,New York/New Jersey,0.0,1,False
2020-04-29,NJ,New York/New Jersey,0.0,1,False
2020-04-30,NJ,New York/New Jersey,298.0,2,False
2020-05-01,NJ,New York/New Jersey,800.0,5,False
2020-05-02,NJ,New York/New Jersey,257.0,2,False
2020-05-03,NJ,New York/New Jersey,0.0,2,False
2020-05-04,NJ,New York/New Jersey,0.0,2,False
2020-05-05,NJ,New York/New Jersey,0.0,2,False
2020-05-06,NJ,New York/New Jersey,482.0,2,False
2020-05-07,NJ,New York/New Jersey,331.0,3,False
2020-05-08,NJ,New York/New Jersey,0.0,2,False
2020-05-09,NJ,New York/New Jersey,22.0,4,False
2020-05-10,NJ,New York/New Jersey,58.0,3,False
2020-05-11,NJ,New York/New Jersey,1696.0,1,False
2020-05-13,NJ,New York/New Jersey,162.0,2,False
2020-05-14,NJ,New York/New Jersey,0.0,1,False
2020-05-15,NJ,New York/New Jersey,64.0,4,False
2020-05-16,NJ,New York/New Jersey,42.0,2,False
2020-05-17,NJ,New York/New Jersey,298.0,2,False
2020-05-18,NJ,New York/New Jersey,398.0,3,False
2020-05-19,NJ,New York/New Jersey,81.0,4,False
2020-05-20,NJ,New York/New Jersey,0.0,2,False
2020-05-21,NJ,New York/New Jersey,383.0,3,False
2020-05-22,NJ,New York/New Jersey,2082.0,3,False
2020-05-23,NJ,New York/New Jersey,54.0,4,False
2020-05-24,NJ,New York/New Jersey,0.0,4,False
2020-05-26,NJ,New York/New Jersey,2941.0,4,False
2020-05-27,NJ,New York/New Jersey,1334.0,1,False
2020-05-28,NJ,New York/New Jersey,222.0,2,False
2020-05-29,NJ,New York/New Jersey,0.0,2,False
2020-05-30,NJ,New York/New Jersey,0.0,1,False
2020-05-31,NJ,New York/New Jersey,27.0,4,False
2020-06-01,NJ,New York/New Jersey,2999.0,5,True
2020-06-02,NJ,New York/New Jersey,0.0,1,True
2020-06-03,NJ,New York/New Jersey,0.0,2,True
2020-06-04,NJ,New York/New Jersey,260.0,2,True
2020-06-05,NJ,New York/New Jersey,3251.0,2,True
2020-06-06,NJ,New York/New Jersey,1959.0,3,True
2020-06-07,NJ,New York/New Jersey,76.0,2,True
2020-06-08,NJ,New York/New Jersey,0.0,2,True
2020-06-09,NJ,New York/New Jersey,0.0,2,True
2020-06-11,NJ,New York/New Jersey,0.0,1,True
2020-06-12,NJ,New York/New Jersey,618.0,1,True
2020-06-14,NJ,New York/New Jersey,0.0,1,True
2020-06-15,NJ,New York/New Jersey,129.0,2,True
2020-06-16,NJ,New York/New Jersey,594.0,3,True
2020-06-17,NJ,New York/New Jersey,166.0,1,True
2020-06-18,NJ,New York/New Jersey,900.0,1,True
2020-06-19,NJ,New York/New Jersey,1500.0,3,True
2020-06-21,NJ,New York/New Jersey,205.0,2,True
2020-06-22,NJ,New York/New Jersey,228.0,2,True
2020-06-23,NJ,New York/New Jersey,1859.0,2,True
2020-06-24,NJ,New York/New Jersey,1196.0,3,True
2020-06-25,NJ,New York/New Jersey,2302.0,4,True
2020-06-26,NJ,New York/New Jersey,259.0,3,True
2020-06-27,NJ,New York/New Jersey,2057.0,4,True
2020-06-28,NJ,New York/New Jersey,2850.0,5,True
2020-06-29,NJ,New York/New Jersey,30.0,1,True
2020-06-30,NJ,New York/New Jersey,747.0,3,True
2020-07-01,NJ,New York/New Jersey,1774.0,3,True
2020-07-02,NJ,New York/New Jersey,1233.0,4,True
2020-07-03,NJ,New York/New Jersey,263.0,2,True
2020-07-04,NJ,New York/New Jersey,84.0,2,True
2020-07-05,NJ,New York/New Jersey,0.0,2,True
2020-07-06,NJ,New York/New Jersey,170.0,2,True
2020-07-07,NJ,New York/New Jersey,454.0,4,True
2020-07-08,NJ,New York/New Jersey,1018.0,2,True
2020-07-09,NJ,New York/New Jersey,1722.0,5,True
2020-07-10,NJ,New York/New Jersey,1240.0,4,True
2020-07-12,NJ,New York/New Jersey,715.0,2,True
2020-07-13,NJ,New York/New Jersey,613.0,1,True
2020-07-14,NJ,New York/New Jersey,950.0,3,True
2020-07-15,NJ,New York/New Jersey,51.0,2,True
2020-07-18,NJ,New York/New Jersey,42.0,1,True
2020-07-19,NJ,New York/New Jersey,1454.0,5,True
2020-07-20,NJ,New York/New Jersey,782.0,4,True
2020-07-21,NJ,New York/New Jersey,1043.0,1,True
2020-07-22,NJ,New York/New Jersey,204.0,2,True
2020-07-23,NJ,New York/New Jersey,341.0,3,True
2020-07-24,NJ,New York/New Jersey,363.0,1,True
2020-07-25,NJ,New York/New Jersey,1027.0,4,True
2020-07-26,NJ,New York/New Jersey,1639.0,3,True
2020-07-27,NJ,New York/New Jersey,1964.0,2,True
2020-07-28,NJ,New York/New Jersey,933.0,6,True
2020-07-29,NJ,New York/New Jersey,97.0,2,True
2020-07-30,NJ,New York/New Jersey,700.0,4,True
2020-07-31,NJ,New York/New Jersey,3434.0,3,True
2020-08-01,NJ,New York/New Jersey,1122.0,7,True
2020-08-02,NJ,New York/New Jersey,1475.0,3,True
2020-08-03,NJ,New York/New Jersey,330.0,2,True
2020-08-04,NJ,New York/New Jersey,556.0,3,True
2020-08-05,NJ,New York/New Jersey,107.0,2,True
2020-08-06,NJ,New York/New Jersey,88.0,1,True
2020-08-08,NJ,New York/New Jersey,1269.0,2,True
2020-08-09,NJ,New York/New Jersey,395.0,1,True
2020-08-10,NJ,New York/New Jersey,1060.0,3,True
2020-08-11,NJ,New York/New Jersey,122.0,2,True
2020-08-12,NJ,New York/New Jersey,28.0,1,True
2020-08-13,NJ,New York/New Jersey,3259.0,3,True
2020-08-14,NJ,New York/New Jersey,884.0,3,True
2020-08-15,NJ,New York/New Jersey,2653.0,5,True
2020-08-16,NJ,New York/New Jersey,1469.0,2,True
2020-08-17,NJ,New York/New Jersey,337.0,2,True
2020-08-18,NJ,New York/New Jersey,1992.0,2,True
2020-08-19,NJ,New York/New Jersey,359.0,2,True
2020-08-20,NJ,New York/New Jersey,1704.0,3,True
2020-08-21,NJ,New York/New Jersey,0.0,1,True
2020-08-22,NJ,New York/New Jersey,1375.0,2,True
2020-08-23,NJ,New York/New Jersey,616.0,2,True
2020-08-24,NJ,New York/New Jersey,639.0,2,True
2020-08-25,NJ,New York/New Jersey,1579.0,4,True
2020-08-26,NJ,New York/New Jersey,551.0,1,True
2020-08-27,NJ,New York/New Jersey,1819.0,4,True
2020-08-29,NJ,New York/New Jersey,117.0,2,True
2020-08-30,NJ,New York/New Jersey,896.0,3,True
2020-08-31,NJ,New York/New Jersey,511.0,2,True
2020-09-01,NJ,New York/New Jersey,15.0,2,False
2020-09-02,NJ,New York/New Jersey,131.0,3,False
2020-09-03,NJ,New York/New Jersey,568.0,3,False
2020-09-04,NJ,New York/New Jersey,905.0,4,False
2020-09-05,NJ,New York/New Jersey,566.0,2,False
2020-09-06,NJ,New York/New Jersey,2956.0,4,False
2020-09-07,NJ,New York/New Jersey,10274.0,5,False
2020-09-08,NJ,New York/New Jersey,85.0,1,False
2020-09-09,NJ,New York/New Jersey,674.0,4,False
2020-09-10,NJ,New York/New Jersey,419.0,5,False
2020-09-11,NJ,New York/New Jersey,1028.0,3,False
2020-09-13,NJ,New York/New Jersey,287.0,3,False
2020-09-14,NJ,New York/New Jersey,1058.0,3,False
2020-09-15,NJ,New York/New Jersey,2028.0,2,False
2020-09-16,NJ,New York/New Jersey,139.0,2,False
2020-09-17,NJ,New York/New Jersey,297.0,2,False
2020-09-18,NJ,New York/New Jersey,116.0,2,False
2020-09-19,NJ,New York/New Jersey,5675.0,3,False
2020-09-20,NJ,New York/New Jersey,933.0,2,False
2020-09-21,NJ,New York/New Jersey,2083.0,3,False
2020-09-22,NJ,New York/New Jersey,1934.0,3,False
2020-09-23,NJ,New York/New Jersey,1964.0,3,False
2020-09-24,NJ,New York/New Jersey,1056.0,4,False
2020-09-25,NJ,New York/New Jersey,27.0,1,False
2020-09-27,NJ,New York/New Jersey,2344.0,4,False
2020-09-28,NJ,New York/New Jersey,1839.0,3,False
2020-09-29,NJ,New York/New Jersey,1523.0,2,False
2020-09-30,NJ,New York/New Jersey,2289.0,3,False
2020-10-01,NJ,New York/New Jersey,320.0,2,False
2020-10-02,NJ,New York/New Jersey,1176.0,1,False
2020-10-03,NJ,New York/New Jersey,2412.0,3,False
2020-10-04,NJ,New York/New Jersey,2412.0,3,False
2020-10-05,NJ,New York/New Jersey,2268.0,6,False
2020-10-06,NJ,New York/New Jersey,1739.0,4,False
2020-10-07,NJ,New York/New Jersey,384.0,2,False
2020-10-08,NJ,New York/New Jersey,1543.0,2,False
2020-10-09,NJ,New York/New Jersey,6577.0,2,False
2020-10-11,NJ,New York/New Jersey,854.0,2,False
2020-10-12,NJ,New York/New Jersey,845.0,4,False
2020-10-13,NJ,New York/New Jersey,3593.0,3,False
2020-10-14,NJ,New York/New Jersey,2495.0,3,False
2020-10-15,NJ,New York/New Jersey,3239.0,2,False
2020-10-16,NJ,New York/New Jersey,885.0,2,False
2020-10-17,NJ,New York/New Jersey,720.0,1,False
2020-10-18,NJ,New York/New Jersey,3146.0,6,False
2020-10-19,NJ,New York/New Jersey,2023.0,4,False
2020-10-20,NJ,New York/New Jersey,1178.0,3,False
2020-10-21,NJ,New York/New Jersey,4104.0,2,False
2020-10-22,NJ,New York/New Jersey,1085.0,3,False
2020-10-23,NJ,New York/New Jersey,176.0,1,False
2020-10-24,NJ,New York/New Jersey,54.0,3,False
2020-10-25,NJ,New York/New Jersey,99.0,1,False
2020-10-26,NJ,New York/New Jersey,149.0,2,False
2020-10-27,NJ,New York/New Jersey,473.0,5,False
2020-10-29,NJ,New York/New Jersey,143.0,2,False
2020-10-30,NJ,New York/New Jersey,1816.0,3,False
2020-10-31,NJ,New York/New Jersey,381.0,3,False
2020-11-01,NJ,New York/New Jersey,512.0,2,False
2020-11-02,NJ,New York/New Jersey,2416.0,5,False
2020-11-03,NJ,New York/New Jersey,923.0,3,False
2020-11-05,NJ,New York/New Jersey,2572.0,4,False
2020-11-06,NJ,New York/New Jersey,1898.0,4,False
2020-11-07,NJ,New York/New Jersey,2065.0,6,False
2020-11-08,NJ,New York/New Jersey,287.0,2,False
2020-11-09,NJ,New York/New Jersey,1581.0,5,False
2020-11-10,NJ,New York/New Jersey,296.0,1,False
2020-11-11,NJ,New York/New Jersey,39.0,2,False
2020-11-12,NJ,New York/New Jersey,180.0,2,False
2020-11-13,NJ,New York/New Jersey,39.0,2,False
2020-11-14,NJ,New York/New Jersey,47.0,1,False
2020-11-15,NJ,New York/New Jersey,1599.0,2,False
2020-11-16,NJ,New York/New Jersey,259.0,3,False
2020-11-17,NJ,New York/New Jersey,753.0,3,False
2020-11-18,NJ,New York/New Jersey,198.0,2,False
2020-11-19,NJ,New York/New Jersey,2631.0,5,False
2020-11-20,NJ,New York/New Jersey,821.0,2,False
2020-11-21,NJ,New York/New Jersey,2865.0,7,False
2020-11-22,NJ,New York/New Jersey,464.0,2,False
2020-11-23,NJ,New York/New Jersey,4390.0,4,False
2020-11-24,NJ,New York/New Jersey,584.0,1,False
2020-11-26,NJ,New York/New Jersey,5.0,2,False
2020-11-27,NJ,New York/New Jersey,2696.0,3,False
2020-11-28,NJ,New York/New Jersey,728.0,1,False
2020-11-29,NJ,New York/New Jersey,1583.0,8,False
2020-11-30,NJ,New York/New Jersey,34.0,1,False
2020-12-01,NJ,New York/New Jersey,436.0,3,False
2020-12-02,NJ,New York/New Jersey,859.0,2,False
2020-12-03,NJ,New York/New Jersey,233.0,2,False
2020-12-04,NJ,New York/New Jersey,3886.0,4,False
2020-12-06,NJ,New York/New Jersey,881.0,5,False
2020-12-07,NJ,New York/New Jersey,811.0,1,False
2020-12-08,NJ,New York/New Jersey,1428.0,6,False
2020-12-09,NJ,New York/New Jersey,4449.0,3,False
2020-12-11,NJ,New York/New Jersey,820.0,1,False
2020-12-12,NJ,New York/New Jersey,5754.0,2,False
2020-12-13,NJ,New York/New Jersey,1538.0,2,False
2020-12-14,NJ,New York/New Jersey,73.0,1,False
2020-12-15,NJ,New York/New Jersey,712.0,3,False
2020-12-16,NJ,New York/New Jersey,1959.0,4,False
2020-12-17,NJ,New York/New Jersey,486.0,4,False
2020-12-19,NJ,New York/New Jersey,394.0,3,False
2020-12-20,NJ,New York/New Jersey,2969.0,3,False
2020-12-21,NJ,New York/New Jersey,85.0,2,False
2020-12-22,NJ,New York/New Jersey,3186.0,2,False
2020-12-23,NJ,New York/New Jersey,2835.0,5,False
2020-12-24,NJ,New York/New Jersey,1858.0,2,False
2020-12-25,NJ,New York/New Jersey,4413.0,2,False
2020-12-26,NJ,New York/New Jersey,746.0,2,False
2020-12-27,NJ,New York/New Jersey,1552.0,4,False
2020-12-28,NJ,New York/New Jersey,2620.0,5,False
2020-12-29,NJ,New York/New Jersey,667.0,2,False
2020-12-30,NJ,New York/New Jersey,228.0,3,False
2021-01-01,NJ,New York/New Jersey,218.0,2,False
2021-01-02,NJ,New York/New Jersey,317.0,2,False
2021-01-03,NJ,New York/New Jersey,479.0,3,False
2021-01-04,NJ,New York/New Jersey,947.0,4,False
2021-01-05,NJ,New York/New Jersey,28.0,1,False
2021-01-06,NJ,New York/New Jersey,5827.0,2,False
2021-01-07,NJ,New York/New Jersey,1846.0,4,False
2021-01-08,NJ,New York/New Jersey,4868.0,6,False
2021-01-09,NJ,New York/New Jersey,1645.0,6,False
2021-01-10,NJ,New York/New Jersey,1772.0,6,False
2021-01-11,NJ,New York/New Jersey,175.0,2,False
2021-01-12,NJ,New York/New Jersey,1200.0,3,False
2021-01-13,NJ,New York/New Jersey,1672.0,3,False
2021-01-14,NJ,New York/New Jersey,1218.0,3,False
2021-01-15,NJ,New York/New Jersey,510.0,7,False
2021-01-16,NJ,New York/New Jersey,3958.0,2,False
2021-01-17,NJ,New York/New Jersey,2825.0,4,False
2021-01-18,NJ,New York/New Jersey,1389.0,1,False
2021-01-19,NJ,New York/New Jersey,718.0,3,False
2021-01-20,NJ,New York/New Jersey,468.0,1,False
2021-01-21,NJ,New York/New Jersey,118.0,1,False
2021-01-22,NJ,New York/New Jersey,318.0,2,False
2021-01-23,NJ,New York/New Jersey,479.0,4,False
2021-01-24,NJ,New York/New Jersey,3891.0,4,False
2021-01-25,NJ,New York/New Jersey,71.0,1,False
2021-01-26,NJ,New York/New Jersey,2769.0,3,False
2021-01-27,NJ,New York/New Jersey,322.0,1,False
2021-01-28,NJ,New York/New Jersey,496.0,2,False
2021-01-29,NJ,New York/New Jersey,1131.0,4,False
2021-01-30,NJ,New York/New Jersey,21.0,1,False
2021-02-02,NJ,New York/New Jersey,1453.0,2,False
2021-02-03,NJ,New York/New Jersey,535.0,2,False
2021-02-04,NJ,New York/New Jersey,1888.0,4,False
2021-02-05,NJ,New York/New Jersey,332.0,1,False
2021-02-06,NJ,New York/New Jersey,1315.0,4,False
2021-02-07,NJ,New York/New Jersey,331.0,1,False
2021-02-08,NJ,New York/New Jersey,1369.0,2,False
2021-02-10,NJ,New York/New Jersey,590.0,2,False
2021-02-11,NJ,New York/New Jersey,1405.0,4,False
2021-02-12,NJ,New York/New Jersey,1669.0,2,False
2021-02-13,NJ,New York/New Jersey,915.0,2,False
2021-02-14,NJ,New York/New Jersey,3322.0,5,False
2021-02-15,NJ,New York/New Jersey,4032.0,3,False
2021-02-16,NJ,New York/New Jersey,138.0,2,False
2021-02-17,NJ,New York/New Jersey,1389.0,2,False
2021-02-18,NJ,New York/New Jersey,216.0,4,False
2021-02-19,NJ,New York/New Jersey,190.0,1,False
2021-02-20,NJ,New York/New Jersey,1674.0,3,False
2021-02-21,NJ,New York/New Jersey,1100.0,4,False
2021-02-23,NJ,New York/New Jersey,1763.0,3,False
2021-02-24,NJ,New York/New Jersey,2154.0,3,False
2021-02-25,NJ,New York/New Jersey,2577.0,2,False
2021-02-27,NJ,New York/New Jersey,1327.0,2,False
2021-02-28,NJ,New York/New Jersey,1446.0,2,False
2021-03-01,NJ,New York/New Jersey,873.0,2,False
2021-03-02,NJ,New York/New Jersey,741.0,3,False
2021-03-04,NJ,New York/New Jersey,769.0,3,False
2021-03-05,NJ,New York/New Jersey,1722.0,2,False
2021-03-06,NJ,New York/New Jersey,1354.0,2,False
2021-03-07,NJ,New York/New Jersey,145.0,2,False
2021-03-08,NJ,New York/New Jersey,149.0,2,False
2021-03-09,NJ,New York/New Jersey,3169.0,9,False
2021-03-10,NJ,New York/New Jersey,204.0,2,False
2021-03-11,NJ,New York/New Jersey,122.0,1,False
2021-03-12,NJ,New York/New Jersey,894.0,6,False
2021-03-13,NJ,New York/New Jersey,90.0,1,False
2021-03-15,NJ,New York/New Jersey,122.0,2,False
2021-03-16,NJ,New York/New Jersey,150.0,1,False
2021-03-18,NJ,New York/New Jersey,562.0,3,False
2021-03-19,NJ,New York/New Jersey,1066.0,1,False
2021-03-20,NJ,New York/New Jersey,4763.0,1,False
2021-03-21,NJ,New York/New Jersey,0.0,1,False
2021-03-24,NJ,New York/New Jersey,6426.0,1,False
2021-03-25,NJ,New York/New Jersey,152.0,2,False
2021-03-27,NJ,New York/New Jersey,3162.0,6,False
2021-03-28,NJ,New York/New Jersey,183.0,2,False
2021-03-29,NJ,New York/New Jersey,276.0,1,False
2021-03-30,NJ,New York/New Jersey,77.0,1,False
2021-03-31,NJ,New York/New Jersey,1072.0,5,False
2021-04-01,NJ,New York/New Jersey,2014.0,2,False
2021-04-02,NJ,New York/New Jersey,10587.0,5,False
2021-04-03,NJ,New York/New Jersey,1631.0,2,False
2021-04-04,NJ,New York/New Jersey,538.0,2,False
2021-04-05,NJ,New York/New Jersey,466.0,4,False
2021-04-06,NJ,New York/New Jersey,250.0,2,False
2021-04-08,NJ,New York/New Jersey,110.0,2,False
2021-04-09,NJ,New York/New Jersey,1976.0,2,False
2021-04-11,NJ,New York/New Jersey,762.0,3,False
2021-04-12,NJ,New York/New Jersey,1268.0,2,False
2021-04-13,NJ,New York/New Jersey,1578.0,3,False
2021-04-14,NJ,New York/New Jersey,143.0,3,False
2021-04-15,NJ,New York/New Jersey,2250.0,6,False
2021-04-16,NJ,New York/New Jersey,388.0,2,False
2021-04-17,NJ,New York/New Jersey,3554.0,4,False
2021-04-18,NJ,New York/New Jersey,252.0,1,False
2021-04-19,NJ,New York/New Jersey,1290.0,3,False
2021-04-20,NJ,New York/New Jersey,3507.0,5,False
2021-04-21,NJ,New York/New Jersey,195.0,1,False
2021-04-22,NJ,New York/New Jersey,94.0,1,False
2021-04-23,NJ,New York/New Jersey,1734.0,3,False
2021-04-25,NJ,New York/New Jersey,1104.0,3,False
2021-04-26,NJ,New York/New Jersey,468.0,3,False
2021-04-27,NJ,New York/New Jersey,517.0,2,False
2021-04-28,NJ,New York/New Jersey,50.0,1,False
2021-04-29,NJ,New York/New Jersey,420.0,2,False
2021-04-30,NJ,New York/New Jersey,186.0,2,False
2021-05-01,NJ,New York/New Jersey,1776.0,4,False
2021-05-02,NJ,New York/New Jersey,1312.0,2,False
2021-05-03,NJ,New York/New Jersey,2769.0,4,False
2021-05-04,NJ,New York/New Jersey,2977.0,7,False
2021-05-05,NJ,New York/New Jersey,816.0,3,False
2021-05-06,NJ,New York/New Jersey,3625.0,4,False
2021-05-07,NJ,New York/New Jersey,1230.0,1,False
2021-05-08,NJ,New York/New Jersey,2619.0,1,False
2021-05-09,NJ,New York/New Jersey,939.0,3,False
2021-05-10,NJ,New York/New Jersey,562.0,2,False
2021-05-11,NJ,New York/New Jersey,2775.0,3,False
2021-05-12,NJ,New York/New Jersey,1153.0,2,False
2021-05-13,NJ,New York/New Jersey,1954.0,2,False
2021-05-14,NJ,New York/New Jersey,1754.0,4,False
2021-05-16,NJ,New York/New Jersey,348.0,3,False
2021-05-19,NJ,New York/New Jersey,3491.0,9,False
2021-05-20,NJ,New York/New Jersey,1969.0,1,False
2021-05-21,NJ,New York/New Jersey,4977.0,6,False
2021-05-22,NJ,New York/New Jersey,1491.0,1,False
2021-05-23,NJ,New York/New Jersey,935.0,1,False
2021-05-24,NJ,New York/New Jersey,641.0,2,False
2021-05-25,NJ,New York/New Jersey,185.0,2,False
2021-05-27,NJ,New York/New Jersey,6668.0,2,False
2021-05-28,NJ,New York/New Jersey,773.0,4,False
2021-05-29,NJ,New York/New Jersey,223.0,2,False
2021-05-30,NJ,New York/New Jersey,155.0,1,False
2021-05-31,NJ,New York/New Jersey,988.0,5,False
2021-06-02,NJ,New York/New Jersey,96.0,1,True
2021-06-03,NJ,New York/New Jersey,2536.0,4,True
2021-06-06,NJ,New York/New Jersey,1628.0,3,True
2021-06-07,NJ,New York/New Jersey,314.0,1,True
2021-06-08,NJ,New York/New Jersey,1505.0,2,True
2021-06-09,NJ,New York/New Jersey,1854.0,3,True
2021-06-10,NJ,New York/New Jersey,2318.0,1,True
2021-06-11,NJ,New York/New Jersey,99.0,2,True
2021-06-12,NJ,New York/New Jersey,67.0,1,True
2021-06-13,NJ,New York/New Jersey,1314.0,2,True
2021-06-14,NJ,New York/New Jersey,1821.0,2,True
2021-06-15,NJ,New York/New Jersey,351.0,1,True
2021-06-16,NJ,New York/New Jersey,140.0,2,True
2021-06-17,NJ,New York/New Jersey,3051.0,3,True
2021-06-19,NJ,New York/New Jersey,6214.0,4,True
2021-06-20,NJ,New York/New Jersey,3558.0,2,True
2021-06-21,NJ,New York/New Jersey,11.0,1,True
2021-06-22,NJ,New York/New Jersey,4231.0,4,True
2021-06-23,NJ,New York/New Jersey,966.0,2,True
2021-06-24,NJ,New York/New Jersey,157.0,1,True
2021-06-25,NJ,New York/New Jersey,3197.0,4,True
2021-06-26,NJ,New York/New Jersey,387.0,2,True
2021-06-27,NJ,New York/New Jersey,5030.0,2,True
2021-06-28,NJ,New York/New Jersey,2230.0,2,True
2021-06-29,NJ,New York/New Jersey,25.0,1,True
2021-06-30,NJ,New York/New Jersey,84.0,1,True
2021-07-01,NJ,New York/New Jersey,110.0,1,True
2021-07-02,NJ,New York/New Jersey,385.0,1,True
2021-07-03,NJ,New York/New Jersey,3830.0,2,True
2021-07-04,NJ,New York/New Jersey,0.0,1,True
2021-07-05,NJ,New York/New Jersey,1465.0,5,True
2021-07-06,NJ,New York/New Jersey,648.0,3,True
2021-07-07,NJ,New York/New Jersey,2747.0,4,True
2021-07-08,NJ,New York/New Jersey,579.0,3,True
2021-07-09,NJ,New York/New Jersey,452.0,2,True
2021-07-10,NJ,New York/New Jersey,4078.0,3,True
2021-07-12,NJ,New York/New Jersey,2422.0,2,True
2021-07-13,NJ,New York/New Jersey,1475.0,4,True
2021-07-15,NJ,New York/New Jersey,132.0,3,True
2021-07-16,NJ,New York/New Jersey,2262.0,4,True
2021-07-17,NJ,New York/New Jersey,4024.0,2,True
2021-07-18,NJ,New York/New Jersey,95.0,2,True
2021-07-19,NJ,New York/New Jersey,183.0,2,True
2021-07-21,NJ,New York/New Jersey,1256.0,3,True
2021-07-22,NJ,New York/New Jersey,1713.0,2,True
2021-07-23,NJ,New York/New Jersey,2137.0,1,True
2021-07-24,NJ,New York/New Jersey,515.0,2,True
2021-07-25,NJ,New York/New Jersey,1938.0,2,True
2021-07-26,NJ,New York/New Jersey,1371.0,4,True
2021-07-27,NJ,New York/New Jersey,984.0,1,True
2021-07-29,NJ,New York/New Jersey,139.0,1,True
2021-07-30,NJ,New York/New Jersey,2537.0,4,True
2021-07-31,NJ,New York/New Jersey,1284.0,1,True
2021-08-02,NJ,New York/New Jersey,126.0,2,True
2021-08-03,NJ,New York/New Jersey,1309.0,3,True
2021-08-04,NJ,New York/New Jersey,323.0,2,True
2021-08-05,NJ,New York/New Jersey,575.0,4,True
2021-08-06,NJ,New York/New Jersey,1949.0,4,True
2021-08-07,NJ,New York/New Jersey,701.0,2,True
2021-08-08,NJ,New York/New Jersey,354.0,3,True
2021-08-10,NJ,New York/New Jersey,580.0,2,True
2021-08-11,NJ,New York/New Jersey,186.0,2,True
2021-08-12,NJ,New York/New Jersey,72.0,1,True
2021-08-13,NJ,New York/New Jersey,1798.0,2,True
2021-08-14,NJ,New York/New Jersey,301.0,1,True
2021-08-15,NJ,New York/New Jersey,990.0,3,True
2021-08-16,NJ,New York/New Jersey,3585.0,3,True
2021-08-17,NJ,New York/New Jersey,388.0,1,True
2021-08-18,NJ,New York/New Jersey,1751.0,1,True
2021-08-19,NJ,New York/New Jersey,153.0,1,True
2021-08-20,NJ,New York/New Jersey,137.0,3,True
2021-08-21,NJ,New York/New Jersey,1023.0,5,True
2021-08-22,NJ,New York/New Jersey,113.0,2,True
2021-08-23,NJ,New York/New Jersey,2249.0,2,True
2021-08-24,NJ,New York/New Jersey,274.0,3,True
2021-08-25,NJ,New York/New Jersey,3894.0,4,True
2021-08-26,NJ,New York/New Jersey,4103.0,4,True
2021-08-27,NJ,New York/New Jersey,107.0,1,True
2021-08-28,NJ,New York/New Jersey,3713.0,8,True
2021-08-29,NJ,New York/New Jersey,198.0,3,True
2021-08-30,NJ,New York/New Jersey,91.0,1,True
2021-09-01,NJ,New York/New Jersey,2504.0,4,False
2021-09-02,NJ,New York/New Jersey,2274.0,3,False
2021-09-03,NJ,New York/New Jersey,2560.0,5,False
2021-09-04,NJ,New York/New Jersey,3668.0,2,False
2021-09-05,NJ,New York/New Jersey,5909.0,4,False
2021-09-06,NJ,New York/New Jersey,147.0,1,False
2021-09-07,NJ,New York/New Jersey,1492.0,3,False
2021-09-08,NJ,New York/New Jersey,4246.0,2,False
2021-09-09,NJ,New York/New Jersey,1655.0,2,False
2021-09-10,NJ,New York/New Jersey,1971.0,4,False
2021-09-11,NJ,New York/New Jersey,4305.0,4,False
2021-09-13,NJ,New York/New Jersey,127.0,2,False
2021-09-16,NJ,New York/New Jersey,3015.0,3,False
2021-09-17,NJ,New York/New Jersey,491.0,3,False
2021-09-18,NJ,New York/New Jersey,1171.0,2,False
2021-09-19,NJ,New York/New Jersey,4127.0,4,False
2021-09-20,NJ,New York/New Jersey,482.0,3,False
2021-09-21,NJ,New York/New Jersey,8025.0,4,False
2021-09-22,NJ,New York/New Jersey,302.0,2,False
2021-09-24,NJ,New York/New Jersey,374.0,3,False
2021-09-25,NJ,New York/New Jersey,634.0,2,False
2021-09-26,NJ,New York/New Jersey,4670.0,5,False
2021-09-27,NJ,New York/New Jersey,500.0,1,False
2021-09-28,NJ,New York/New Jersey,1071.0,1,False
2021-09-29,NJ,New York/New Jersey,5231.0,2,False
2021-09-30,NJ,New York/New Jersey,1028.0,2,False
2021-10-01,NJ,New York/New Jersey,248.0,2,False
2021-10-02,NJ,New York/New Jersey,3462.0,3,False
2021-10-03,NJ,New York/New Jersey,3211.0,2,False
2021-10-04,NJ,New York/New Jersey,916.0,3,False
2021-10-05,NJ,New York/New Jersey,159.0,2,False
2021-10-06,NJ,New York/New Jersey,341.0,2,False
2021-10-07,NJ,New York/New Jersey,2636.0,3,False
2021-10-08,NJ,New York/New Jersey,639.0,3,False
2021-10-10,NJ,New York/New Jersey,2126.0,3,False
2021-10-11,NJ,New York/New Jersey,905.0,2,False
2021-10-12,NJ,New York/New Jersey,1113.0,1,False
2021-10-14,NJ,New York/New Jersey,164.0,2,False
2021-10-15,NJ,New York/New Jersey,2942.0,2,False
2021-10-16,NJ,New York/New Jersey,760.0,4,False
2021-10-17,NJ,New York/New Jersey,4730.0,2,False
2021-10-18,NJ,New York/New Jersey,339.0,3,False
2021-10-19,NJ,New York/New Jersey,645.0,2,False
2021-10-20,NJ,New York/New Jersey,67.0,1,False
2021-10-21,NJ,New York/New Jersey,220.0,2,False
2021-10-22,NJ,New York/New Jersey,180.0,1,False
2021-10-23,NJ,New York/New Jersey,1828.0,4,False
2021-10-24,NJ,New York/New Jersey,512.0,2,False
2021-10-25,NJ,New York/New Jersey,1752.0,2,False
2021-10-26,NJ,New York/New Jersey,2823.0,4,False
2021-10-27,NJ,New York/New Jersey,155.0,2,False
2021-10-28,NJ,New York/New Jersey,2971.0,5,False
2021-10-29,NJ,New York/New Jersey,588.0,3,False
2021-10-30,NJ,New York/New Jersey,41.0,1,False
2021-10-31,NJ,New York/New Jersey,516.0,3,False
2021-11-01,NJ,New York/New Jersey,2867.0,4,False
2021-11-02,NJ,New York/New Jersey,129.0,3,False
2021-11-03,NJ,New York/New Jersey,1230.0,1,False
2021-11-04,NJ,New York/New Jersey,5683.0,7,False
2021-11-05,NJ,New York/New Jersey,4337.0,3,False
2021-11-06,NJ,New York/New Jersey,819.0,2,False
2021-11-07,NJ,New York/New Jersey,37.0,4,False
2021-11-08,NJ,New York/New Jersey,68.0,1,False
2021-11-09,NJ,New York/New Jersey,2453.0,5,False
2021-11-11,NJ,New York/New Jersey,6376.0,4,False
2021-11-12,NJ,New York/New Jersey,11.0,1,False
2021-11-13,NJ,New York/New Jersey,2686.0,5,False
2021-11-14,NJ,New York/New Jersey,240.0,3,False
2021-11-15,NJ,New York/New Jersey,8013.0,6,False
2021-11-16,NJ,New York/New Jersey,56.0,1,False
2021-11-17,NJ,New York/New Jersey,725.0,4,False
2021-11-18,NJ,New York/New Jersey,235.0,3,False
2021-11-19,NJ,New York/New Jersey,2125.0,3,False
2021-11-20,NJ,New York/New Jersey,1185.0,2,False
2021-11-21,NJ,New York/New Jersey,1150.0,3,False
2021-11-22,NJ,New York/New Jersey,6559.0,3,False
2021-11-23,NJ,New York/New Jersey,592.0,2,False
2021-11-24,NJ,New York/New Jersey,4594.0,4,False
2021-11-25,NJ,New York/New Jersey,3620.0,5,False
2021-11-26,NJ,New York/New Jersey,20039.0,2,False
2021-11-27,NJ,New York/New Jersey,353.0,2,False
2021-11-28,NJ,New York/New Jersey,253.0,2,False
2021-11-29,NJ,New York/New Jersey,2906.0,3,False
2021-11-30,NJ,New York/New Jersey,682.0,1,False
2021-12-01,NJ,New York/New Jersey,1464.0,3,False
2021-12-02,NJ,New York/New Jersey,2065.0,2,False
2021-12-03,NJ,New York/New Jersey,182.0,1,False
2021-12-04,NJ,New York/New Jersey,3548.0,5,False
2021-12-05,NJ,New York/New Jersey,6727.0,5,False
2021-12-06,NJ,New York/New Jersey,483.0,3,False
2021-12-07,NJ,New York/New Jersey,789.0,2,False
2021-12-08,NJ,New York/New Jersey,2025.0,2,False
2021-12-09,NJ,New York/New Jersey,62.0,1,False
2021-12-10,NJ,New York/New Jersey,634.0,4,False
2021-12-11,NJ,New York/New Jersey,18.0,1,False
2021-12-12,NJ,New York/New Jersey,1322.0,2,False
2021-12-13,NJ,New York/New Jersey,898.0,2,False
2021-12-14,NJ,New York/New Jersey,116.0,1,False
2021-12-15,NJ,New York/New Jersey,5918.0,6,False
2021-12-16,NJ,New York/New Jersey,4930.0,2,False
2021-12-17,NJ,New York/New Jersey,1502.0,4,False
2021-12-18,NJ,New York/New Jersey,1092.0,4,False
2021-12-19,NJ,New York/New Jersey,3092.0,3,False
2021-12-20,NJ,New York/New Jersey,1104.0,2,False
2021-12-22,NJ,New York/New Jersey,66.0,1,False
2021-12-23,NJ,New York/New Jersey,9209.0,4,False
2021-12-24,NJ,New York/New Jersey,71.0,1,False
2021-12-27,NJ,New York/New Jersey,3730.0,3,False
2021-12-28,NJ,New York/New Jersey,4131.0,2,False
2021-12-30,NJ,New York/New Jersey,152.0,1,False
2021-12-31,NJ,New York/New Jersey,2012.0,2,False
2022-01-01,NJ,New York/New Jersey,477.0,2,False
2022-01-02,NJ,New York/New Jersey,1605.0,2,False
2022-01-04,NJ,New York/New Jersey,1871.0,4,False
2022-01-06,NJ,New York/New Jersey,517.0,3,False
2022-01-07,NJ,New York/New Jersey,1531.0,5,False
2022-01-08,NJ,New York/New Jersey,4547.0,4,False
2022-01-09,NJ,New York/New Jersey,1588.0,3,False
2022-01-10,NJ,New York/New Jersey,2780.0,2,False
2022-01-11,NJ,New York/New Jersey,1274.0,3,False
2022-01-12,NJ,New York/New Jersey,74.0,2,False
2022-01-13,NJ,New York/New Jersey,319.0,2,False
2022-01-14,NJ,New York/New Jersey,1713.0,6,False
2022-01-15,NJ,New York/New Jersey,4540.0,4,False
2022-01-16,NJ,New York/New Jersey,2759.0,5,False
2022-01-18,NJ,New York/New Jersey,1979.0,2,False
2022-01-19,NJ,New York/New Jersey,2141.0,4,False
2022-01-20,NJ,New York/New Jersey,2329.0,3,False
2022-01-21,NJ,New York/New Jersey,2717.0,2,False
2022-01-22,NJ,New York/New Jersey,4628.0,3,False
2022-01-23,NJ,New York/New Jersey,560.0,3,False
2022-01-24,NJ,New York/New Jersey,1830.0,3,False
2022-01-25,NJ,New York/New Jersey,1506.0,2,False
2022-01-26,NJ,New York/New Jersey,744.0,6,False
2022-01-27,NJ,New York/New Jersey,621.0,2,False
2022-01-28,NJ,New York/New Jersey,295.0,1,False
2022-01-29,NJ,New York/New Jersey,51.0,3,False
2022-01-31,NJ,New York/New Jersey,23.0,1,False
2022-02-02,NJ,New York/New Jersey,316.0,3,False
2022-02-03,NJ,New York/New Jersey,1539.0,5,False
2022-02-04,NJ,New York/New Jersey,5576.0,5,False
2022-02-05,NJ,New York/New Jersey,1857.0,2,False
2022-02-06,NJ,New York/New Jersey,78.0,2,False
2022-02-07,NJ,New York/New Jersey,755.0,1,False
2022-02-08,NJ,New York/New Jersey,999.0,2,False
2022-02-09,NJ,New York/New Jersey,2414.0,2,False
2022-02-11,NJ,New York/New Jersey,2192.0,4,False
2022-02-12,NJ,New York/New Jersey,1580.0,3,False
2022-02-13,NJ,New York/New Jersey,1340.0,4,False
2022-02-14,NJ,New York/New Jersey,1418.0,2,False
2022-02-15,NJ,New York/New Jersey,524.0,1,False
2022-02-16,NJ,New York/New Jersey,1665.0,1,False
2022-02-17,NJ,New York/New Jersey,527.0,3,False
2022-02-18,NJ,New York/New Jersey,93.0,1,False
2022-02-19,NJ,New York/New Jersey,715.0,3,False
2022-02-20,NJ,New York/New Jersey,2009.0,4,False
2022-02-22,NJ,New York/New Jersey,154.0,2,False
2022-02-23,NJ,New York/New Jersey,177.0,2,False
2022-02-24,NJ,New York/New Jersey,80.0,1,False
2022-02-26,NJ,New York/New Jersey,206.0,1,False
2022-02-27,NJ,New York/New Jersey,813.0,1,False
2022-02-28,NJ,New York/New Jersey,63.0,1,False
2022-03-01,NJ,New York/New Jersey,359.0,1,False
2022-03-02,NJ,New York/New Jersey,1346.0,2,False
2022-03-03,NJ,New York/New Jersey,846.0,2,False
2022-03-04,NJ,New York/New Jersey,281.0,3,False
2022-03-05,NJ,New York/New Jersey,387.0,2,False
2022-03-06,NJ,New York/New Jersey,78.0,1,False
2022-03-07,NJ,New York/New Jersey,3481.0,2,False
2022-03-08,NJ,New York/New Jersey,2216.0,4,False
2022-03-09,NJ,New York/New Jersey,288.0,2,False
2022-03-10,NJ,New York/New Jersey,811.0,2,False
2022-03-11,NJ,New York/New Jersey,565.0,2,False
2022-03-12,NJ,New York/New Jersey,4079.0,7,False
2022-03-13,NJ,New York/New Jersey,49.0,3,False
2022-03-14,NJ,New York/New Jersey,4132.0,4,False
2022-03-15,NJ,New York/New Jersey,600.0,1,False
2022-03-16,NJ,New York/New Jersey,8229.0,4,False
2022-03-17,NJ,New York/New Jersey,367.0,3,False
2022-03-18,NJ,New York/New Jersey,40.0,1,False
2022-03-19,NJ,New York/New Jersey,514.0,2,False
2022-03-20,NJ,New York/New Jersey,3049.0,4,False
2022-03-22,NJ,New York/New Jersey,1502.0,6,False
2022-03-23,NJ,New York/New Jersey,897.0,2,False
2022-03-24,NJ,New York/New Jersey,111.0,2,False
2022-03-25,NJ,New York/New Jersey,818.0,4,False
2022-03-26,NJ,New York/New Jersey,4991.0,1,False
2022-03-27,NJ,New York/New Jersey,2043.0,1,False
2022-03-28,NJ,New York/New Jersey,4009.0,6,False
2022-03-29,NJ,New York/New Jersey,182.0,3,False
2022-03-30,NJ,New York/New Jersey,606.0,4,False
2022-03-31,NJ,New York/New Jersey,465.0,2,False
2022-04-01,NJ,New York/New Jersey,1327.0,4,False
2022-04-02,NJ,New York/New Jersey,1124.0,5,False
2022-04-03,NJ,New York/New Jersey,952.0,4,False
2022-04-04,NJ,New York/New Jersey,595.0,2,False
2022-04-05,NJ,New York/New Jersey,1484.0,2,False
2022-04-06,NJ,New York/New Jersey,608.0,2,False
2022-04-07,NJ,New York/New Jersey,2114.0,3,False
2022-04-08,NJ,New York/New Jersey,327.0,3,False
2022-04-09,NJ,New York/New Jersey,3427.0,3,False
2022-04-10,NJ,New York/New Jersey,1977.0,1,False
2022-04-11,NJ,New York/New Jersey,842.0,3,False
2022-04-12,NJ,New York/New Jersey,528.0,2,False
2022-04-13,NJ,New York/New Jersey,1180.0,2,False
2022-04-14,NJ,New York/New Jersey,590.0,2,False
2022-04-16,NJ,New York/New Jersey,960.0,4,False
2022-04-17,NJ,New York/New Jersey,467.0,2,False
2022-04-18,NJ,New York/New Jersey,5979.0,4,False
2022-04-19,NJ,New York/New Jersey,2069.0,5,False
2022-04-20,NJ,New York/New Jersey,115.0,1,False
2022-04-21,NJ,New York/New Jersey,737.0,5,False
2022-04-22,NJ,New York/New Jersey,140.0,1,False
2022-04-23,NJ,New York/New Jersey,3727.0,3,False
2022-04-24,NJ,New York/New Jersey,1953.0,2,False
2022-04-25,NJ,New York/New Jersey,1633.0,2,False
2022-04-26,NJ,New York/New Jersey,6349.0,6,False
2022-04-27,NJ,New York/New Jersey,213.0,2,False
2022-04-28,NJ,New York/New Jersey,1150.0,2,False
2022-04-29,NJ,New York/New Jersey,5739.0,4,False
2022-04-30,NJ,New York/New Jersey,3249.0,3,False
2022-05-02,NJ,New York/New Jersey,1589.0,2,False
2022-05-03,NJ,New York/New Jersey,76.0,1,False
2022-05-04,NJ,New York/New Jersey,160.0,1,False
2022-05-05,NJ,New York/New Jersey,1537.0,4,False
2022-05-06,NJ,New York/New Jersey,5530.0,4,False
2022-05-08,NJ,New York/New Jersey,686.0,2,False
2022-05-09,NJ,New York/New Jersey,2783.0,3,False
2022-05-10,NJ,New York/New Jersey,179.0,1,False
2022-05-11,NJ,New York/New Jersey,60.0,1,False
2022-05-12,NJ,New York/New Jersey,1551.0,2,False
2022-05-13,NJ,New York/New Jersey,2353.0,1,False
2022-05-15,NJ,New York/New Jersey,4272.0,3,False
2022-05-16,NJ,New York/New Jersey,43.0,1,False
2022-05-17,NJ,New York/New Jersey,247.0,2,False
2022-05-18,NJ,New York/New Jersey,829.0,3,False
2022-05-19,NJ,New York/New Jersey,528.0,2,False
2022-05-20,NJ,New York/New Jersey,3061.0,5,False
2022-05-21,NJ,New York/New Jersey,2329.0,1,False
2022-05-22,NJ,New York/New Jersey,1763.0,2,False
2022-05-23,NJ,New York/New Jersey,3526.0,4,False
2022-05-24,NJ,New York/New Jersey,237.0,3,False
2022-05-25,NJ,New York/New Jersey,1423.0,2,False
2022-05-26,NJ,New York/New Jersey,1488.0,4,False
2022-05-27,NJ,New York/New Jersey,2007.0,3,False
2022-05-28,NJ,New York/New Jersey,2613.0,2,False
2022-05-29,NJ,New York/New Jersey,2141.0,2,False
2022-05-30,NJ,New York/New Jersey,3520.0,7,False
2022-05-31,NJ,New York/New Jersey,177.0,2,False
2022-06-01,NJ,New York/New Jersey,4285.0,4,True
2022-06-02,NJ,New York/New Jersey,1653.0,2,True
2022-06-03,NJ,New York/New Jersey,2004.0,3,True
2022-06-05,NJ,New York/New Jersey,2207.0,2,True
2022-06-06,NJ,New York/New Jersey,2429.0,4,True
2022-06-07,NJ,New York/New Jersey,612.0,2,True
2022-06-08,NJ,New York/New Jersey,627.0,2,True
2022-06-09,NJ,New York/New Jersey,1834.0,3,True
2022-06-10,NJ,New York/New Jersey,3717.0,6,True
2022-06-11,NJ,New York/New Jersey,8477.0,4,True
2022-06-12,NJ,New York/New Jersey,2430.0,1,True
2022-06-13,NJ,New York/New Jersey,3497.0,4,True
2022-06-14,NJ,New York/New Jersey,104.0,1,True
2022-06-15,NJ,New York/New Jersey,2282.0,4,True
2022-06-16,NJ,New York/New Jersey,4744.0,3,True
2022-06-17,NJ,New York/New Jersey,6102.0,4,True
2022-06-18,NJ,New York/New Jersey,1083.0,3,True
2022-06-20,NJ,New York/New Jersey,3003.0,6,True
2022-06-21,NJ,New York/New Jersey,3756.0,7,True
2022-06-22,NJ,New York/New Jersey,3427.0,3,True
2022-06-24,NJ,New York/New Jersey,165.0,2,True
2022-06-25,NJ,New York/New Jersey,43.0,1,True
2022-06-26,NJ,New York/New Jersey,2948.0,1,True
2022-06-28,NJ,New York/New Jersey,2877.0,3,True
2022-06-29,NJ,New York/New Jersey,4291.0,7,True
2022-07-01,NJ,New York/New Jersey,716.0,4,True
2022-07-02,NJ,New York/New Jersey,963.0,2,True
2022-07-03,NJ,New York/New Jersey,1856.0,3,True
2022-07-04,NJ,New York/New Jersey,922.0,3,True
2022-07-05,NJ,New York/New Jersey,4070.0,2,True
2022-07-06,NJ,New York/New Jersey,770.0,3,True
2022-07-07,NJ,New York/New Jersey,31.0,1,True
2022-07-08,NJ,New York/New Jersey,7622.0,4,True
2022-07-09,NJ,New York/New Jersey,1777.0,5,True
2022-07-10,NJ,New York/New Jersey,359.0,4,True
2022-07-11,NJ,New York/New Jersey,3537.0,4,True
2022-07-12,NJ,New York/New Jersey,256.0,1,True
2022-07-13,NJ,New York/New Jersey,31.0,1,True
2022-07-14,NJ,New York/New Jersey,356.0,3,True
2022-07-15,NJ,New York/New Jersey,2277.0,1,True
2022-07-16,NJ,New York/New Jersey,193.0,1,True
2022-07-17,NJ,New York/New Jersey,6960.0,4,True
2022-07-18,NJ,New York/New Jersey,792.0,4,True
2022-07-19,NJ,New York/New Jersey,1400.0,2,True
2022-07-20,NJ,New York/New Jersey,2309.0,3,True
2022-07-21,NJ,New York/New Jersey,2751.0,3,True
2022-07-22,NJ,New York/New Jersey,4168.0,2,True
2022-07-23,NJ,New York/New Jersey,617.0,1,True
2022-07-24,NJ,New York/New Jersey,0.0,1,True
2022-07-25,NJ,New York/New Jersey,2489.0,3,True
2022-07-26,NJ,New York/New Jersey,146.0,1,True
2022-07-27,NJ,New York/New Jersey,101.0,2,True
2022-07-28,NJ,New York/New Jersey,458.0,3,True
2022-07-29,NJ,New York/New Jersey,2315.0,2,True
2022-07-30,NJ,New York/New Jersey,6595.0,3,True
2022-07-31,NJ,New York/New Jersey,1604.0,2,True
2022-08-01,NJ,New York/New Jersey,1874.0,4,True
2022-08-02,NJ,New York/New Jersey,78.0,1,True
2022-08-03,NJ,New York/New Jersey,2605.0,5,True
2022-08-04,NJ,New York/New Jersey,2109.0,3,True
2022-08-05,NJ,New York/New Jersey,4722.0,6,True
2022-08-06,NJ,New York/New Jersey,590.0,3,True
2022-08-07,NJ,New York/New Jersey,0.0,2,True
2022-08-08,NJ,New York/New Jersey,382.0,1,True
2022-08-09,NJ,New York/New Jersey,476.0,2,True
2022-08-10,NJ,New York/New Jersey,1985.0,6,True
2022-08-11,NJ,New York/New Jersey,4173.0,3,True
2022-08-12,NJ,New York/New Jersey,3394.0,3,True
2022-08-13,NJ,New York/New Jersey,1001.0,2,True
2022-08-15,NJ,New York/New Jersey,1785.0,2,True
2022-08-16,NJ,New York/New Jersey,1453.0,4,True
2022-08-17,NJ,New York/New Jersey,2535.0,2,True
2022-08-18,NJ,New York/New Jersey,3006.0,6,True
2022-08-19,NJ,New York/New Jersey,727.0,3,True
2022-08-20,NJ,New York/New Jersey,2221.0,2,True
2022-08-21,NJ,New York/New Jersey,6417.0,6,True
2022-08-22,NJ,New York/New Jersey,189.0,2,True
2022-08-24,NJ,New York/New Jersey,241.0,1,True
2022-08-25,NJ,New York/New Jersey,936.0,3,True
2022-08-26,NJ,New York/New Jersey,909.0,5,True
2022-08-27,NJ,New York/New Jersey,611.0,2,True
2022-08-28,NJ,New York/New Jersey,5059.0,1,True
2022-08-29,NJ,New York/New Jersey,2761.0,4,True
2022-08-30,NJ,New York/New Jersey,247.0,1,True
2022-08-31,NJ,New York/New Jersey,489.0,2,True
2022-09-03,NJ,New York/New Jersey,389.0,1,False
2022-09-04,NJ,New York/New Jersey,3194.0,4,False
2022-09-05,NJ,New York/New Jersey,759.0,4,False
2022-09-07,NJ,New York/New Jersey,7968.0,4,False
2022-09-08,NJ,New York/New Jersey,729.0,3,False
2022-09-09,NJ,New York/New Jersey,59.0,1,False
2022-09-10,NJ,New York/New Jersey,3714.0,1,False
2022-09-11,NJ,New York/New Jersey,1208.0,3,False
2022-09-12,NJ,New York/New Jersey,1576.0,4,False
2022-09-13,NJ,New York/New Jersey,1608.0,3,False
2022-09-14,NJ,New York/New Jersey,1979.0,5,False
2022-09-15,NJ,New York/New Jersey,9.0,1,False
2022-09-16,NJ,New York/New Jersey,1387.0,2,False
2022-09-17,NJ,New York/New Jersey,2286.0,2,False
2022-09-18,NJ,New York/New Jersey,2353.0,4,False
2022-09-19,NJ,New York/New Jersey,542.0,1,False
2022-09-20,NJ,New York/New Jersey,812.0,1,False
2022-09-21,NJ,New York/New Jersey,1053.0,3,False
2022-09-22,NJ,New York/New Jersey,152.0,1,False
2022-09-23,NJ,New York/New Jersey,2011.0,2,False
2022-09-24,NJ,New York/New Jersey,391.0,1,False
2022-09-25,NJ,New York/New Jersey,3490.0,5,False
2022-09-26,NJ,New York/New Jersey,352.0,3,False
2022-09-27,NJ,New York/New Jersey,233.0,4,False
2022-09-28,NJ,New York/New Jersey,55.0,1,False
2022-09-29,NJ,New York/New Jersey,997.0,3,False
2022-10-01,NJ,New York/New Jersey,2484.0,5,False
2022-10-02,NJ,New York/New Jersey,868.0,4,False
2022-10-03,NJ,New York/New Jersey,755.0,1,False
2022-10-04,NJ,New York/New Jersey,1305.0,2,False
2022-10-06,NJ,New York/New Jersey,269.0,1,False
2022-10-07,NJ,New York/New Jersey,4233.0,4,False
2022-10-08,NJ,New York/New Jersey,3521.0,4,False
2022-10-09,NJ,New York/New Jersey,2859.0,4,False
2022-10-10,NJ,New York/New Jersey,1846.0,2,False
2022-10-11,NJ,New York/New Jersey,2698.0,2,False
2022-10-12,NJ,New York/New Jersey,1176.0,4,False
2022-10-13,NJ,New York/New Jersey,7606.0,5,False
2022-10-14,NJ,New York/New Jersey,421.0,1,False
2022-10-15,NJ,New York/New Jersey,3794.0,5,False
2022-10-16,NJ,New York/New Jersey,4292.0,4,False
2022-10-17,NJ,New York/New Jersey,450.0,1,False
2022-10-18,NJ,New York/New Jersey,4798.0,3,False
2022-10-19,NJ,New York/New Jersey,219.0,1,False
2022-10-20,NJ,New York/New Jersey,3087.0,3,False
2022-10-21,NJ,New York/New Jersey,3861.0,4,False
2022-10-22,NJ,New York/New Jersey,315.0,2,False
2022-10-23,NJ,New York/New Jersey,4179.0,2,False
2022-10-24,NJ,New York/New Jersey,1078.0,2,False
2022-10-25,NJ,New York/New Jersey,139.0,2,False
2022-10-26,NJ,New York/New Jersey,290.0,2,False
2022-10-27,NJ,New York/New Jersey,421.0,3,False
2022-10-28,NJ,New York/New Jersey,1094.0,2,False
2022-10-29,NJ,New York/New Jersey,2497.0,4,False
2022-10-31,NJ,New York/New Jersey,1707.0,2,False
2022-11-02,NJ,New York/New Jersey,4220.0,2,False
2022-11-03,NJ,New York/New Jersey,2143.0,5,False
2022-11-04,NJ,New York/New Jersey,1341.0,2,False
2022-11-06,NJ,New York/New Jersey,1890.0,4,False
2022-11-07,NJ,New York/New Jersey,218.0,1,False
2022-11-08,NJ,New York/New Jersey,2258.0,2,False
2022-11-09,NJ,New York/New Jersey,1321.0,4,False
2022-11-10,NJ,New York/New Jersey,2054.0,2,False
2022-11-11,NJ,New York/New Jersey,256.0,3,False
2022-11-12,NJ,New York/New Jersey,20218.0,6,False
2022-11-13,NJ,New York/New Jersey,2387.0,2,False
2022-11-14,NJ,New York/New Jersey,2650.0,4,False
2022-11-15,NJ,New York/New Jersey,1602.0,4,False
2022-11-16,NJ,New York/New Jersey,38.0,1,False
2022-11-17,NJ,New York/New Jersey,2104.0,2,False
2022-11-18,NJ,New York/New Jersey,5150.0,3,False
2022-11-19,NJ,New York/New Jersey,1162.0,2,False
2022-11-20,NJ,New York/New Jersey,2574.0,4,False
2022-11-21,NJ,New York/New Jersey,1375.0,2,False
2022-11-22,NJ,New York/New Jersey,1088.0,1,False
2022-11-23,NJ,New York/New Jersey,510.0,2,False
2022-11-24,NJ,New York/New Jersey,0.0,3,False
2022-11-25,NJ,New York/New Jersey,2004.0,3,False
2022-11-26,NJ,New York/New Jersey,873.0,4,False
2022-11-27,NJ,New York/New Jersey,0.0,1,False
2022-11-28,NJ,New York/New Jersey,5363.0,5,False
2022-11-29,NJ,New York/New Jersey,359.0,3,False
2022-11-30,NJ,New York/New Jersey,1678.0,7,False
2022-12-01,NJ,New York/New Jersey,847.0,2,False
2022-12-02,NJ,New York/New Jersey,3970.0,4,False
2022-12-03,NJ,New York/New Jersey,602.0,2,False
2022-12-04,NJ,New York/New Jersey,352.0,1,False
2022-12-05,NJ,New York/New Jersey,239.0,4,False
2022-12-06,NJ,New York/New Jersey,1195.0,1,False
2022-12-07,NJ,New York/New Jersey,1066.0,2,False
2022-12-08,NJ,New York/New Jersey,1454.0,3,False
2022-12-09,NJ,New York/New Jersey,147.0,2,False
2022-12-10,NJ,New York/New Jersey,60.0,1,False
2022-12-11,NJ,New York/New Jersey,1879.0,3,False
2022-12-12,NJ,New York/New Jersey,927.0,1,False
2022-12-13,NJ,New York/New Jersey,1934.0,1,False
2022-12-14,NJ,New York/New Jersey,4545.0,5,False
2022-12-15,NJ,New York/New Jersey,3636.0,5,False
2022-12-16,NJ,New York/New Jersey,2931.0,5,False
2022-12-18,NJ,New York/New Jersey,755.0,4,False
2022-12-19,NJ,New York/New Jersey,926.0,2,False
2022-12-20,NJ,New York/New Jersey,176.0,1,False
2022-12-21,NJ,New York/New Jersey,637.0,2,False
2022-12-22,NJ,New York/New Jersey,1631.0,6,False
2022-12-23,NJ,New York/New Jersey,1205.0,2,False
2022-12-24,NJ,New York/New Jersey,1536.0,4,False
2022-12-25,NJ,New York/New Jersey,0.0,2,False
2022-12-26,NJ,New York/New Jersey,9201.0,6,False
2022-12-27,NJ,New York/New Jersey,111.0,2,False
2022-12-28,NJ,New York/New Jersey,5062.0,3,False
2022-12-29,NJ,New York/New Jersey,1305.0,5,False
2022-12-30,NJ,New York/New Jersey,2835.0,2,False
2022-12-31,NJ,New York/New Jersey,0.0,3,False
2023-01-01,NJ,New York/New Jersey,2535.0,3,False
2023-01-02,NJ,New York/New Jersey,4650.0,7,False
2023-01-03,NJ,New York/New Jersey,3601.0,8,False
2023-01-04,NJ,New York/New Jersey,4190.0,5,False
2023-01-05,NJ,New York/New Jersey,981.0,2,False
2023-01-06,NJ,New York/New Jersey,2941.0,5,False
2023-01-08,NJ,New York/New Jersey,65.0,2,False
2023-01-09,NJ,New York/New Jersey,836.0,4,False
2023-01-10,NJ,New York/New Jersey,524.0,3,False
2023-01-12,NJ,New York/New Jersey,7819.0,3,False
2023-01-13,NJ,New York/New Jersey,797.0,2,False
2023-01-14,NJ,New York/New Jersey,6099.0,5,False
2023-01-15,NJ,New York/New Jersey,1014.0,1,False
2023-01-16,NJ,New York/New Jersey,2710.0,3,False
2023-01-17,NJ,New York/New Jersey,33.0,1,False
2023-01-18,NJ,New York/New Jersey,2347.0,4,False
2023-01-19,NJ,New York/New Jersey,1422.0,3,False
2023-01-21,NJ,New York/New Jersey,79.0,2,False
2023-01-22,NJ,New York/New Jersey,1026.0,4,False
2023-01-23,NJ,New York/New Jersey,167.0,1,False
2023-01-25,NJ,New York/New Jersey,548.0,1,False
2023-01-26,NJ,New York/New Jersey,1771.0,3,False
2023-01-27,NJ,New York/New Jersey,311.0,2,False
2023-01-28,NJ,New York/New Jersey,0.0,1,False
2023-01-29,NJ,New York/New Jersey,1809.0,2,False
2023-01-30,NJ,New York/New Jersey,1985.0,2,False
2023-01-31,NJ,New York/New Jersey,1973.0,4,False
2023-02-01,NJ,New York/New Jersey,283.0,1,False
2023-02-03,NJ,New York/New Jersey,8391.0,4,False
2023-02-04,NJ,New York/New Jersey,5842.0,6,False
2023-02-05,NJ,New York/New Jersey,0.0,1,False
2023-02-06,NJ,New York/New Jersey,152.0,1,False
2023-02-07,NJ,New York/New Jersey,394.0,2,False
2023-02-08,NJ,New York/New Jersey,1635.0,4,False
2023-02-09,NJ,New York/New Jersey,944.0,5,False
2023-02-10,NJ,New York/New Jersey,3579.0,6,False
2023-02-11,NJ,New York/New Jersey,1095.0,1,False
2023-02-12,NJ,New York/New Jersey,2470.0,2,False
2023-02-13,NJ,New York/New Jersey,107.0,3,False
2023-02-14,NJ,New York/New Jersey,1369.0,1,False
2023-02-15,NJ,New York/New Jersey,1883.0,4,False
2023-02-16,NJ,New York/New Jersey,394.0,3,False
2023-02-17,NJ,New York/New Jersey,62.0,1,False
2023-02-18,NJ,New York/New Jersey,2044.0,6,False
2023-02-19,NJ,New York/New Jersey,700.0,4,False
2023-02-20,NJ,New York/New Jersey,1975.0,2,False
2023-02-21,NJ,New York/New Jersey,116.0,2,False
2023-02-22,NJ,New York/New Jersey,1854.0,3,False
2023-02-23,NJ,New York/New Jersey,1576.0,3,False
2023-02-24,NJ,New York/New Jersey,4310.0,2,False
2023-02-25,NJ,New York/New Jersey,328.0,3,False
2023-02-26,NJ,New York/New Jersey,1183.0,3,False
2023-02-27,NJ,New York/New Jersey,1585.0,3,False
2023-02-28,NJ,New York/New Jersey,822.0,3,False
2023-03-02,NJ,New York/New Jersey,358.0,2,False
2023-03-03,NJ,New York/New Jersey,1290.0,3,False
2023-03-04,NJ,New York/New Jersey,4190.0,5,False
2023-03-05,NJ,New York/New Jersey,3348.0,2,False
2023-03-06,NJ,New York/New Jersey,369.0,2,False
2023-03-07,NJ,New York/New Jersey,1046.0,3,False
2023-03-08,NJ,New York/New Jersey,1084.0,4,False
2023-03-09,NJ,New York/New Jersey,416.0,1,False
2023-03-11,NJ,New York/New Jersey,1495.0,4,False
2023-03-12,NJ,New York/New Jersey,2145.0,2,False
2023-03-13,NJ,New York/New Jersey,2655.0,4,False
2023-03-14,NJ,New York/New Jersey,826.0,3,False
2023-03-15,NJ,New York/New Jersey,5856.0,3,False
2023-03-16,NJ,New York/New Jersey,5788.0,7,False
2023-03-17,NJ,New York/New Jersey,4699.0,3,False
2023-03-19,NJ,New York/New Jersey,3007.0,4,False
2023-03-20,NJ,New York/New Jersey,4188.0,3,False
2023-03-21,NJ,New York/New Jersey,1557.0,2,False
2023-03-22,NJ,New York/New Jersey,142.0,2,False
2023-03-23,NJ,New York/New Jersey,10072.0,3,False
2023-03-24,NJ,New York/New Jersey,4448.0,3,False
2023-03-25,NJ,New York/New Jersey,3430.0,5,False
2023-03-26,NJ,New York/New Jersey,3924.0,4,False
2023-03-27,NJ,New York/New Jersey,1726.0,3,False
2023-03-28,NJ,New York/New Jersey,2326.0,3,False
2023-03-29,NJ,New York/New Jersey,489.0,2,False
2023-03-30,NJ,New York/New Jersey,582.0,3,False
2023-03-31,NJ,New York/New Jersey,531.0,4,False
2023-04-01,NJ,New York/New Jersey,684.0,2,False
2023-04-02,NJ,New York/New Jersey,0.0,1,False
2023-04-03,NJ,New York/New Jersey,217.0,4,False
2023-04-04,NJ,New York/New Jersey,5311.0,6,False
2023-04-05,NJ,New York/New Jersey,4057.0,5,False
2023-04-06,NJ,New York/New Jersey,20.0,1,False
2023-04-07,NJ,New York/New Jersey,142.0,2,False
2023-04-08,NJ,New York/New Jersey,9514.0,3,False
2023-04-10,NJ,New York/New Jersey,19.0,1,False
2023-04-11,NJ,New York/New Jersey,388.0,2,False
2023-04-12,NJ,New York/New Jersey,1289.0,1,False
2023-04-13,NJ,New York/New Jersey,2327.0,4,False
2023-04-14,NJ,New York/New Jersey,122.0,3,False
2023-04-15,NJ,New York/New Jersey,15712.0,5,False
2023-04-16,NJ,New York/New Jersey,2088.0,3,False
2023-04-17,NJ,New York/New Jersey,1262.0,2,False
2023-04-18,NJ,New York/New Jersey,2754.0,4,False
2023-04-19,NJ,New York/New Jersey,2781.0,2,False
2023-04-20,NJ,New York/New Jersey,3533.0,5,False
2023-04-21,NJ,New York/New Jersey,2273.0,2,False
2023-04-22,NJ,New York/New Jersey,925.0,3,False
2023-04-23,NJ,New York/New Jersey,18488.0,7,False
2023-04-24,NJ,New York/New Jersey,3301.0,3,False
2023-04-25,NJ,New York/New Jersey,3055.0,4,False
2023-04-26,NJ,New York/New Jersey,759.0,2,False
2023-04-27,NJ,New York/New Jersey,111.0,2,False
2023-04-28,NJ,New York/New Jersey,4926.0,1,False
2023-04-30,NJ,New York/New Jersey,2970.0,3,False
2023-05-01,NJ,New York/New Jersey,1437.0,5,False
2023-05-02,NJ,New York/New Jersey,846.0,4,False
2023-05-03,NJ,New York/New Jersey,2351.0,3,False
2023-05-04,NJ,New York/New Jersey,776.0,4,False
2023-05-05,NJ,New York/New Jersey,491.0,3,False
2023-05-06,NJ,New York/New Jersey,1601.0,2,False
2023-05-07,NJ,New York/New Jersey,3035.0,5,False
2023-05-08,NJ,New York/New Jersey,39.0,1,False
2023-05-09,NJ,New York/New Jersey,161.0,2,False
2023-05-10,NJ,New York/New Jersey,1132.0,4,False
2023-05-11,NJ,New York/New Jersey,865.0,2,False
2023-05-12,NJ,New York/New Jersey,1860.0,4,False
2023-05-13,NJ,New York/New Jersey,3821.0,3,False
2023-05-14,NJ,New York/New Jersey,2349.0,4,False
2023-05-15,NJ,New York/New Jersey,1176.0,1,False
2023-05-17,NJ,New York/New Jersey,1173.0,2,False
2023-05-18,NJ,New York/New Jersey,154.0,1,False
2023-05-19,NJ,New York/New Jersey,2004.0,1,False
2023-05-20,NJ,New York/New Jersey,1871.0,5,False
2023-05-21,NJ,New York/New Jersey,3196.0,2,False
2023-05-22,NJ,New York/New Jersey,1321.0,3,False
2023-05-23,NJ,New York/New Jersey,1915.0,3,False
2023-05-24,NJ,New York/New Jersey,1949.0,2,False
2023-05-25,NJ,New York/New Jersey,94.0,2,False
2023-05-26,NJ,New York/New Jersey,3495.0,2,False
2023-05-27,NJ,New York/New Jersey,38.0,1,False
2023-05-28,NJ,New York/New Jersey,2731.0,4,False
2023-05-29,NJ,New York/New Jersey,2060.0,3,False
2023-05-30,NJ,New York/New Jersey,2283.0,4,False
2023-05-31,NJ,New York/New Jersey,31.0,1,False
2023-06-01,NJ,New York/New Jersey,2047.0,2,True
2023-06-02,NJ,New York/New Jersey,1097.0,5,True
2023-06-03,NJ,New York/New Jersey,147.0,2,True
2023-06-04,NJ,New York/New Jersey,2354.0,4,True
2023-06-05,NJ,New York/New Jersey,394.0,2,True
2023-06-06,NJ,New York/New Jersey,212.0,3,True
2023-06-07,NJ,New York/New Jersey,2443.0,2,True
2023-06-08,NJ,New York/New Jersey,813.0,2,True
2023-06-09,NJ,New York/New Jersey,2939.0,2,True
2023-06-10,NJ,New York/New Jersey,329.0,5,True
2023-06-11,NJ,New York/New Jersey,130.0,1,True
2023-06-12,NJ,New York/New Jersey,1923.0,3,True
2023-06-13,NJ,New York/New Jersey,452.0,3,True
2023-06-14,NJ,New York/New Jersey,372.0,2,True
2023-06-15,NJ,New York/New Jersey,1288.0,4,True
2023-06-16,NJ,New York/New Jersey,119.0,2,True
2023-06-17,NJ,New York/New Jersey,2641.0,6,True
2023-06-18,NJ,New York/New Jersey,874.0,3,True
2023-06-19,NJ,New York/New Jersey,4644.0,3,True
2023-06-20,NJ,New York/New Jersey,2761.0,2,True
2023-06-21,NJ,New York/New Jersey,169.0,2,True
2023-06-22,NJ,New York/New Jersey,69.0,3,True
2023-06-23,NJ,New York/New Jersey,9645.0,5,True
2023-06-24,NJ,New York/New Jersey,5801.0,4,True
2023-06-25,NJ,New York/New Jersey,1003.0,1,True
2023-06-26,NJ,New York/New Jersey,193.0,3,True
2023-06-27,NJ,New York/New Jersey,2436.0,2,True
2023-06-28,NJ,New York/New Jersey,51.0,1,True
2023-06-29,NJ,New York/New Jersey,232.0,2,True
2023-06-30,NJ,New York/New Jersey,145.0,3,True
2023-07-01,NJ,New York/New Jersey,1613.0,3,True
2023-07-02,NJ,New York/New Jersey,1491.0,6,True
2023-07-03,NJ,New York/New Jersey,512.0,2,True
2023-07-04,NJ,New York/New Jersey,619.0,2,True
2023-07-05,NJ,New York/New Jersey,3285.0,2,True
2023-07-06,NJ,New York/New Jersey,810.0,1,True
2023-07-07,NJ,New York/New Jersey,6281.0,2,True
2023-07-08,NJ,New York/New Jersey,2437.0,3,True
2023-07-09,NJ,New York/New Jersey,2132.0,2,True
2023-07-10,NJ,New York/New Jersey,149.0,1,True
2023-07-11,NJ,New York/New Jersey,300.0,4,True
2023-07-12,NJ,New York/New Jersey,10538.0,7,True
2023-07-13,NJ,New York/New Jersey,615.0,5,True
2023-07-15,NJ,New York/New Jersey,156.0,2,True
2023-07-16,NJ,New York/New Jersey,49.0,2,True
2023-07-17,NJ,New York/New Jersey,1125.0,3,True
2023-07-18,NJ,New York/New Jersey,3610.0,3,True
2023-07-19,NJ,New York/New Jersey,75.0,1,True
2023-07-20,NJ,New York/New Jersey,1304.0,3,True
2023-07-22,NJ,New York/New Jersey,1182.0,3,True
2023-07-24,NJ,New York/New Jersey,118.0,2,True
2023-07-25,NJ,New York/New Jersey,327.0,3,True
2023-07-26,NJ,New York/New Jersey,4888.0,7,True
2023-07-28,NJ,New York/New Jersey,295.0,3,True
2023-07-29,NJ,New York/New Jersey,2475.0,6,True
2023-07-30,NJ,New York/New Jersey,345.0,1,True
2023-07-31,NJ,New York/New Jersey,23.0,1,True
2023-08-01,NJ,New York/New Jersey,4648.0,3,True
2023-08-02,NJ,New York/New Jersey,352.0,4,True
2023-08-04,NJ,New York/New Jersey,2649.0,4,True
2023-08-05,NJ,New York/New Jersey,152.0,2,True
2023-08-07,NJ,New York/New Jersey,212.0,2,True
2023-08-08,NJ,New York/New Jersey,494.0,4,True
2023-08-11,NJ,New York/New Jersey,4205.0,1,True
2023-08-12,NJ,New York/New Jersey,462.0,5,True
2023-08-13,NJ,New York/New Jersey,2654.0,6,True
2023-08-14,NJ,New York/New Jersey,189.0,2,True
2023-08-15,NJ,New York/New Jersey,279.0,3,True
2023-08-16,NJ,New York/New Jersey,4307.0,6,True
2023-08-17,NJ,New York/New Jersey,2443.0,4,True
2023-08-18,NJ,New York/New Jersey,342.0,1,True
2023-08-19,NJ,New York/New Jersey,177.0,2,True
2023-08-20,NJ,New York/New Jersey,2035.0,3,True
2023-08-21,NJ,New York/New Jersey,554.0,1,True
2023-08-22,NJ,New York/New Jersey,6506.0,4,True
2023-08-23,NJ,New York/New Jersey,753.0,3,True
2023-08-24,NJ,New York/New Jersey,727.0,1,True
2023-08-25,NJ,New York/New Jersey,2651.0,4,True
2023-08-27,NJ,New York/New Jersey,1031.0,3,True
2023-08-28,NJ,New York/New Jersey,636.0,3,True
2023-08-29,NJ,New York/New Jersey,1269.0,3,True
2023-08-30,NJ,New York/New Jersey,1205.0,2,True
2023-08-31,NJ,New York/New Jersey,5995.0,5,True
2023-09-01,NJ,New York/New Jersey,6941.0,4,False
2023-09-02,NJ,New York/New Jersey,271.0,1,False
2023-09-03,NJ,New York/New Jersey,506.0,3,False
2023-09-04,NJ,New York/New Jersey,1889.0,2,False
2023-09-05,NJ,New York/New Jersey,467.0,2,False
2023-09-06,NJ,New York/New Jersey,138.0,1,False
2023-09-07,NJ,New York/New Jersey,682.0,3,False
2023-09-09,NJ,New York/New Jersey,5607.0,3,False
2023-09-10,NJ,New York/New Jersey,1636.0,1,False
2023-09-11,NJ,New York/New Jersey,1928.0,1,False
2023-09-12,NJ,New York/New Jersey,2006.0,5,False
2023-09-13,NJ,New York/New Jersey,2059.0,5,False
2023-09-14,NJ,New York/New Jersey,513.0,2,False
2023-09-16,NJ,New York/New Jersey,3090.0,8,False
2023-09-17,NJ,New York/New Jersey,1320.0,4,False
2023-09-18,NJ,New York/New Jersey,841.0,4,False
2023-09-19,NJ,New York/New Jersey,1769.0,3,False
2023-09-20,NJ,New York/New Jersey,546.0,4,False
2023-09-21,NJ,New York/New Jersey,218.0,2,False
2023-09-22,NJ,New York/New Jersey,90.0,1,False
2023-09-23,NJ,New York/New Jersey,2114.0,2,False
2023-09-24,NJ,New York/New Jersey,2811.0,7,False
2023-09-25,NJ,New York/New Jersey,3228.0,5,False
2023-09-26,NJ,New York/New Jersey,794.0,2,False
2023-09-27,NJ,New York/New Jersey,1622.0,3,False
2023-09-28,NJ,New York/New Jersey,1062.0,3,False
2023-09-29,NJ,New York/New Jersey,2324.0,5,False
2023-09-30,NJ,New York/New Jersey,1678.0,7,False
2023-10-01,NJ,New York/New Jersey,339.0,3,False
2023-10-02,NJ,New York/New Jersey,2862.0,5,False
2023-10-03,NJ,New York/New Jersey,2192.0,1,False
2023-10-04,NJ,New York/New Jersey,77.0,1,False
2023-10-05,NJ,New York/New Jersey,115.0,1,False
2023-10-06,NJ,New York/New Jersey,228.0,3,False
2023-10-07,NJ,New York/New Jersey,4654.0,4,False
2023-10-08,NJ,New York/New Jersey,2400.0,3,False
2023-10-09,NJ,New York/New Jersey,5632.0,4,False
2023-10-10,NJ,New York/New Jersey,1252.0,2,False
2023-10-11,NJ,New York/New Jersey,756.0,2,False
2023-10-12,NJ,New York/New Jersey,701.0,1,False
2023-10-13,NJ,New York/New Jersey,1292.0,3,False
2023-10-14,NJ,New York/New Jersey,68.0,1,False
2023-10-15,NJ,New York/New Jersey,89.0,1,False
2023-10-16,NJ,New York/New Jersey,2322.0,2,False
2023-10-18,NJ,New York/New Jersey,3536.0,4,False
2023-10-19,NJ,New York/New Jersey,29.0,1,False
2023-10-20,NJ,New York/New Jersey,82.0,1,False
2023-10-21,NJ,New York/New Jersey,329.0,3,False
2023-10-22,NJ,New York/New Jersey,506.0,1,False
2023-10-23,NJ,New York/New Jersey,2098.0,2,False
2023-10-24,NJ,New York/New Jersey,66.0,1,False
2023-10-25,NJ,New York/New Jersey,3252.0,2,False
2023-10-26,NJ,New York/New Jersey,3899.0,3,False
2023-10-27,NJ,New York/New Jersey,696.0,2,False
2023-10-28,NJ,New York/New Jersey,3559.0,4,False
2023-10-29,NJ,New York/New Jersey,2837.0,2,False
2023-10-30,NJ,New York/New Jersey,1954.0,4,False
2023-10-31,NJ,New York/New Jersey,880.0,1,False
2023-11-01,NJ,New York/New Jersey,322.0,4,False
2023-11-02,NJ,New York/New Jersey,2353.0,3,False
2023-11-03,NJ,New York/New Jersey,250.0,2,False
2023-11-04,NJ,New York/New Jersey,0.0,1,False
2023-11-05,NJ,New York/New Jersey,2925.0,6,False
2023-11-06,NJ,New York/New Jersey,3843.0,2,False
2023-11-07,NJ,New York/New Jersey,1744.0,2,False
2023-11-08,NJ,New York/New Jersey,1444.0,3,False
2023-11-09,NJ,New York/New Jersey,110.0,2,False
2023-11-10,NJ,New York/New Jersey,6523.0,7,False
2023-11-11,NJ,New York/New Jersey,0.0,1,False
2023-11-12,NJ,New York/New Jersey,1767.0,2,False
2023-11-13,NJ,New York/New Jersey,251.0,2,False
2023-11-14,NJ,New York/New Jersey,1430.0,3,False
2023-11-15,NJ,New York/New Jersey,4638.0,3,False
2023-11-16,NJ,New York/New Jersey,1459.0,2,False
2023-11-18,NJ,New York/New Jersey,369.0,1,False
2023-11-19,NJ,New York/New Jersey,1046.0,3,False
2023-11-20,NJ,New York/New Jersey,1339.0,3,False
2023-11-21,NJ,New York/New Jersey,201.0,3,False
2023-11-22,NJ,New York/New Jersey,278.0,2,False
2023-11-23,NJ,New York/New Jersey,433.0,4,False
2023-11-24,NJ,New York/New Jersey,861.0,1,False
2023-11-25,NJ,New York/New Jersey,3271.0,4,False
2023-11-27,NJ,New York/New Jersey,3274.0,3,False
2023-11-28,NJ,New York/New Jersey,136.0,1,False
2023-11-29,NJ,New York/New Jersey,1790.0,4,False
2023-11-30,NJ,New York/New Jersey,111.0,2,False
2023-12-01,NJ,New York/New Jersey,2953.0,3,False
2023-12-02,NJ,New York/New Jersey,166.0,2,False
2023-12-03,NJ,New York/New Jersey,646.0,3,False
2023-12-04,NJ,New York/New Jersey,869.0,5,False
2023-12-05,NJ,New York/New Jersey,6977.0,5,False
2023-12-07,NJ,New York/New Jersey,496.0,3,False
2023-12-08,NJ,New York/New Jersey,1655.0,4,False
2023-12-09,NJ,New York/New Jersey,4968.0,3,False
2023-12-11,NJ,New York/New Jersey,1289.0,4,False
2023-12-12,NJ,New York/New Jersey,1006.0,2,False
2023-12-13,NJ,New York/New Jersey,1112.0,2,False
2023-12-14,NJ,New York/New Jersey,209.0,1,False
2023-12-15,NJ,New York/New Jersey,68.0,1,False
2023-12-16,NJ,New York/New Jersey,3804.0,2,False
2023-12-17,NJ,New York/New Jersey,203.0,1,False
2023-12-18,NJ,New York/New Jersey,2873.0,6,False
2023-12-19,NJ,New York/New Jersey,4697.0,5,False
2023-12-20,NJ,New York/New Jersey,171.0,3,False
2023-12-21,NJ,New York/New Jersey,39.0,1,False
2023-12-22,NJ,New York/New Jersey,985.0,1,False
2023-12-24,NJ,New York/New Jersey,2742.0,1,False
2023-12-25,NJ,New York/New Jersey,5305.0,4,False
2023-12-26,NJ,New York/New Jersey,4074.0,2,False
2023-12-27,NJ,New York/New Jersey,6176.0,3,False
2023-12-28,NJ,New York/New Jersey,5114.0,5,False
2023-12-29,NJ,New York/New Jersey,2859.0,3,False
2023-12-30,NJ,New York/New Jersey,141.0,2,False
2023-12-31,NJ,New York/New Jersey,484.0,4,False
2024-01-01,NJ,New York/New Jersey,335.0,4,False
2024-01-02,NJ,New York/New Jersey,753.0,2,False
2024-01-03,NJ,New York/New Jersey,263.0,4,False
2024-01-04,NJ,New York/New Jersey,1589.0,1,False
2024-01-05,NJ,New York/New Jersey,1460.0,1,False
2024-01-06,NJ,New York/New Jersey,3240.0,3,False
2024-01-08,NJ,New York/New Jersey,825.0,3,False
2024-01-09,NJ,New York/New Jersey,474.0,2,False
2024-01-10,NJ,New York/New Jersey,217.0,1,False
2024-01-12,NJ,New York/New Jersey,384.0,3,False
2024-01-13,NJ,New York/New Jersey,14513.0,4,False
2024-01-14,NJ,New York/New Jersey,659.0,4,False
2024-01-15,NJ,New York/New Jersey,92.0,1,False
2024-01-16,NJ,New York/New Jersey,88.0,1,False
2024-01-17,NJ,New York/New Jersey,1510.0,3,False
2024-01-18,NJ,New York/New Jersey,165.0,2,False
2024-01-20,NJ,New York/New Jersey,1189.0,3,False
2024-01-21,NJ,New York/New Jersey,1267.0,5,False
2024-01-22,NJ,New York/New Jersey,19.0,1,False
2024-01-23,NJ,New York/New Jersey,456.0,3,False
2024-01-24,NJ,New York/New Jersey,178.0,2,False
2024-01-25,NJ,New York/New Jersey,24.0,1,False
2024-01-26,NJ,New York/New Jersey,955.0,2,False
2024-01-27,NJ,New York/New Jersey,6198.0,2,False
2024-01-29,NJ,New York/New Jersey,46.0,2,False
2024-01-30,NJ,New York/New Jersey,1864.0,3,False
2024-01-31,NJ,New York/New Jersey,3955.0,7,False
2024-02-02,NJ,New York/New Jersey,65.0,1,False
2024-02-03,NJ,New York/New Jersey,1699.0,2,False
2024-02-05,NJ,New York/New Jersey,355.0,4,False
2024-02-06,NJ,New York/New Jersey,2078.0,5,False
2024-02-07,NJ,New York/New Jersey,5214.0,3,False
2024-02-08,NJ,New York/New Jersey,1440.0,1,False
2024-02-09,NJ,New York/New Jersey,219.0,1,False
2024-02-10,NJ,New York/New Jersey,5037.0,2,False
2024-02-11,NJ,New York/New Jersey,1131.0,5,False
2024-02-12,NJ,New York/New Jersey,2101.0,2,False
2024-02-13,NJ,New York/New Jersey,1185.0,2,False
2024-02-14,NJ,New York/New Jersey,2105.0,4,False
2024-02-15,NJ,New York/New Jersey,72.0,1,False
2024-02-16,NJ,New York/New Jersey,1766.0,4,False
2024-02-17,NJ,New York/New Jersey,4044.0,5,False
2024-02-18,NJ,New York/New Jersey,3486.0,7,False
2024-02-19,NJ,New York/New Jersey,7757.0,3,False
2024-02-20,NJ,New York/New Jersey,605.0,2,False
2024-02-21,NJ,New York/New Jersey,1635.0,3,False
2024-02-22,NJ,New York/New Jersey,3464.0,4,False
2024-02-23,NJ,New York/New Jersey,3124.0,4,False
2024-02-24,NJ,New York/New Jersey,9839.0,4,False
2024-02-25,NJ,New York/New Jersey,725.0,4,False
2024-02-26,NJ,New York/New Jersey,495.0,2,False
2024-02-27,NJ,New York/New Jersey,3367.0,4,False
2024-02-29,NJ,New York/New Jersey,2016.0,3,False
2024-03-01,NJ,New York/New Jersey,840.0,2,False
2024-03-02,NJ,New York/New Jersey,766.0,2,False
2024-03-03,NJ,New York/New Jersey,447.0,4,False
2024-03-04,NJ,New York/New Jersey,297.0,1,False
2024-03-05,NJ,New York/New Jersey,1330.0,5,False
2024-03-06,NJ,New York/New Jersey,1047.0,3,False
2024-03-07,NJ,New York/New Jersey,2280.0,2,False
2024-03-08,NJ,New York/New Jersey,1098.0,3,False
2024-03-09,NJ,New York/New Jersey,3254.0,2,False
2024-03-10,NJ,New York/New Jersey,1257.0,4,False
2024-03-11,NJ,New York/New Jersey,317.0,2,False
2024-03-12,NJ,New York/New Jersey,1265.0,5,False
2024-03-13,NJ,New York/New Jersey,946.0,3,False
2024-03-14,NJ,New York/New Jersey,2188.0,4,False
2024-03-15,NJ,New York/New Jersey,2931.0,2,False
2024-03-16,NJ,New York/New Jersey,6977.0,4,False
2024-03-17,NJ,New York/New Jersey,0.0,2,False
2024-03-18,NJ,New York/New Jersey,501.0,4,False
2024-03-19,NJ,New York/New Jersey,46.0,2,False
2024-03-20,NJ,New York/New Jersey,667.0,4,False
2024-03-21,NJ,New York/New Jersey,1108.0,1,False
2024-03-22,NJ,New York/New Jersey,115.0,3,False
2024-03-23,NJ,New York/New Jersey,0.0,1,False
2024-03-25,NJ,New York/New Jersey,821.0,3,False
2024-03-26,NJ,New York/New Jersey,344.0,2,False
2024-03-27,NJ,New York/New Jersey,8568.0,9,False
2024-03-28,NJ,New York/New Jersey,351.0,1,False
2024-03-29,NJ,New York/New Jersey,4597.0,3,False
2024-03-30,NJ,New York/New Jersey,763.0,1,False
2024-03-31,NJ,New York/New Jersey,6451.0,4,False
2024-04-01,NJ,New York/New Jersey,1580.0,3,False
2024-04-02,NJ,New York/New Jersey,1027.0,3,False
2024-04-03,NJ,New York/New Jersey,22.0,1,False
2024-04-04,NJ,New York/New Jersey,2305.0,3,False
2024-04-05,NJ,New York/New Jersey,127.0,2,False
2024-04-06,NJ,New York/New Jersey,7035.0,6,False
2024-04-07,NJ,New York/New Jersey,0.0,2,False
2024-04-08,NJ,New York/New Jersey,1005.0,3,False
2024-04-09,NJ,New York/New Jersey,1628.0,6,False
2024-04-10,NJ,New York/New Jersey,361.0,3,False
2024-04-12,NJ,New York/New Jersey,1518.0,3,False
2024-04-13,NJ,New York/New Jersey,723.0,2,False
2024-04-14,NJ,New York/New Jersey,767.0,5,False
2024-04-15,NJ,New York/New Jersey,388.0,2,False
2024-04-16,NJ,New York/New Jersey,771.0,2,False
2024-04-18,NJ,New York/New Jersey,506.0,2,False
2024-04-20,NJ,New York/New Jersey,629.0,4,False
2024-04-21,NJ,New York/New Jersey,5659.0,5,False
2024-04-22,NJ,New York/New Jersey,2481.0,4,False
2024-04-23,NJ,New York/New Jersey,1076.0,5,False
2024-04-24,NJ,New York/New Jersey,2060.0,3,False
2024-04-25,NJ,New York/New Jersey,2265.0,2,False
2024-04-26,NJ,New York/New Jersey,1687.0,2,False
2024-04-27,NJ,New York/New Jersey,5986.0,3,False
2024-04-28,NJ,New York/New Jersey,1873.0,4,False
2024-04-29,NJ,New York/New Jersey,423.0,1,False
2024-04-30,NJ,New York/New Jersey,397.0,2,False
2024-05-01,NJ,New York/New Jersey,2092.0,5,False
2024-05-02,NJ,New York/New Jersey,9169.0,2,False
2024-05-03,NJ,New York/New Jersey,115.0,2,False
2024-05-04,NJ,New York/New Jersey,488.0,3,False
2024-05-05,NJ,New York/New Jersey,365.0,2,False
2024-05-06,NJ,New York/New Jersey,2118.0,4,False
2024-05-07,NJ,New York/New Jersey,2847.0,2,False
2024-05-08,NJ,New York/New Jersey,809.0,3,False
2024-05-09,NJ,New York/New Jersey,623.0,4,False
2024-05-10,NJ,New York/New Jersey,3337.0,6,False
2024-05-11,NJ,New York/New Jersey,239.0,2,False
2024-05-12,NJ,New York/New Jersey,2153.0,2,False
2024-05-14,NJ,New York/New Jersey,2923.0,8,False
2024-05-15,NJ,New York/New Jersey,196.0,2,False
2024-05-16,NJ,New York/New Jersey,2360.0,4,False
2024-05-17,NJ,New York/New Jersey,151.0,1,False
2024-05-18,NJ,New York/New Jersey,4413.0,6,False
2024-05-19,NJ,New York/New Jersey,4843.0,6,False
2024-05-20,NJ,New York/New Jersey,112.0,1,False
2024-05-21,NJ,New York/New Jersey,722.0,1,False
2024-05-22,NJ,New York/New Jersey,2484.0,3,False
2024-05-23,NJ,New York/New Jersey,116.0,2,False
2024-05-24,NJ,New York/New Jersey,125.0,1,False
2024-05-25,NJ,New York/New Jersey,2060.0,6,False
2024-05-26,NJ,New York/New Jersey,0.0,2,False
2024-05-28,NJ,New York/New Jersey,399.0,2,False
2024-05-29,NJ,New York/New Jersey,1368.0,6,False
2024-05-30,NJ,New York/New Jersey,1455.0,3,False
2024-05-31,NJ,New York/New Jersey,1293.0,4,False
2024-06-01,NJ,New York/New Jersey,2379.0,3,True
2024-06-02,NJ,New York/New Jersey,610.0,3,True
2024-06-03,NJ,New York/New Jersey,6711.0,3,True
2024-06-04,NJ,New York/New Jersey,314.0,3,True
2024-06-05,NJ,New York/New Jersey,5335.0,2,True
2024-06-06,NJ,New York/New Jersey,236.0,3,True
2024-06-07,NJ,New York/New Jersey,42.0,1,True
2024-06-08,NJ,New York/New Jersey,520.0,1,True
2024-06-09,NJ,New York/New Jersey,4597.0,6,True
2024-06-10,NJ,New York/New Jersey,2646.0,2,True
2024-06-11,NJ,New York/New Jersey,1030.0,2,True
2024-06-13,NJ,New York/New Jersey,97.0,1,True
2024-06-14,NJ,New York/New Jersey,2912.0,2,True
2024-06-15,NJ,New York/New Jersey,10378.0,5,True
2024-06-16,NJ,New York/New Jersey,207.0,1,True
2024-06-17,NJ,New York/New Jersey,1101.0,2,True
2024-06-18,NJ,New York/New Jersey,1693.0,2,True
2024-06-20,NJ,New York/New Jersey,115.0,1,True
2024-06-21,NJ,New York/New Jersey,76.0,2,True
2024-06-22,NJ,New York/New Jersey,1177.0,4,True
2024-06-24,NJ,New York/New Jersey,3414.0,5,True
2024-06-25,NJ,New York/New Jersey,982.0,3,True
2024-06-26,NJ,New York/New Jersey,2645.0,4,True
2024-06-27,NJ,New York/New Jersey,216.0,1,True
2024-06-28,NJ,New York/New Jersey,2929.0,2,True
2024-06-29,NJ,New York/New Jersey,433.0,4,True
2024-06-30,NJ,New York/New Jersey,263.0,2,True
2024-07-01,NJ,New York/New Jersey,332.0,2,True
2024-07-02,NJ,New York/New Jersey,1546.0,2,True
2024-07-03,NJ,New York/New Jersey,525.0,2,True
2024-07-04,NJ,New York/New Jersey,685.0,2,True
2024-07-05,NJ,New York/New Jersey,504.0,3,True
2024-07-06,NJ,New York/New Jersey,172.0,1,True
2024-07-07,NJ,New York/New Jersey,332.0,3,True
2024-07-08,NJ,New York/New Jersey,3272.0,2,True
2024-07-09,NJ,New York/New Jersey,272.0,2,True
2024-07-10,NJ,New York/New Jersey,2243.0,3,True
2024-07-11,NJ,New York/New Jersey,264.0,2,True
2024-07-12,NJ,New York/New Jersey,5937.0,4,True
2024-07-13,NJ,New York/New Jersey,495.0,1,True
2024-07-14,NJ,New York/New Jersey,188.0,2,True
2024-07-15,NJ,New York/New Jersey,664.0,2,True
2024-07-16,NJ,New York/New Jersey,8193.0,6,True
2024-07-17,NJ,New York/New Jersey,485.0,1,True
2024-07-18,NJ,New York/New Jersey,158.0,1,True
2024-07-19,NJ,New York/New Jersey,1116.0,3,True
2024-07-20,NJ,New York/New Jersey,5561.0,3,True
2024-07-21,NJ,New York/New Jersey,479.0,1,True
2024-07-23,NJ,New York/New Jersey,103.0,2,True
2024-07-24,NJ,New York/New Jersey,540.0,2,True
2024-07-25,NJ,New York/New Jersey,4235.0,3,True
2024-07-26,NJ,New York/New Jersey,1837.0,3,True
2024-07-27,NJ,New York/New Jersey,1282.0,5,True
2024-07-28,NJ,New York/New Jersey,2619.0,4,True
2024-07-29,NJ,New York/New Jersey,276.0,3,True
2024-07-30,NJ,New York/New Jersey,274.0,1,True
2024-07-31,NJ,New York/New Jersey,4558.0,3,True
2024-08-01,NJ,New York/New Jersey,1427.0,3,True
2024-08-02,NJ,New York/New Jersey,4501.0,3,True
2024-08-03,NJ,New York/New Jersey,528.0,1,True
2024-08-04,NJ,New York/New Jersey,3278.0,5,True
2024-08-06,NJ,New York/New Jersey,137.0,1,True
2024-08-07,NJ,New York/New Jersey,231.0,3,True
2024-08-08,NJ,New York/New Jersey,644.0,1,True
2024-08-09,NJ,New York/New Jersey,3168.0,3,True
2024-08-10,NJ,New York/New Jersey,8431.0,3,True
2024-08-11,NJ,New York/New Jersey,922.0,3,True
2024-08-12,NJ,New York/New Jersey,135.0,2,True
2024-08-13,NJ,New York/New Jersey,2707.0,3,True
2024-08-14,NJ,New York/New Jersey,1208.0,4,True
2024-08-15,NJ,New York/New Jersey,134.0,2,True
2024-08-16,NJ,New York/New Jersey,382.0,3,True
2024-08-17,NJ,New York/New Jersey,2267.0,3,True
2024-08-18,NJ,New York/New Jersey,210.0,2,True
2024-08-20,NJ,New York/New Jersey,2211.0,1,True
2024-08-21,NJ,New York/New Jersey,2669.0,3,True
2024-08-22,NJ,New York/New Jersey,1180.0,3,True
2024-08-23,NJ,New York/New Jersey,700.0,3,True
2024-08-24,NJ,New York/New Jersey,5615.0,5,True
2024-08-25,NJ,New York/New Jersey,952.0,4,True
2024-08-26,NJ,New York/New Jersey,1838.0,4,True
2024-08-27,NJ,New York/New Jersey,3976.0,2,True
2024-08-28,NJ,New York/New Jersey,3801.0,3,True
2024-08-29,NJ,New York/New Jersey,3880.0,6,True
2024-08-31,NJ,New York/New Jersey,240.0,1,True
2024-09-01,NJ,New York/New Jersey,661.0,3,False
2024-09-02,NJ,New York/New Jersey,937.0,3,False
2024-09-03,NJ,New York/New Jersey,541.0,1,False
2024-09-04,NJ,New York/New Jersey,1633.0,3,False
2024-09-05,NJ,New York/New Jersey,109.0,1,False
2024-09-06,NJ,New York/New Jersey,398.0,2,False
2024-09-07,NJ,New York/New Jersey,2825.0,6,False
2024-09-08,NJ,New York/New Jersey,0.0,2,False
2024-09-09,NJ,New York/New Jersey,341.0,1,False
2024-09-10,NJ,New York/New Jersey,125.0,3,False
2024-09-11,NJ,New York/New Jersey,1001.0,2,False
2024-09-12,NJ,New York/New Jersey,5239.0,5,False
2024-09-13,NJ,New York/New Jersey,371.0,2,False
2024-09-14,NJ,New York/New Jersey,1464.0,2,False
2024-09-15,NJ,New York/New Jersey,448.0,1,False
2024-09-16,NJ,New York/New Jersey,481.0,2,False
2024-09-17,NJ,New York/New Jersey,488.0,2,False
2024-09-18,NJ,New York/New Jersey,1789.0,2,False
2024-09-19,NJ,New York/New Jersey,5485.0,4,False
2024-09-20,NJ,New York/New Jersey,1499.0,2,False
2024-09-21,NJ,New York/New Jersey,4031.0,5,False
2024-09-22,NJ,New York/New Jersey,2044.0,4,False
2024-09-23,NJ,New York/New Jersey,314.0,3,False
2024-09-24,NJ,New York/New Jersey,1010.0,2,False
2024-09-25,NJ,New York/New Jersey,3479.0,3,False
2024-09-26,NJ,New York/New Jersey,83.0,2,False
2024-09-27,NJ,New York/New Jersey,229.0,3,False
2024-09-29,NJ,New York/New Jersey,2888.0,4,False
2024-10-01,NJ,New York/New Jersey,5226.0,3,False
2024-10-02,NJ,New York/New Jersey,4137.0,5,False
2024-10-03,NJ,New York/New Jersey,3466.0,4,False
2024-10-04,NJ,New York/New Jersey,193.0,1,False
2024-10-05,NJ,New York/New Jersey,104.0,2,False
2024-10-06,NJ,New York/New Jersey,1436.0,5,False
2024-10-07,NJ,New York/New Jersey,2918.0,3,False
2024-10-08,NJ,New York/New Jersey,1798.0,2,False
2024-10-09,NJ,New York/New Jersey,852.0,4,False
2024-10-10,NJ,New York/New Jersey,1632.0,2,False
2024-10-11,NJ,New York/New Jersey,19.0,1,False
2024-10-12,NJ,New York/New Jersey,8628.0,4,False
2024-10-13,NJ,New York/New Jersey,51.0,1,False
2024-10-14,NJ,New York/New Jersey,6356.0,6,False
2024-10-15,NJ,New York/New Jersey,1180.0,2,False
2024-10-16,NJ,New York/New Jersey,298.0,2,False
2024-10-17,NJ,New York/New Jersey,3573.0,5,False
2024-10-18,NJ,New York/New Jersey,315.0,3,False
2024-10-19,NJ,New York/New Jersey,2685.0,4,False
2024-10-20,NJ,New York/New Jersey,53.0,1,False
2024-10-21,NJ,New York/New Jersey,81.0,2,False
2024-10-22,NJ,New York/New Jersey,2348.0,3,False
2024-10-23,NJ,New York/New Jersey,1223.0,3,False
2024-10-24,NJ,New York/New Jersey,3740.0,4,False
2024-10-25,NJ,New York/New Jersey,87.0,1,False
2024-10-26,NJ,New York/New Jersey,1248.0,2,False
2024-10-27,NJ,New York/New Jersey,245.0,3,False
2024-10-28,NJ,New York/New Jersey,388.0,3,False
2024-10-30,NJ,New York/New Jersey,1793.0,6,False
2024-10-31,NJ,New York/New Jersey,2325.0,4,False
2024-11-02,NJ,New York/New Jersey,1750.0,2,False
2024-11-03,NJ,New York/New Jersey,0.0,1,False
2024-11-04,NJ,New York/New Jersey,3565.0,3,False
2024-11-05,NJ,New York/New Jersey,1499.0,4,False
2024-11-06,NJ,New York/New Jersey,3830.0,4,False
2024-11-07,NJ,New York/New Jersey,1887.0,2,False
2024-11-09,NJ,New York/New Jersey,3210.0,3,False
2024-11-10,NJ,New York/New Jersey,444.0,1,False
2024-11-11,NJ,New York/New Jersey,1620.0,2,False
2024-11-12,NJ,New York/New Jersey,3720.0,5,False
2024-11-13,NJ,New York/New Jersey,488.0,2,False
2024-11-14,NJ,New York/New Jersey,10.0,1,False
2024-11-15,NJ,New York/New Jersey,1867.0,3,False
2024-11-16,NJ,New York/New Jersey,28.0,1,False
2024-11-17,NJ,New York/New Jersey,19462.0,5,False
2024-11-18,NJ,New York/New Jersey,176.0,2,False
2024-11-19,NJ,New York/New Jersey,1434.0,2,False
2024-11-20,NJ,New York/New Jersey,959.0,3,False
2024-11-21,NJ,New York/New Jersey,548.0,4,False
2024-11-22,NJ,New York/New Jersey,1016.0,5,False
2024-11-23,NJ,New York/New Jersey,2198.0,5,False
2024-11-24,NJ,New York/New Jersey,2422.0,4,False
2024-11-25,NJ,New York/New Jersey,3211.0,7,False
2024-11-26,NJ,New York/New Jersey,7509.0,2,False
2024-11-27,NJ,New York/New Jersey,5036.0,3,False
2024-11-28,NJ,New York/New Jersey,855.0,3,False
2024-11-29,NJ,New York/New Jersey,6006.0,4,False
2024-11-30,NJ,New York/New Jersey,5538.0,3,False
2024-12-01,NJ,New York/New Jersey,2200.0,3,False
2024-12-02,NJ,New York/New Jersey,960.0,2,False
2024-12-03,NJ,New York/New Jersey,676.0,2,False
2024-12-04,NJ,New York/New Jersey,3054.0,2,False
2024-12-05,NJ,New York/New Jersey,1136.0,3,False
2024-12-06,NJ,New York/New Jersey,1355.0,3,False
2024-12-07,NJ,New York/New Jersey,2034.0,4,False
2024-12-08,NJ,New York/New Jersey,498.0,3,False
2024-12-09,NJ,New York/New Jersey,2648.0,4,False
2024-12-10,NJ,New York/New Jersey,19.0,1,False
2024-12-12,NJ,New York/New Jersey,759.0,2,False
2024-12-13,NJ,New York/New Jersey,751.0,4,False
2024-12-14,NJ,New York/New Jersey,551.0,1,False
2024-12-15,NJ,New York/New Jersey,563.0,1,False
2024-12-16,NJ,New York/New Jersey,999.0,4,False
2024-12-17,NJ,New York/New Jersey,3092.0,3,False
2024-12-18,NJ,New York/New Jersey,1352.0,4,False
2024-12-19,NJ,New York/New Jersey,102.0,1,False
2024-12-20,NJ,New York/New Jersey,4071.0,3,False
2024-12-21,NJ,New York/New Jersey,0.0,2,False
2024-12-22,NJ,New York/New Jersey,3088.0,4,False
2024-12-23,NJ,New York/New Jersey,179.0,1,False
2024-12-24,NJ,New York/New Jersey,4408.0,3,False
2024-12-25,NJ,New York/New Jersey,3315.0,6,False
2024-12-27,NJ,New York/New Jersey,1813.0,2,False
2024-12-28,NJ,New York/New Jersey,2813.0,2,False
2024-12-29,NJ,New York/New Jersey,3322.0,3,False
2024-12-30,NJ,New York/New Jersey,1481.0,2,False
2024-12-31,NJ,New York/New Jersey,266.0,2,False
2020-01-01,NY,New York/New Jersey,893.0,3,False
2020-01-02,NY,New York/New Jersey,5287.0,6,False
2020-01-03,NY,New York/New Jersey,76.0,1,False
2020-01-04,NY,New York/New Jersey,3215.0,8,False
2020-01-05,NY,New York/New Jersey,128.0,2,False
2020-01-06,NY,New York/New Jersey,2496.0,3,False
2020-01-07,NY,New York/New Jersey,75.0,2,False
2020-01-08,NY,New York/New Jersey,1798.0,7,False
2020-01-09,NY,New York/New Jersey,226.0,3,False
2020-01-11,NY,New York/New Jersey,3344.0,4,False
2020-01-12,NY,New York/New Jersey,1618.0,7,False
2020-01-13,NY,New York/New Jersey,234.0,4,False
2020-01-14,NY,New York/New Jersey,10230.0,8,False
2020-01-15,NY,New York/New Jersey,5251.0,6,False
2020-01-16,NY,New York/New Jersey,1305.0,4,False
2020-01-17,NY,New York/New Jersey,5198.0,5,False
2020-01-18,NY,New York/New Jersey,2911.0,7,False
2020-01-19,NY,New York/New Jersey,4588.0,6,False
2020-01-20,NY,New York/New Jersey,2766.0,8,False
2020-01-21,NY,New York/New Jersey,1260.0,8,False
2020-01-22,NY,New York/New Jersey,174.0,2,False
2020-01-23,NY,New York/New Jersey,662.0,3,False
2020-01-24,NY,New York/New Jersey,603.0,3,False
2020-01-25,NY,New York/New Jersey,3171.0,5,False
2020-01-26,NY,New York/New Jersey,7732.0,6,False
2020-01-27,NY,New York/New Jersey,2341.0,3,False
2020-01-28,NY,New York/New Jersey,723.0,3,False
2020-01-29,NY,New York/New Jersey,1389.0,4,False
2020-01-30,NY,New York/New Jersey,103.0,2,False
2020-01-31,NY,New York/New Jersey,43.0,1,False
2020-02-01,NY,New York/New Jersey,2485.0,1,False
2020-02-02,NY,New York/New Jersey,1060.0,5,False
2020-02-03,NY,New York/New Jersey,725.0,3,False
2020-02-04,NY,New York/New Jersey,2002.0,2,False
2020-02-05,NY,New York/New Jersey,1138.0,3,False
2020-02-06,NY,New York/New Jersey,4282.0,7,False
2020-02-07,NY,New York/New Jersey,12072.0,10,False
2020-02-08,NY,New York/New Jersey,3439.0,5,False
2020-02-09,NY,New York/New Jersey,8276.0,7,False
2020-02-10,NY,New York/New Jersey,791.0,6,False
2020-02-11,NY,New York/New Jersey,832.0,5,False
2020-02-12,NY,New York/New Jersey,4255.0,6,False
2020-02-13,NY,New York/New Jersey,574.0,4,False
2020-02-14,NY,New York/New Jersey,454.0,4,False
2020-02-15,NY,New York/New Jersey,250.0,4,False
2020-02-16,NY,New York/New Jersey,4448.0,5,False
2020-02-17,NY,New York/New Jersey,2286.0,4,False
2020-02-18,NY,New York/New Jersey,4348.0,6,False
2020-02-19,NY,New York/New Jersey,2856.0,4,False
2020-02-20,NY,New York/New Jersey,4436.0,6,False
2020-02-21,NY,New York/New Jersey,5273.0,7,False
2020-02-22,NY,New York/New Jersey,2815.0,5,False
2020-02-23,NY,New York/New Jersey,1408.0,2,False
2020-02-24,NY,New York/New Jersey,1476.0,9,False
2020-02-25,NY,New York/New Jersey,3344.0,8,False
2020-02-26,NY,New York/New Jersey,9794.0,6,False
2020-02-27,NY,New York/New Jersey,7718.0,7,False
2020-02-28,NY,New York/New Jersey,2752.0,3,False
2020-02-29,NY,New York/New Jersey,1085.0,4,False
2020-03-01,NY,New York/New Jersey,1056.0,6,False
2020-03-02,NY,New York/New Jersey,2280.0,3,False
2020-03-03,NY,New York/New Jersey,7776.0,11,False
2020-03-04,NY,New York/New Jersey,7857.0,8,False
2020-03-05,NY,New York/New Jersey,3511.0,4,False
2020-03-06,NY,New York/New Jersey,934.0,3,False
2020-03-07,NY,New York/New Jersey,10485.0,7,False
2020-03-08,NY,New York/New Jersey,298.0,2,False
2020-03-09,NY,New York/New Jersey,2112.0,6,False
2020-03-10,NY,New York/New Jersey,5322.0,10,False
2020-03-11,NY,New York/New Jersey,578.0,4,False
2020-03-12,NY,New York/New Jersey,268.0,2,False
2020-03-13,NY,New York/New Jersey,4935.0,8,False
2020-03-14,NY,New York/New Jersey,2975.0,4,False
2020-03-15,NY,New York/New Jersey,112.0,2,False
2020-03-16,NY,New York/New Jersey,2064.0,5,False
2020-03-17,NY,New York/New Jersey,1722.0,2,False
2020-03-18,NY,New York/New Jersey,1963.0,7,False
2020-03-19,NY,New York/New Jersey,2130.0,3,False
2020-03-20,NY,New York/New Jersey,310.0,3,False
2020-03-21,NY,New York/New Jersey,1694.0,4,False
2020-03-22,NY,New York/New Jersey,152.0,2,False
2020-03-23,NY,New York/New Jersey,371.0,4,False
2020-03-24,NY,New York/New Jersey,323.0,4,False
2020-03-25,NY,New York/New Jersey,0.0,2,False
2020-03-26,NY,New York/New Jersey,353.0,4,False
2020-03-27,NY,New York/New Jersey,16.0,1,False
2020-03-28,NY,New York/New Jersey,482.0,5,False
2020-03-29,NY,New York/New Jersey,35.0,6,False
2020-03-30,NY,New York/New Jersey,425.0,6,False
2020-03-31,NY,New York/New Jersey,1023.0,9,False
2020-04-01,NY,New York/New Jersey,151.0,4,False
2020-04-02,NY,New York/New Jersey,1011.0,7,False
2020-04-03,NY,New York/New Jersey,205.0,4,False
2020-04-04,NY,New York/New Jersey,188.0,1,False
2020-04-05,NY,New York/New Jersey,793.0,6,False
2020-04-06,NY,New York/New Jersey,583.0,6,False
2020-04-07,NY,New York/New Jersey,1350.0,7,False
2020-04-08,NY,New York/New Jersey,1270.0,4,False
2020-04-09,NY,New York/New Jersey,1184.0,3,False
2020-04-10,NY,New York/New Jersey,871.0,6,False
2020-04-11,NY,New York/New Jersey,1382.0,4,False
2020-04-12,NY,New York/New Jersey,401.0,7,False
2020-04-13,NY,New York/New Jersey,81.0,3,False
2020-04-14,NY,New York/New Jersey,271.0,3,False
2020-04-15,NY,New York/New Jersey,57.0,2,False
2020-04-16,NY,New York/New Jersey,66.0,4,False
2020-04-17,NY,New York/New Jersey,2492.0,5,False
2020-04-18,NY,New York/New Jersey,3086.0,6,False
2020-04-19,NY,New York/New Jersey,143.0,6,False
2020-04-20,NY,New York/New Jersey,753.0,2,False
2020-04-21,NY,New York/New Jersey,229.0,7,False
2020-04-22,NY,New York/New Jersey,48.0,5,False
2020-04-23,NY,New York/New Jersey,1036.0,5,False
2020-04-24,NY,New York/New Jersey,499.0,4,False
2020-04-25,NY,New York/New Jersey,1152.0,7,False
2020-04-26,NY,New York/New Jersey,184.0,8,False
2020-04-27,NY,New York/New Jersey,0.0,3,False
2020-04-28,NY,New York/New Jersey,392.0,6,False
2020-04-29,NY,New York/New Jersey,2413.0,4,False
2020-04-30,NY,New York/New Jersey,445.0,6,False
2020-05-01,NY,New York/New Jersey,942.0,6,False
2020-05-02,NY,New York/New Jersey,1549.0,6,False
2020-05-03,NY,New York/New Jersey,115.0,5,False
2020-05-04,NY,New York/New Jersey,586.0,4,False
2020-05-05,NY,New York/New Jersey,2295.0,10,False
2020-05-06,NY,New York/New Jersey,0.0,2,False
2020-05-07,NY,New York/New Jersey,283.0,5,False
2020-05-08,NY,New York/New Jersey,936.0,6,False
2020-05-09,NY,New York/New Jersey,1312.0,3,False
2020-05-10,NY,New York/New Jersey,542.0,8,False
2020-05-11,NY,New York/New Jersey,3457.0,6,False
2020-05-12,NY,New York/New Jersey,0.0,4,False
2020-05-13,NY,New York/New Jersey,93.0,6,False
2020-05-14,NY,New York/New Jersey,536.0,3,False
2020-05-15,NY,New York/New Jersey,3279.0,4,False
2020-05-16,NY,New York/New Jersey,63.0,6,False
2020-05-17,NY,New York/New Jersey,337.0,7,False
2020-05-18,NY,New York/New Jersey,0.0,2,False
2020-05-19,NY,New York/New Jersey,822.0,4,False
2020-05-20,NY,New York/New Jersey,625.0,8,False
2020-05-21,NY,New York/New Jersey,63.0,3,False
2020-05-22,NY,New York/New Jersey,832.0,3,False
2020-05-23,NY,New York/New Jersey,745.0,3,False
2020-05-24,NY,New York/New Jersey,833.0,6,False
2020-05-25,NY,New York/New Jersey,997.0,8,False
2020-05-26,NY,New York/New Jersey,674.0,4,False
2020-05-27,NY,New York/New Jersey,563.0,8,False
2020-05-28,NY,New York/New Jersey,73.0,7,False
2020-05-29,NY,New York/New Jersey,497.0,5,False
2020-05-30,NY,New York/New Jersey,621.0,7,False
2020-05-31,NY,New York/New Jersey,233.0,6,False
2020-06-01,NY,New York/New Jersey,633.0,9,True
2020-06-02,NY,New York/New Jersey,1009.0,3,True
2020-06-03,NY,New York/New Jersey,1431.0,6,True
2020-06-04,NY,New York/New Jersey,802.0,5,True
2020-06-05,NY,New York/New Jersey,394.0,4,True
2020-06-06,NY,New York/New Jersey,979.0,5,True
2020-06-07,NY,New York/New Jersey,877.0,3,True
2020-06-08,NY,New York/New Jersey,735.0,4,True
2020-06-09,NY,New York/New Jersey,3175.0,7,True
2020-06-10,NY,New York/New Jersey,2274.0,3,True
2020-06-11,NY,New York/New Jersey,442.0,4,True
2020-06-12,NY,New York/New Jersey,3732.0,6,True
2020-06-13,NY,New York/New Jersey,3128.0,7,True
2020-06-14,NY,New York/New Jersey,127.0,3,True
2020-06-15,NY,New York/New Jersey,2108.0,9,True
2020-06-16,NY,New York/New Jersey,918.0,4,True
2020-06-17,NY,New York/New Jersey,4982.0,8,True
2020-06-18,NY,New York/New Jersey,928.0,6,True
2020-06-19,NY,New York/New Jersey,132.0,4,True
2020-06-20,NY,New York/New Jersey,1831.0,7,True
2020-06-21,NY,New York/New Jersey,98.0,2,True
2020-06-22,NY,New York/New Jersey,1543.0,6,True
2020-06-23,NY,New York/New Jersey,462.0,5,True
2020-06-24,NY,New York/New Jersey,3242.0,6,True
2020-06-25,NY,New York/New Jersey,1306.0,4,True
2020-06-26,NY,New York/New Jersey,1101.0,7,True
2020-06-27,NY,New York/New Jersey,82.0,3,True
2020-06-28,NY,New York/New Jersey,616.0,3,True
2020-06-29,NY,New York/New Jersey,1957.0,4,True
2020-06-30,NY,New York/New Jersey,1272.0,3,True
2020-07-01,NY,New York/New Jersey,1157.0,8,True
2020-07-02,NY,New York/New Jersey,2952.0,6,True
2020-07-03,NY,New York/New Jersey,4092.0,8,True
2020-07-04,NY,New York/New Jersey,348.0,4,True
2020-07-05,NY,New York/New Jersey,158.0,2,True
2020-07-06,NY,New York/New Jersey,3409.0,7,True
2020-07-07,NY,New York/New Jersey,1675.0,3,True
2020-07-08,NY,New York/New Jersey,2062.0,3,True
2020-07-09,NY,New York/New Jersey,412.0,3,True
2020-07-10,NY,New York/New Jersey,171.0,2,True
2020-07-11,NY,New York/New Jersey,2020.0,6,True
2020-07-12,NY,New York/New Jersey,2928.0,6,True
2020-07-13,NY,New York/New Jersey,2913.0,9,True
2020-07-14,NY,New York/New Jersey,3355.0,7,True
2020-07-15,NY,New York/New Jersey,970.0,3,True
2020-07-16,NY,New York/New Jersey,3303.0,4,True
2020-07-17,NY,New York/New Jersey,1687.0,4,True
2020-07-18,NY,New York/New Jersey,1117.0,4,True
2020-07-19,NY,New York/New Jersey,1208.0,8,True
2020-07-20,NY,New York/New Jersey,2204.0,7,True
2020-07-21,NY,New York/New Jersey,3759.0,6,True
2020-07-22,NY,New York/New Jersey,886.0,4,True
2020-07-23,NY,New York/New Jersey,3089.0,3,True
2020-07-24,NY,New York/New Jersey,10752.0,10,True
2020-07-25,NY,New York/New Jersey,1326.0,5,True
2020-07-26,NY,New York/New Jersey,2047.0,5,True
2020-07-27,NY,New York/New Jersey,2709.0,7,True
2020-07-28,NY,New York/New Jersey,36.0,1,True
2020-07-29,NY,New York/New Jersey,155.0,3,True
2020-07-30,NY,New York/New Jersey,1419.0,2,True
2020-07-31,NY,New York/New Jersey,13090.0,11,True
2020-08-01,NY,New York/New Jersey,204.0,3,True
2020-08-02,NY,New York/New Jersey,7272.0,6,True
2020-08-03,NY,New York/New Jersey,4454.0,8,True
2020-08-04,NY,New York/New Jersey,2427.0,7,True
2020-08-05,NY,New York/New Jersey,4524.0,5,True
2020-08-06,NY,New York/New Jersey,2923.0,5,True
2020-08-07,NY,New York/New Jersey,2656.0,5,True
2020-08-08,NY,New York/New Jersey,3317.0,6,True
2020-08-09,NY,New York/New Jersey,536.0,3,True
2020-08-10,NY,New York/New Jersey,2195.0,7,True
2020-08-11,NY,New York/New Jersey,2085.0,2,True
2020-08-12,NY,New York/New Jersey,12382.0,10,True
2020-08-13,NY,New York/New Jersey,5231.0,7,True
2020-08-14,NY,New York/New Jersey,931.0,4,True
2020-08-16,NY,New York/New Jersey,1410.0,3,True
2020-08-17,NY,New York/New Jersey,851.0,2,True
2020-08-18,NY,New York/New Jersey,1040.0,3,True
2020-08-19,NY,New York/New Jersey,1352.0,3,True
2020-08-20,NY,New York/New Jersey,2503.0,4,True
2020-08-21,NY,New York/New Jersey,4482.0,9,True
2020-08-22,NY,New York/New Jersey,2444.0,6,True
2020-08-23,NY,New York/New Jersey,1332.0,2,True
2020-08-24,NY,New York/New Jersey,1434.0,5,True
2020-08-25,NY,New York/New Jersey,411.0,4,True
2020-08-26,NY,New York/New Jersey,1830.0,3,True
2020-08-27,NY,New York/New Jersey,2828.0,7,True
2020-08-28,NY,New York/New Jersey,4150.0,7,True
2020-08-29,NY,New York/New Jersey,1208.0,5,True
2020-08-30,NY,New York/New Jersey,638.0,6,True
2020-08-31,NY,New York/New Jersey,1649.0,5,True
2020-09-01,NY,New York/New Jersey,4767.0,4,False
2020-09-02,NY,New York/New Jersey,3078.0,4,False
2020-09-03,NY,New York/New Jersey,4648.0,3,False
2020-09-04,NY,New York/New Jersey,3434.0,6,False
2020-09-05,NY,New York/New Jersey,5105.0,5,False
2020-09-06,NY,New York/New Jersey,2292.0,4,False
2020-09-07,NY,New York/New Jersey,3601.0,6,False
2020-09-08,NY,New York/New Jersey,4659.0,6,False
2020-09-09,NY,New York/New Jersey,852.0,6,False
2020-09-10,NY,New York/New Jersey,1769.0,8,False
2020-09-11,NY,New York/New Jersey,3194.0,4,False
2020-09-12,NY,New York/New Jersey,4747.0,7,False
2020-09-13,NY,New York/New Jersey,475.0,3,False
2020-09-14,NY,New York/New Jersey,1716.0,4,False
2020-09-15,NY,New York/New Jersey,3868.0,8,False
2020-09-16,NY,New York/New Jersey,850.0,6,False
2020-09-17,NY,New York/New Jersey,493.0,4,False
2020-09-18,NY,New York/New Jersey,4092.0,8,False
2020-09-19,NY,New York/New Jersey,454.0,2,False
2020-09-21,NY,New York/New Jersey,903.0,2,False
2020-09-22,NY,New York/New Jersey,1772.0,5,False
2020-09-23,NY,New York/New Jersey,901.0,3,False
2020-09-24,NY,New York/New Jersey,5668.0,8,False
2020-09-25,NY,New York/New Jersey,9655.0,6,False
2020-09-26,NY,New York/New Jersey,2910.0,8,False
2020-09-27,NY,New York/New Jersey,1972.0,7,False
2020-09-28,NY,New York/New Jersey,474.0,4,False
2020-09-29,NY,New York/New Jersey,2065.0,6,False
2020-09-30,NY,New York/New Jersey,2412.0,6,False
2020-10-01,NY,New York/New Jersey,3223.0,4,False
2020-10-02,NY,New York/New Jersey,276.0,1,False
2020-10-03,NY,New York/New Jersey,676.0,4,False
2020-10-04,NY,New York/New Jersey,2035.0,7,False
2020-10-05,NY,New York/New Jersey,4795.0,6,False
2020-10-06,NY,New York/New Jersey,835.0,3,False
2020-10-07,NY,New York/New Jersey,570.0,3,False
2020-10-08,NY,New York/New Jersey,2668.0,7,False
2020-10-09,NY,New York/New Jersey,12016.0,5,False
2020-10-10,NY,New York/New Jersey,2866.0,4,False
2020-10-11,NY,New York/New Jersey,17.0,2,False
2020-10-12,NY,New York/New Jersey,282.0,3,False
2020-10-13,NY,New York/New Jersey,1285.0,6,False
2020-10-14,NY,New York/New Jersey,3693.0,4,False
2020-10-15,NY,New York/New Jersey,473.0,3,False
2020-10-16,NY,New York/New Jersey,1297.0,3,False
2020-10-17,NY,New York/New Jersey,2856.0,7,False
2020-10-18,NY,New York/New Jersey,1619.0,4,False
2020-10-19,NY,New York/New Jersey,986.0,4,False
2020-10-20,NY,New York/New Jersey,3124.0,6,False
2020-10-21,NY,New York/New Jersey,1734.0,4,False
2020-10-22,NY,New York/New Jersey,1103.0,5,False
2020-10-23,NY,New York/New Jersey,2066.0,5,False
2020-10-24,NY,New York/New Jersey,2799.0,7,False
2020-10-25,NY,New York/New Jersey,531.0,4,False
2020-10-26,NY,New York/New Jersey,3336.0,6,False
2020-10-27,NY,New York/New Jersey,1980.0,3,False
2020-10-28,NY,New York/New Jersey,7597.0,4,False
2020-10-29,NY,New York/New Jersey,5193.0,6,False
2020-10-30,NY,New York/New Jersey,4483.0,3,False
2020-10-31,NY,New York/New Jersey,1164.0,9,False
2020-11-01,NY,New York/New Jersey,1799.0,5,False
2020-11-02,NY,New York/New Jersey,4969.0,9,False
2020-11-03,NY,New York/New Jersey,1278.0,6,False
2020-11-04,NY,New York/New Jersey,2873.0,3,False
2020-11-05,NY,New York/New Jersey,111.0,2,False
2020-11-06,NY,New York/New Jersey,7644.0,9,False
2020-11-07,NY,New York/New Jersey,392.0,3,False
2020-11-08,NY,New York/New Jersey,0.0,2,False
2020-11-09,NY,New York/New Jersey,177.0,1,False
2020-11-10,NY,New York/New Jersey,490.0,5,False
2020-11-11,NY,New York/New Jersey,1653.0,4,False
2020-11-12,NY,New York/New Jersey,4011.0,8,False
2020-11-13,NY,New York/New Jersey,531.0,2,False
2020-11-14,NY,New York/New Jersey,2153.0,6,False
2020-11-15,NY,New York/New Jersey,13.0,4,False
2020-11-16,NY,New York/New Jersey,419.0,3,False
2020-11-17,NY,New York/New Jersey,4426.0,5,False
2020-11-18,NY,New York/New Jersey,2568.0,8,False
2020-11-19,NY,New York/New Jersey,3966.0,8,False
2020-11-20,NY,New York/New Jersey,9297.0,8,False
2020-11-21,NY,New York/New Jersey,1772.0,7,False
2020-11-22,NY,New York/New Jersey,835.0,1,False
2020-11-23,NY,New York/New Jersey,1203.0,4,False
2020-11-24,NY,New York/New Jersey,2521.0,5,False
2020-11-25,NY,New York/New Jersey,4619.0,5,False
2020-11-26,NY,New York/New Jersey,2172.0,6,False
2020-11-27,NY,New York/New Jersey,2390.0,6,False
2020-11-28,NY,New York/New Jersey,1307.0,6,False
2020-11-29,NY,New York/New Jersey,2545.0,9,False
2020-11-30,NY,New York/New Jersey,4516.0,6,False
2020-12-01,NY,New York/New Jersey,3540.0,7,False
2020-12-02,NY,New York/New Jersey,3933.0,7,False
2020-12-03,NY,New York/New Jersey,680.0,3,False
2020-12-04,NY,New York/New Jersey,803.0,2,False
2020-12-05,NY,New York/New Jersey,2098.0,4,False
2020-12-06,NY,New York/New Jersey,2152.0,4,False
2020-12-07,NY,New York/New Jersey,972.0,2,False
2020-12-08,NY,New York/New Jersey,1724.0,5,False
2020-12-09,NY,New York/New Jersey,2829.0,3,False
2020-12-10,NY,New York/New Jersey,1118.0,4,False
2020-12-11,NY,New York/New Jersey,2049.0,6,False
2020-12-12,NY,New York/New Jersey,302.0,2,False
2020-12-13,NY,New York/New Jersey,1312.0,3,False
2020-12-14,NY,New York/New Jersey,913.0,6,False
2020-12-15,NY,New York/New Jersey,338.0,2,False
2020-12-16,NY,New York/New Jersey,1063.0,3,False
2020-12-17,NY,New York/New Jersey,206.0,3,False
2020-12-18,NY,New York/New Jersey,932.0,5,False
2020-12-19,NY,New York/New Jersey,2357.0,5,False
2020-12-20,NY,New York/New Jersey,6923.0,7,False
2020-12-21,NY,New York/New Jersey,8911.0,5,False
2020-12-22,NY,New York/New Jersey,2635.0,4,False
2020-12-23,NY,New York/New Jersey,3643.0,4,False
2020-12-24,NY,New York/New Jersey,3672.0,5,False
2020-12-25,NY,New York/New Jersey,1117.0,4,False
2020-12-26,NY,New York/New Jersey,3447.0,6,False
2020-12-27,NY,New York/New Jersey,1125.0,5,False
2020-12-28,NY,New York/New Jersey,7144.0,7,False
2020-12-29,NY,New York/New Jersey,2296.0,4,False
2020-12-30,NY,New York/New Jersey,1746.0,5,False
2020-12-31,NY,New York/New Jersey,6571.0,12,False
2021-01-01,NY,New York/New Jersey,832.0,6,False
2021-01-02,NY,New York/New Jersey,1260.0,3,False
2021-01-03,NY,New York/New Jersey,770.0,1,False
2021-01-04,NY,New York/New Jersey,123.0,1,False
2021-01-05,NY,New York/New Jersey,3216.0,5,False
2021-01-06,NY,New York/New Jersey,720.0,4,False
2021-01-07,NY,New York/New Jersey,1303.0,5,False
2021-01-08,NY,New York/New Jersey,3096.0,8,False
2021-01-09,NY,New York/New Jersey,2766.0,5,False
2021-01-10,NY,New York/New Jersey,610.0,4,False
2021-01-11,NY,New York/New Jersey,1097.0,3,False
2021-01-12,NY,New York/New Jersey,2965.0,5,False
2021-01-13,NY,New York/New Jersey,469.0,6,False
2021-01-14,NY,New York/New Jersey,4909.0,5,False
2021-01-15,NY,New York/New Jersey,3804.0,10,False
2021-01-16,NY,New York/New Jersey,527.0,3,False
2021-01-17,NY,New York/New Jersey,0.0,1,False
2021-01-18,NY,New York/New Jersey,6425.0,7,False
2021-01-19,NY,New York/New Jersey,2696.0,7,False
2021-01-20,NY,New York/New Jersey,613.0,4,False
2021-01-21,NY,New York/New Jersey,5605.0,4,False
2021-01-22,NY,New York/New Jersey,4979.0,3,False
2021-01-23,NY,New York/New Jersey,2065.0,6,False
2021-01-24,NY,New York/New Jersey,1560.0,6,False
2021-01-25,NY,New York/New Jersey,854.0,1,False
2021-01-26,NY,New York/New Jersey,3758.0,4,False
2021-01-27,NY,New York/New Jersey,1424.0,4,False
2021-01-28,NY,New York/New Jersey,336.0,4,False
2021-01-29,NY,New York/New Jersey,4883.0,5,False
2021-01-30,NY,New York/New Jersey,2433.0,4,False
2021-01-31,NY,New York/New Jersey,467.0,3,False
2021-02-01,NY,New York/New Jersey,3792.0,10,False
2021-02-02,NY,New York/New Jersey,893.0,3,False
2021-02-03,NY,New York/New Jersey,2894.0,8,False
2021-02-04,NY,New York/New Jersey,997.0,6,False
2021-02-05,NY,New York/New Jersey,3007.0,5,False
2021-02-06,NY,New York/New Jersey,3303.0,7,False
2021-02-07,NY,New York/New Jersey,392.0,6,False
2021-02-08,NY,New York/New Jersey,188.0,5,False
2021-02-09,NY,New York/New Jersey,211.0,3,False
2021-02-10,NY,New York/New Jersey,1771.0,6,False
2021-02-11,NY,New York/New Jersey,588.0,4,False
2021-02-12,NY,New York/New Jersey,393.0,3,False
2021-02-13,NY,New York/New Jersey,4370.0,8,False
2021-02-14,NY,New York/New Jersey,550.0,2,False
2021-02-15,NY,New York/New Jersey,2470.0,6,False
2021-02-16,NY,New York/New Jersey,5796.0,7,False
2021-02-17,NY,New York/New Jersey,2422.0,5,False
2021-02-18,NY,New York/New Jersey,4609.0,6,False
2021-02-19,NY,New York/New Jersey,1285.0,6,False
2021-02-20,NY,New York/New Jersey,1984.0,7,False
2021-02-21,NY,New York/New Jersey,0.0,2,False
2021-02-22,NY,New York/New Jersey,982.0,3,False
2021-02-23,NY,New York/New Jersey,3290.0,6,False
2021-02-24,NY,New York/New Jersey,2409.0,7,False
2021-02-25,NY,New York/New Jersey,426.0,4,False
2021-02-26,NY,New York/New Jersey,3921.0,6,False
2021-02-27,NY,New York/New Jersey,1119.0,5,False
2021-02-28,NY,New York/New Jersey,961.0,2,False
2021-03-01,NY,New York/New Jersey,521.0,3,False
2021-03-02,NY,New York/New Jersey,3811.0,5,False
2021-03-03,NY,New York/New Jersey,587.0,2,False
2021-03-04,NY,New York/New Jersey,2867.0,5,False
2021-03-05,NY,New York/New Jersey,288.0,1,False
2021-03-06,NY,New York/New Jersey,2484.0,9,False
2021-03-07,NY,New York/New Jersey,573.0,3,False
2021-03-08,NY,New York/New Jersey,1901.0,7,False
2021-03-09,NY,New York/New Jersey,1546.0,4,False
2021-03-10,NY,New York/New Jersey,3700.0,7,False
2021-03-11,NY,New York/New Jersey,1301.0,5,False
2021-03-12,NY,New York/New Jersey,2075.0,7,False
2021-03-13,NY,New York/New Jersey,2819.0,8,False
2021-03-14,NY,New York/New Jersey,81.0,3,False
2021-03-15,NY,New York/New Jersey,497.0,3,False
2021-03-16,NY,New York/New Jersey,5728.0,9,False
2021-03-17,NY,New York/New Jersey,2532.0,3,False
2021-03-18,NY,New York/New Jersey,2177.0,3,False
2021-03-19,NY,New York/New Jersey,5254.0,8,False
2021-03-20,NY,New York/New Jersey,3945.0,4,False
2021-03-21,NY,New York/New Jersey,967.0,6,False
2021-03-22,NY,New York/New Jersey,926.0,7,False
2021-03-23,NY,New York/New Jersey,679.0,4,False
2021-03-24,NY,New York/New Jersey,6852.0,5,False
2021-03-25,NY,New York/New Jersey,466.0,4,False
2021-03-26,NY,New York/New Jersey,729.0,4,False
2021-03-27,NY,New York/New Jersey,1762.0,6,False
2021-03-28,NY,New York/New Jersey,464.0,3,False
2021-03-29,NY,New York/New Jersey,2948.0,6,False
2021-03-30,NY,New York/New Jersey,31.0,1,False
2021-03-31,NY,New York/New Jersey,1149.0,4,False
2021-04-01,NY,New York/New Jersey,1401.0,7,False
2021-04-02,NY,New York/New Jersey,270.0,4,False
2021-04-03,NY,New York/New Jersey,4923.0,4,False
2021-04-04,NY,New York/New Jersey,7878.0,10,False
2021-04-05,NY,New York/New Jersey,3423.0,3,False
2021-04-06,NY,New York/New Jersey,5524.0,4,False
2021-04-07,NY,New York/New Jersey,2110.0,6,False
2021-04-08,NY,New York/New Jersey,9898.0,5,False
2021-04-09,NY,New York/New Jersey,1488.0,1,False
2021-04-10,NY,New York/New Jersey,1874.0,7,False
2021-04-11,NY,New York/New Jersey,3745.0,7,False
2021-04-12,NY,New York/New Jersey,1107.0,2,False
2021-04-13,NY,New York/New Jersey,2946.0,4,False
2021-04-14,NY,New York/New Jersey,1515.0,3,False
2021-04-15,NY,New York/New Jersey,799.0,4,False
2021-04-16,NY,New York/New Jersey,2685.0,4,False
2021-04-17,NY,New York/New Jersey,942.0,4,False
2021-04-18,NY,New York/New Jersey,6737.0,7,False
2021-04-19,NY,New York/New Jersey,4990.0,8,False
2021-04-20,NY,New York/New Jersey,43.0,1,False
2021-04-21,NY,New York/New Jersey,2299.0,7,False
2021-04-22,NY,New York/New Jersey,2618.0,5,False
2021-04-23,NY,New York/New Jersey,11199.0,3,False
2021-04-24,NY,New York/New Jersey,5186.0,6,False
2021-04-25,NY,New York/New Jersey,2049.0,8,False
2021-04-26,NY,New York/New Jersey,664.0,5,False
2021-04-27,NY,New York/New Jersey,50.0,1,False
2021-04-28,NY,New York/New Jersey,4130.0,8,False
2021-04-29,NY,New York/New Jersey,2748.0,5,False
2021-04-30,NY,New York/New Jersey,8201.0,8,False
2021-05-01,NY,New York/New Jersey,483.0,3,False
2021-05-02,NY,New York/New Jersey,8352.0,10,False
2021-05-03,NY,New York/New Jersey,329.0,3,False
2021-05-04,NY,New York/New Jersey,249.0,2,False
2021-05-05,NY,New York/New Jersey,14006.0,10,False
2021-05-06,NY,New York/New Jersey,5313.0,6,False
2021-05-07,NY,New York/New Jersey,2937.0,4,False
2021-05-08,NY,New York/New Jersey,6486.0,5,False
2021-05-09,NY,New York/New Jersey,426.0,3,False
2021-05-10,NY,New York/New Jersey,840.0,6,False
2021-05-11,NY,New York/New Jersey,1352.0,4,False
2021-05-12,NY,New York/New Jersey,4137.0,7,False
2021-05-13,NY,New York/New Jersey,1607.0,4,False
2021-05-14,NY,New York/New Jersey,1424.0,2,False
2021-05-15,NY,New York/New Jersey,3346.0,7,False
2021-05-16,NY,New York/New Jersey,1075.0,5,False
2021-05-17,NY,New York/New Jersey,4663.0,7,False
2021-05-18,NY,New York/New Jersey,1387.0,4,False
2021-05-19,NY,New York/New Jersey,3287.0,6,False
2021-05-20,NY,New York/New Jersey,7244.0,6,False
2021-05-21,NY,New York/New Jersey,4541.0,4,False
2021-05-22,NY,New York/New Jersey,6809.0,5,False
2021-05-23,NY,New York/New Jersey,410.0,3,False
2021-05-24,NY,New York/New Jersey,401.0,5,False
2021-05-25,NY,New York/New Jersey,587.0,4,False
2021-05-26,NY,New York/New Jersey,10705.0,9,False
2021-05-27,NY,New York/New Jersey,2124.0,8,False
2021-05-28,NY,New York/New Jersey,437.0,2,False
2021-05-29,NY,New York/New Jersey,1669.0,5,False
2021-05-30,NY,New York/New Jersey,2727.0,6,False
2021-05-31,NY,New York/New Jersey,4894.0,4,False
2021-06-01,NY,New York/New Jersey,406.0,2,True
2021-06-02,NY,New York/New Jersey,3184.0,5,True
2021-06-03,NY,New York/New Jersey,1797.0,7,True
2021-06-04,NY,New York/New Jersey,2379.0,3,True
2021-06-05,NY,New York/New Jersey,5021.0,4,True
2021-06-06,NY,New York/New Jersey,468.0,3,True
2021-06-07,NY,New York/New Jersey,8092.0,5,True
2021-06-08,NY,New York/New Jersey,11940.0,7,True
2021-06-09,NY,New York/New Jersey,1072.0,7,True
2021-06-10,NY,New York/New Jersey,228.0,2,True
2021-06-11,NY,New York/New Jersey,74.0,1,True
2021-06-12,NY,New York/New Jersey,1572.0,1,True
2021-06-13,NY,New York/New Jersey,571.0,3,True
2021-06-14,NY,New York/New Jersey,2470.0,5,True
2021-06-15,NY,New York/New Jersey,7759.0,9,True
2021-06-16,NY,New York/New Jersey,1429.0,5,True
2021-06-17,NY,New York/New Jersey,3280.0,5,True
2021-06-18,NY,New York/New Jersey,6413.0,3,True
2021-06-19,NY,New York/New Jersey,3701.0,7,True
2021-06-20,NY,New York/New Jersey,569.0,2,True
2021-06-21,NY,New York/New Jersey,3691.0,4,True
2021-06-22,NY,New York/New Jersey,528.0,2,True
2021-06-23,NY,New York/New Jersey,11793.0,7,True
2021-06-24,NY,New York/New Jersey,3317.0,7,True
2021-06-25,NY,New York/New Jersey,4087.0,5,True
2021-06-26,NY,New York/New Jersey,1047.0,3,True
2021-06-27,NY,New York/New Jersey,7803.0,7,True
2021-06-28,NY,New York/New Jersey,1064.0,5,True
2021-06-29,NY,New York/New Jersey,823.0,3,True
2021-06-30,NY,New York/New Jersey,2668.0,10,True
2021-07-01,NY,New York/New Jersey,2089.0,4,True
2021-07-02,NY,New York/New Jersey,1412.0,1,True
2021-07-03,NY,New York/New Jersey,6744.0,6,True
2021-07-04,NY,New York/New Jersey,5268.0,7,True
2021-07-05,NY,New York/New Jersey,16933.0,7,True
2021-07-06,NY,New York/New Jersey,2609.0,6,True
2021-07-07,NY,New York/New Jersey,1210.0,4,True
2021-07-08,NY,New York/New Jersey,1177.0,6,True
2021-07-09,NY,New York/New Jersey,3846.0,3,True
2021-07-10,NY,New York/New Jersey,8763.0,8,True
2021-07-11,NY,New York/New Jersey,1797.0,3,True
2021-07-12,NY,New York/New Jersey,901.0,2,True
2021-07-13,NY,New York/New Jersey,2135.0,6,True
2021-07-14,NY,New York/New Jersey,83.0,1,True
2021-07-15,NY,New York/New Jersey,5072.0,8,True
2021-07-16,NY,New York/New Jersey,11033.0,4,True
2021-07-17,NY,New York/New Jersey,5754.0,5,True
2021-07-18,NY,New York/New Jersey,1133.0,6,True
2021-07-19,NY,New York/New Jersey,5453.0,6,True
2021-07-20,NY,New York/New Jersey,4719.0,6,True
2021-07-21,NY,New York/New Jersey,7824.0,9,True
2021-07-22,NY,New York/New Jersey,4996.0,10,True
2021-07-23,NY,New York/New Jersey,9318.0,5,True
2021-07-24,NY,New York/New Jersey,1986.0,5,True
2021-07-25,NY,New York/New Jersey,326.0,3,True
2021-07-26,NY,New York/New Jersey,3598.0,7,True
2021-07-27,NY,New York/New Jersey,5492.0,6,True
2021-07-28,NY,New York/New Jersey,711.0,4,True
2021-07-29,NY,New York/New Jersey,839.0,6,True
2021-07-30,NY,New York/New Jersey,1230.0,3,True
2021-07-31,NY,New York/New Jersey,2986.0,3,True
2021-08-01,NY,New York/New Jersey,3606.0,4,True
2021-08-02,NY,New York/New Jersey,920.0,5,True
2021-08-03,NY,New York/New Jersey,522.0,4,True
2021-08-04,NY,New York/New Jersey,3787.0,4,True
2021-08-05,NY,New York/New Jersey,3018.0,5,True
2021-08-07,NY,New York/New Jersey,4509.0,9,True
2021-08-08,NY,New York/New Jersey,4854.0,5,True
2021-08-09,NY,New York/New Jersey,3926.0,4,True
2021-08-10,NY,New York/New Jersey,6207.0,5,True
2021-08-11,NY,New York/New Jersey,5457.0,7,True
2021-08-12,NY,New York/New Jersey,3501.0,8,True
2021-08-13,NY,New York/New Jersey,5963.0,7,True
2021-08-14,NY,New York/New Jersey,5850.0,5,True
2021-08-15,NY,New York/New Jersey,172.0,3,True
2021-08-16,NY,New York/New Jersey,1331.0,3,True
2021-08-17,NY,New York/New Jersey,1525.0,4,True
2021-08-18,NY,New York/New Jersey,3036.0,4,True
2021-08-19,NY,New York/New Jersey,6569.0,6,True
2021-08-20,NY,New York/New Jersey,3714.0,3,True
2021-08-21,NY,New York/New Jersey,2683.0,5,True
2021-08-22,NY,New York/New Jersey,2183.0,6,True
2021-08-23,NY,New York/New Jersey,2443.0,5,True
2021-08-24,NY,New York/New Jersey,353.0,4,True
2021-08-25,NY,New York/New Jersey,1993.0,5,True
2021-08-26,NY,New York/New Jersey,96.0,2,True
2021-08-27,NY,New York/New Jersey,2564.0,4,True
2021-08-28,NY,New York/New Jersey,5338.0,7,True
2021-08-29,NY,New York/New Jersey,783.0,5,True
2021-08-30,NY,New York/New Jersey,11633.0,11,True
2021-08-31,NY,New York/New Jersey,1201.0,6,True
2021-09-01,NY,New York/New Jersey,4759.0,6,False
2021-09-02,NY,New York/New Jersey,303.0,3,False
2021-09-03,NY,New York/New Jersey,11447.0,7,False
2021-09-04,NY,New York/New Jersey,2155.0,5,False
2021-09-05,NY,New York/New Jersey,18.0,4,False
2021-09-06,NY,New York/New Jersey,1566.0,7,False
2021-09-07,NY,New York/New Jersey,8627.0,6,False
2021-09-08,NY,New York/New Jersey,5456.0,6,False
2021-09-09,NY,New York/New Jersey,5192.0,6,False
2021-09-11,NY,New York/New Jersey,6428.0,3,False
2021-09-12,NY,New York/New Jersey,196.0,5,False
2021-09-13,NY,New York/New Jersey,3385.0,7,False
2021-09-14,NY,New York/New Jersey,10052.0,12,False
2021-09-15,NY,New York/New Jersey,2215.0,4,False
2021-09-16,NY,New York/New Jersey,2545.0,5,False
2021-09-17,NY,New York/New Jersey,4086.0,6,False
2021-09-18,NY,New York/New Jersey,797.0,3,False
2021-09-19,NY,New York/New Jersey,661.0,5,False
2021-09-20,NY,New York/New Jersey,6856.0,5,False
2021-09-21,NY,New York/New Jersey,2174.0,6,False
2021-09-22,NY,New York/New Jersey,3709.0,4,False
2021-09-23,NY,New York/New Jersey,2237.0,3,False
2021-09-24,NY,New York/New Jersey,2755.0,3,False
2021-09-25,NY,New York/New Jersey,4077.0,12,False
2021-09-26,NY,New York/New Jersey,2249.0,3,False
2021-09-27,NY,New York/New Jersey,583.0,3,False
2021-09-28,NY,New York/New Jersey,3499.0,4,False
2021-09-29,NY,New York/New Jersey,6573.0,4,False
2021-09-30,NY,New York/New Jersey,5575.0,3,False
2021-10-01,NY,New York/New Jersey,2179.0,1,False
2021-10-02,NY,New York/New Jersey,2446.0,7,False
2021-10-03,NY,New York/New Jersey,1835.0,4,False
2021-10-04,NY,New York/New Jersey,5828.0,8,False
2021-10-05,NY,New York/New Jersey,211.0,2,False
2021-10-06,NY,New York/New Jersey,7313.0,3,False
2021-10-07,NY,New York/New Jersey,8776.0,8,False
2021-10-08,NY,New York/New Jersey,4898.0,5,False
2021-10-09,NY,New York/New Jersey,1981.0,3,False
2021-10-10,NY,New York/New Jersey,834.0,4,False
2021-10-11,NY,New York/New Jersey,1036.0,5,False
2021-10-12,NY,New York/New Jersey,1019.0,5,False
2021-10-13,NY,New York/New Jersey,165.0,2,False
2021-10-14,NY,New York/New Jersey,2629.0,8,False
2021-10-15,NY,New York/New Jersey,2797.0,3,False
2021-10-16,NY,New York/New Jersey,5373.0,6,False
2021-10-17,NY,New York/New Jersey,0.0,2,False
2021-10-18,NY,New York/New Jersey,5504.0,7,False
2021-10-19,NY,New York/New Jersey,1919.0,7,False
2021-10-20,NY,New York/New Jersey,2298.0,3,False
2021-10-21,NY,New York/New Jersey,3213.0,5,False
2021-10-22,NY,New York/New Jersey,4666.0,6,False
2021-10-23,NY,New York/New Jersey,2846.0,6,False
2021-10-24,NY,New York/New Jersey,891.0,3,False
2021-10-25,NY,New York/New Jersey,6654.0,8,False
2021-10-26,NY,New York/New Jersey,328.0,2,False
2021-10-27,NY,New York/New Jersey,5812.0,10,False
2021-10-28,NY,New York/New Jersey,996.0,6,False
2021-10-29,NY,New York/New Jersey,2489.0,6,False
2021-10-30,NY,New York/New Jersey,5623.0,7,False
2021-10-31,NY,New York/New Jersey,1729.0,3,False
2021-11-01,NY,New York/New Jersey,2689.0,7,False
2021-11-02,NY,New York/New Jersey,2803.0,7,False
2021-11-03,NY,New York/New Jersey,1110.0,4,False
2021-11-04,NY,New York/New Jersey,3881.0,7,False
2021-11-05,NY,New York/New Jersey,1840.0,6,False
2021-11-06,NY,New York/New Jersey,9114.0,3,False
2021-11-07,NY,New York/New Jersey,2723.0,4,False
2021-11-08,NY,New York/New Jersey,529.0,4,False
2021-11-09,NY,New York/New Jersey,7315.0,7,False
2021-11-10,NY,New York/New Jersey,5646.0,8,False
2021-11-11,NY,New York/New Jersey,409.0,3,False
2021-11-12,NY,New York/New Jersey,3509.0,4,False
2021-11-13,NY,New York/New Jersey,249.0,4,False
2021-11-14,NY,New York/New Jersey,416.0,2,False
2021-11-15,NY,New York/New Jersey,298.0,3,False
2021-11-16,NY,New York/New Jersey,3145.0,5,False
2021-11-17,NY,New York/New Jersey,3927.0,5,False
2021-11-18,NY,New York/New Jersey,163.0,3,False
2021-11-19,NY,New York/New Jersey,4319.0,3,False
2021-11-20,NY,New York/New Jersey,1451.0,2,False
2021-11-21,NY,New York/New Jersey,163.0,3,False
2021-11-22,NY,New York/New Jersey,2184.0,5,False
2021-11-23,NY,New York/New Jersey,69.0,1,False
2021-11-24,NY,New York/New Jersey,17231.0,4,False
2021-11-25,NY,New York/New Jersey,3436.0,8,False
2021-11-26,NY,New York/New Jersey,3245.0,2,False
2021-11-27,NY,New York/New Jersey,402.0,1,False
2021-11-29,NY,New York/New Jersey,2674.0,5,False
2021-11-30,NY,New York/New Jersey,1794.0,3,False
2021-12-01,NY,New York/New Jersey,1609.0,4,False
2021-12-02,NY,New York/New Jersey,5841.0,5,False
2021-12-03,NY,New York/New Jersey,864.0,4,False
2021-12-04,NY,New York/New Jersey,5993.0,7,False
2021-12-05,NY,New York/New Jersey,4166.0,6,False
2021-12-06,NY,New York/New Jersey,4022.0,3,False
2021-12-07,NY,New York/New Jersey,1679.0,3,False
2021-12-08,NY,New York/New Jersey,3539.0,7,False
2021-12-09,NY,New York/New Jersey,145.0,3,False
2021-12-10,NY,New York/New Jersey,9359.0,9,False
2021-12-11,NY,New York/New Jersey,896.0,3,False
2021-12-12,NY,New York/New Jersey,0.0,2,False
2021-12-13,NY,New York/New Jersey,5939.0,10,False
2021-12-14,NY,New York/New Jersey,4535.0,7,False
2021-12-15,NY,New York/New Jersey,6715.0,6,False
2021-12-16,NY,New York/New Jersey,2129.0,5,False
2021-12-17,NY,New York/New Jersey,438.0,4,False
2021-12-18,NY,New York/New Jersey,8453.0,6,False
2021-12-19,NY,New York/New Jersey,1839.0,5,False
2021-12-20,NY,New York/New Jersey,2341.0,4,False
2021-12-21,NY,New York/New Jersey,11130.0,7,False
2021-12-22,NY,New York/New Jersey,5532.0,5,False
2021-12-23,NY,New York/New Jersey,745.0,4,False
2021-12-24,NY,New York/New Jersey,378.0,3,False
2021-12-25,NY,New York/New Jersey,1646.0,6,False
2021-12-26,NY,New York/New Jersey,4338.0,7,False
2021-12-27,NY,New York/New Jersey,2023.0,2,False
2021-12-28,NY,New York/New Jersey,2600.0,4,False
2021-12-29,NY,New York/New Jersey,4346.0,8,False
2021-12-31,NY,New York/New Jersey,895.0,4,False
2022-01-01,NY,New York/New Jersey,569.0,4,False
2022-01-02,NY,New York/New Jersey,835.0,9,False
2022-01-03,NY,New York/New Jersey,1212.0,4,False
2022-01-04,NY,New York/New Jersey,1999.0,3,False
2022-01-05,NY,New York/New Jersey,9209.0,7,False
2022-01-06,NY,New York/New Jersey,800.0,4,False
2022-01-07,NY,New York/New Jersey,3700.0,5,False
2022-01-08,NY,New York/New Jersey,415.0,4,False
2022-01-09,NY,New York/New Jersey,2330.0,8,False
2022-01-10,NY,New York/New Jersey,774.0,6,False
2022-01-11,NY,New York/New Jersey,1694.0,9,False
2022-01-12,NY,New York/New Jersey,379.0,3,False
2022-01-13,NY,New York/New Jersey,1689.0,8,False
2022-01-14,NY,New York/New Jersey,1986.0,4,False
2022-01-15,NY,New York/New Jersey,5504.0,5,False
2022-01-16,NY,New York/New Jersey,427.0,4,False
2022-01-17,NY,New York/New Jersey,239.0,5,False
2022-01-18,NY,New York/New Jersey,746.0,4,False
2022-01-19,NY,New York/New Jersey,2575.0,3,False
2022-01-20,NY,New York/New Jersey,183.0,1,False
2022-01-21,NY,New York/New Jersey,3436.0,3,False
2022-01-22,NY,New York/New Jersey,3071.0,5,False
2022-01-23,NY,New York/New Jersey,231.0,3,False
2022-01-24,NY,New York/New Jersey,962.0,4,False
2022-01-25,NY,New York/New Jersey,439.0,5,False
2022-01-26,NY,New York/New Jersey,345.0,4,False
2022-01-27,NY,New York/New Jersey,11570.0,6,False
2022-01-28,NY,New York/New Jersey,2088.0,3,False
2022-01-29,NY,New York/New Jersey,3043.0,10,False
2022-01-30,NY,New York/New Jersey,2567.0,5,False
2022-01-31,NY,New York/New Jersey,3100.0,9,False
2022-02-01,NY,New York/New Jersey,6916.0,4,False
2022-02-02,NY,New York/New Jersey,1410.0,3,False
2022-02-03,NY,New York/New Jersey,4033.0,5,False
2022-02-04,NY,New York/New Jersey,3336.0,8,False
2022-02-05,NY,New York/New Jersey,3551.0,5,False
2022-02-06,NY,New York/New Jersey,742.0,5,False
2022-02-07,NY,New York/New Jersey,3483.0,4,False
2022-02-08,NY,New York/New Jersey,3722.0,9,False
2022-02-09,NY,New York/New Jersey,3727.0,3,False
2022-02-10,NY,New York/New Jersey,4162.0,7,False
2022-02-11,NY,New York/New Jersey,430.0,4,False
2022-02-12,NY,New York/New Jersey,8694.0,6,False
2022-02-13,NY,New York/New Jersey,138.0,3,False
2022-02-14,NY,New York/New Jersey,2924.0,10,False
2022-02-15,NY,New York/New Jersey,1161.0,6,False
2022-02-16,NY,New York/New Jersey,2761.0,10,False
2022-02-17,NY,New York/New Jersey,2275.0,6,False
2022-02-18,NY,New York/New Jersey,1182.0,4,False
2022-02-19,NY,New York/New Jersey,7367.0,7,False
2022-02-20,NY,New York/New Jersey,4775.0,4,False
2022-02-21,NY,New York/New Jersey,917.0,8,False
2022-02-22,NY,New York/New Jersey,485.0,3,False
2022-02-23,NY,New York/New Jersey,1954.0,2,False
2022-02-24,NY,New York/New Jersey,1948.0,2,False
2022-02-25,NY,New York/New Jersey,3134.0,6,False
2022-02-26,NY,New York/New Jersey,4035.0,7,False
2022-02-27,NY,New York/New Jersey,847.0,4,False
2022-02-28,NY,New York/New Jersey,3094.0,3,False
2022-03-01,NY,New York/New Jersey,2454.0,8,False
2022-03-02,NY,New York/New Jersey,2194.0,5,False
2022-03-03,NY,New York/New Jersey,2293.0,3,False
2022-03-04,NY,New York/New Jersey,1596.0,4,False
2022-03-05,NY,New York/New Jersey,4473.0,6,False
2022-03-06,NY,New York/New Jersey,136.0,3,False
2022-03-07,NY,New York/New Jersey,1085.0,7,False
2022-03-08,NY,New York/New Jersey,2549.0,5,False
2022-03-09,NY,New York/New Jersey,1220.0,5,False
2022-03-10,NY,New York/New Jersey,7081.0,5,False
2022-03-11,NY,New York/New Jersey,3113.0,9,False
2022-03-12,NY,New York/New Jersey,10662.0,9,False
2022-03-13,NY,New York/New Jersey,23.0,1,False
2022-03-14,NY,New York/New Jersey,1119.0,4,False
2022-03-15,NY,New York/New Jersey,2555.0,5,False
2022-03-16,NY,New York/New Jersey,3335.0,2,False
2022-03-17,NY,New York/New Jersey,845.0,2,False
2022-03-18,NY,New York/New Jersey,2691.0,3,False
2022-03-19,NY,New York/New Jersey,3803.0,6,False
2022-03-20,NY,New York/New Jersey,5116.0,9,False
2022-03-21,NY,New York/New Jersey,1831.0,4,False
2022-03-22,NY,New York/New Jersey,241.0,4,False
2022-03-23,NY,New York/New Jersey,983.0,4,False
2022-03-24,NY,New York/New Jersey,3255.0,4,False
2022-03-25,NY,New York/New Jersey,115.0,1,False
2022-03-26,NY,New York/New Jersey,3287.0,4,False
2022-03-27,NY,New York/New Jersey,382.0,6,False
2022-03-28,NY,New York/New Jersey,916.0,5,False
2022-03-29,NY,New York/New Jersey,163.0,4,False
2022-03-30,NY,New York/New Jersey,659.0,5,False
2022-03-31,NY,New York/New Jersey,3174.0,6,False
2022-04-01,NY,New York/New Jersey,830.0,2,False
2022-04-02,NY,New York/New Jersey,996.0,4,False
2022-04-03,NY,New York/New Jersey,5963.0,4,False
2022-04-04,NY,New York/New Jersey,3993.0,8,False
2022-04-05,NY,New York/New Jersey,3018.0,8,False
2022-04-06,NY,New York/New Jersey,1719.0,6,False
2022-04-07,NY,New York/New Jersey,2975.0,8,False
2022-04-08,NY,New York/New Jersey,11642.0,5,False
2022-04-09,NY,New York/New Jersey,4250.0,8,False
2022-04-10,NY,New York/New Jersey,59.0,2,False
2022-04-11,NY,New York/New Jersey,1260.0,5,False
2022-04-12,NY,New York/New Jersey,262.0,2,False
2022-04-13,NY,New York/New Jersey,12000.0,10,False
2022-04-14,NY,New York/New Jersey,11288.0,8,False
2022-04-15,NY,New York/New Jersey,11219.0,6,False
2022-04-16,NY,New York/New Jersey,6708.0,5,False
2022-04-17,NY,New York/New Jersey,215.0,6,False
2022-04-18,NY,New York/New Jersey,4287.0,5,False
2022-04-19,NY,New York/New Jersey,5872.0,6,False
2022-04-20,NY,New York/New Jersey,9860.0,6,False
2022-04-21,NY,New York/New Jersey,3243.0,7,False
2022-04-22,NY,New York/New Jersey,7836.0,7,False
2022-04-23,NY,New York/New Jersey,0.0,1,False
2022-04-24,NY,New York/New Jersey,2590.0,3,False
2022-04-25,NY,New York/New Jersey,5861.0,5,False
2022-04-26,NY,New York/New Jersey,62.0,2,False
2022-04-27,NY,New York/New Jersey,8728.0,5,False
2022-04-28,NY,New York/New Jersey,970.0,7,False
2022-04-29,NY,New York/New Jersey,12058.0,7,False
2022-04-30,NY,New York/New Jersey,1749.0,5,False
2022-05-01,NY,New York/New Jersey,4852.0,10,False
2022-05-02,NY,New York/New Jersey,3017.0,4,False
2022-05-03,NY,New York/New Jersey,768.0,3,False
2022-05-04,NY,New York/New Jersey,1717.0,2,False
2022-05-05,NY,New York/New Jersey,3219.0,7,False
2022-05-06,NY,New York/New Jersey,2396.0,4,False
2022-05-07,NY,New York/New Jersey,4479.0,4,False
2022-05-08,NY,New York/New Jersey,4070.0,5,False
2022-05-09,NY,New York/New Jersey,2757.0,4,False
2022-05-10,NY,New York/New Jersey,1799.0,5,False
2022-05-11,NY,New York/New Jersey,2328.0,4,False
2022-05-12,NY,New York/New Jersey,2835.0,3,False
2022-05-13,NY,New York/New Jersey,2273.0,5,False
2022-05-14,NY,New York/New Jersey,8793.0,9,False
2022-05-15,NY,New York/New Jersey,1334.0,3,False
2022-05-16,NY,New York/New Jersey,5420.0,4,False
2022-05-17,NY,New York/New Jersey,3410.0,8,False
2022-05-18,NY,New York/New Jersey,584.0,3,False
2022-05-19,NY,New York/New Jersey,4553.0,5,False
2022-05-20,NY,New York/New Jersey,3280.0,4,False
2022-05-21,NY,New York/New Jersey,10086.0,8,False
2022-05-22,NY,New York/New Jersey,7267.0,5,False
2022-05-23,NY,New York/New Jersey,2550.0,4,False
2022-05-24,NY,New York/New Jersey,73.0,2,False
2022-05-25,NY,New York/New Jersey,3970.0,4,False
2022-05-26,NY,New York/New Jersey,1240.0,3,False
2022-05-27,NY,New York/New Jersey,2845.0,5,False
2022-05-28,NY,New York/New Jersey,4479.0,4,False
2022-05-29,NY,New York/New Jersey,5007.0,7,False
2022-05-30,NY,New York/New Jersey,7495.0,6,False
2022-05-31,NY,New York/New Jersey,3967.0,5,False
2022-06-01,NY,New York/New Jersey,1593.0,3,True
2022-06-02,NY,New York/New Jersey,2106.0,5,True
2022-06-03,NY,New York/New Jersey,5612.0,8,True
2022-06-04,NY,New York/New Jersey,2000.0,4,True
2022-06-05,NY,New York/New Jersey,790.0,4,True
2022-06-06,NY,New York/New Jersey,1480.0,6,True
2022-06-07,NY,New York/New Jersey,13945.0,10,True
2022-06-08,NY,New York/New Jersey,5838.0,8,True
2022-06-09,NY,New York/New Jersey,811.0,7,True
2022-06-10,NY,New York/New Jersey,4208.0,5,True
2022-06-11,NY,New York/New Jersey,1186.0,3,True
2022-06-12,NY,New York/New Jersey,90.0,3,True
2022-06-13,NY,New York/New Jersey,8799.0,7,True
2022-06-14,NY,New York/New Jersey,2764.0,7,True
2022-06-15,NY,New York/New Jersey,7289.0,5,True
2022-06-16,NY,New York/New Jersey,4873.0,10,True
2022-06-17,NY,New York/New Jersey,7314.0,6,True
2022-06-18,NY,New York/New Jersey,4823.0,3,True
2022-06-19,NY,New York/New Jersey,321.0,6,True
2022-06-20,NY,New York/New Jersey,4160.0,6,True
2022-06-21,NY,New York/New Jersey,4188.0,3,True
2022-06-22,NY,New York/New Jersey,6147.0,6,True
2022-06-23,NY,New York/New Jersey,1836.0,7,True
2022-06-24,NY,New York/New Jersey,4504.0,3,True
2022-06-25,NY,New York/New Jersey,1696.0,3,True
2022-06-26,NY,New York/New Jersey,2746.0,6,True
2022-06-27,NY,New York/New Jersey,3467.0,7,True
2022-06-28,NY,New York/New Jersey,6827.0,6,True
2022-06-29,NY,New York/New Jersey,2211.0,3,True
2022-06-30,NY,New York/New Jersey,4597.0,8,True
2022-07-01,NY,New York/New Jersey,33.0,1,True
2022-07-02,NY,New York/New Jersey,354.0,1,True
2022-07-03,NY,New York/New Jersey,28.0,2,True
2022-07-04,NY,New York/New Jersey,2521.0,4,True
2022-07-05,NY,New York/New Jersey,478.0,3,True
2022-07-06,NY,New York/New Jersey,252.0,2,True
2022-07-07,NY,New York/New Jersey,15103.0,5,True
2022-07-08,NY,New York/New Jersey,4424.0,7,True
2022-07-09,NY,New York/New Jersey,1195.0,8,True
2022-07-10,NY,New York/New Jersey,5724.0,5,True
2022-07-11,NY,New York/New Jersey,2571.0,5,True
2022-07-12,NY,New York/New Jersey,3340.0,3,True
2022-07-13,NY,New York/New Jersey,4689.0,5,True
2022-07-14,NY,New York/New Jersey,1933.0,5,True
2022-07-15,NY,New York/New Jersey,1385.0,7,True
2022-07-16,NY,New York/New Jersey,992.0,5,True
2022-07-17,NY,New York/New Jersey,1240.0,4,True
2022-07-18,NY,New York/New Jersey,4169.0,7,True
2022-07-19,NY,New York/New Jersey,2858.0,5,True
2022-07-20,NY,New York/New Jersey,828.0,6,True
2022-07-21,NY,New York/New Jersey,840.0,3,True
2022-07-22,NY,New York/New Jersey,1996.0,3,True
2022-07-23,NY,New York/New Jersey,571.0,3,True
2022-07-24,NY,New York/New Jersey,2320.0,9,True
2022-07-25,NY,New York/New Jersey,853.0,5,True
2022-07-26,NY,New York/New Jersey,4359.0,5,True
2022-07-27,NY,New York/New Jersey,3476.0,4,True
2022-07-28,NY,New York/New Jersey,4194.0,6,True
2022-07-29,NY,New York/New Jersey,4647.0,6,True
2022-07-30,NY,New York/New Jersey,3468.0,6,True
2022-07-31,NY,New York/New Jersey,374.0,2,True
2022-08-01,NY,New York/New Jersey,621.0,5,True
2022-08-02,NY,New York/New Jersey,5655.0,5,True
2022-08-03,NY,New York/New Jersey,5806.0,7,True
2022-08-04,NY,New York/New Jersey,550.0,4,True
2022-08-05,NY,New York/New Jersey,198.0,1,True
2022-08-06,NY,New York/New Jersey,2787.0,4,True
2022-08-07,NY,New York/New Jersey,944.0,3,True
2022-08-08,NY,New York/New Jersey,5743.0,3,True
2022-08-09,NY,New York/New Jersey,8704.0,5,True
2022-08-10,NY,New York/New Jersey,3190.0,5,True
2022-08-11,NY,New York/New Jersey,473.0,3,True
2022-08-12,NY,New York/New Jersey,28.0,1,True
2022-08-13,NY,New York/New Jersey,5076.0,4,True
2022-08-14,NY,New York/New Jersey,8733.0,8,True
2022-08-16,NY,New York/New Jersey,3336.0,5,True
2022-08-17,NY,New York/New Jersey,3260.0,6,True
2022-08-18,NY,New York/New Jersey,576.0,5,True
2022-08-19,NY,New York/New Jersey,4355.0,6,True
2022-08-20,NY,New York/New Jersey,772.0,4,True
2022-08-21,NY,New York/New Jersey,2902.0,4,True
2022-08-22,NY,New York/New Jersey,5666.0,6,True
2022-08-23,NY,New York/New Jersey,4421.0,3,True
2022-08-24,NY,New York/New Jersey,1989.0,4,True
2022-08-25,NY,New York/New Jersey,3973.0,4,True
2022-08-26,NY,New York/New Jersey,1430.0,4,True
2022-08-27,NY,New York/New Jersey,672.0,3,True
2022-08-28,NY,New York/New Jersey,2807.0,6,True
2022-08-29,NY,New York/New Jersey,2340.0,4,True
2022-08-30,NY,New York/New Jersey,1975.0,6,True
2022-08-31,NY,New York/New Jersey,1951.0,4,True
2022-09-01,NY,New York/New Jersey,3128.0,6,False
2022-09-02,NY,New York/New Jersey,2087.0,3,False
2022-09-03,NY,New York/New Jersey,7938.0,9,False
2022-09-04,NY,New York/New Jersey,1532.0,6,False
2022-09-05,NY,New York/New Jersey,1051.0,3,False
2022-09-06,NY,New York/New Jersey,2950.0,4,False
2022-09-07,NY,New York/New Jersey,2377.0,4,False
2022-09-08,NY,New York/New Jersey,549.0,2,False
2022-09-09,NY,New York/New Jersey,3909.0,8,False
2022-09-10,NY,New York/New Jersey,1383.0,3,False
2022-09-11,NY,New York/New Jersey,1707.0,2,False
2022-09-12,NY,New York/New Jersey,541.0,4,False
2022-09-13,NY,New York/New Jersey,1148.0,3,False
2022-09-14,NY,New York/New Jersey,3522.0,5,False
2022-09-15,NY,New York/New Jersey,3650.0,7,False
2022-09-16,NY,New York/New Jersey,7758.0,5,False
2022-09-18,NY,New York/New Jersey,6082.0,8,False
2022-09-19,NY,New York/New Jersey,2419.0,6,False
2022-09-20,NY,New York/New Jersey,3447.0,3,False
2022-09-21,NY,New York/New Jersey,922.0,6,False
2022-09-22,NY,New York/New Jersey,3494.0,4,False
2022-09-23,NY,New York/New Jersey,458.0,3,False
2022-09-24,NY,New York/New Jersey,13859.0,4,False
2022-09-25,NY,New York/New Jersey,567.0,6,False
2022-09-26,NY,New York/New Jersey,6769.0,11,False
2022-09-27,NY,New York/New Jersey,894.0,3,False
2022-09-28,NY,New York/New Jersey,6861.0,12,False
2022-09-29,NY,New York/New Jersey,699.0,5,False
2022-09-30,NY,New York/New Jersey,2856.0,5,False
2022-10-01,NY,New York/New Jersey,904.0,6,False
2022-10-02,NY,New York/New Jersey,2262.0,5,False
2022-10-03,NY,New York/New Jersey,5778.0,6,False
2022-10-04,NY,New York/New Jersey,2462.0,4,False
2022-10-05,NY,New York/New Jersey,970.0,4,False
2022-10-06,NY,New York/New Jersey,2147.0,7,False
2022-10-07,NY,New York/New Jersey,6203.0,4,False
2022-10-08,NY,New York/New Jersey,269.0,2,False
2022-10-09,NY,New York/New Jersey,0.0,1,False
2022-10-10,NY,New York/New Jersey,2139.0,5,False
2022-10-11,NY,New York/New Jersey,4967.0,9,False
2022-10-12,NY,New York/New Jersey,1201.0,5,False
2022-10-13,NY,New York/New Jersey,1592.0,8,False
2022-10-14,NY,New York/New Jersey,6864.0,10,False
2022-10-15,NY,New York/New Jersey,3238.0,6,False
2022-10-16,NY,New York/New Jersey,3811.0,2,False
2022-10-17,NY,New York/New Jersey,15.0,1,False
2022-10-18,NY,New York/New Jersey,2576.0,5,False
2022-10-19,NY,New York/New Jersey,12146.0,10,False
2022-10-20,NY,New York/New Jersey,215.0,3,False
2022-10-21,NY,New York/New Jersey,7030.0,6,False
2022-10-22,NY,New York/New Jersey,1875.0,7,False
2022-10-23,NY,New York/New Jersey,6630.0,4,False
2022-10-24,NY,New York/New Jersey,4448.0,7,False
2022-10-25,NY,New York/New Jersey,996.0,2,False
2022-10-26,NY,New York/New Jersey,2592.0,4,False
2022-10-27,NY,New York/New Jersey,1744.0,4,False
2022-10-28,NY,New York/New Jersey,230.0,4,False
2022-10-29,NY,New York/New Jersey,7334.0,6,False
2022-10-30,NY,New York/New Jersey,290.0,3,False
2022-10-31,NY,New York/New Jersey,1926.0,7,False
2022-11-01,NY,New York/New Jersey,37.0,1,False
2022-11-02,NY,New York/New Jersey,70.0,3,False
2022-11-03,NY,New York/New Jersey,4187.0,5,False
2022-11-04,NY,New York/New Jersey,4561.0,5,False
2022-11-05,NY,New York/New Jersey,1297.0,3,False
2022-11-06,NY,New York/New Jersey,2203.0,7,False
2022-11-07,NY,New York/New Jersey,11063.0,9,False
2022-11-08,NY,New York/New Jersey,4451.0,8,False
2022-11-09,NY,New York/New Jersey,2988.0,8,False
2022-11-10,NY,New York/New Jersey,2212.0,5,False
2022-11-11,NY,New York/New Jersey,4660.0,4,False
2022-11-12,NY,New York/New Jersey,27.0,1,False
2022-11-13,NY,New York/New Jersey,1644.0,4,False
2022-11-14,NY,New York/New Jersey,3446.0,9,False
2022-11-15,NY,New York/New Jersey,163.0,2,False
2022-11-16,NY,New York/New Jersey,91.0,2,False
2022-11-17,NY,New York/New Jersey,245.0,3,False
2022-11-18,NY,New York/New Jersey,2925.0,5,False
2022-11-19,NY,New York/New Jersey,6082.0,3,False
2022-11-20,NY,New York/New Jersey,3916.0,6,False
2022-11-21,NY,New York/New Jersey,590.0,2,False
2022-11-22,NY,New York/New Jersey,2744.0,6,False
2022-11-23,NY,New York/New Jersey,9679.0,6,False
2022-11-24,NY,New York/New Jersey,0.0,3,False
2022-11-25,NY,New York/New Jersey,8542.0,5,False
2022-11-26,NY,New York/New Jersey,3880.0,2,False
2022-11-27,NY,New York/New Jersey,27.0,3,False
2022-11-28,NY,New York/New Jersey,4012.0,6,False
2022-11-29,NY,New York/New Jersey,732.0,3,False
2022-11-30,NY,New York/New Jersey,384.0,3,False
2022-12-01,NY,New York/New Jersey,406.0,3,False
2022-12-02,NY,New York/New Jersey,1560.0,5,False
2022-12-03,NY,New York/New Jersey,3385.0,6,False
2022-12-04,NY,New York/New Jersey,0.0,3,False
2022-12-05,NY,New York/New Jersey,369.0,3,False
2022-12-06,NY,New York/New Jersey,7031.0,8,False
2022-12-07,NY,New York/New Jersey,6963.0,7,False
2022-12-08,NY,New York/New Jersey,3986.0,7,False
2022-12-09,NY,New York/New Jersey,3844.0,3,False
2022-12-10,NY,New York/New Jersey,2938.0,5,False
2022-12-11,NY,New York/New Jersey,1879.0,4,False
2022-12-12,NY,New York/New Jersey,1158.0,7,False
2022-12-13,NY,New York/New Jersey,1920.0,7,False
2022-12-14,NY,New York/New Jersey,407.0,3,False
2022-12-15,NY,New York/New Jersey,6848.0,11,False
2022-12-16,NY,New York/New Jersey,2534.0,9,False
2022-12-17,NY,New York/New Jersey,5716.0,10,False
2022-12-18,NY,New York/New Jersey,2149.0,5,False
2022-12-19,NY,New York/New Jersey,1132.0,6,False
2022-12-20,NY,New York/New Jersey,3064.0,6,False
2022-12-21,NY,New York/New Jersey,434.0,2,False
2022-12-22,NY,New York/New Jersey,1367.0,4,False
2022-12-23,NY,New York/New Jersey,7025.0,6,False
2022-12-24,NY,New York/New Jersey,237.0,3,False
2022-12-25,NY,New York/New Jersey,2377.0,6,False
2022-12-26,NY,New York/New Jersey,4654.0,3,False
2022-12-27,NY,New York/New Jersey,1189.0,5,False
2022-12-28,NY,New York/New Jersey,1612.0,2,False
2022-12-29,NY,New York/New Jersey,1748.0,2,False
2022-12-30,NY,New York/New Jersey,4540.0,2,False
2022-12-31,NY,New York/New Jersey,1418.0,5,False
2023-01-01,NY,New York/New Jersey,6999.0,8,False
2023-01-02,NY,New York/New Jersey,8206.0,5,False
2023-01-03,NY,New York/New Jersey,4599.0,5,False
2023-01-04,NY,New York/New Jersey,90.0,1,False
2023-01-05,NY,New York/New Jersey,1424.0,6,False
2023-01-06,NY,New York/New Jersey,1796.0,4,False
2023-01-07,NY,New York/New Jersey,9703.0,5,False
2023-01-08,NY,New York/New Jersey,8343.0,9,False
2023-01-09,NY,New York/New Jersey,1203.0,5,False
2023-01-10,NY,New York/New Jersey,4760.0,5,False
2023-01-11,NY,New York/New Jersey,2950.0,6,False
2023-01-12,NY,New York/New Jersey,1225.0,3,False
2023-01-13,NY,New York/New Jersey,1966.0,2,False
2023-01-14,NY,New York/New Jersey,5883.0,5,False
2023-01-15,NY,New York/New Jersey,6023.0,7,False
2023-01-16,NY,New York/New Jersey,5310.0,13,False
2023-01-17,NY,New York/New Jersey,4923.0,6,False
2023-01-18,NY,New York/New Jersey,536.0,6,False
2023-01-19,NY,New York/New Jersey,5710.0,3,False
2023-01-20,NY,New York/New Jersey,3128.0,7,False
2023-01-21,NY,New York/New Jersey,1483.0,3,False
2023-01-22,NY,New York/New Jersey,3485.0,4,False
2023-01-23,NY,New York/New Jersey,2658.0,2,False
2023-01-24,NY,New York/New Jersey,13793.0,12,False
2023-01-25,NY,New York/New Jersey,996.0,5,False
2023-01-26,NY,New York/New Jersey,1809.0,4,False
2023-01-27,NY,New York/New Jersey,2384.0,5,False
2023-01-29,NY,New York/New Jersey,1914.0,5,False
2023-01-30,NY,New York/New Jersey,1114.0,1,False
2023-01-31,NY,New York/New Jersey,3542.0,6,False
2023-02-01,NY,New York/New Jersey,5654.0,9,False
2023-02-02,NY,New York/New Jersey,2389.0,4,False
2023-02-03,NY,New York/New Jersey,2122.0,5,False
2023-02-04,NY,New York/New Jersey,6085.0,8,False
2023-02-05,NY,New York/New Jersey,1940.0,2,False
2023-02-06,NY,New York/New Jersey,1375.0,4,False
2023-02-07,NY,New York/New Jersey,2380.0,6,False
2023-02-08,NY,New York/New Jersey,63.0,1,False
2023-02-09,NY,New York/New Jersey,1518.0,4,False
2023-02-10,NY,New York/New Jersey,2026.0,6,False
2023-02-11,NY,New York/New Jersey,1293.0,3,False
2023-02-12,NY,New York/New Jersey,1194.0,6,False
2023-02-13,NY,New York/New Jersey,1595.0,7,False
2023-02-14,NY,New York/New Jersey,3874.0,7,False
2023-02-15,NY,New York/New Jersey,1545.0,2,False
2023-02-16,NY,New York/New Jersey,2114.0,5,False
2023-02-17,NY,New York/New Jersey,2885.0,3,False
2023-02-18,NY,New York/New Jersey,599.0,3,False
2023-02-19,NY,New York/New Jersey,641.0,1,False
2023-02-20,NY,New York/New Jersey,2356.0,8,False
2023-02-21,NY,New York/New Jersey,3747.0,8,False
2023-02-22,NY,New York/New Jersey,714.0,2,False
2023-02-23,NY,New York/New Jersey,2443.0,5,False
2023-02-24,NY,New York/New Jersey,4180.0,3,False
2023-02-25,NY,New York/New Jersey,5380.0,6,False
2023-02-26,NY,New York/New Jersey,0.0,1,False
2023-02-27,NY,New York/New Jersey,5121.0,5,False
2023-02-28,NY,New York/New Jersey,1566.0,2,False
2023-03-01,NY,New York/New Jersey,3816.0,4,False
2023-03-02,NY,New York/New Jersey,1587.0,8,False
2023-03-03,NY,New York/New Jersey,2030.0,8,False
2023-03-04,NY,New York/New Jersey,938.0,2,False
2023-03-05,NY,New York/New Jersey,9940.0,8,False
2023-03-06,NY,New York/New Jersey,6775.0,6,False
2023-03-07,NY,New York/New Jersey,2176.0,6,False
2023-03-09,NY,New York/New Jersey,5002.0,6,False
2023-03-10,NY,New York/New Jersey,3041.0,3,False
2023-03-11,NY,New York/New Jersey,174.0,1,False
2023-03-12,NY,New York/New Jersey,875.0,3,False
2023-03-13,NY,New York/New Jersey,3005.0,5,False
2023-03-14,NY,New York/New Jersey,954.0,2,False
2023-03-15,NY,New York/New Jersey,2110.0,9,False
2023-03-16,NY,New York/New Jersey,241.0,2,False
2023-03-17,NY,New York/New Jersey,3298.0,7,False
2023-03-18,NY,New York/New Jersey,303.0,2,False
2023-03-19,NY,New York/New Jersey,1638.0,3,False
2023-03-20,NY,New York/New Jersey,2176.0,7,False
2023-03-21,NY,New York/New Jersey,5023.0,9,False
2023-03-22,NY,New York/New Jersey,2392.0,5,False
2023-03-23,NY,New York/New Jersey,1235.0,4,False
2023-03-24,NY,New York/New Jersey,2662.0,1,False
2023-03-25,NY,New York/New Jersey,11636.0,8,False
2023-03-26,NY,New York/New Jersey,1930.0,5,False
2023-03-27,NY,New York/New Jersey,1665.0,10,False
2023-03-28,NY,New York/New Jersey,676.0,1,False
2023-03-29,NY,New York/New Jersey,1011.0,2,False
2023-03-30,NY,New York/New Jersey,1624.0,6,False
2023-03-31,NY,New York/New Jersey,3983.0,8,False
2023-04-01,NY,New York/New Jersey,5790.0,5,False
2023-04-02,NY,New York/New Jersey,11932.0,10,False
2023-04-03,NY,New York/New Jersey,3085.0,4,False
2023-04-04,NY,New York/New Jersey,497.0,3,False
2023-04-05,NY,New York/New Jersey,2492.0,5,False
2023-04-07,NY,New York/New Jersey,6123.0,5,False
2023-04-08,NY,New York/New Jersey,1955.0,5,False
2023-04-09,NY,New York/New Jersey,327.0,2,False
2023-04-10,NY,New York/New Jersey,311.0,3,False
2023-04-11,NY,New York/New Jersey,1563.0,3,False
2023-04-12,NY,New York/New Jersey,5661.0,6,False
2023-04-13,NY,New York/New Jersey,5473.0,4,False
2023-04-14,NY,New York/New Jersey,5955.0,3,False
2023-04-15,NY,New York/New Jersey,6394.0,4,False
2023-04-16,NY,New York/New Jersey,197.0,3,False
2023-04-17,NY,New York/New Jersey,4741.0,5,False
2023-04-18,NY,New York/New Jersey,3410.0,6,False
2023-04-19,NY,New York/New Jersey,1401.0,7,False
2023-04-20,NY,New York/New Jersey,5508.0,5,False
2023-04-21,NY,New York/New Jersey,5114.0,7,False
2023-04-22,NY,New York/New Jersey,5490.0,8,False
2023-04-23,NY,New York/New Jersey,5231.0,6,False
2023-04-24,NY,New York/New Jersey,1299.0,2,False
2023-04-25,NY,New York/New Jersey,3997.0,6,False
2023-04-26,NY,New York/New Jersey,2880.0,8,False
2023-04-27,NY,New York/New Jersey,5684.0,4,False
2023-04-28,NY,New York/New Jersey,6300.0,8,False
2023-04-29,NY,New York/New Jersey,4693.0,6,False
2023-04-30,NY,New York/New Jersey,3739.0,5,False
2023-05-01,NY,New York/New Jersey,2573.0,4,False
2023-05-02,NY,New York/New Jersey,704.0,6,False
2023-05-03,NY,New York/New Jersey,1226.0,3,False
2023-05-04,NY,New York/New Jersey,1519.0,5,False
2023-05-05,NY,New York/New Jersey,1011.0,3,False
2023-05-06,NY,New York/New Jersey,2094.0,3,False
2023-05-07,NY,New York/New Jersey,754.0,5,False
2023-05-08,NY,New York/New Jersey,2619.0,5,False
2023-05-09,NY,New York/New Jersey,1355.0,5,False
2023-05-10,NY,New York/New Jersey,356.0,2,False
2023-05-11,NY,New York/New Jersey,3690.0,6,False
2023-05-12,NY,New York/New Jersey,829.0,2,False
2023-05-13,NY,New York/New Jersey,695.0,2,False
2023-05-14,NY,New York/New Jersey,4215.0,2,False
2023-05-15,NY,New York/New Jersey,581.0,7,False
2023-05-16,NY,New York/New Jersey,141.0,2,False
2023-05-17,NY,New York/New Jersey,10487.0,3,False
2023-05-18,NY,New York/New Jersey,2819.0,5,False
2023-05-19,NY,New York/New Jersey,4029.0,6,False
2023-05-20,NY,New York/New Jersey,5115.0,6,False
2023-05-21,NY,New York/New Jersey,5570.0,6,False
2023-05-22,NY,New York/New Jersey,317.0,4,False
2023-05-23,NY,New York/New Jersey,2133.0,5,False
2023-05-24,NY,New York/New Jersey,2976.0,4,False
2023-05-25,NY,New York/New Jersey,929.0,6,False
2023-05-26,NY,New York/New Jersey,647.0,2,False
2023-05-27,NY,New York/New Jersey,1970.0,4,False
2023-05-28,NY,New York/New Jersey,1616.0,5,False
2023-05-29,NY,New York/New Jersey,2746.0,5,False
2023-05-30,NY,New York/New Jersey,672.0,9,False
2023-05-31,NY,New York/New Jersey,7176.0,6,False
2023-06-01,NY,New York/New Jersey,2434.0,5,True
2023-06-02,NY,New York/New Jersey,1529.0,2,True
2023-06-03,NY,New York/New Jersey,2453.0,8,True
2023-06-04,NY,New York/New Jersey,1142.0,1,True
2023-06-05,NY,New York/New Jersey,5246.0,6,True
2023-06-06,NY,New York/New Jersey,1186.0,5,True
2023-06-07,NY,New York/New Jersey,706.0,4,True
2023-06-08,NY,New York/New Jersey,284.0,2,True
2023-06-09,NY,New York/New Jersey,680.0,3,True
2023-06-10,NY,New York/New Jersey,59.0,2,True
2023-06-11,NY,New York/New Jersey,761.0,4,True
2023-06-12,NY,New York/New Jersey,8219.0,9,True
2023-06-14,NY,New York/New Jersey,2682.0,4,True
2023-06-15,NY,New York/New Jersey,3786.0,4,True
2023-06-16,NY,New York/New Jersey,2799.0,4,True
2023-06-17,NY,New York/New Jersey,1193.0,4,True
2023-06-18,NY,New York/New Jersey,331.0,4,True
2023-06-19,NY,New York/New Jersey,1737.0,2,True
2023-06-20,NY,New York/New Jersey,2452.0,5,True
2023-06-21,NY,New York/New Jersey,3423.0,3,True
2023-06-22,NY,New York/New Jersey,1703.0,3,True
2023-06-23,NY,New York/New Jersey,1740.0,4,True
2023-06-24,NY,New York/New Jersey,981.0,4,True
2023-06-25,NY,New York/New Jersey,514.0,2,True
2023-06-26,NY,New York/New Jersey,4441.0,7,True
2023-06-27,NY,New York/New Jersey,7894.0,14,True
2023-06-28,NY,New York/New Jersey,1201.0,4,True
2023-06-29,NY,New York/New Jersey,2283.0,5,True
2023-06-30,NY,New York/New Jersey,2188.0,5,True
2023-07-01,NY,New York/New Jersey,7732.0,8,True
2023-07-02,NY,New York/New Jersey,1639.0,5,True
2023-07-03,NY,New York/New Jersey,266.0,2,True
2023-07-04,NY,New York/New Jersey,402.0,2,True
2023-07-05,NY,New York/New Jersey,3969.0,6,True
2023-07-06,NY,New York/New Jersey,5783.0,6,True
2023-07-07,NY,New York/New Jersey,3517.0,5,True
2023-07-08,NY,New York/New Jersey,3300.0,8,True
2023-07-09,NY,New York/New Jersey,524.0,5,True
2023-07-10,NY,New York/New Jersey,1913.0,5,True
2023-07-11,NY,New York/New Jersey,2652.0,5,True
2023-07-12,NY,New York/New Jersey,863.0,6,True
2023-07-13,NY,New York/New Jersey,4963.0,6,True
2023-07-14,NY,New York/New Jersey,5872.0,7,True
2023-07-16,NY,New York/New Jersey,4024.0,5,True
2023-07-17,NY,New York/New Jersey,3303.0,3,True
2023-07-18,NY,New York/New Jersey,6529.0,9,True
2023-07-19,NY,New York/New Jersey,6218.0,4,True
2023-07-20,NY,New York/New Jersey,7466.0,6,True
2023-07-21,NY,New York/New Jersey,2364.0,5,True
2023-07-22,NY,New York/New Jersey,1587.0,5,True
2023-07-23,NY,New York/New Jersey,2711.0,4,True
2023-07-24,NY,New York/New Jersey,885.0,4,True
2023-07-25,NY,New York/New Jersey,2749.0,4,True
2023-07-26,NY,New York/New Jersey,2261.0,6,True
2023-07-27,NY,New York/New Jersey,209.0,2,True
2023-07-28,NY,New York/New Jersey,1064.0,3,True
2023-07-29,NY,New York/New Jersey,6973.0,8,True
2023-07-30,NY,New York/New Jersey,2898.0,6,True
2023-07-31,NY,New York/New Jersey,4759.0,5,True
2023-08-01,NY,New York/New Jersey,1742.0,5,True
2023-08-02,NY,New York/New Jersey,4775.0,4,True
2023-08-03,NY,New York/New Jersey,2390.0,4,True
2023-08-04,NY,New York/New Jersey,4314.0,3,True
2023-08-05,NY,New York/New Jersey,88.0,2,True
2023-08-06,NY,New York/New Jersey,6203.0,7,True
2023-08-07,NY,New York/New Jersey,2114.0,5,True
2023-08-08,NY,New York/New Jersey,5656.0,7,True
2023-08-09,NY,New York/New Jersey,2929.0,6,True
2023-08-10,NY,New York/New Jersey,4037.0,7,True
2023-08-11,NY,New York/New Jersey,8565.0,6,True
2023-08-12,NY,New York/New Jersey,2006.0,3,True
2023-08-13,NY,New York/New Jersey,508.0,7,True
2023-08-14,NY,New York/New Jersey,150.0,1,True
2023-08-15,NY,New York/New Jersey,314.0,3,True
2023-08-16,NY,New York/New Jersey,4076.0,8,True
2023-08-17,NY,New York/New Jersey,1514.0,4,True
2023-08-18,NY,New York/New Jersey,2465.0,5,True
2023-08-19,NY,New York/New Jersey,4904.0,5,True
2023-08-20,NY,New York/New Jersey,3144.0,5,True
2023-08-21,NY,New York/New Jersey,1306.0,3,True
2023-08-22,NY,New York/New Jersey,3313.0,7,True
2023-08-23,NY,New York/New Jersey,6337.0,6,True
2023-08-24,NY,New York/New Jersey,408.0,2,True
2023-08-25,NY,New York/New Jersey,1743.0,5,True
2023-08-26,NY,New York/New Jersey,45.0,2,True
2023-08-27,NY,New York/New Jersey,1981.0,4,True
2023-08-28,NY,New York/New Jersey,6659.0,3,True
2023-08-29,NY,New York/New Jersey,1716.0,6,True
2023-08-30,NY,New York/New Jersey,1328.0,9,True
2023-08-31,NY,New York/New Jersey,8158.0,4,True
2023-09-01,NY,New York/New Jersey,2079.0,5,False
2023-09-02,NY,New York/New Jersey,2445.0,4,False
2023-09-03,NY,New York/New Jersey,2853.0,6,False
2023-09-04,NY,New York/New Jersey,5073.0,6,False
2023-09-05,NY,New York/New Jersey,3363.0,9,False
2023-09-06,NY,New York/New Jersey,715.0,3,False
2023-09-07,NY,New York/New Jersey,5377.0,3,False
2023-09-08,NY,New York/New Jersey,3024.0,6,False
2023-09-09,NY,New York/New Jersey,4463.0,6,False
2023-09-10,NY,New York/New Jersey,3596.0,5,False
2023-09-11,NY,New York/New Jersey,4167.0,4,False
2023-09-12,NY,New York/New Jersey,4027.0,6,False
2023-09-13,NY,New York/New Jersey,4741.0,7,False
2023-09-14,NY,New York/New Jersey,2140.0,2,False
2023-09-15,NY,New York/New Jersey,4446.0,6,False
2023-09-16,NY,New York/New Jersey,3079.0,6,False
2023-09-17,NY,New York/New Jersey,2200.0,9,False
2023-09-18,NY,New York/New Jersey,4048.0,5,False
2023-09-19,NY,New York/New Jersey,1606.0,4,False
2023-09-20,NY,New York/New Jersey,7245.0,7,False
2023-09-21,NY,New York/New Jersey,5505.0,4,False
2023-09-22,NY,New York/New Jersey,2789.0,5,False
2023-09-23,NY,New York/New Jersey,33.0,1,False
2023-09-24,NY,New York/New Jersey,2831.0,7,False
2023-09-25,NY,New York/New Jersey,1011.0,3,False
2023-09-26,NY,New York/New Jersey,5655.0,7,False
2023-09-27,NY,New York/New Jersey,1426.0,2,False
2023-09-28,NY,New York/New Jersey,3481.0,6,False
2023-09-29,NY,New York/New Jersey,5081.0,8,False
2023-09-30,NY,New York/New Jersey,339.0,4,False
2023-10-01,NY,New York/New Jersey,1014.0,6,False
2023-10-02,NY,New York/New Jersey,5320.0,6,False
2023-10-03,NY,New York/New Jersey,1229.0,3,False
2023-10-04,NY,New York/New Jersey,913.0,2,False
2023-10-05,NY,New York/New Jersey,585.0,5,False
2023-10-06,NY,New York/New Jersey,4344.0,6,False
2023-10-07,NY,New York/New Jersey,3245.0,6,False
2023-10-08,NY,New York/New Jersey,3651.0,7,False
2023-10-09,NY,New York/New Jersey,306.0,2,False
2023-10-10,NY,New York/New Jersey,4593.0,5,False
2023-10-11,NY,New York/New Jersey,4716.0,6,False
2023-10-12,NY,New York/New Jersey,2015.0,3,False
2023-10-13,NY,New York/New Jersey,1739.0,3,False
2023-10-14,NY,New York/New Jersey,4119.0,9,False
2023-10-16,NY,New York/New Jersey,4061.0,5,False
2023-10-17,NY,New York/New Jersey,1062.0,7,False
2023-10-18,NY,New York/New Jersey,1687.0,5,False
2023-10-19,NY,New York/New Jersey,6223.0,9,False
2023-10-20,NY,New York/New Jersey,1208.0,4,False
2023-10-21,NY,New York/New Jersey,2023.0,2,False
2023-10-22,NY,New York/New Jersey,147.0,2,False
2023-10-23,NY,New York/New Jersey,2617.0,7,False
2023-10-24,NY,New York/New Jersey,3396.0,6,False
2023-10-25,NY,New York/New Jersey,2038.0,5,False
2023-10-26,NY,New York/New Jersey,2154.0,3,False
2023-10-27,NY,New York/New Jersey,2318.0,4,False
2023-10-28,NY,New York/New Jersey,1694.0,4,False
2023-10-29,NY,New York/New Jersey,703.0,5,False
2023-10-30,NY,New York/New Jersey,3865.0,5,False
2023-10-31,NY,New York/New Jersey,428.0,3,False
2023-11-01,NY,New York/New Jersey,2629.0,3,False
2023-11-02,NY,New York/New Jersey,7405.0,6,False
2023-11-03,NY,New York/New Jersey,3320.0,5,False
2023-11-04,NY,New York/New Jersey,8292.0,6,False
2023-11-05,NY,New York/New Jersey,2930.0,6,False
2023-11-06,NY,New York/New Jersey,6386.0,7,False
2023-11-07,NY,New York/New Jersey,1155.0,5,False
2023-11-08,NY,New York/New Jersey,3150.0,3,False
2023-11-09,NY,New York/New Jersey,2487.0,4,False
2023-11-10,NY,New York/New Jersey,285.0,3,False
2023-11-11,NY,New York/New Jersey,6423.0,4,False
2023-11-12,NY,New York/New Jersey,2214.0,5,False
2023-11-13,NY,New York/New Jersey,3464.0,2,False
2023-11-14,NY,New York/New Jersey,2596.0,7,False
2023-11-15,NY,New York/New Jersey,885.0,2,False
2023-11-16,NY,New York/New Jersey,283.0,4,False
2023-11-17,NY,New York/New Jersey,4673.0,3,False
2023-11-18,NY,New York/New Jersey,1215.0,8,False
2023-11-19,NY,New York/New Jersey,19601.0,6,False
2023-11-20,NY,New York/New Jersey,3388.0,7,False
2023-11-21,NY,New York/New Jersey,7480.0,8,False
2023-11-22,NY,New York/New Jersey,1587.0,4,False
2023-11-23,NY,New York/New Jersey,13.0,7,False
2023-11-24,NY,New York/New Jersey,425.0,2,False
2023-11-25,NY,New York/New Jersey,4879.0,7,False
2023-11-26,NY,New York/New Jersey,2220.0,5,False
2023-11-27,NY,New York/New Jersey,6230.0,10,False
2023-11-28,NY,New York/New Jersey,3109.0,5,False
2023-11-29,NY,New York/New Jersey,5308.0,7,False
2023-11-30,NY,New York/New Jersey,1765.0,5,False
2023-12-01,NY,New York/New Jersey,3141.0,10,False
2023-12-02,NY,New York/New Jersey,5190.0,4,False
2023-12-03,NY,New York/New Jersey,2670.0,3,False
2023-12-04,NY,New York/New Jersey,2367.0,8,False
2023-12-05,NY,New York/New Jersey,3623.0,7,False
2023-12-06,NY,New York/New Jersey,2010.0,6,False
2023-12-07,NY,New York/New Jersey,3682.0,6,False
2023-12-08,NY,New York/New Jersey,5099.0,5,False
2023-12-09,NY,New York/New Jersey,6864.0,7,False
2023-12-10,NY,New York/New Jersey,791.0,2,False
2023-12-11,NY,New York/New Jersey,1469.0,6,False
2023-12-12,NY,New York/New Jersey,2616.0,4,False
2023-12-13,NY,New York/New Jersey,6070.0,11,False
2023-12-14,NY,New York/New Jersey,6826.0,9,False
2023-12-15,NY,New York/New Jersey,2372.0,3,False
2023-12-16,NY,New York/New Jersey,4064.0,3,False
2023-12-17,NY,New York/New Jersey,90.0,2,False
2023-12-18,NY,New York/New Jersey,1489.0,3,False
2023-12-19,NY,New York/New Jersey,6966.0,4,False
2023-12-20,NY,New York/New Jersey,8619.0,8,False
2023-12-21,NY,New York/New Jersey,2391.0,3,False
2023-12-22,NY,New York/New Jersey,2354.0,4,False
2023-12-23,NY,New York/New Jersey,3377.0,6,False
2023-12-24,NY,New York/New Jersey,1714.0,6,False
2023-12-25,NY,New York/New Jersey,196.0,2,False
2023-12-26,NY,New York/New Jersey,2061.0,3,False
2023-12-27,NY,New York/New Jersey,2855.0,5,False
2023-12-28,NY,New York/New Jersey,4877.0,8,False
2023-12-29,NY,New York/New Jersey,3353.0,5,False
2023-12-30,NY,New York/New Jersey,6016.0,5,False
2023-12-31,NY,New York/New Jersey,1306.0,5,False
2024-01-01,NY,New York/New Jersey,549.0,5,False
2024-01-02,NY,New York/New Jersey,4371.0,6,False
2024-01-03,NY,New York/New Jersey,2501.0,5,False
2024-01-04,NY,New York/New Jersey,5268.0,7,False
2024-01-05,NY,New York/New Jersey,526.0,2,False
2024-01-06,NY,New York/New Jersey,2007.0,6,False
2024-01-07,NY,New York/New Jersey,947.0,5,False
2024-01-08,NY,New York/New Jersey,114.0,2,False
2024-01-09,NY,New York/New Jersey,5703.0,8,False
2024-01-10,NY,New York/New Jersey,2714.0,5,False
2024-01-11,NY,New York/New Jersey,3734.0,7,False
2024-01-12,NY,New York/New Jersey,3011.0,3,False
2024-01-13,NY,New York/New Jersey,53.0,2,False
2024-01-14,NY,New York/New Jersey,670.0,6,False
2024-01-15,NY,New York/New Jersey,1607.0,7,False
2024-01-16,NY,New York/New Jersey,3463.0,4,False
2024-01-17,NY,New York/New Jersey,348.0,1,False
2024-01-18,NY,New York/New Jersey,3045.0,4,False
2024-01-19,NY,New York/New Jersey,2169.0,5,False
2024-01-20,NY,New York/New Jersey,2160.0,8,False
2024-01-21,NY,New York/New Jersey,1461.0,4,False
2024-01-22,NY,New York/New Jersey,317.0,3,False
2024-01-23,NY,New York/New Jersey,770.0,3,False
2024-01-24,NY,New York/New Jersey,236.0,4,False
2024-01-25,NY,New York/New Jersey,3943.0,7,False
2024-01-26,NY,New York/New Jersey,756.0,3,False
2024-01-27,NY,New York/New Jersey,1493.0,5,False
2024-01-28,NY,New York/New Jersey,1015.0,4,False
2024-01-29,NY,New York/New Jersey,7906.0,5,False
2024-01-30,NY,New York/New Jersey,74.0,3,False
2024-01-31,NY,New York/New Jersey,435.0,3,False
2024-02-01,NY,New York/New Jersey,560.0,2,False
2024-02-02,NY,New York/New Jersey,7728.0,11,False
2024-02-03,NY,New York/New Jersey,2468.0,6,False
2024-02-04,NY,New York/New Jersey,0.0,2,False
2024-02-05,NY,New York/New Jersey,11230.0,13,False
2024-02-06,NY,New York/New Jersey,3674.0,5,False
2024-02-07,NY,New York/New Jersey,176.0,3,False
2024-02-08,NY,New York/New Jersey,345.0,4,False
2024-02-09,NY,New York/New Jersey,1559.0,4,False
2024-02-10,NY,New York/New Jersey,4501.0,7,False
2024-02-11,NY,New York/New Jersey,7088.0,8,False
2024-02-12,NY,New York/New Jersey,1787.0,5,False
2024-02-13,NY,New York/New Jersey,3947.0,4,False
2024-02-14,NY,New York/New Jersey,3871.0,8,False
2024-02-15,NY,New York/New Jersey,3461.0,5,False
2024-02-16,NY,New York/New Jersey,7455.0,6,False
2024-02-17,NY,New York/New Jersey,2432.0,3,False
2024-02-18,NY,New York/New Jersey,6010.0,5,False
2024-02-19,NY,New York/New Jersey,473.0,2,False
2024-02-20,NY,New York/New Jersey,48.0,1,False
2024-02-21,NY,New York/New Jersey,1757.0,6,False
2024-02-23,NY,New York/New Jersey,7107.0,4,False
2024-02-24,NY,New York/New Jersey,24.0,2,False
2024-02-25,NY,New York/New Jersey,1073.0,4,False
2024-02-26,NY,New York/New Jersey,750.0,3,False
2024-02-27,NY,New York/New Jersey,460.0,4,False
2024-02-28,NY,New York/New Jersey,69.0,1,False
2024-02-29,NY,New York/New Jersey,976.0,6,False
2024-03-01,NY,New York/New Jersey,66.0,2,False
2024-03-02,NY,New York/New Jersey,1927.0,4,False
2024-03-03,NY,New York/New Jersey,6998.0,5,False
2024-03-04,NY,New York/New Jersey,3059.0,5,False
2024-03-05,NY,New York/New Jersey,954.0,8,False
2024-03-06,NY,New York/New Jersey,2242.0,6,False
2024-03-07,NY,New York/New Jersey,93.0,1,False
2024-03-08,NY,New York/New Jersey,3520.0,5,False
2024-03-09,NY,New York/New Jersey,3194.0,6,False
2024-03-10,NY,New York/New Jersey,2411.0,6,False
2024-03-11,NY,New York/New Jersey,1587.0,6,False
2024-03-12,NY,New York/New Jersey,2312.0,4,False
2024-03-13,NY,New York/New Jersey,778.0,3,False
2024-03-14,NY,New York/New Jersey,698.0,1,False
2024-03-15,NY,New York/New Jersey,6579.0,4,False
2024-03-16,NY,New York/New Jersey,499.0,6,False
2024-03-17,NY,New York/New Jersey,4391.0,5,False
2024-03-18,NY,New York/New Jersey,1127.0,4,False
2024-03-19,NY,New York/New Jersey,609.0,4,False
2024-03-20,NY,New York/New Jersey,2251.0,8,False
2024-03-21,NY,New York/New Jersey,1749.0,5,False
2024-03-22,NY,New York/New Jersey,1810.0,3,False
2024-03-23,NY,New York/New Jersey,805.0,5,False
2024-03-24,NY,New York/New Jersey,4883.0,5,False
2024-03-25,NY,New York/New Jersey,631.0,3,False
2024-03-26,NY,New York/New Jersey,1187.0,7,False
2024-03-27,NY,New York/New Jersey,3192.0,2,False
2024-03-28,NY,New York/New Jersey,3531.0,9,False
2024-03-29,NY,New York/New Jersey,2077.0,5,False
2024-03-30,NY,New York/New Jersey,864.0,3,False
2024-03-31,NY,New York/New Jersey,2625.0,8,False
2024-04-01,NY,New York/New Jersey,4110.0,4,False
2024-04-02,NY,New York/New Jersey,3474.0,4,False
2024-04-03,NY,New York/New Jersey,6683.0,8,False
2024-04-04,NY,New York/New Jersey,575.0,2,False
2024-04-05,NY,New York/New Jersey,1385.0,5,False
2024-04-06,NY,New York/New Jersey,2096.0,2,False
2024-04-07,NY,New York/New Jersey,1192.0,5,False
2024-04-08,NY,New York/New Jersey,4778.0,3,False
2024-04-09,NY,New York/New Jersey,1479.0,5,False
2024-04-10,NY,New York/New Jersey,3859.0,4,False
2024-04-11,NY,New York/New Jersey,685.0,3,False
2024-04-12,NY,New York/New Jersey,5138.0,4,False
2024-04-13,NY,New York/New Jersey,1245.0,4,False
2024-04-14,NY,New York/New Jersey,1924.0,4,False
2024-04-15,NY,New York/New Jersey,443.0,4,False
2024-04-16,NY,New York/New Jersey,5373.0,5,False
2024-04-17,NY,New York/New Jersey,3562.0,8,False
2024-04-18,NY,New York/New Jersey,5034.0,8,False
2024-04-19,NY,New York/New Jersey,3209.0,6,False
2024-04-20,NY,New York/New Jersey,1196.0,3,False
2024-04-21,NY,New York/New Jersey,1273.0,3,False
2024-04-22,NY,New York/New Jersey,2940.0,7,False
2024-04-23,NY,New York/New Jersey,5152.0,4,False
2024-04-24,NY,New York/New Jersey,1679.0,7,False
2024-04-25,NY,New York/New Jersey,879.0,3,False
2024-04-26,NY,New York/New Jersey,3420.0,8,False
2024-04-27,NY,New York/New Jersey,2966.0,6,False
2024-04-28,NY,New York/New Jersey,1166.0,7,False
2024-04-29,NY,New York/New Jersey,3590.0,9,False
2024-04-30,NY,New York/New Jersey,6210.0,7,False
2024-05-01,NY,New York/New Jersey,644.0,4,False
2024-05-02,NY,New York/New Jersey,1561.0,7,False
2024-05-03,NY,New York/New Jersey,3098.0,4,False
2024-05-04,NY,New York/New Jersey,1069.0,4,False
2024-05-05,NY,New York/New Jersey,2115.0,5,False
2024-05-06,NY,New York/New Jersey,1255.0,4,False
2024-05-07,NY,New York/New Jersey,10451.0,7,False
2024-05-08,NY,New York/New Jersey,1885.0,2,False
2024-05-09,NY,New York/New Jersey,6517.0,4,False
2024-05-10,NY,New York/New Jersey,2285.0,4,False
2024-05-11,NY,New York/New Jersey,6649.0,7,False
2024-05-12,NY,New York/New Jersey,2289.0,4,False
2024-05-13,NY,New York/New Jersey,2115.0,4,False
2024-05-14,NY,New York/New Jersey,2025.0,4,False
2024-05-15,NY,New York/New Jersey,570.0,3,False
2024-05-16,NY,New York/New Jersey,5134.0,6,False
2024-05-17,NY,New York/New Jersey,1636.0,5,False
2024-05-18,NY,New York/New Jersey,7157.0,7,False
2024-05-19,NY,New York/New Jersey,0.0,3,False
2024-05-20,NY,New York/New Jersey,1827.0,4,False
2024-05-21,NY,New York/New Jersey,6894.0,8,False
2024-05-22,NY,New York/New Jersey,6141.0,6,False
2024-05-23,NY,New York/New Jersey,1568.0,7,False
2024-05-24,NY,New York/New Jersey,4029.0,4,False
2024-05-25,NY,New York/New Jersey,696.0,3,False
2024-05-26,NY,New York/New Jersey,1188.0,2,False
2024-05-27,NY,New York/New Jersey,2104.0,5,False
2024-05-28,NY,New York/New Jersey,1713.0,7,False
2024-05-29,NY,New York/New Jersey,4695.0,6,False
2024-05-30,NY,New York/New Jersey,5768.0,4,False
2024-05-31,NY,New York/New Jersey,158.0,2,False
2024-06-01,NY,New York/New Jersey,305.0,3,True
2024-06-02,NY,New York/New Jersey,5938.0,11,True
2024-06-03,NY,New York/New Jersey,2365.0,6,True
2024-06-04,NY,New York/New Jersey,4166.0,6,True
2024-06-05,NY,New York/New Jersey,3136.0,3,True
2024-06-06,NY,New York/New Jersey,934.0,2,True
2024-06-07,NY,New York/New Jersey,6673.0,6,True
2024-06-08,NY,New York/New Jersey,270.0,1,True
2024-06-09,NY,New York/New Jersey,8526.0,7,True
2024-06-10,NY,New York/New Jersey,5176.0,9,True
2024-06-11,NY,New York/New Jersey,1350.0,3,True
2024-06-12,NY,New York/New Jersey,3303.0,5,True
2024-06-13,NY,New York/New Jersey,3897.0,4,True
2024-06-14,NY,New York/New Jersey,6686.0,9,True
2024-06-15,NY,New York/New Jersey,954.0,5,True
2024-06-16,NY,New York/New Jersey,2636.0,2,True
2024-06-17,NY,New York/New Jersey,2576.0,3,True
2024-06-18,NY,New York/New Jersey,295.0,2,True
2024-06-19,NY,New York/New Jersey,4256.0,5,True
2024-06-20,NY,New York/New Jersey,2150.0,6,True
2024-06-21,NY,New York/New Jersey,4662.0,6,True
2024-06-23,NY,New York/New Jersey,2438.0,2,True
2024-06-24,NY,New York/New Jersey,1185.0,1,True
2024-06-25,NY,New York/New Jersey,2128.0,6,True
2024-06-26,NY,New York/New Jersey,2427.0,4,True
2024-06-27,NY,New York/New Jersey,4123.0,5,True
2024-06-28,NY,New York/New Jersey,1970.0,6,True
2024-06-29,NY,New York/New Jersey,436.0,3,True
2024-06-30,NY,New York/New Jersey,2004.0,3,True
2024-07-01,NY,New York/New Jersey,809.0,3,True
2024-07-02,NY,New York/New Jersey,1783.0,6,True
2024-07-03,NY,New York/New Jersey,1856.0,4,True
2024-07-04,NY,New York/New Jersey,3021.0,2,True
2024-07-05,NY,New York/New Jersey,156.0,3,True
2024-07-06,NY,New York/New Jersey,16959.0,10,True
2024-07-07,NY,New York/New Jersey,1078.0,2,True
2024-07-08,NY,New York/New Jersey,92.0,3,True
2024-07-09,NY,New York/New Jersey,243.0,3,True
2024-07-10,NY,New York/New Jersey,2312.0,4,True
2024-07-11,NY,New York/New Jersey,3174.0,9,True
2024-07-12,NY,New York/New Jersey,5318.0,5,True
2024-07-13,NY,New York/New Jersey,3897.0,4,True
2024-07-14,NY,New York/New Jersey,1276.0,5,True
2024-07-15,NY,New York/New Jersey,1616.0,3,True
2024-07-16,NY,New York/New Jersey,1136.0,4,True
2024-07-17,NY,New York/New Jersey,5042.0,5,True
2024-07-18,NY,New York/New Jersey,3068.0,5,True
2024-07-19,NY,New York/New Jersey,434.0,3,True
2024-07-20,NY,New York/New Jersey,2634.0,6,True
2024-07-21,NY,New York/New Jersey,1194.0,4,True
2024-07-22,NY,New York/New Jersey,595.0,4,True
2024-07-23,NY,New York/New Jersey,1671.0,6,True
2024-07-24,NY,New York/New Jersey,2143.0,4,True
2024-07-25,NY,New York/New Jersey,2295.0,5,True
2024-07-26,NY,New York/New Jersey,4475.0,5,True
2024-07-27,NY,New York/New Jersey,7884.0,10,True
2024-07-28,NY,New York/New Jersey,3949.0,5,True
2024-07-29,NY,New York/New Jersey,2960.0,3,True
2024-07-30,NY,New York/New Jersey,1906.0,6,True
2024-07-31,NY,New York/New Jersey,2228.0,4,True
2024-08-01,NY,New York/New Jersey,474.0,5,True
2024-08-02,NY,New York/New Jersey,4737.0,6,True
2024-08-03,NY,New York/New Jersey,9926.0,6,True
2024-08-04,NY,New York/New Jersey,2352.0,3,True
2024-08-05,NY,New York/New Jersey,4580.0,5,True
2024-08-06,NY,New York/New Jersey,137.0,3,True
2024-08-07,NY,New York/New Jersey,722.0,5,True
2024-08-08,NY,New York/New Jersey,4368.0,4,True
2024-08-09,NY,New York/New Jersey,1101.0,5,True
2024-08-10,NY,New York/New Jersey,4434.0,2,True
2024-08-11,NY,New York/New Jersey,3373.0,5,True
2024-08-12,NY,New York/New Jersey,2938.0,5,True
2024-08-13,NY,New York/New Jersey,1802.0,5,True
2024-08-14,NY,New York/New Jersey,3596.0,3,True
2024-08-15,NY,New York/New Jersey,2425.0,5,True
2024-08-16,NY,New York/New Jersey,1559.0,2,True
2024-08-17,NY,New York/New Jersey,2823.0,5,True
2024-08-18,NY,New York/New Jersey,3132.0,6,True
2024-08-19,NY,New York/New Jersey,1561.0,3,True
2024-08-20,NY,New York/New Jersey,212.0,2,True
2024-08-21,NY,New York/New Jersey,338.0,2,True
2024-08-22,NY,New York/New Jersey,1449.0,3,True
2024-08-23,NY,New York/New Jersey,1625.0,6,True
2024-08-24,NY,New York/New Jersey,3499.0,7,True
2024-08-25,NY,New York/New Jersey,9531.0,5,True
2024-08-26,NY,New York/New Jersey,6183.0,7,True
2024-08-27,NY,New York/New Jersey,7072.0,5,True
2024-08-28,NY,New York/New Jersey,935.0,5,True
2024-08-29,NY,New York/New Jersey,3083.0,5,True
2024-08-30,NY,New York/New Jersey,5716.0,6,True
2024-08-31,NY,New York/New Jersey,2300.0,5,True
2024-09-01,NY,New York/New Jersey,1284.0,3,False
2024-09-02,NY,New York/New Jersey,7479.0,6,False
2024-09-03,NY,New York/New Jersey,2712.0,7,False
2024-09-04,NY,New York/New Jersey,6801.0,7,False
2024-09-05,NY,New York/New Jersey,1000.0,3,False
2024-09-06,NY,New York/New Jersey,292.0,4,False
2024-09-07,NY,New York/New Jersey,1478.0,2,False
2024-09-08,NY,New York/New Jersey,602.0,1,False
2024-09-09,NY,New York/New Jersey,1051.0,7,False
2024-09-10,NY,New York/New Jersey,234.0,2,False
2024-09-11,NY,New York/New Jersey,1541.0,6,False
2024-09-12,NY,New York/New Jersey,1992.0,6,False
2024-09-13,NY,New York/New Jersey,8489.0,4,False
2024-09-14,NY,New York/New Jersey,4863.0,7,False
2024-09-15,NY,New York/New Jersey,3673.0,3,False
2024-09-16,NY,New York/New Jersey,1037.0,5,False
2024-09-17,NY,New York/New Jersey,1438.0,1,False
2024-09-18,NY,New York/New Jersey,3003.0,4,False
2024-09-19,NY,New York/New Jersey,4944.0,4,False
2024-09-20,NY,New York/New Jersey,1624.0,6,False
2024-09-21,NY,New York/New Jersey,3377.0,8,False
2024-09-22,NY,New York/New Jersey,1580.0,4,False
2024-09-23,NY,New York/New Jersey,4860.0,5,False
2024-09-24,NY,New York/New Jersey,2172.0,2,False
2024-09-25,NY,New York/New Jersey,3897.0,3,False
2024-09-26,NY,New York/New Jersey,3078.0,7,False
2024-09-27,NY,New York/New Jersey,110.0,2,False
2024-09-28,NY,New York/New Jersey,1500.0,3,False
2024-09-29,NY,New York/New Jersey,1340.0,5,False
2024-09-30,NY,New York/New Jersey,1650.0,5,False
2024-10-01,NY,New York/New Jersey,3171.0,6,False
2024-10-02,NY,New York/New Jersey,3363.0,4,False
2024-10-03,NY,New York/New Jersey,8624.0,8,False
2024-10-04,NY,New York/New Jersey,2135.0,2,False
2024-10-05,NY,New York/New Jersey,58.0,1,False
2024-10-06,NY,New York/New Jersey,1205.0,3,False
2024-10-07,NY,New York/New Jersey,865.0,5,False
2024-10-08,NY,New York/New Jersey,3954.0,6,False
2024-10-09,NY,New York/New Jersey,4837.0,7,False
2024-10-10,NY,New York/New Jersey,4115.0,8,False
2024-10-11,NY,New York/New Jersey,12861.0,11,False
2024-10-12,NY,New York/New Jersey,3984.0,8,False
2024-10-13,NY,New York/New Jersey,6315.0,9,False
2024-10-14,NY,New York/New Jersey,6644.0,9,False
2024-10-15,NY,New York/New Jersey,1529.0,3,False
2024-10-16,NY,New York/New Jersey,5825.0,9,False
2024-10-17,NY,New York/New Jersey,2030.0,10,False
2024-10-18,NY,New York/New Jersey,9249.0,4,False
2024-10-19,NY,New York/New Jersey,5909.0,6,False
2024-10-20,NY,New York/New Jersey,7396.0,8,False
2024-10-21,NY,New York/New Jersey,8990.0,5,False
2024-10-22,NY,New York/New Jersey,1374.0,5,False
2024-10-23,NY,New York/New Jersey,2908.0,5,False
2024-10-24,NY,New York/New Jersey,3212.0,6,False
2024-10-25,NY,New York/New Jersey,1896.0,3,False
2024-10-26,NY,New York/New Jersey,2560.0,8,False
2024-10-27,NY,New York/New Jersey,4991.0,6,False
2024-10-28,NY,New York/New Jersey,155.0,3,False
2024-10-29,NY,New York/New Jersey,2570.0,6,False
2024-10-30,NY,New York/New Jersey,3115.0,2,False
2024-10-31,NY,New York/New Jersey,2235.0,5,False
2024-11-01,NY,New York/New Jersey,2793.0,5,False
2024-11-02,NY,New York/New Jersey,649.0,2,False
2024-11-03,NY,New York/New Jersey,3933.0,6,False
2024-11-04,NY,New York/New Jersey,495.0,4,False
2024-11-05,NY,New York/New Jersey,4462.0,8,False
2024-11-06,NY,New York/New Jersey,1808.0,4,False
2024-11-07,NY,New York/New Jersey,1309.0,5,False
2024-11-08,NY,New York/New Jersey,2490.0,6,False
2024-11-09,NY,New York/New Jersey,3946.0,8,False
2024-11-10,NY,New York/New Jersey,3219.0,5,False
2024-11-11,NY,New York/New Jersey,6343.0,6,False
2024-11-12,NY,New York/New Jersey,2764.0,8,False
2024-11-13,NY,New York/New Jersey,3486.0,8,False
2024-11-14,NY,New York/New Jersey,4902.0,8,False
2024-11-15,NY,New York/New Jersey,2520.0,5,False
2024-11-16,NY,New York/New Jersey,6638.0,5,False
2024-11-17,NY,New York/New Jersey,0.0,3,False
2024-11-18,NY,New York/New Jersey,1555.0,6,False
2024-11-19,NY,New York/New Jersey,3649.0,4,False
2024-11-20,NY,New York/New Jersey,8817.0,8,False
2024-11-21,NY,New York/New Jersey,3958.0,4,False
2024-11-22,NY,New York/New Jersey,5676.0,8,False
2024-11-23,NY,New York/New Jersey,3520.0,5,False
2024-11-24,NY,New York/New Jersey,1013.0,1,False
2024-11-25,NY,New York/New Jersey,2360.0,5,False
2024-11-26,NY,New York/New Jersey,689.0,5,False
2024-11-27,NY,New York/New Jersey,292.0,3,False
2024-11-28,NY,New York/New Jersey,2468.0,7,False
2024-11-29,NY,New York/New Jersey,5671.0,5,False
2024-11-30,NY,New York/New Jersey,2042.0,2,False
2024-12-01,NY,New York/New Jersey,436.0,4,False
2024-12-02,NY,New York/New Jersey,2992.0,6,False
2024-12-03,NY,New York/New Jersey,3956.0,8,False
2024-12-04,NY,New York/New Jersey,2381.0,4,False
2024-12-05,NY,New York/New Jersey,6277.0,6,False
2024-12-06,NY,New York/New Jersey,10812.0,8,False
2024-12-07,NY,New York/New Jersey,2069.0,3,False
2024-12-08,NY,New York/New Jersey,780.0,6,False
2024-12-09,NY,New York/New Jersey,5112.0,7,False
2024-12-10,NY,New York/New Jersey,457.0,2,False
2024-12-11,NY,New York/New Jersey,1931.0,6,False
2024-12-12,NY,New York/New Jersey,294.0,2,False
2024-12-13,NY,New York/New Jersey,2399.0,4,False
2024-12-14,NY,New York/New Jersey,8024.0,8,False
2024-12-15,NY,New York/New Jersey,4562.0,7,False
2024-12-16,NY,New York/New Jersey,3661.0,8,False
2024-12-17,NY,New York/New Jersey,8003.0,12,False
2024-12-18,NY,New York/New Jersey,335.0,2,False
2024-12-19,NY,New York/New Jersey,2426.0,2,False
2024-12-20,NY,New York/New Jersey,4611.0,5,False
2024-12-21,NY,New York/New Jersey,3276.0,7,False
2024-12-22,NY,New York/New Jersey,3502.0,4,False
2024-12-23,NY,New York/New Jersey,1316.0,4,False
2024-12-24,NY,New York/New Jersey,1531.0,5,False
2024-12-25,NY,New York/New Jersey,1547.0,2,False
2024-12-26,NY,New York/New Jersey,270.0,3,False
2024-12-27,NY,New York/New Jersey,6876.0,5,False
2024-12-28,NY,New York/New Jersey,4153.0,5,False
2024-12-29,NY,New York/New Jersey,3517.0,5,False
2024-12-30,NY,New York/New Jersey,150.0,2,False
2024-12-31,NY,New York/New Jersey,584.0,4,False
2020-01-01,PA,Philadelphia,94.0,2,False
2020-01-02,PA,Philadelphia,3573.0,3,False
2020-01-03,PA,Philadelphia,3395.0,8,False
2020-01-04,PA,Philadelphia,1460.0,2,False
2020-01-05,PA,Philadelphia,2359.0,3,False
2020-01-06,PA,Philadelphia,837.0,2,False
2020-01-07,PA,Philadelphia,1375.0,3,False
2020-01-08,PA,Philadelphia,8438.0,4,False
2020-01-09,PA,Philadelphia,2025.0,3,False
2020-01-10,PA,Philadelphia,3999.0,4,False
2020-01-11,PA,Philadelphia,9419.0,8,False
2020-01-12,PA,Philadelphia,13133.0,3,False
2020-01-13,PA,Philadelphia,693.0,3,False
2020-01-14,PA,Philadelphia,1530.0,3,False
2020-01-15,PA,Philadelphia,548.0,5,False
2020-01-16,PA,Philadelphia,3602.0,5,False
2020-01-17,PA,Philadelphia,1615.0,4,False
2020-01-18,PA,Philadelphia,898.0,3,False
2020-01-19,PA,Philadelphia,870.0,4,False
2020-01-20,PA,Philadelphia,3314.0,3,False
2020-01-21,PA,Philadelphia,2918.0,6,False
2020-01-22,PA,Philadelphia,4440.0,3,False
2020-01-23,PA,Philadelphia,2946.0,11,False
2020-01-24,PA,Philadelphia,9157.0,8,False
2020-01-25,PA,Philadelphia,1677.0,6,False
2020-01-26,PA,Philadelphia,1126.0,4,False
2020-01-27,PA,Philadelphia,120.0,2,False
2020-01-28,PA,Philadelphia,671.0,2,False
2020-01-29,PA,Philadelphia,5531.0,7,False
2020-01-30,PA,Philadelphia,428.0,4,False
2020-01-31,PA,Philadelphia,193.0,3,False
2020-02-01,PA,Philadelphia,684.0,2,False
2020-02-02,PA,Philadelphia,2992.0,6,False
2020-02-03,PA,Philadelphia,5162.0,5,False
2020-02-04,PA,Philadelphia,400.0,5,False
2020-02-05,PA,Philadelphia,91.0,3,False
2020-02-06,PA,Philadelphia,4094.0,5,False
2020-02-07,PA,Philadelphia,7055.0,6,False
2020-02-08,PA,Philadelphia,54.0,2,False
2020-02-09,PA,Philadelphia,103.0,3,False
2020-02-10,PA,Philadelphia,569.0,3,False
2020-02-11,PA,Philadelphia,777.0,3,False
2020-02-12,PA,Philadelphia,954.0,5,False
2020-02-13,PA,Philadelphia,1705.0,4,False
2020-02-14,PA,Philadelphia,941.0,2,False
2020-02-15,PA,Philadelphia,3759.0,4,False
2020-02-16,PA,Philadelphia,2088.0,3,False
2020-02-17,PA,Philadelphia,1012.0,2,False
2020-02-18,PA,Philadelphia,5239.0,5,False
2020-02-19,PA,Philadelphia,7368.0,3,False
2020-02-20,PA,Philadelphia,474.0,5,False
2020-02-21,PA,Philadelphia,5681.0,9,False
2020-02-22,PA,Philadelphia,1648.0,4,False
2020-02-23,PA,Philadelphia,145.0,3,False
2020-02-24,PA,Philadelphia,1716.0,3,False
2020-02-26,PA,Philadelphia,294.0,2,False
2020-02-27,PA,Philadelphia,2884.0,5,False
2020-02-28,PA,Philadelphia,2913.0,4,False
2020-02-29,PA,Philadelphia,2955.0,6,False
2020-03-01,PA,Philadelphia,0.0,2,False
2020-03-02,PA,Philadelphia,2827.0,4,False
2020-03-03,PA,Philadelphia,7229.0,9,False
2020-03-04,PA,Philadelphia,1406.0,5,False
2020-03-05,PA,Philadelphia,3406.0,3,False
2020-03-06,PA,Philadelphia,3735.0,3,False
2020-03-07,PA,Philadelphia,10012.0,5,False
2020-03-08,PA,Philadelphia,756.0,4,False
2020-03-09,PA,Philadelphia,4047.0,7,False
2020-03-10,PA,Philadelphia,1952.0,6,False
2020-03-11,PA,Philadelphia,387.0,3,False
2020-03-13,PA,Philadelphia,9760.0,6,False
2020-03-14,PA,Philadelphia,1315.0,3,False
2020-03-15,PA,Philadelphia,2622.0,4,False
2020-03-16,PA,Philadelphia,4089.0,7,False
2020-03-17,PA,Philadelphia,2221.0,4,False
2020-03-18,PA,Philadelphia,2165.0,4,False
2020-03-19,PA,Philadelphia,518.0,3,False
2020-03-20,PA,Philadelphia,2174.0,4,False
2020-03-21,PA,Philadelphia,1348.0,4,False
2020-03-22,PA,Philadelphia,1142.0,5,False
2020-03-23,PA,Philadelphia,0.0,3,False
2020-03-24,PA,Philadelphia,324.0,5,False
2020-03-26,PA,Philadelphia,345.0,5,False
2020-03-27,PA,Philadelphia,11.0,5,False
2020-03-28,PA,Philadelphia,198.0,4,False
2020-03-29,PA,Philadelphia,99.0,5,False
2020-03-30,PA,Philadelphia,981.0,2,False
2020-03-31,PA,Philadelphia,2961.0,6,False
2020-04-01,PA,Philadelphia,3369.0,7,False
2020-04-02,PA,Philadelphia,485.0,5,False
2020-04-03,PA,Philadelphia,0.0,4,False
2020-04-04,PA,Philadelphia,0.0,1,False
2020-04-05,PA,Philadelphia,133.0,3,False
2020-04-06,PA,Philadelphia,40.0,3,False
2020-04-07,PA,Philadelphia,258.0,5,False
2020-04-08,PA,Philadelphia,305.0,3,False
2020-04-09,PA,Philadelphia,146.0,5,False
2020-04-10,PA,Philadelphia,0.0,2,False
2020-04-11,PA,Philadelphia,0.0,3,False
2020-04-12,PA,Philadelphia,12.0,6,False
2020-04-13,PA,Philadelphia,66.0,2,False
2020-04-14,PA,Philadelphia,85.0,2,False
2020-04-15,PA,Philadelphia,4277.0,7,False
2020-04-16,PA,Philadelphia,268.0,8,False
2020-04-17,PA,Philadelphia,620.0,7,False
2020-04-18,PA,Philadelphia,28.0,6,False
2020-04-19,PA,Philadelphia,74.0,4,False
2020-04-20,PA,Philadelphia,505.0,4,False
2020-04-21,PA,Philadelphia,531.0,8,False
2020-04-22,PA,Philadelphia,1413.0,6,False
2020-04-23,PA,Philadelphia,980.0,6,False
2020-04-24,PA,Philadelphia,1952.0,6,False
2020-04-25,PA,Philadelphia,177.0,6,False
2020-04-26,PA,Philadelphia,29.0,6,False
2020-04-27,PA,Philadelphia,0.0,2,False
2020-04-28,PA,Philadelphia,897.0,4,False
2020-04-29,PA,Philadelphia,392.0,4,False
2020-04-30,PA,Philadelphia,1076.0,2,False
2020-05-01,PA,Philadelphia,248.0,2,False
2020-05-02,PA,Philadelphia,227.0,3,False
2020-05-03,PA,Philadelphia,0.0,3,False
2020-05-04,PA,Philadelphia,1104.0,5,False
2020-05-05,PA,Philadelphia,290.0,3,False
2020-05-06,PA,Philadelphia,2322.0,6,False
2020-05-07,PA,Philadelphia,117.0,4,False
2020-05-08,PA,Philadelphia,771.0,4,False
2020-05-09,PA,Philadelphia,0.0,2,False
2020-05-10,PA,Philadelphia,294.0,4,False
2020-05-11,PA,Philadelphia,722.0,6,False
2020-05-12,PA,Philadelphia,3051.0,3,False
2020-05-13,PA,Philadelphia,2744.0,6,False
2020-05-14,PA,Philadelphia,539.0,4,False
2020-05-15,PA,Philadelphia,910.0,7,False
2020-05-16,PA,Philadelphia,7524.0,5,False
2020-05-17,PA,Philadelphia,866.0,4,False
2020-05-18,PA,Philadelphia,3606.0,7,False
2020-05-19,PA,Philadelphia,989.0,4,False
2020-05-20,PA,Philadelphia,1974.0,8,False
2020-05-21,PA,Philadelphia,1036.0,3,False
2020-05-22,PA,Philadelphia,3210.0,5,False
2020-05-23,PA,Philadelphia,2727.0,5,False
2020-05-24,PA,Philadelphia,430.0,6,False
2020-05-25,PA,Philadelphia,919.0,4,False
2020-05-26,PA,Philadelphia,2665.0,3,False
2020-05-27,PA,Philadelphia,207.0,2,False
2020-05-28,PA,Philadelphia,436.0,2,False
2020-05-29,PA,Philadelphia,2888.0,6,False
2020-05-30,PA,Philadelphia,351.0,4,False
2020-05-31,PA,Philadelphia,1199.0,3,False
2020-06-01,PA,Philadelphia,6843.0,4,True
2020-06-02,PA,Philadelphia,997.0,7,True
2020-06-03,PA,Philadelphia,1241.0,4,True
2020-06-04,PA,Philadelphia,137.0,1,True
2020-06-05,PA,Philadelphia,2529.0,5,True
2020-06-06,PA,Philadelphia,1831.0,6,True
2020-06-07,PA,Philadelphia,3025.0,6,True
2020-06-08,PA,Philadelphia,3551.0,5,True
2020-06-09,PA,Philadelphia,1530.0,4,True
2020-06-10,PA,Philadelphia,5224.0,9,True
2020-06-11,PA,Philadelphia,7667.0,4,True
2020-06-12,PA,Philadelphia,1037.0,3,True
2020-06-13,PA,Philadelphia,3852.0,7,True
2020-06-14,PA,Philadelphia,0.0,3,True
2020-06-15,PA,Philadelphia,2028.0,4,True
2020-06-16,PA,Philadelphia,635.0,3,True
2020-06-17,PA,Philadelphia,3359.0,5,True
2020-06-18,PA,Philadelphia,3301.0,8,True
2020-06-19,PA,Philadelphia,3357.0,3,True
2020-06-20,PA,Philadelphia,217.0,3,True
2020-06-21,PA,Philadelphia,512.0,4,True
2020-06-22,PA,Philadelphia,4334.0,7,True
2020-06-23,PA,Philadelphia,575.0,1,True
2020-06-24,PA,Philadelphia,179.0,3,True
2020-06-25,PA,Philadelphia,574.0,3,True
2020-06-26,PA,Philadelphia,4222.0,6,True
2020-06-27,PA,Philadelphia,7293.0,6,True
2020-06-28,PA,Philadelphia,5740.0,8,True
2020-06-29,PA,Philadelphia,3555.0,3,True
2020-06-30,PA,Philadelphia,8620.0,6,True
2020-07-01,PA,Philadelphia,4424.0,6,True
2020-07-02,PA,Philadelphia,1585.0,3,True
2020-07-03,PA,Philadelphia,2986.0,6,True
2020-07-04,PA,Philadelphia,3665.0,3,True
2020-07-05,PA,Philadelphia,2208.0,4,True
2020-07-06,PA,Philadelphia,532.0,3,True
2020-07-07,PA,Philadelphia,4778.0,6,True
2020-07-08,PA,Philadelphia,2205.0,5,True
2020-07-09,PA,Philadelphia,6833.0,6,True
2020-07-10,PA,Philadelphia,3075.0,8,True
2020-07-11,PA,Philadelphia,1985.0,8,True
2020-07-12,PA,Philadelphia,1007.0,1,True
2020-07-13,PA,Philadelphia,3690.0,7,True
2020-07-14,PA,Philadelphia,3566.0,4,True
2020-07-15,PA,Philadelphia,947.0,6,True
2020-07-16,PA,Philadelphia,3006.0,7,True
2020-07-17,PA,Philadelphia,3181.0,5,True
2020-07-18,PA,Philadelphia,1009.0,2,True
2020-07-19,PA,Philadelphia,8268.0,7,True
2020-07-20,PA,Philadelphia,3632.0,5,True
2020-07-21,PA,Philadelphia,1057.0,5,True
2020-07-22,PA,Philadelphia,266.0,1,True
2020-07-23,PA,Philadelphia,4246.0,6,True
2020-07-24,PA,Philadelphia,1708.0,4,True
2020-07-25,PA,Philadelphia,16966.0,5,True
2020-07-26,PA,Philadelphia,626.0,6,True
2020-07-27,PA,Philadelphia,410.0,3,True
2020-07-28,PA,Philadelphia,10904.0,8,True
2020-07-29,PA,Philadelphia,1797.0,3,True
2020-07-30,PA,Philadelphia,1329.0,5,True
2020-07-31,PA,Philadelphia,6257.0,7,True
2020-08-01,PA,Philadelphia,1081.0,4,True
2020-08-02,PA,Philadelphia,719.0,5,True
2020-08-03,PA,Philadelphia,2162.0,5,True
2020-08-04,PA,Philadelphia,1490.0,11,True
2020-08-05,PA,Philadelphia,1163.0,7,True
2020-08-06,PA,Philadelphia,888.0,4,True
2020-08-07,PA,Philadelphia,3400.0,5,True
2020-08-08,PA,Philadelphia,1889.0,5,True
2020-08-09,PA,Philadelphia,3728.0,5,True
2020-08-10,PA,Philadelphia,1069.0,4,True
2020-08-11,PA,Philadelphia,3990.0,4,True
2020-08-12,PA,Philadelphia,1482.0,4,True
2020-08-13,PA,Philadelphia,3650.0,6,True
2020-08-14,PA,Philadelphia,1009.0,3,True
2020-08-15,PA,Philadelphia,428.0,3,True
2020-08-16,PA,Philadelphia,556.0,4,True
2020-08-17,PA,Philadelphia,73.0,3,True
2020-08-18,PA,Philadelphia,1334.0,3,True
2020-08-19,PA,Philadelphia,5966.0,5,True
2020-08-20,PA,Philadelphia,3326.0,2,True
2020-08-21,PA,Philadelphia,2595.0,6,True
2020-08-22,PA,Philadelphia,344.0,2,True
2020-08-23,PA,Philadelphia,165.0,3,True
2020-08-24,PA,Philadelphia,609.0,2,True
2020-08-25,PA,Philadelphia,767.0,3,True
2020-08-26,PA,Philadelphia,1567.0,3,True
2020-08-27,PA,Philadelphia,3654.0,4,True
2020-08-28,PA,Philadelphia,2348.0,6,True
2020-08-29,PA,Philadelphia,725.0,3,True
2020-08-30,PA,Philadelphia,2282.0,8,True
2020-08-31,PA,Philadelphia,489.0,3,True
2020-09-01,PA,Philadelphia,581.0,2,False
2020-09-02,PA,Philadelphia,375.0,3,False
2020-09-03,PA,Philadelphia,7431.0,8,False
2020-09-04,PA,Philadelphia,414.0,1,False
2020-09-05,PA,Philadelphia,4234.0,3,False
2020-09-06,PA,Philadelphia,3357.0,6,False
2020-09-08,PA,Philadelphia,578.0,4,False
2020-09-09,PA,Philadelphia,3083.0,4,False
2020-09-10,PA,Philadelphia,2483.0,4,False
2020-09-11,PA,Philadelphia,691.0,1,False
2020-09-12,PA,Philadelphia,206.0,3,False
2020-09-13,PA,Philadelphia,4897.0,6,False
2020-09-14,PA,Philadelphia,5263.0,5,False
2020-09-15,PA,Philadelphia,2422.0,3,False
2020-09-16,PA,Philadelphia,1380.0,5,False
2020-09-17,PA,Philadelphia,961.0,4,False
2020-09-18,PA,Philadelphia,6285.0,6,False
2020-09-19,PA,Philadelphia,3318.0,3,False
2020-09-20,PA,Philadelphia,635.0,2,False
2020-09-21,PA,Philadelphia,739.0,4,False
2020-09-22,PA,Philadelphia,3140.0,3,False
2020-09-23,PA,Philadelphia,1353.0,5,False
2020-09-24,PA,Philadelphia,4063.0,7,False
2020-09-25,PA,Philadelphia,364.0,3,False
2020-09-26,PA,Philadelphia,3036.0,5,False
2020-09-27,PA,Philadelphia,2313.0,6,False
2020-09-28,PA,Philadelphia,1706.0,3,False
2020-09-29,PA,Philadelphia,1005.0,3,False
2020-09-30,PA,Philadelphia,1094.0,2,False
2020-10-01,PA,Philadelphia,172.0,2,False
2020-10-02,PA,Philadelphia,999.0,6,False
2020-10-03,PA,Philadelphia,2115.0,3,False
2020-10-04,PA,Philadelphia,0.0,1,False
2020-10-05,PA,Philadelphia,806.0,3,False
2020-10-06,PA,Philadelphia,931.0,1,False
2020-10-07,PA,Philadelphia,4097.0,7,False
2020-10-08,PA,Philadelphia,63.0,2,False
2020-10-09,PA,Philadelphia,3847.0,5,False
2020-10-10,PA,Philadelphia,2799.0,4,False
2020-10-11,PA,Philadelphia,2382.0,5,False
2020-10-12,PA,Philadelphia,120.0,3,False
2020-10-13,PA,Philadelphia,4756.0,6,False
2020-10-14,PA,Philadelphia,31.0,2,False
2020-10-15,PA,Philadelphia,2603.0,3,False
2020-10-16,PA,Philadelphia,531.0,3,False
2020-10-17,PA,Philadelphia,5355.0,3,False
2020-10-18,PA,Philadelphia,909.0,7,False
2020-10-19,PA,Philadelphia,1908.0,5,False
2020-10-20,PA,Philadelphia,2976.0,6,False
2020-10-21,PA,Philadelphia,6098.0,7,False
2020-10-22,PA,Philadelphia,343.0,4,False
2020-10-23,PA,Philadelphia,3393.0,5,False
2020-10-24,PA,Philadelphia,4566.0,6,False
2020-10-25,PA,Philadelphia,364.0,3,False
2020-10-26,PA,Philadelphia,1517.0,5,False
2020-10-27,PA,Philadelphia,2485.0,5,False
2020-10-28,PA,Philadelphia,2689.0,6,False
2020-10-29,PA,Philadelphia,2495.0,5,False
2020-10-30,PA,Philadelphia,861.0,2,False
2020-10-31,PA,Philadelphia,1440.0,5,False
2020-11-01,PA,Philadelphia,200.0,2,False
2020-11-02,PA,Philadelphia,4160.0,4,False
2020-11-03,PA,Philadelphia,1602.0,3,False
2020-11-04,PA,Philadelphia,1370.0,5,False
2020-11-05,PA,Philadelphia,959.0,2,False
2020-11-06,PA,Philadelphia,4732.0,8,False
2020-11-07,PA,Philadelphia,1538.0,6,False
2020-11-08,PA,Philadelphia,23.0,2,False
2020-11-09,PA,Philadelphia,4030.0,7,False
2020-11-10,PA,Philadelphia,891.0,3,False
2020-11-11,PA,Philadelphia,1483.0,3,False
2020-11-12,PA,Philadelphia,3111.0,6,False
2020-11-13,PA,Philadelphia,979.0,3,False
2020-11-14,PA,Philadelphia,3221.0,2,False
2020-11-15,PA,Philadelphia,3595.0,5,False
2020-11-16,PA,Philadelphia,530.0,6,False
2020-11-17,PA,Philadelphia,3993.0,3,False
2020-11-18,PA,Philadelphia,2927.0,8,False
2020-11-19,PA,Philadelphia,1492.0,5,False
2020-11-20,PA,Philadelphia,4622.0,6,False
2020-11-21,PA,Philadelphia,1178.0,3,False
2020-11-22,PA,Philadelphia,802.0,3,False
2020-11-23,PA,Philadelphia,1525.0,5,False
2020-11-24,PA,Philadelphia,3705.0,5,False
2020-11-25,PA,Philadelphia,312.0,4,False
2020-11-26,PA,Philadelphia,359.0,5,False
2020-11-27,PA,Philadelphia,4445.0,3,False
2020-11-29,PA,Philadelphia,3215.0,6,False
2020-11-30,PA,Philadelphia,428.0,2,False
2020-12-01,PA,Philadelphia,3584.0,6,False
2020-12-02,PA,Philadelphia,1258.0,5,False
2020-12-03,PA,Philadelphia,1658.0,2,False
2020-12-04,PA,Philadelphia,1138.0,3,False
2020-12-05,PA,Philadelphia,3999.0,3,False
2020-12-06,PA,Philadelphia,1643.0,4,False
2020-12-07,PA,Philadelphia,2350.0,5,False
2020-12-08,PA,Philadelphia,1501.0,3,False
2020-12-09,PA,Philadelphia,7954.0,7,False
2020-12-10,PA,Philadelphia,2327.0,6,False
2020-12-11,PA,Philadelphia,1715.0,6,False
2020-12-12,PA,Philadelphia,750.0,4,False
2020-12-13,PA,Philadelphia,911.0,2,False
2020-12-14,PA,Philadelphia,738.0,6,False
2020-12-15,PA,Philadelphia,1597.0,2,False
2020-12-16,PA,Philadelphia,607.0,5,False
2020-12-17,PA,Philadelphia,2484.0,5,False
2020-12-18,PA,Philadelphia,3269.0,6,False
2020-12-19,PA,Philadelphia,439.0,3,False
2020-12-20,PA,Philadelphia,785.0,6,False
2020-12-21,PA,Philadelphia,2016.0,6,False
2020-12-22,PA,Philadelphia,512.0,3,False
2020-12-23,PA,Philadelphia,2315.0,4,False
2020-12-24,PA,Philadelphia,1448.0,5,False
2020-12-25,PA,Philadelphia,1655.0,5,False
2020-12-26,PA,Philadelphia,43.0,1,False
2020-12-27,PA,Philadelphia,2042.0,2,False
2020-12-28,PA,Philadelphia,103.0,1,False
2020-12-29,PA,Philadelphia,900.0,4,False
2020-12-30,PA,Philadelphia,937.0,4,False
2020-12-31,PA,Philadelphia,426.0,1,False
2021-01-01,PA,Philadelphia,2828.0,6,False
2021-01-02,PA,Philadelphia,132.0,1,False
2021-01-03,PA,Philadelphia,605.0,2,False
2021-01-04,PA,Philadelphia,1203.0,6,False
2021-01-05,PA,Philadelphia,489.0,5,False
2021-01-06,PA,Philadelphia,819.0,4,False
2021-01-07,PA,Philadelphia,2864.0,6,False
2021-01-08,PA,Philadelphia,1019.0,2,False
2021-01-09,PA,Philadelphia,2101.0,4,False
2021-01-10,PA,Philadelphia,861.0,5,False
2021-01-11,PA,Philadelphia,371.0,3,False
2021-01-12,PA,Philadelphia,2973.0,2,False
2021-01-13,PA,Philadelphia,1034.0,3,False
2021-01-14,PA,Philadelphia,1683.0,5,False
2021-01-15,PA,Philadelphia,2581.0,4,False
2021-01-16,PA,Philadelphia,1238.0,2,False
2021-01-17,PA,Philadelphia,5262.0,7,False
2021-01-19,PA,Philadelphia,2269.0,3,False
2021-01-20,PA,Philadelphia,896.0,4,False
2021-01-21,PA,Philadelphia,895.0,1,False
2021-01-22,PA,Philadelphia,24.0,1,False
2021-01-23,PA,Philadelphia,261.0,1,False
2021-01-24,PA,Philadelphia,2336.0,4,False
2021-01-25,PA,Philadelphia,1175.0,4,False
2021-01-26,PA,Philadelphia,3266.0,7,False
2021-01-27,PA,Philadelphia,1982.0,5,False
2021-01-28,PA,Philadelphia,3764.0,10,False
2021-01-29,PA,Philadelphia,67.0,2,False
2021-01-30,PA,Philadelphia,3750.0,2,False
2021-01-31,PA,Philadelphia,859.0,3,False
2021-02-01,PA,Philadelphia,665.0,4,False
2021-02-02,PA,Philadelphia,4006.0,10,False
2021-02-03,PA,Philadelphia,4000.0,10,False
2021-02-04,PA,Philadelphia,9022.0,6,False
2021-02-05,PA,Philadelphia,3033.0,6,False
2021-02-06,PA,Philadelphia,1098.0,4,False
2021-02-07,PA,Philadelphia,0.0,1,False
2021-02-08,PA,Philadelphia,501.0,5,False
2021-02-09,PA,Philadelphia,334.0,5,False
2021-02-10,PA,Philadelphia,4803.0,2,False
2021-02-11,PA,Philadelphia,1025.0,3,False
2021-02-12,PA,Philadelphia,2580.0,5,False
2021-02-13,PA,Philadelphia,1512.0,3,False
2021-02-14,PA,Philadelphia,75.0,3,False
2021-02-15,PA,Philadelphia,648.0,4,False
2021-02-16,PA,Philadelphia,1215.0,5,False
2021-02-17,PA,Philadelphia,2858.0,6,False
2021-02-18,PA,Philadelphia,303.0,4,False
2021-02-19,PA,Philadelphia,1200.0,4,False
2021-02-20,PA,Philadelphia,705.0,3,False
2021-02-21,PA,Philadelphia,2344.0,4,False
2021-02-22,PA,Philadelphia,23.0,2,False
2021-02-23,PA,Philadelphia,1773.0,6,False
2021-02-24,PA,Philadelphia,8864.0,12,False
2021-02-25,PA,Philadelphia,3706.0,6,False
2021-02-26,PA,Philadelphia,204.0,2,False
2021-02-27,PA,Philadelphia,4021.0,6,False
2021-02-28,PA,Philadelphia,2506.0,5,False
2021-03-01,PA,Philadelphia,3534.0,5,False
2021-03-02,PA,Philadelphia,233.0,2,False
2021-03-03,PA,Philadelphia,955.0,4,False
2021-03-04,PA,Philadelphia,620.0,5,False
2021-03-05,PA,Philadelphia,1102.0,1,False
2021-03-06,PA,Philadelphia,1687.0,4,False
2021-03-07,PA,Philadelphia,573.0,2,False
2021-03-08,PA,Philadelphia,1829.0,3,False
2021-03-09,PA,Philadelphia,289.0,4,False
2021-03-10,PA,Philadelphia,3491.0,4,False
2021-03-11,PA,Philadelphia,2147.0,5,False
2021-03-12,PA,Philadelphia,9552.0,7,False
2021-03-13,PA,Philadelphia,4275.0,2,False
2021-03-14,PA,Philadelphia,1745.0,3,False
2021-03-15,PA,Philadelphia,1550.0,6,False
2021-03-16,PA,Philadelphia,1491.0,7,False
2021-03-17,PA,Philadelphia,2856.0,7,False
2021-03-18,PA,Philadelphia,4500.0,6,False
2021-03-19,PA,Philadelphia,3645.0,3,False
2021-03-20,PA,Philadelphia,587.0,2,False
2021-03-21,PA,Philadelphia,1122.0,5,False
2021-03-22,PA,Philadelphia,2812.0,4,False
2021-03-23,PA,Philadelphia,1670.0,5,False
2021-03-24,PA,Philadelphia,3313.0,3,False
2021-03-25,PA,Philadelphia,7970.0,4,False
2021-03-26,PA,Philadelphia,982.0,3,False
2021-03-27,PA,Philadelphia,6764.0,8,False
2021-03-28,PA,Philadelphia,0.0,1,False
2021-03-29,PA,Philadelphia,424.0,3,False
2021-03-30,PA,Philadelphia,3816.0,6,False
2021-03-31,PA,Philadelphia,2548.0,4,False
2021-04-01,PA,Philadelphia,6037.0,9,False
2021-04-02,PA,Philadelphia,5613.0,7,False
2021-04-03,PA,Philadelphia,5770.0,10,False
2021-04-04,PA,Philadelphia,1225.0,2,False
2021-04-05,PA,Philadelphia,1058.0,1,False
2021-04-06,PA,Philadelphia,8269.0,4,False
2021-04-07,PA,Philadelphia,3853.0,6,False
2021-04-08,PA,Philadelphia,970.0,7,False
2021-04-09,PA,Philadelphia,280.0,2,False
2021-04-10,PA,Philadelphia,2589.0,2,False
2021-04-11,PA,Philadelphia,8390.0,7,False
2021-04-12,PA,Philadelphia,11797.0,4,False
2021-04-13,PA,Philadelphia,7894.0,8,False
2021-04-14,PA,Philadelphia,1191.0,1,False
2021-04-15,PA,Philadelphia,2819.0,6,False
2021-04-16,PA,Philadelphia,1233.0,3,False
2021-04-17,PA,Philadelphia,2362.0,3,False
2021-04-18,PA,Philadelphia,3127.0,8,False
2021-04-19,PA,Philadelphia,1313.0,3,False
2021-04-20,PA,Philadelphia,1712.0,4,False
2021-04-21,PA,Philadelphia,4762.0,4,False
2021-04-22,PA,Philadelphia,3108.0,4,False
2021-04-23,PA,Philadelphia,3143.0,5,False
2021-04-24,PA,Philadelphia,2942.0,3,False
2021-04-25,PA,Philadelphia,1312.0,5,False
2021-04-26,PA,Philadelphia,1141.0,4,False
2021-04-27,PA,Philadelphia,9351.0,5,False
2021-04-28,PA,Philadelphia,3312.0,4,False
2021-04-29,PA,Philadelphia,1256.0,6,False
2021-04-30,PA,Philadelphia,446.0,4,False
2021-05-01,PA,Philadelphia,4972.0,5,False
2021-05-02,PA,Philadelphia,3582.0,7,False
2021-05-03,PA,Philadelphia,4357.0,9,False
2021-05-04,PA,Philadelphia,157.0,2,False
2021-05-05,PA,Philadelphia,1882.0,6,False
2021-05-06,PA,Philadelphia,4693.0,3,False
2021-05-07,PA,Philadelphia,1291.0,8,False
2021-05-08,PA,Philadelphia,6851.0,6,False
2021-05-09,PA,Philadelphia,960.0,3,False
2021-05-10,PA,Philadelphia,528.0,3,False
2021-05-11,PA,Philadelphia,2207.0,3,False
2021-05-12,PA,Philadelphia,5510.0,6,False
2021-05-13,PA,Philadelphia,5052.0,3,False
2021-05-14,PA,Philadelphia,35.0,1,False
2021-05-15,PA,Philadelphia,2159.0,2,False
2021-05-16,PA,Philadelphia,3857.0,8,False
2021-05-17,PA,Philadelphia,607.0,3,False
2021-05-18,PA,Philadelphia,2143.0,7,False
2021-05-19,PA,Philadelphia,1229.0,1,False
2021-05-20,PA,Philadelphia,3374.0,6,False
2021-05-21,PA,Philadelphia,290.0,3,False
2021-05-22,PA,Philadelphia,11382.0,7,False
2021-05-23,PA,Philadelphia,3887.0,6,False
2021-05-24,PA,Philadelphia,3937.0,4,False
2021-05-25,PA,Philadelphia,4279.0,4,False
2021-05-26,PA,Philadelphia,348.0,5,False
2021-05-27,PA,Philadelphia,2563.0,3,False
2021-05-28,PA,Philadelphia,1560.0,3,False
2021-05-29,PA,Philadelphia,2657.0,9,False
2021-05-30,PA,Philadelphia,2280.0,4,False
2021-05-31,PA,Philadelphia,11.0,1,False
2021-06-01,PA,Philadelphia,1835.0,4,True
2021-06-02,PA,Philadelphia,3181.0,4,True
2021-06-03,PA,Philadelphia,979.0,2,True
2021-06-04,PA,Philadelphia,268.0,4,True
2021-06-05,PA,Philadelphia,1208.0,2,True
2021-06-06,PA,Philadelphia,2291.0,4,True
2021-06-07,PA,Philadelphia,1141.0,2,True
2021-06-08,PA,Philadelphia,1320.0,2,True
2021-06-09,PA,Philadelphia,367.0,4,True
2021-06-10,PA,Philadelphia,2361.0,4,True
2021-06-11,PA,Philadelphia,195.0,2,True
2021-06-12,PA,Philadelphia,4582.0,6,True
2021-06-13,PA,Philadelphia,2570.0,4,True
2021-06-15,PA,Philadelphia,199.0,2,True
2021-06-16,PA,Philadelphia,7222.0,8,True
2021-06-17,PA,Philadelphia,1824.0,3,True
2021-06-18,PA,Philadelphia,111.0,1,True
2021-06-19,PA,Philadelphia,4007.0,3,True
2021-06-20,PA,Philadelphia,4020.0,2,True
2021-06-21,PA,Philadelphia,188.0,3,True
2021-06-22,PA,Philadelphia,4105.0,6,True
2021-06-23,PA,Philadelphia,1829.0,4,True
2021-06-24,PA,Philadelphia,4298.0,5,True
2021-06-25,PA,Philadelphia,2159.0,7,True
2021-06-26,PA,Philadelphia,233.0,2,True
2021-06-27,PA,Philadelphia,3694.0,4,True
2021-06-28,PA,Philadelphia,2639.0,6,True
2021-06-29,PA,Philadelphia,3029.0,7,True
2021-06-30,PA,Philadelphia,3021.0,3,True
2021-07-01,PA,Philadelphia,3624.0,3,True
2021-07-02,PA,Philadelphia,4054.0,5,True
2021-07-03,PA,Philadelphia,1815.0,3,True
2021-07-04,PA,Philadelphia,160.0,3,True
2021-07-05,PA,Philadelphia,1827.0,3,True
2021-07-06,PA,Philadelphia,133.0,1,True
2021-07-07,PA,Philadelphia,4679.0,4,True
2021-07-08,PA,Philadelphia,2930.0,3,True
2021-07-09,PA,Philadelphia,110.0,2,True
2021-07-10,PA,Philadelphia,2522.0,5,True
2021-07-11,PA,Philadelphia,4996.0,3,True
2021-07-12,PA,Philadelphia,1407.0,4,True
2021-07-13,PA,Philadelphia,3963.0,4,True
2021-07-14,PA,Philadelphia,10154.0,6,True
2021-07-15,PA,Philadelphia,1805.0,6,True
2021-07-16,PA,Philadelphia,5876.0,6,True
2021-07-17,PA,Philadelphia,1178.0,5,True
2021-07-18,PA,Philadelphia,13843.0,6,True
2021-07-19,PA,Philadelphia,3150.0,6,True
2021-07-20,PA,Philadelphia,3691.0,5,True
2021-07-21,PA,Philadelphia,5926.0,5,True
2021-07-22,PA,Philadelphia,3650.0,3,True
2021-07-23,PA,Philadelphia,1890.0,2,True
2021-07-24,PA,Philadelphia,1592.0,4,True
2021-07-25,PA,Philadelphia,1054.0,4,True
2021-07-26,PA,Philadelphia,1346.0,4,True
2021-07-27,PA,Philadelphia,1859.0,4,True
2021-07-28,PA,Philadelphia,6547.0,5,True
2021-07-29,PA,Philadelphia,6068.0,7,True
2021-07-30,PA,Philadelphia,3801.0,7,True
2021-07-31,PA,Philadelphia,2587.0,3,True
2021-08-01,PA,Philadelphia,613.0,6,True
2021-08-02,PA,Philadelphia,526.0,3,True
2021-08-03,PA,Philadelphia,5760.0,3,True
2021-08-04,PA,Philadelphia,1741.0,4,True
2021-08-05,PA,Philadelphia,5523.0,6,True
2021-08-06,PA,Philadelphia,4284.0,3,True
2021-08-07,PA,Philadelphia,1649.0,3,True
2021-08-08,PA,Philadelphia,3171.0,4,True
2021-08-09,PA,Philadelphia,3942.0,6,True
2021-08-10,PA,Philadelphia,1150.0,4,True
2021-08-11,PA,Philadelphia,1771.0,5,True
2021-08-12,PA,Philadelphia,5455.0,4,True
2021-08-13,PA,Philadelphia,5314.0,4,True
2021-08-14,PA,Philadelphia,10237.0,5,True
2021-08-15,PA,Philadelphia,3243.0,4,True
2021-08-16,PA,Philadelphia,958.0,6,True
2021-08-17,PA,Philadelphia,2627.0,2,True
2021-08-18,PA,Philadelphia,812.0,4,True
2021-08-19,PA,Philadelphia,500.0,3,True
2021-08-20,PA,Philadelphia,1567.0,4,True
2021-08-22,PA,Philadelphia,250.0,2,True
2021-08-23,PA,Philadelphia,1178.0,3,True
2021-08-24,PA,Philadelphia,1396.0,2,True
2021-08-25,PA,Philadelphia,1290.0,2,True
2021-08-26,PA,Philadelphia,1401.0,3,True
2021-08-27,PA,Philadelphia,5316.0,4,True
2021-08-28,PA,Philadelphia,4043.0,6,True
2021-08-29,PA,Philadelphia,1023.0,7,True
2021-08-30,PA,Philadelphia,2727.0,5,True
2021-08-31,PA,Philadelphia,2691.0,2,True
2021-09-01,PA,Philadelphia,1545.0,6,False
2021-09-02,PA,Philadelphia,2281.0,4,False
2021-09-03,PA,Philadelphia,3606.0,3,False
2021-09-04,PA,Philadelphia,2428.0,2,False
2021-09-06,PA,Philadelphia,3498.0,6,False
2021-09-08,PA,Philadelphia,1092.0,6,False
2021-09-09,PA,Philadelphia,4822.0,5,False
2021-09-10,PA,Philadelphia,2409.0,5,False
2021-09-11,PA,Philadelphia,373.0,7,False
2021-09-12,PA,Philadelphia,2062.0,5,False
2021-09-13,PA,Philadelphia,434.0,1,False
2021-09-14,PA,Philadelphia,2603.0,5,False
2021-09-15,PA,Philadelphia,1099.0,6,False
2021-09-16,PA,Philadelphia,2456.0,3,False
2021-09-17,PA,Philadelphia,3072.0,2,False
2021-09-18,PA,Philadelphia,330.0,4,False
2021-09-19,PA,Philadelphia,897.0,6,False
2021-09-20,PA,Philadelphia,2252.0,5,False
2021-09-21,PA,Philadelphia,1557.0,2,False
2021-09-22,PA,Philadelphia,5080.0,4,False
2021-09-23,PA,Philadelphia,2779.0,3,False
2021-09-24,PA,Philadelphia,687.0,6,False
2021-09-25,PA,Philadelphia,4976.0,6,False
2021-09-27,PA,Philadelphia,1766.0,3,False
2021-09-28,PA,Philadelphia,351.0,4,False
2021-09-29,PA,Philadelphia,1814.0,4,False
2021-09-30,PA,Philadelphia,9030.0,2,False
2021-10-01,PA,Philadelphia,2483.0,5,False
2021-10-02,PA,Philadelphia,186.0,1,False
2021-10-03,PA,Philadelphia,40.0,3,False
2021-10-04,PA,Philadelphia,4596.0,6,False
2021-10-05,PA,Philadelphia,3726.0,6,False
2021-10-06,PA,Philadelphia,1332.0,2,False
2021-10-07,PA,Philadelphia,1370.0,5,False
2021-10-08,PA,Philadelphia,310.0,2,False
2021-10-09,PA,Philadelphia,2954.0,4,False
2021-10-10,PA,Philadelphia,594.0,5,False
2021-10-11,PA,Philadelphia,1771.0,4,False
2021-10-12,PA,Philadelphia,250.0,3,False
2021-10-13,PA,Philadelphia,3020.0,5,False
2021-10-14,PA,Philadelphia,2719.0,4,False
2021-10-15,PA,Philadelphia,1090.0,2,False
2021-10-16,PA,Philadelphia,522.0,5,False
2021-10-17,PA,Philadelphia,1017.0,3,False
2021-10-18,PA,Philadelphia,2661.0,6,False
2021-10-19,PA,Philadelphia,391.0,3,False
2021-10-20,PA,Philadelphia,1355.0,4,False
2021-10-21,PA,Philadelphia,6632.0,4,False
2021-10-22,PA,Philadelphia,2522.0,3,False
2021-10-23,PA,Philadelphia,4061.0,4,False
2021-10-24,PA,Philadelphia,2903.0,3,False
2021-10-25,PA,Philadelphia,3312.0,9,False
2021-10-26,PA,Philadelphia,1712.0,3,False
2021-10-27,PA,Philadelphia,1484.0,3,False
2021-10-28,PA,Philadelphia,449.0,3,False
2021-10-29,PA,Philadelphia,547.0,5,False
2021-10-30,PA,Philadelphia,880.0,3,False
2021-10-31,PA,Philadelphia,2523.0,5,False
2021-11-01,PA,Philadelphia,3552.0,3,False
2021-11-02,PA,Philadelphia,1262.0,3,False
2021-11-03,PA,Philadelphia,350.0,2,False
2021-11-04,PA,Philadelphia,2314.0,5,False
2021-11-05,PA,Philadelphia,12050.0,3,False
2021-11-06,PA,Philadelphia,596.0,4,False
2021-11-07,PA,Philadelphia,1021.0,4,False
2021-11-08,PA,Philadelphia,1449.0,4,False
2021-11-09,PA,Philadelphia,2079.0,4,False
2021-11-10,PA,Philadelphia,1011.0,3,False
2021-11-11,PA,Philadelphia,7751.0,5,False
2021-11-12,PA,Philadelphia,1043.0,3,False
2021-11-13,PA,Philadelphia,6214.0,5,False
2021-11-14,PA,Philadelphia,294.0,3,False
2021-11-15,PA,Philadelphia,1563.0,6,False
2021-11-16,PA,Philadelphia,1231.0,4,False
2021-11-17,PA,Philadelphia,1302.0,10,False
2021-11-18,PA,Philadelphia,2746.0,9,False
2021-11-19,PA,Philadelphia,5110.0,4,False
2021-11-20,PA,Philadelphia,1596.0,1,False
2021-11-21,PA,Philadelphia,3053.0,9,False
2021-11-22,PA,Philadelphia,3461.0,4,False
2021-11-23,PA,Philadelphia,2503.0,4,False
2021-11-24,PA,Philadelphia,2978.0,3,False
2021-11-25,PA,Philadelphia,20.0,7,False
2021-11-26,PA,Philadelphia,4303.0,3,False
2021-11-27,PA,Philadelphia,2063.0,2,False
2021-11-28,PA,Philadelphia,0.0,1,False
2021-11-29,PA,Philadelphia,4915.0,4,False
2021-11-30,PA,Philadelphia,2004.0,6,False
2021-12-01,PA,Philadelphia,1571.0,2,False
2021-12-02,PA,Philadelphia,1068.0,3,False
2021-12-03,PA,Philadelphia,2932.0,3,False
2021-12-04,PA,Philadelphia,12541.0,5,False
2021-12-05,PA,Philadelphia,2794.0,3,False
2021-12-06,PA,Philadelphia,347.0,4,False
2021-12-07,PA,Philadelphia,921.0,4,False
2021-12-08,PA,Philadelphia,5726.0,8,False
2021-12-09,PA,Philadelphia,2409.0,5,False
2021-12-10,PA,Philadelphia,4102.0,6,False
2021-12-11,PA,Philadelphia,3104.0,6,False
2021-12-12,PA,Philadelphia,2243.0,9,False
2021-12-13,PA,Philadelphia,71.0,2,False
2021-12-14,PA,Philadelphia,1154.0,4,False
2021-12-15,PA,Philadelphia,10762.0,6,False
2021-12-16,PA,Philadelphia,9507.0,6,False
2021-12-17,PA,Philadelphia,6062.0,8,False
2021-12-18,PA,Philadelphia,1760.0,4,False
2021-12-19,PA,Philadelphia,9726.0,5,False
2021-12-20,PA,Philadelphia,846.0,4,False
2021-12-21,PA,Philadelphia,1038.0,4,False
2021-12-22,PA,Philadelphia,3036.0,6,False
2021-12-23,PA,Philadelphia,747.0,4,False
2021-12-24,PA,Philadelphia,7280.0,5,False
2021-12-25,PA,Philadelphia,1868.0,2,False
2021-12-26,PA,Philadelphia,5392.0,11,False
2021-12-27,PA,Philadelphia,3075.0,6,False
2021-12-28,PA,Philadelphia,1010.0,1,False
2021-12-29,PA,Philadelphia,2103.0,5,False
2021-12-30,PA,Philadelphia,1362.0,8,False
2021-12-31,PA,Philadelphia,700.0,6,False
2022-01-01,PA,Philadelphia,1066.0,7,False
2022-01-02,PA,Philadelphia,1481.0,3,False
2022-01-03,PA,Philadelphia,653.0,4,False
2022-01-04,PA,Philadelphia,2315.0,3,False
2022-01-05,PA,Philadelphia,1465.0,6,False
2022-01-06,PA,Philadelphia,6324.0,11,False
2022-01-07,PA,Philadelphia,1060.0,4,False
2022-01-08,PA,Philadelphia,3222.0,9,False
2022-01-09,PA,Philadelphia,0.0,2,False
2022-01-10,PA,Philadelphia,2779.0,4,False
2022-01-11,PA,Philadelphia,1277.0,7,False
2022-01-12,PA,Philadelphia,6146.0,3,False
2022-01-13,PA,Philadelphia,865.0,4,False
2022-01-14,PA,Philadelphia,6006.0,3,False
2022-01-15,PA,Philadelphia,170.0,2,False
2022-01-16,PA,Philadelphia,4664.0,8,False
2022-01-17,PA,Philadelphia,598.0,4,False
2022-01-18,PA,Philadelphia,129.0,4,False
2022-01-19,PA,Philadelphia,2486.0,8,False
2022-01-20,PA,Philadelphia,375.0,2,False
2022-01-21,PA,Philadelphia,1394.0,3,False
2022-01-22,PA,Philadelphia,1042.0,3,False
2022-01-23,PA,Philadelphia,0.0,2,False
2022-01-24,PA,Philadelphia,1209.0,6,False
2022-01-25,PA,Philadelphia,37.0,1,False
2022-01-26,PA,Philadelphia,4648.0,6,False
2022-01-27,PA,Philadelphia,4353.0,9,False
2022-01-28,PA,Philadelphia,761.0,2,False
2022-01-29,PA,Philadelphia,780.0,7,False
2022-01-30,PA,Philadelphia,1143.0,3,False
2022-01-31,PA,Philadelphia,963.0,8,False
2022-02-02,PA,Philadelphia,1055.0,4,False
2022-02-03,PA,Philadelphia,3581.0,5,False
2022-02-04,PA,Philadelphia,43.0,2,False
2022-02-05,PA,Philadelphia,4708.0,3,False
2022-02-06,PA,Philadelphia,1436.0,2,False
2022-02-07,PA,Philadelphia,1432.0,2,False
2022-02-08,PA,Philadelphia,1006.0,2,False
2022-02-09,PA,Philadelphia,311.0,1,False
2022-02-10,PA,Philadelphia,3400.0,5,False
2022-02-11,PA,Philadelphia,504.0,2,False
2022-02-12,PA,Philadelphia,2071.0,5,False
2022-02-13,PA,Philadelphia,298.0,4,False
2022-02-14,PA,Philadelphia,1026.0,2,False
2022-02-15,PA,Philadelphia,1818.0,5,False
2022-02-16,PA,Philadelphia,1260.0,2,False
2022-02-17,PA,Philadelphia,4560.0,7,False
2022-02-18,PA,Philadelphia,2645.0,3,False
2022-02-19,PA,Philadelphia,2262.0,7,False
2022-02-20,PA,Philadelphia,61.0,3,False
2022-02-21,PA,Philadelphia,6567.0,5,False
2022-02-22,PA,Philadelphia,1288.0,4,False
2022-02-23,PA,Philadelphia,951.0,6,False
2022-02-24,PA,Philadelphia,1255.0,5,False
2022-02-25,PA,Philadelphia,4413.0,3,False
2022-02-26,PA,Philadelphia,1125.0,5,False
2022-02-27,PA,Philadelphia,62.0,4,False
2022-02-28,PA,Philadelphia,2402.0,5,False
2022-03-01,PA,Philadelphia,1790.0,2,False
2022-03-02,PA,Philadelphia,146.0,4,False
2022-03-03,PA,Philadelphia,428.0,3,False
2022-03-04,PA,Philadelphia,3497.0,3,False
2022-03-05,PA,Philadelphia,3913.0,7,False
2022-03-06,PA,Philadelphia,3403.0,4,False
2022-03-07,PA,Philadelphia,1607.0,2,False
2022-03-08,PA,Philadelphia,1354.0,3,False
2022-03-09,PA,Philadelphia,1811.0,8,False
2022-03-10,PA,Philadelphia,4286.0,8,False
2022-03-11,PA,Philadelphia,2729.0,5,False
2022-03-12,PA,Philadelphia,164.0,3,False
2022-03-13,PA,Philadelphia,3206.0,4,False
2022-03-14,PA,Philadelphia,867.0,4,False
2022-03-15,PA,Philadelphia,2483.0,3,False
2022-03-16,PA,Philadelphia,1372.0,1,False
2022-03-17,PA,Philadelphia,6200.0,4,False
2022-03-18,PA,Philadelphia,4520.0,5,False
2022-03-19,PA,Philadelphia,3294.0,3,False
2022-03-20,PA,Philadelphia,495.0,1,False
2022-03-21,PA,Philadelphia,962.0,6,False
2022-03-22,PA,Philadelphia,2058.0,5,False
2022-03-23,PA,Philadelphia,1656.0,5,False
2022-03-24,PA,Philadelphia,1644.0,5,False
2022-03-25,PA,Philadelphia,9.0,1,False
2022-03-26,PA,Philadelphia,1112.0,6,False
2022-03-27,PA,Philadelphia,6528.0,7,False
2022-03-28,PA,Philadelphia,313.0,3,False
2022-03-29,PA,Philadelphia,1706.0,3,False
2022-03-30,PA,Philadelphia,657.0,3,False
2022-03-31,PA,Philadelphia,1098.0,3,False
2022-04-01,PA,Philadelphia,1879.0,6,False
2022-04-02,PA,Philadelphia,2263.0,5,False
2022-04-03,PA,Philadelphia,14824.0,4,False
2022-04-04,PA,Philadelphia,248.0,4,False
2022-04-05,PA,Philadelphia,1774.0,4,False
2022-04-06,PA,Philadelphia,2160.0,4,False
2022-04-07,PA,Philadelphia,2911.0,7,False
2022-04-08,PA,Philadelphia,2063.0,7,False
2022-04-09,PA,Philadelphia,2753.0,4,False
2022-04-10,PA,Philadelphia,332.0,4,False
2022-04-11,PA,Philadelphia,1559.0,6,False
2022-04-12,PA,Philadelphia,9775.0,5,False
2022-04-13,PA,Philadelphia,412.0,4,False
2022-04-14,PA,Philadelphia,1748.0,5,False
2022-04-15,PA,Philadelphia,2584.0,5,False
2022-04-16,PA,Philadelphia,5456.0,11,False
2022-04-17,PA,Philadelphia,843.0,4,False
2022-04-18,PA,Philadelphia,1923.0,3,False
2022-04-19,PA,Philadelphia,364.0,2,False
2022-04-20,PA,Philadelphia,1339.0,3,False
2022-04-21,PA,Philadelphia,5901.0,6,False
2022-04-22,PA,Philadelphia,552.0,4,False
2022-04-23,PA,Philadelphia,797.0,4,False
2022-04-24,PA,Philadelphia,7512.0,6,False
2022-04-25,PA,Philadelphia,5473.0,5,False
2022-04-26,PA,Philadelphia,4964.0,6,False
2022-04-27,PA,Philadelphia,4942.0,5,False
2022-04-28,PA,Philadelphia,2257.0,6,False
2022-04-29,PA,Philadelphia,2955.0,7,False
2022-04-30,PA,Philadelphia,1911.0,2,False
2022-05-01,PA,Philadelphia,2366.0,2,False
2022-05-02,PA,Philadelphia,6168.0,3,False
2022-05-03,PA,Philadelphia,3939.0,6,False
2022-05-04,PA,Philadelphia,822.0,2,False
2022-05-05,PA,Philadelphia,1244.0,7,False
2022-05-06,PA,Philadelphia,100.0,2,False
2022-05-07,PA,Philadelphia,1109.0,4,False
2022-05-08,PA,Philadelphia,5003.0,5,False
2022-05-09,PA,Philadelphia,1841.0,4,False
2022-05-10,PA,Philadelphia,98.0,3,False
2022-05-11,PA,Philadelphia,4079.0,9,False
2022-05-12,PA,Philadelphia,1245.0,5,False
2022-05-13,PA,Philadelphia,5718.0,4,False
2022-05-14,PA,Philadelphia,2449.0,3,False
2022-05-15,PA,Philadelphia,363.0,3,False
2022-05-16,PA,Philadelphia,3778.0,4,False
2022-05-17,PA,Philadelphia,2285.0,6,False
2022-05-18,PA,Philadelphia,376.0,4,False
2022-05-19,PA,Philadelphia,628.0,4,False
2022-05-20,PA,Philadelphia,5187.0,6,False
2022-05-21,PA,Philadelphia,5683.0,6,False
2022-05-22,PA,Philadelphia,411.0,3,False
2022-05-23,PA,Philadelphia,96.0,1,False
2022-05-24,PA,Philadelphia,760.0,2,False
2022-05-25,PA,Philadelphia,2892.0,8,False
2022-05-26,PA,Philadelphia,1680.0,4,False
2022-05-27,PA,Philadelphia,4567.0,3,False
2022-05-28,PA,Philadelphia,3852.0,8,False
2022-05-29,PA,Philadelphia,664.0,3,False
2022-05-31,PA,Philadelphia,704.0,3,False
2022-06-01,PA,Philadelphia,3906.0,7,True
2022-06-02,PA,Philadelphia,1478.0,6,True
2022-06-03,PA,Philadelphia,6120.0,3,True
2022-06-04,PA,Philadelphia,9857.0,10,True
2022-06-05,PA,Philadelphia,912.0,5,True
2022-06-06,PA,Philadelphia,1247.0,5,True
2022-06-07,PA,Philadelphia,913.0,3,True
2022-06-08,PA,Philadelphia,2634.0,4,True
2022-06-09,PA,Philadelphia,2461.0,5,True
2022-06-10,PA,Philadelphia,4669.0,11,True
2022-06-11,PA,Philadelphia,454.0,4,True
2022-06-12,PA,Philadelphia,5471.0,5,True
2022-06-13,PA,Philadelphia,454.0,4,True
2022-06-14,PA,Philadelphia,1164.0,3,True
2022-06-16,PA,Philadelphia,2377.0,4,True
2022-06-17,PA,Philadelphia,1551.0,3,True
2022-06-18,PA,Philadelphia,7411.0,3,True
2022-06-19,PA,Philadelphia,2556.0,4,True
2022-06-20,PA,Philadelphia,527.0,2,True
2022-06-21,PA,Philadelphia,2051.0,6,True
2022-06-22,PA,Philadelphia,3053.0,6,True
2022-06-23,PA,Philadelphia,3506.0,7,True
2022-06-24,PA,Philadelphia,4406.0,2,True
2022-06-25,PA,Philadelphia,282.0,2,True
2022-06-26,PA,Philadelphia,1632.0,4,True
2022-06-27,PA,Philadelphia,1114.0,4,True
2022-06-28,PA,Philadelphia,1802.0,3,True
2022-06-29,PA,Philadelphia,22.0,1,True
2022-06-30,PA,Philadelphia,902.0,6,True
2022-07-02,PA,Philadelphia,1050.0,5,True
2022-07-03,PA,Philadelphia,1680.0,2,True
2022-07-04,PA,Philadelphia,3926.0,8,True
2022-07-05,PA,Philadelphia,459.0,3,True
2022-07-07,PA,Philadelphia,1997.0,4,True
2022-07-08,PA,Philadelphia,6641.0,11,True
2022-07-09,PA,Philadelphia,43.0,3,True
2022-07-10,PA,Philadelphia,0.0,2,True
2022-07-11,PA,Philadelphia,3644.0,6,True
2022-07-12,PA,Philadelphia,2220.0,2,True
2022-07-13,PA,Philadelphia,2562.0,5,True
2022-07-14,PA,Philadelphia,4958.0,6,True
2022-07-15,PA,Philadelphia,2996.0,5,True
2022-07-16,PA,Philadelphia,3669.0,6,True
2022-07-17,PA,Philadelphia,995.0,6,True
2022-07-18,PA,Philadelphia,2016.0,2,True
2022-07-19,PA,Philadelphia,1547.0,9,True
2022-07-20,PA,Philadelphia,6792.0,4,True
2022-07-21,PA,Philadelphia,75.0,1,True
2022-07-22,PA,Philadelphia,2282.0,4,True
2022-07-23,PA,Philadelphia,3155.0,5,True
2022-07-24,PA,Philadelphia,0.0,1,True
2022-07-26,PA,Philadelphia,663.0,1,True
2022-07-27,PA,Philadelphia,5145.0,6,True
2022-07-28,PA,Philadelphia,4768.0,8,True
2022-07-29,PA,Philadelphia,1464.0,5,True
2022-07-30,PA,Philadelphia,3685.0,2,True
2022-07-31,PA,Philadelphia,14740.0,5,True
2022-08-01,PA,Philadelphia,2489.0,4,True
2022-08-02,PA,Philadelphia,475.0,2,True
2022-08-03,PA,Philadelphia,5680.0,3,True
2022-08-04,PA,Philadelphia,1357.0,6,True
2022-08-05,PA,Philadelphia,3462.0,3,True
2022-08-06,PA,Philadelphia,8995.0,6,True
2022-08-07,PA,Philadelphia,1010.0,4,True
2022-08-08,PA,Philadelphia,2717.0,12,True
2022-08-09,PA,Philadelphia,1574.0,5,True
2022-08-10,PA,Philadelphia,2604.0,4,True
2022-08-11,PA,Philadelphia,2274.0,7,True
2022-08-12,PA,Philadelphia,446.0,3,True
2022-08-13,PA,Philadelphia,1973.0,6,True
2022-08-14,PA,Philadelphia,4406.0,3,True
2022-08-15,PA,Philadelphia,488.0,4,True
2022-08-16,PA,Philadelphia,829.0,4,True
2022-08-17,PA,Philadelphia,63.0,2,True
2022-08-18,PA,Philadelphia,1877.0,5,True
2022-08-19,PA,Philadelphia,5319.0,5,True
2022-08-20,PA,Philadelphia,1218.0,1,True
2022-08-21,PA,Philadelphia,8523.0,6,True
2022-08-22,PA,Philadelphia,1579.0,4,True
2022-08-23,PA,Philadelphia,3746.0,5,True
2022-08-24,PA,Philadelphia,1206.0,5,True
2022-08-25,PA,Philadelphia,2365.0,7,True
2022-08-26,PA,Philadelphia,6577.0,7,True
2022-08-27,PA,Philadelphia,2594.0,4,True
2022-08-28,PA,Philadelphia,116.0,3,True
2022-08-29,PA,Philadelphia,4285.0,4,True
2022-08-30,PA,Philadelphia,2675.0,4,True
2022-08-31,PA,Philadelphia,6968.0,4,True
2022-09-01,PA,Philadelphia,1906.0,4,False
2022-09-02,PA,Philadelphia,336.0,5,False
2022-09-03,PA,Philadelphia,7109.0,6,False
2022-09-04,PA,Philadelphia,4581.0,6,False
2022-09-05,PA,Philadelphia,1065.0,1,False
2022-09-06,PA,Philadelphia,6440.0,8,False
2022-09-07,PA,Philadelphia,1267.0,4,False
2022-09-08,PA,Philadelphia,419.0,3,False
2022-09-09,PA,Philadelphia,3272.0,4,False
2022-09-10,PA,Philadelphia,1273.0,3,False
2022-09-11,PA,Philadelphia,1736.0,4,False
2022-09-12,PA,Philadelphia,226.0,3,False
2022-09-13,PA,Philadelphia,3866.0,6,False
2022-09-14,PA,Philadelphia,2143.0,3,False
2022-09-15,PA,Philadelphia,2211.0,4,False
2022-09-16,PA,Philadelphia,121.0,4,False
2022-09-17,PA,Philadelphia,4173.0,5,False
2022-09-18,PA,Philadelphia,317.0,5,False
2022-09-19,PA,Philadelphia,56.0,2,False
2022-09-20,PA,Philadelphia,1257.0,2,False
2022-09-21,PA,Philadelphia,3872.0,5,False
2022-09-22,PA,Philadelphia,500.0,1,False
2022-09-23,PA,Philadelphia,81.0,1,False
2022-09-24,PA,Philadelphia,3656.0,2,False
2022-09-25,PA,Philadelphia,440.0,4,False
2022-09-26,PA,Philadelphia,6038.0,6,False
2022-09-27,PA,Philadelphia,14.0,1,False
2022-09-28,PA,Philadelphia,1185.0,4,False
2022-09-29,PA,Philadelphia,4349.0,4,False
2022-09-30,PA,Philadelphia,3426.0,4,False
2022-10-01,PA,Philadelphia,2455.0,7,False
2022-10-02,PA,Philadelphia,1621.0,5,False
2022-10-03,PA,Philadelphia,3129.0,5,False
2022-10-04,PA,Philadelphia,60.0,2,False
2022-10-05,PA,Philadelphia,51.0,1,False
2022-10-06,PA,Philadelphia,881.0,6,False
2022-10-07,PA,Philadelphia,5470.0,7,False
2022-10-08,PA,Philadelphia,4827.0,7,False
2022-10-09,PA,Philadelphia,968.0,3,False
2022-10-10,PA,Philadelphia,7452.0,7,False
2022-10-11,PA,Philadelphia,2982.0,1,False
2022-10-12,PA,Philadelphia,6210.0,3,False
2022-10-13,PA,Philadelphia,209.0,2,False
2022-10-14,PA,Philadelphia,2960.0,6,False
2022-10-15,PA,Philadelphia,37.0,3,False
2022-10-16,PA,Philadelphia,4329.0,3,False
2022-10-17,PA,Philadelphia,6099.0,5,False
2022-10-18,PA,Philadelphia,515.0,6,False
2022-10-19,PA,Philadelphia,2790.0,3,False
2022-10-20,PA,Philadelphia,257.0,2,False
2022-10-21,PA,Philadelphia,1115.0,3,False
2022-10-22,PA,Philadelphia,83.0,2,False
2022-10-23,PA,Philadelphia,8348.0,6,False
2022-10-24,PA,Philadelphia,1126.0,5,False
2022-10-25,PA,Philadelphia,1715.0,5,False
2022-10-26,PA,Philadelphia,638.0,2,False
2022-10-27,PA,Philadelphia,3235.0,8,False
2022-10-28,PA,Philadelphia,3247.0,3,False
2022-10-29,PA,Philadelphia,31.0,1,False
2022-10-30,PA,Philadelphia,6833.0,3,False
2022-10-31,PA,Philadelphia,3595.0,7,False
2022-11-01,PA,Philadelphia,1500.0,3,False
2022-11-02,PA,Philadelphia,65.0,1,False
2022-11-03,PA,Philadelphia,1426.0,4,False
2022-11-04,PA,Philadelphia,4643.0,8,False
2022-11-05,PA,Philadelphia,8871.0,5,False
2022-11-06,PA,Philadelphia,3161.0,3,False
2022-11-07,PA,Philadelphia,146.0,2,False
2022-11-08,PA,Philadelphia,331.0,3,False
2022-11-09,PA,Philadelphia,946.0,3,False
2022-11-10,PA,Philadelphia,2470.0,5,False
2022-11-11,PA,Philadelphia,1869.0,4,False
2022-11-12,PA,Philadelphia,1089.0,4,False
2022-11-13,PA,Philadelphia,1845.0,5,False
2022-11-14,PA,Philadelphia,3428.0,6,False
2022-11-15,PA,Philadelphia,2933.0,5,False
2022-11-16,PA,Philadelphia,1209.0,3,False
2022-11-17,PA,Philadelphia,9112.0,10,False
2022-11-18,PA,Philadelphia,1051.0,7,False
2022-11-19,PA,Philadelphia,1428.0,4,False
2022-11-20,PA,Philadelphia,4928.0,6,False
2022-11-21,PA,Philadelphia,178.0,2,False
2022-11-22,PA,Philadelphia,2038.0,5,False
2022-11-23,PA,Philadelphia,4672.0,6,False
2022-11-24,PA,Philadelphia,9.0,6,False
2022-11-25,PA,Philadelphia,2246.0,2,False
2022-11-26,PA,Philadelphia,5631.0,4,False
2022-11-27,PA,Philadelphia,3301.0,5,False
2022-11-28,PA,Philadelphia,564.0,5,False
2022-11-29,PA,Philadelphia,1885.0,3,False
2022-11-30,PA,Philadelphia,3503.0,8,False
2022-12-01,PA,Philadelphia,154.0,4,False
2022-12-02,PA,Philadelphia,78.0,1,False
2022-12-03,PA,Philadelphia,4009.0,3,False
2022-12-04,PA,Philadelphia,3769.0,9,False
2022-12-05,PA,Philadelphia,1965.0,3,False
2022-12-07,PA,Philadelphia,3247.0,4,False
2022-12-08,PA,Philadelphia,3520.0,5,False
2022-12-09,PA,Philadelphia,6943.0,12,False
2022-12-10,PA,Philadelphia,2126.0,3,False
2022-12-11,PA,Philadelphia,3057.0,4,False
2022-12-12,PA,Philadelphia,3306.0,4,False
2022-12-13,PA,Philadelphia,228.0,2,False
2022-12-14,PA,Philadelphia,3009.0,3,False
2022-12-15,PA,Philadelphia,1277.0,6,False
2022-12-16,PA,Philadelphia,232.0,2,False
2022-12-17,PA,Philadelphia,14798.0,3,False
2022-12-18,PA,Philadelphia,5394.0,9,False
2022-12-19,PA,Philadelphia,467.0,4,False
2022-12-20,PA,Philadelphia,3738.0,4,False
2022-12-21,PA,Philadelphia,6562.0,3,False
2022-12-22,PA,Philadelphia,3182.0,2,False
2022-12-23,PA,Philadelphia,2353.0,2,False
2022-12-24,PA,Philadelphia,5870.0,3,False
2022-12-25,PA,Philadelphia,1751.0,3,False
2022-12-26,PA,Philadelphia,127.0,2,False
2022-12-27,PA,Philadelphia,5995.0,7,False
2022-12-28,PA,Philadelphia,1842.0,5,False
2022-12-29,PA,Philadelphia,9491.0,6,False
2022-12-30,PA,Philadelphia,2443.0,5,False
2022-12-31,PA,Philadelphia,1206.0,4,False
2023-01-01,PA,Philadelphia,2562.0,5,False
2023-01-02,PA,Philadelphia,696.0,3,False
2023-01-03,PA,Philadelphia,4092.0,3,False
2023-01-04,PA,Philadelphia,633.0,4,False
2023-01-05,PA,Philadelphia,1570.0,4,False
2023-01-07,PA,Philadelphia,61.0,2,False
2023-01-08,PA,Philadelphia,2824.0,3,False
2023-01-09,PA,Philadelphia,384.0,1,False
2023-01-10,PA,Philadelphia,1892.0,4,False
2023-01-11,PA,Philadelphia,31.0,2,False
2023-01-12,PA,Philadelphia,1115.0,6,False
2023-01-13,PA,Philadelphia,5924.0,5,False
2023-01-14,PA,Philadelphia,245.0,1,False
2023-01-15,PA,Philadelphia,2380.0,5,False
2023-01-16,PA,Philadelphia,1596.0,4,False
2023-01-17,PA,Philadelphia,3488.0,6,False
2023-01-18,PA,Philadelphia,2820.0,5,False
2023-01-19,PA,Philadelphia,1784.0,3,False
2023-01-20,PA,Philadelphia,697.0,2,False
2023-01-21,PA,Philadelphia,2244.0,2,False
2023-01-22,PA,Philadelphia,0.0,1,False
2023-01-23,PA,Philadelphia,672.0,6,False
2023-01-24,PA,Philadelphia,2814.0,5,False
2023-01-25,PA,Philadelphia,1213.0,6,False
2023-01-26,PA,Philadelphia,1402.0,4,False
2023-01-27,PA,Philadelphia,5743.0,6,False
2023-01-28,PA,Philadelphia,3906.0,6,False
2023-01-29,PA,Philadelphia,2501.0,5,False
2023-01-30,PA,Philadelphia,2941.0,5,False
2023-01-31,PA,Philadelphia,5456.0,7,False
2023-02-01,PA,Philadelphia,2107.0,3,False
2023-02-02,PA,Philadelphia,6213.0,3,False
2023-02-03,PA,Philadelphia,2845.0,4,False
2023-02-04,PA,Philadelphia,1503.0,4,False
2023-02-05,PA,Philadelphia,2605.0,4,False
2023-02-06,PA,Philadelphia,1370.0,4,False
2023-02-07,PA,Philadelphia,923.0,4,False
2023-02-08,PA,Philadelphia,5548.0,4,False
2023-02-09,PA,Philadelphia,3190.0,2,False
2023-02-10,PA,Philadelphia,514.0,1,False
2023-02-11,PA,Philadelphia,593.0,3,False
2023-02-12,PA,Philadelphia,1636.0,3,False
2023-02-14,PA,Philadelphia,889.0,1,False
2023-02-15,PA,Philadelphia,2550.0,3,False
2023-02-16,PA,Philadelphia,1069.0,4,False
2023-02-17,PA,Philadelphia,3519.0,5,False
2023-02-18,PA,Philadelphia,2745.0,2,False
2023-02-19,PA,Philadelphia,8403.0,11,False
2023-02-20,PA,Philadelphia,399.0,2,False
2023-02-21,PA,Philadelphia,437.0,3,False
2023-02-22,PA,Philadelphia,2094.0,4,False
2023-02-23,PA,Philadelphia,5279.0,6,False
2023-02-24,PA,Philadelphia,4034.0,3,False
2023-02-25,PA,Philadelphia,816.0,3,False
2023-02-26,PA,Philadelphia,0.0,1,False
2023-02-27,PA,Philadelphia,2023.0,8,False
2023-03-01,PA,Philadelphia,2137.0,3,False
2023-03-02,PA,Philadelphia,2182.0,3,False
2023-03-03,PA,Philadelphia,183.0,2,False
2023-03-04,PA,Philadelphia,3911.0,3,False
2023-03-05,PA,Philadelphia,755.0,5,False
2023-03-06,PA,Philadelphia,792.0,5,False
2023-03-07,PA,Philadelphia,2474.0,1,False
2023-03-08,PA,Philadelphia,2185.0,4,False
2023-03-09,PA,Philadelphia,1951.0,4,False
2023-03-10,PA,Philadelphia,2382.0,5,False
2023-03-11,PA,Philadelphia,7538.0,7,False
2023-03-12,PA,Philadelphia,3527.0,6,False
2023-03-13,PA,Philadelphia,612.0,5,False
2023-03-14,PA,Philadelphia,631.0,4,False
2023-03-15,PA,Philadelphia,1194.0,7,False
2023-03-16,PA,Philadelphia,4099.0,7,False
2023-03-17,PA,Philadelphia,371.0,3,False
2023-03-18,PA,Philadelphia,2369.0,6,False
2023-03-19,PA,Philadelphia,4498.0,5,False
2023-03-20,PA,Philadelphia,118.0,2,False
2023-03-21,PA,Philadelphia,2069.0,4,False
2023-03-22,PA,Philadelphia,522.0,1,False
2023-03-23,PA,Philadelphia,1616.0,5,False
2023-03-24,PA,Philadelphia,4649.0,9,False
2023-03-25,PA,Philadelphia,112.0,3,False
2023-03-26,PA,Philadelphia,0.0,3,False
2023-03-27,PA,Philadelphia,2276.0,3,False
2023-03-28,PA,Philadelphia,2466.0,5,False
2023-03-29,PA,Philadelphia,501.0,3,False
2023-03-30,PA,Philadelphia,6725.0,9,False
2023-03-31,PA,Philadelphia,1421.0,2,False
2023-04-01,PA,Philadelphia,7896.0,6,False
2023-04-02,PA,Philadelphia,125.0,2,False
2023-04-03,PA,Philadelphia,5753.0,6,False
2023-04-04,PA,Philadelphia,2712.0,4,False
2023-04-05,PA,Philadelphia,6570.0,4,False
2023-04-06,PA,Philadelphia,1007.0,7,False
2023-04-07,PA,Philadelphia,119.0,2,False
2023-04-08,PA,Philadelphia,7143.0,6,False
2023-04-09,PA,Philadelphia,1266.0,4,False
2023-04-10,PA,Philadelphia,3259.0,6,False
2023-04-11,PA,Philadelphia,473.0,2,False
2023-04-12,PA,Philadelphia,1029.0,3,False
2023-04-13,PA,Philadelphia,1660.0,3,False
2023-04-14,PA,Philadelphia,3335.0,7,False
2023-04-15,PA,Philadelphia,3267.0,2,False
2023-04-16,PA,Philadelphia,1054.0,4,False
2023-04-17,PA,Philadelphia,2299.0,7,False
2023-04-18,PA,Philadelphia,4372.0,10,False
2023-04-19,PA,Philadelphia,2643.0,5,False
2023-04-20,PA,Philadelphia,335.0,2,False
2023-04-21,PA,Philadelphia,3405.0,6,False
2023-04-22,PA,Philadelphia,3138.0,3,False
2023-04-23,PA,Philadelphia,1329.0,4,False
2023-04-24,PA,Philadelphia,3683.0,5,False
2023-04-25,PA,Philadelphia,2826.0,7,False
2023-04-26,PA,Philadelphia,2740.0,6,False
2023-04-27,PA,Philadelphia,770.0,3,False
2023-04-28,PA,Philadelphia,530.0,2,False
2023-04-29,PA,Philadelphia,1062.0,3,False
2023-04-30,PA,Philadelphia,1835.0,5,False
2023-05-01,PA,Philadelphia,4527.0,7,False
2023-05-02,PA,Philadelphia,1501.0,6,False
2023-05-03,PA,Philadelphia,2386.0,5,False
2023-05-04,PA,Philadelphia,2609.0,2,False
2023-05-05,PA,Philadelphia,3788.0,3,False
2023-05-06,PA,Philadelphia,1856.0,6,False
2023-05-07,PA,Philadelphia,710.0,2,False
2023-05-08,PA,Philadelphia,131.0,1,False
2023-05-09,PA,Philadelphia,907.0,3,False
2023-05-10,PA,Philadelphia,874.0,2,False
2023-05-11,PA,Philadelphia,1842.0,5,False
2023-05-12,PA,Philadelphia,122.0,3,False
2023-05-13,PA,Philadelphia,4971.0,7,False
2023-05-14,PA,Philadelphia,3318.0,5,False
2023-05-15,PA,Philadelphia,742.0,3,False
2023-05-16,PA,Philadelphia,2343.0,3,False
2023-05-17,PA,Philadelphia,3644.0,3,False
2023-05-18,PA,Philadelphia,507.0,4,False
2023-05-19,PA,Philadelphia,760.0,2,False
2023-05-20,PA,Philadelphia,3206.0,5,False
2023-05-21,PA,Philadelphia,2791.0,4,False
2023-05-22,PA,Philadelphia,700.0,4,False
2023-05-23,PA,Philadelphia,2966.0,5,False
2023-05-25,PA,Philadelphia,333.0,6,False
2023-05-26,PA,Philadelphia,3052.0,6,False
2023-05-27,PA,Philadelphia,2248.0,2,False
2023-05-28,PA,Philadelphia,1284.0,3,False
2023-05-29,PA,Philadelphia,3212.0,3,False
2023-05-30,PA,Philadelphia,1733.0,3,False
2023-05-31,PA,Philadelphia,2311.0,5,False
2023-06-01,PA,Philadelphia,8526.0,9,True
2023-06-02,PA,Philadelphia,4108.0,5,True
2023-06-03,PA,Philadelphia,7036.0,9,True
2023-06-04,PA,Philadelphia,5524.0,7,True
2023-06-05,PA,Philadelphia,2732.0,5,True
2023-06-06,PA,Philadelphia,2580.0,7,True
2023-06-07,PA,Philadelphia,2831.0,4,True
2023-06-08,PA,Philadelphia,2342.0,2,True
2023-06-09,PA,Philadelphia,6050.0,6,True
2023-06-10,PA,Philadelphia,2878.0,5,True
2023-06-11,PA,Philadelphia,751.0,2,True
2023-06-12,PA,Philadelphia,2946.0,4,True
2023-06-13,PA,Philadelphia,2638.0,5,True
2023-06-14,PA,Philadelphia,1278.0,2,True
2023-06-15,PA,Philadelphia,393.0,2,True
2023-06-16,PA,Philadelphia,2866.0,6,True
2023-06-17,PA,Philadelphia,2933.0,4,True
2023-06-18,PA,Philadelphia,1941.0,2,True
2023-06-19,PA,Philadelphia,2248.0,3,True
2023-06-20,PA,Philadelphia,1791.0,2,True
2023-06-22,PA,Philadelphia,4116.0,9,True
2023-06-23,PA,Philadelphia,3276.0,4,True
2023-06-24,PA,Philadelphia,421.0,2,True
2023-06-25,PA,Philadelphia,1466.0,3,True
2023-06-26,PA,Philadelphia,153.0,2,True
2023-06-27,PA,Philadelphia,3755.0,5,True
2023-06-28,PA,Philadelphia,305.0,3,True
2023-06-29,PA,Philadelphia,337.0,3,True
2023-06-30,PA,Philadelphia,966.0,6,True
2023-07-01,PA,Philadelphia,4225.0,3,True
2023-07-02,PA,Philadelphia,2947.0,3,True
2023-07-03,PA,Philadelphia,197.0,2,True
2023-07-04,PA,Philadelphia,457.0,3,True
2023-07-05,PA,Philadelphia,2117.0,4,True
2023-07-06,PA,Philadelphia,220.0,3,True
2023-07-07,PA,Philadelphia,765.0,3,True
2023-07-09,PA,Philadelphia,2007.0,7,True
2023-07-10,PA,Philadelphia,2791.0,6,True
2023-07-11,PA,Philadelphia,933.0,5,True
2023-07-12,PA,Philadelphia,2762.0,5,True
2023-07-13,PA,Philadelphia,10737.0,4,True
2023-07-14,PA,Philadelphia,2966.0,5,True
2023-07-15,PA,Philadelphia,11074.0,3,True
2023-07-16,PA,Philadelphia,0.0,1,True
2023-07-17,PA,Philadelphia,62.0,2,True
2023-07-18,PA,Philadelphia,1376.0,4,True
2023-07-19,PA,Philadelphia,2231.0,2,True
2023-07-20,PA,Philadelphia,7966.0,7,True
2023-07-21,PA,Philadelphia,250.0,2,True
2023-07-22,PA,Philadelphia,1795.0,3,True
2023-07-23,PA,Philadelphia,3957.0,5,True
2023-07-24,PA,Philadelphia,6980.0,3,True
2023-07-25,PA,Philadelphia,2316.0,3,True
2023-07-26,PA,Philadelphia,785.0,5,True
2023-07-27,PA,Philadelphia,3955.0,11,True
2023-07-28,PA,Philadelphia,3276.0,4,True
2023-07-29,PA,Philadelphia,6108.0,6,True
2023-07-30,PA,Philadelphia,116.0,1,True
2023-07-31,PA,Philadelphia,233.0,2,True
2023-08-01,PA,Philadelphia,4598.0,6,True
2023-08-02,PA,Philadelphia,1119.0,4,True
2023-08-03,PA,Philadelphia,1543.0,3,True
2023-08-04,PA,Philadelphia,1766.0,3,True
2023-08-06,PA,Philadelphia,2566.0,1,True
2023-08-07,PA,Philadelphia,3007.0,4,True
2023-08-08,PA,Philadelphia,1841.0,5,True
2023-08-09,PA,Philadelphia,2422.0,5,True
2023-08-10,PA,Philadelphia,3034.0,6,True
2023-08-11,PA,Philadelphia,2141.0,6,True
2023-08-12,PA,Philadelphia,136.0,4,True
2023-08-13,PA,Philadelphia,8057.0,4,True
2023-08-15,PA,Philadelphia,202.0,4,True
2023-08-16,PA,Philadelphia,864.0,3,True
2023-08-17,PA,Philadelphia,7329.0,5,True
2023-08-18,PA,Philadelphia,524.0,4,True
2023-08-19,PA,Philadelphia,3425.0,3,True
2023-08-20,PA,Philadelphia,2207.0,7,True
2023-08-21,PA,Philadelphia,1976.0,5,True
2023-08-22,PA,Philadelphia,762.0,3,True
2023-08-23,PA,Philadelphia,901.0,5,True
2023-08-24,PA,Philadelphia,4343.0,4,True
2023-08-26,PA,Philadelphia,3561.0,4,True
2023-08-27,PA,Philadelphia,4924.0,8,True
2023-08-28,PA,Philadelphia,1595.0,4,True
2023-08-29,PA,Philadelphia,1212.0,2,True
2023-08-30,PA,Philadelphia,1865.0,5,True
2023-08-31,PA,Philadelphia,858.0,4,True
2023-09-01,PA,Philadelphia,200.0,2,False
2023-09-02,PA,Philadelphia,1864.0,6,False
2023-09-03,PA,Philadelphia,817.0,3,False
2023-09-04,PA,Philadelphia,7331.0,9,False
2023-09-05,PA,Philadelphia,6428.0,6,False
2023-09-06,PA,Philadelphia,2187.0,4,False
2023-09-07,PA,Philadelphia,2952.0,4,False
2023-09-08,PA,Philadelphia,1868.0,4,False
2023-09-09,PA,Philadelphia,6270.0,8,False
2023-09-11,PA,Philadelphia,2072.0,3,False
2023-09-12,PA,Philadelphia,2702.0,3,False
2023-09-13,PA,Philadelphia,499.0,5,False
2023-09-14,PA,Philadelphia,4081.0,5,False
2023-09-15,PA,Philadelphia,3553.0,4,False
2023-09-16,PA,Philadelphia,1731.0,2,False
2023-09-17,PA,Philadelphia,3638.0,3,False
2023-09-18,PA,Philadelphia,8564.0,8,False
2023-09-19,PA,Philadelphia,770.0,4,False
2023-09-20,PA,Philadelphia,600.0,3,False
2023-09-21,PA,Philadelphia,636.0,6,False
2023-09-22,PA,Philadelphia,3811.0,3,False
2023-09-23,PA,Philadelphia,8175.0,6,False
2023-09-25,PA,Philadelphia,954.0,2,False
2023-09-26,PA,Philadelphia,1460.0,2,False
2023-09-27,PA,Philadelphia,3784.0,7,False
2023-09-28,PA,Philadelphia,2368.0,2,False
2023-09-29,PA,Philadelphia,1400.0,4,False
2023-09-30,PA,Philadelphia,6840.0,6,False
2023-10-01,PA,Philadelphia,249.0,2,False
2023-10-02,PA,Philadelphia,2040.0,3,False
2023-10-03,PA,Philadelphia,1026.0,6,False
2023-10-04,PA,Philadelphia,6152.0,5,False
2023-10-05,PA,Philadelphia,6611.0,5,False
2023-10-06,PA,Philadelphia,484.0,4,False
2023-10-07,PA,Philadelphia,1080.0,3,False
2023-10-08,PA,Philadelphia,5343.0,5,False
2023-10-09,PA,Philadelphia,12918.0,7,False
2023-10-10,PA,Philadelphia,1296.0,4,False
2023-10-11,PA,Philadelphia,5713.0,7,False
2023-10-12,PA,Philadelphia,202.0,1,False
2023-10-13,PA,Philadelphia,3116.0,2,False
2023-10-14,PA,Philadelphia,102.0,1,False
2023-10-15,PA,Philadelphia,1179.0,6,False
2023-10-16,PA,Philadelphia,1858.0,7,False
2023-10-17,PA,Philadelphia,2454.0,5,False
2023-10-18,PA,Philadelphia,1937.0,4,False
2023-10-19,PA,Philadelphia,411.0,3,False
2023-10-20,PA,Philadelphia,7884.0,9,False
2023-10-21,PA,Philadelphia,4628.0,3,False
2023-10-22,PA,Philadelphia,1660.0,5,False
2023-10-23,PA,Philadelphia,180.0,4,False
2023-10-24,PA,Philadelphia,84.0,2,False
2023-10-25,PA,Philadelphia,1232.0,3,False
2023-10-27,PA,Philadelphia,1208.0,1,False
2023-10-28,PA,Philadelphia,6752.0,3,False
2023-10-29,PA,Philadelphia,331.0,1,False
2023-10-30,PA,Philadelphia,2273.0,7,False
2023-10-31,PA,Philadelphia,6579.0,5,False
2023-11-01,PA,Philadelphia,850.0,4,False
2023-11-02,PA,Philadelphia,1869.0,6,False
2023-11-04,PA,Philadelphia,1979.0,5,False
2023-11-05,PA,Philadelphia,0.0,1,False
2023-11-06,PA,Philadelphia,704.0,7,False
2023-11-07,PA,Philadelphia,408.0,3,False
2023-11-08,PA,Philadelphia,3154.0,6,False
2023-11-09,PA,Philadelphia,1196.0,4,False
2023-11-10,PA,Philadelphia,108.0,2,False
2023-11-11,PA,Philadelphia,41.0,2,False
2023-11-12,PA,Philadelphia,1035.0,4,False
2023-11-13,PA,Philadelphia,442.0,2,False
2023-11-14,PA,Philadelphia,2906.0,6,False
2023-11-15,PA,Philadelphia,1112.0,3,False
2023-11-16,PA,Philadelphia,2573.0,3,False
2023-11-17,PA,Philadelphia,1068.0,2,False
2023-11-18,PA,Philadelphia,925.0,2,False
2023-11-19,PA,Philadelphia,2329.0,6,False
2023-11-20,PA,Philadelphia,666.0,3,False
2023-11-21,PA,Philadelphia,1356.0,4,False
2023-11-22,PA,Philadelphia,7361.0,6,False
2023-11-23,PA,Philadelphia,121.0,8,False
2023-11-24,PA,Philadelphia,1009.0,1,False
2023-11-25,PA,Philadelphia,2272.0,5,False
2023-11-26,PA,Philadelphia,1214.0,1,False
2023-11-27,PA,Philadelphia,2849.0,5,False
2023-11-28,PA,Philadelphia,2522.0,4,False
2023-11-29,PA,Philadelphia,3411.0,8,False
2023-11-30,PA,Philadelphia,2572.0,7,False
2023-12-01,PA,Philadelphia,251.0,1,False
2023-12-02,PA,Philadelphia,1322.0,4,False
2023-12-03,PA,Philadelphia,231.0,5,False
2023-12-04,PA,Philadelphia,423.0,3,False
2023-12-05,PA,Philadelphia,1949.0,1,False
2023-12-06,PA,Philadelphia,1416.0,4,False
2023-12-07,PA,Philadelphia,1838.0,2,False
2023-12-08,PA,Philadelphia,1628.0,3,False
2023-12-09,PA,Philadelphia,5273.0,4,False
2023-12-10,PA,Philadelphia,562.0,2,False
2023-12-11,PA,Philadelphia,1084.0,3,False
2023-12-12,PA,Philadelphia,3725.0,6,False
2023-12-13,PA,Philadelphia,1878.0,4,False
2023-12-14,PA,Philadelphia,1858.0,5,False
2023-12-15,PA,Philadelphia,11454.0,4,False
2023-12-16,PA,Philadelphia,4586.0,5,False
2023-12-17,PA,Philadelphia,4125.0,7,False
2023-12-18,PA,Philadelphia,1775.0,4,False
2023-12-19,PA,Philadelphia,3082.0,4,False
2023-12-20,PA,Philadelphia,8555.0,8,False
2023-12-21,PA,Philadelphia,7048.0,3,False
2023-12-22,PA,Philadelphia,287.0,3,False
2023-12-23,PA,Philadelphia,0.0,2,False
2023-12-24,PA,Philadelphia,3498.0,7,False
2023-12-25,PA,Philadelphia,845.0,6,False
2023-12-26,PA,Philadelphia,1712.0,2,False
2023-12-27,PA,Philadelphia,5929.0,8,False
2023-12-28,PA,Philadelphia,1067.0,3,False
2023-12-29,PA,Philadelphia,4871.0,6,False
2023-12-30,PA,Philadelphia,12017.0,8,False
2023-12-31,PA,Philadelphia,741.0,3,False
2024-01-01,PA,Philadelphia,2752.0,4,False
2024-01-02,PA,Philadelphia,3389.0,3,False
2024-01-03,PA,Philadelphia,3001.0,6,False
2024-01-04,PA,Philadelphia,2534.0,4,False
2024-01-05,PA,Philadelphia,101.0,1,False
2024-01-06,PA,Philadelphia,6275.0,3,False
2024-01-07,PA,Philadelphia,114.0,1,False
2024-01-08,PA,Philadelphia,1681.0,6,False
2024-01-09,PA,Philadelphia,1332.0,2,False
2024-01-10,PA,Philadelphia,2136.0,9,False
2024-01-11,PA,Philadelphia,2055.0,5,False
2024-01-12,PA,Philadelphia,3603.0,7,False
2024-01-13,PA,Philadelphia,1687.0,5,False
2024-01-14,PA,Philadelphia,266.0,1,False
2024-01-16,PA,Philadelphia,1672.0,2,False
2024-01-17,PA,Philadelphia,3032.0,3,False
2024-01-18,PA,Philadelphia,891.0,2,False
2024-01-19,PA,Philadelphia,2527.0,10,False
2024-01-20,PA,Philadelphia,289.0,3,False
2024-01-21,PA,Philadelphia,4314.0,3,False
2024-01-22,PA,Philadelphia,2276.0,8,False
2024-01-23,PA,Philadelphia,3915.0,6,False
2024-01-24,PA,Philadelphia,4467.0,9,False
2024-01-25,PA,Philadelphia,2661.0,7,False
2024-01-26,PA,Philadelphia,830.0,4,False
2024-01-27,PA,Philadelphia,398.0,1,False
2024-01-28,PA,Philadelphia,1360.0,3,False
2024-01-29,PA,Philadelphia,1215.0,5,False
2024-01-30,PA,Philadelphia,3871.0,7,False
2024-02-01,PA,Philadelphia,1373.0,3,False
2024-02-02,PA,Philadelphia,2823.0,1,False
2024-02-03,PA,Philadelphia,2299.0,4,False
2024-02-04,PA,Philadelphia,386.0,2,False
2024-02-05,PA,Philadelphia,6664.0,9,False
2024-02-06,PA,Philadelphia,2027.0,5,False
2024-02-07,PA,Philadelphia,1425.0,3,False
2024-02-08,PA,Philadelphia,1389.0,2,False
2024-02-09,PA,Philadelphia,23.0,2,False
2024-02-10,PA,Philadelphia,718.0,2,False
2024-02-11,PA,Philadelphia,2144.0,4,False
2024-02-12,PA,Philadelphia,1676.0,6,False
2024-02-13,PA,Philadelphia,4264.0,9,False
2024-02-14,PA,Philadelphia,1024.0,3,False
2024-02-15,PA,Philadelphia,1469.0,2,False
2024-02-16,PA,Philadelphia,1569.0,6,False
2024-02-17,PA,Philadelphia,2050.0,4,False
2024-02-18,PA,Philadelphia,8180.0,3,False
2024-02-19,PA,Philadelphia,198.0,3,False
2024-02-20,PA,Philadelphia,7434.0,9,False
2024-02-21,PA,Philadelphia,710.0,6,False
2024-02-22,PA,Philadelphia,1235.0,6,False
2024-02-23,PA,Philadelphia,1988.0,4,False
2024-02-24,PA,Philadelphia,323.0,3,False
2024-02-25,PA,Philadelphia,4745.0,4,False
2024-02-26,PA,Philadelphia,496.0,2,False
2024-02-27,PA,Philadelphia,1462.0,4,False
2024-02-28,PA,Philadelphia,1907.0,3,False
2024-02-29,PA,Philadelphia,2514.0,9,False
2024-03-01,PA,Philadelphia,1522.0,3,False
2024-03-02,PA,Philadelphia,2786.0,8,False
2024-03-03,PA,Philadelphia,6255.0,4,False
2024-03-04,PA,Philadelphia,4615.0,7,False
2024-03-05,PA,Philadelphia,452.0,2,False
2024-03-06,PA,Philadelphia,3505.0,3,False
2024-03-07,PA,Philadelphia,50.0,1,False
2024-03-08,PA,Philadelphia,6891.0,6,False
2024-03-09,PA,Philadelphia,2191.0,4,False
2024-03-10,PA,Philadelphia,621.0,4,False
2024-03-11,PA,Philadelphia,4168.0,4,False
2024-03-12,PA,Philadelphia,3824.0,11,False
2024-03-13,PA,Philadelphia,2141.0,5,False
2024-03-14,PA,Philadelphia,979.0,3,False
2024-03-15,PA,Philadelphia,1114.0,5,False
2024-03-16,PA,Philadelphia,1204.0,3,False
2024-03-17,PA,Philadelphia,1009.0,5,False
2024-03-18,PA,Philadelphia,332.0,4,False
2024-03-19,PA,Philadelphia,1370.0,4,False
2024-03-20,PA,Philadelphia,4057.0,5,False
2024-03-21,PA,Philadelphia,2885.0,3,False
2024-03-22,PA,Philadelphia,1780.0,4,False
2024-03-23,PA,Philadelphia,2365.0,3,False
2024-03-24,PA,Philadelphia,271.0,2,False
2024-03-25,PA,Philadelphia,4424.0,5,False
2024-03-26,PA,Philadelphia,1991.0,4,False
2024-03-27,PA,Philadelphia,3281.0,3,False
2024-03-28,PA,Philadelphia,2650.0,2,False
2024-03-29,PA,Philadelphia,3847.0,3,False
2024-03-30,PA,Philadelphia,3237.0,4,False
2024-03-31,PA,Philadelphia,0.0,1,False
2024-04-01,PA,Philadelphia,2699.0,2,False
2024-04-02,PA,Philadelphia,698.0,2,False
2024-04-03,PA,Philadelphia,861.0,4,False
2024-04-04,PA,Philadelphia,3080.0,4,False
2024-04-05,PA,Philadelphia,4370.0,6,False
2024-04-06,PA,Philadelphia,2674.0,5,False
2024-04-07,PA,Philadelphia,2267.0,3,False
2024-04-08,PA,Philadelphia,978.0,3,False
2024-04-09,PA,Philadelphia,4478.0,3,False
2024-04-10,PA,Philadelphia,12140.0,8,False
2024-04-11,PA,Philadelphia,3515.0,7,False
2024-04-12,PA,Philadelphia,8980.0,6,False
2024-04-13,PA,Philadelphia,1498.0,5,False
2024-04-14,PA,Philadelphia,388.0,5,False
2024-04-15,PA,Philadelphia,1992.0,5,False
2024-04-16,PA,Philadelphia,2977.0,3,False
2024-04-17,PA,Philadelphia,1923.0,2,False
2024-04-18,PA,Philadelphia,3030.0,6,False
2024-04-19,PA,Philadelphia,4902.0,5,False
2024-04-20,PA,Philadelphia,1993.0,7,False
2024-04-21,PA,Philadelphia,2894.0,5,False
2024-04-23,PA,Philadelphia,114.0,1,False
2024-04-24,PA,Philadelphia,4077.0,6,False
2024-04-25,PA,Philadelphia,2255.0,4,False
2024-04-26,PA,Philadelphia,12244.0,5,False
2024-04-27,PA,Philadelphia,4130.0,3,False
2024-04-28,PA,Philadelphia,239.0,4,False
2024-04-29,PA,Philadelphia,462.0,5,False
2024-04-30,PA,Philadelphia,359.0,3,False
2024-05-01,PA,Philadelphia,5704.0,11,False
2024-05-03,PA,Philadelphia,7990.0,8,False
2024-05-04,PA,Philadelphia,12364.0,8,False
2024-05-05,PA,Philadelphia,2687.0,5,False
2024-05-06,PA,Philadelphia,1273.0,6,False
2024-05-07,PA,Philadelphia,3603.0,7,False
2024-05-08,PA,Philadelphia,187.0,3,False
2024-05-10,PA,Philadelphia,3036.0,3,False
2024-05-11,PA,Philadelphia,4530.0,5,False
2024-05-12,PA,Philadelphia,1321.0,3,False
2024-05-13,PA,Philadelphia,3686.0,7,False
2024-05-14,PA,Philadelphia,8.0,1,False
2024-05-15,PA,Philadelphia,3294.0,4,False
2024-05-16,PA,Philadelphia,143.0,2,False
2024-05-17,PA,Philadelphia,8380.0,3,False
2024-05-18,PA,Philadelphia,0.0,1,False
2024-05-19,PA,Philadelphia,132.0,1,False
2024-05-20,PA,Philadelphia,6090.0,7,False
2024-05-21,PA,Philadelphia,1447.0,3,False
2024-05-22,PA,Philadelphia,3260.0,2,False
2024-05-23,PA,Philadelphia,5818.0,6,False
2024-05-24,PA,Philadelphia,1709.0,2,False
2024-05-25,PA,Philadelphia,1744.0,4,False
2024-05-26,PA,Philadelphia,2535.0,6,False
2024-05-27,PA,Philadelphia,3730.0,5,False
2024-05-28,PA,Philadelphia,97.0,2,False
2024-05-29,PA,Philadelphia,353.0,3,False
2024-05-30,PA,Philadelphia,2143.0,5,False
2024-05-31,PA,Philadelphia,1140.0,4,False
2024-06-01,PA,Philadelphia,2049.0,2,True
2024-06-02,PA,Philadelphia,3934.0,6,True
2024-06-03,PA,Philadelphia,9210.0,2,True
2024-06-04,PA,Philadelphia,1858.0,5,True
2024-06-05,PA,Philadelphia,1181.0,5,True
2024-06-06,PA,Philadelphia,3420.0,6,True
2024-06-07,PA,Philadelphia,234.0,2,True
2024-06-08,PA,Philadelphia,3948.0,5,True
2024-06-09,PA,Philadelphia,4498.0,4,True
2024-06-10,PA,Philadelphia,918.0,3,True
2024-06-11,PA,Philadelphia,1840.0,4,True
2024-06-12,PA,Philadelphia,2823.0,3,True
2024-06-13,PA,Philadelphia,392.0,3,True
2024-06-15,PA,Philadelphia,2138.0,4,True
2024-06-16,PA,Philadelphia,741.0,2,True
2024-06-17,PA,Philadelphia,21.0,1,True
2024-06-18,PA,Philadelphia,599.0,4,True
2024-06-19,PA,Philadelphia,779.0,2,True
2024-06-20,PA,Philadelphia,1472.0,5,True
2024-06-21,PA,Philadelphia,369.0,1,True
2024-06-22,PA,Philadelphia,1747.0,2,True
2024-06-23,PA,Philadelphia,1461.0,6,True
2024-06-24,PA,Philadelphia,180.0,4,True
2024-06-25,PA,Philadelphia,97.0,2,True
2024-06-26,PA,Philadelphia,1831.0,3,True
2024-06-27,PA,Philadelphia,1735.0,5,True
2024-06-28,PA,Philadelphia,6818.0,3,True
2024-06-29,PA,Philadelphia,15237.0,11,True
2024-06-30,PA,Philadelphia,2789.0,4,True
2024-07-01,PA,Philadelphia,442.0,4,True
2024-07-02,PA,Philadelphia,8030.0,7,True
2024-07-03,PA,Philadelphia,362.0,3,True
2024-07-04,PA,Philadelphia,100.0,1,True
2024-07-05,PA,Philadelphia,737.0,5,True
2024-07-07,PA,Philadelphia,114.0,3,True
2024-07-08,PA,Philadelphia,667.0,5,True
2024-07-09,PA,Philadelphia,327.0,2,True
2024-07-10,PA,Philadelphia,166.0,2,True
2024-07-11,PA,Philadelphia,410.0,3,True
2024-07-12,PA,Philadelphia,2888.0,2,True
2024-07-13,PA,Philadelphia,2150.0,9,True
2024-07-14,PA,Philadelphia,179.0,1,True
2024-07-15,PA,Philadelphia,3719.0,5,True
2024-07-16,PA,Philadelphia,835.0,4,True
2024-07-17,PA,Philadelphia,7724.0,8,True
2024-07-18,PA,Philadelphia,3051.0,4,True
2024-07-19,PA,Philadelphia,805.0,3,True
2024-07-20,PA,Philadelphia,2777.0,4,True
2024-07-21,PA,Philadelphia,2293.0,6,True
2024-07-22,PA,Philadelphia,1632.0,6,True
2024-07-23,PA,Philadelphia,3720.0,4,True
2024-07-24,PA,Philadelphia,2138.0,6,True
2024-07-25,PA,Philadelphia,2928.0,4,True
2024-07-26,PA,Philadelphia,1753.0,3,True
2024-07-27,PA,Philadelphia,616.0,6,True
2024-07-28,PA,Philadelphia,13243.0,7,True
2024-07-30,PA,Philadelphia,2257.0,4,True
2024-07-31,PA,Philadelphia,7777.0,12,True
2024-08-01,PA,Philadelphia,1299.0,6,True
2024-08-02,PA,Philadelphia,326.0,1,True
2024-08-03,PA,Philadelphia,611.0,6,True
2024-08-04,PA,Philadelphia,55.0,1,True
2024-08-05,PA,Philadelphia,2350.0,1,True
2024-08-06,PA,Philadelphia,2006.0,5,True
2024-08-07,PA,Philadelphia,1708.0,3,True
2024-08-08,PA,Philadelphia,542.0,3,True
2024-08-09,PA,Philadelphia,748.0,6,True
2024-08-10,PA,Philadelphia,10898.0,5,True
2024-08-11,PA,Philadelphia,3568.0,5,True
2024-08-12,PA,Philadelphia,1313.0,1,True
2024-08-13,PA,Philadelphia,5870.0,6,True
2024-08-14,PA,Philadelphia,6928.0,5,True
2024-08-15,PA,Philadelphia,1924.0,4,True
2024-08-16,PA,Philadelphia,3128.0,7,True
2024-08-17,PA,Philadelphia,4312.0,5,True
2024-08-18,PA,Philadelphia,353.0,4,True
2024-08-19,PA,Philadelphia,2256.0,3,True
2024-08-20,PA,Philadelphia,318.0,2,True
2024-08-21,PA,Philadelphia,432.0,3,True
2024-08-22,PA,Philadelphia,2012.0,4,True
2024-08-23,PA,Philadelphia,3134.0,4,True
2024-08-24,PA,Philadelphia,8108.0,4,True
2024-08-25,PA,Philadelphia,9370.0,6,True
2024-08-26,PA,Philadelphia,1709.0,1,True
2024-08-27,PA,Philadelphia,4679.0,8,True
2024-08-28,PA,Philadelphia,2984.0,4,True
2024-08-29,PA,Philadelphia,1941.0,2,True
2024-08-30,PA,Philadelphia,459.0,2,True
2024-08-31,PA,Philadelphia,2443.0,5,True
2024-09-01,PA,Philadelphia,2030.0,3,False
2024-09-02,PA,Philadelphia,2397.0,4,False
2024-09-03,PA,Philadelphia,5842.0,9,False
2024-09-04,PA,Philadelphia,2378.0,5,False
2024-09-05,PA,Philadelphia,4556.0,7,False
2024-09-06,PA,Philadelphia,589.0,4,False
2024-09-07,PA,Philadelphia,2508.0,3,False
2024-09-08,PA,Philadelphia,3127.0,4,False
2024-09-09,PA,Philadelphia,2089.0,4,False
2024-09-10,PA,Philadelphia,830.0,4,False
2024-09-11,PA,Philadelphia,1389.0,2,False
2024-09-12,PA,Philadelphia,4295.0,5,False
2024-09-13,PA,Philadelphia,1007.0,4,False
2024-09-14,PA,Philadelphia,6607.0,7,False
2024-09-15,PA,Philadelphia,271.0,7,False
2024-09-16,PA,Philadelphia,117.0,3,False
2024-09-17,PA,Philadelphia,1016.0,7,False
2024-09-18,PA,Philadelphia,1963.0,3,False
2024-09-19,PA,Philadelphia,675.0,3,False
2024-09-21,PA,Philadelphia,1078.0,4,False
2024-09-22,PA,Philadelphia,3922.0,3,False
2024-09-23,PA,Philadelphia,5412.0,2,False
2024-09-24,PA,Philadelphia,2840.0,8,False
2024-09-25,PA,Philadelphia,3540.0,5,False
2024-09-26,PA,Philadelphia,1703.0,3,False
2024-09-27,PA,Philadelphia,560.0,4,False
2024-09-28,PA,Philadelphia,927.0,3,False
2024-09-29,PA,Philadelphia,1995.0,3,False
2024-09-30,PA,Philadelphia,118.0,1,False
2024-10-01,PA,Philadelphia,2918.0,4,False
2024-10-02,PA,Philadelphia,2057.0,3,False
2024-10-03,PA,Philadelphia,4166.0,6,False
2024-10-04,PA,Philadelphia,1996.0,4,False
2024-10-05,PA,Philadelphia,1118.0,5,False
2024-10-06,PA,Philadelphia,706.0,4,False
2024-10-07,PA,Philadelphia,212.0,2,False
2024-10-08,PA,Philadelphia,2198.0,6,False
2024-10-09,PA,Philadelphia,897.0,2,False
2024-10-10,PA,Philadelphia,2295.0,3,False
2024-10-11,PA,Philadelphia,2498.0,4,False
2024-10-12,PA,Philadelphia,2681.0,4,False
2024-10-13,PA,Philadelphia,0.0,2,False
2024-10-14,PA,Philadelphia,1696.0,4,False
2024-10-15,PA,Philadelphia,1637.0,4,False
2024-10-16,PA,Philadelphia,4941.0,4,False
2024-10-17,PA,Philadelphia,75.0,2,False
2024-10-18,PA,Philadelphia,3207.0,6,False
2024-10-19,PA,Philadelphia,729.0,3,False
2024-10-20,PA,Philadelphia,659.0,2,False
2024-10-21,PA,Philadelphia,527.0,3,False
2024-10-22,PA,Philadelphia,474.0,3,False
2024-10-23,PA,Philadelphia,1173.0,2,False
2024-10-24,PA,Philadelphia,1463.0,6,False
2024-10-25,PA,Philadelphia,2936.0,6,False
2024-10-26,PA,Philadelphia,7104.0,8,False
2024-10-27,PA,Philadelphia,615.0,10,False
2024-10-28,PA,Philadelphia,944.0,6,False
2024-10-29,PA,Philadelphia,972.0,4,False
2024-10-30,PA,Philadelphia,3954.0,5,False
2024-10-31,PA,Philadelphia,1972.0,4,False
2024-11-01,PA,Philadelphia,4042.0,7,False
2024-11-02,PA,Philadelphia,5742.0,4,False
2024-11-03,PA,Philadelphia,1188.0,3,False
2024-11-04,PA,Philadelphia,1455.0,3,False
2024-11-06,PA,Philadelphia,304.0,3,False
2024-11-07,PA,Philadelphia,662.0,5,False
2024-11-08,PA,Philadelphia,2285.0,4,False
2024-11-09,PA,Philadelphia,762.0,3,False
2024-11-10,PA,Philadelphia,370.0,3,False
2024-11-11,PA,Philadelphia,4807.0,10,False
2024-11-12,PA,Philadelphia,5554.0,7,False
2024-11-14,PA,Philadelphia,138.0,2,False
2024-11-15,PA,Philadelphia,5717.0,6,False
2024-11-16,PA,Philadelphia,5123.0,6,False
2024-11-17,PA,Philadelphia,949.0,4,False
2024-11-18,PA,Philadelphia,92.0,3,False
2024-11-19,PA,Philadelphia,2262.0,5,False
2024-11-20,PA,Philadelphia,1742.0,1,False
2024-11-21,PA,Philadelphia,2568.0,8,False
2024-11-22,PA,Philadelphia,551.0,1,False
2024-11-23,PA,Philadelphia,3783.0,6,False
2024-11-24,PA,Philadelphia,3570.0,5,False
2024-11-25,PA,Philadelphia,507.0,3,False
2024-11-26,PA,Philadelphia,1603.0,7,False
2024-11-27,PA,Philadelphia,3377.0,5,False
2024-11-28,PA,Philadelphia,106.0,6,False
2024-11-29,PA,Philadelphia,7309.0,8,False
2024-11-30,PA,Philadelphia,1001.0,2,False
2024-12-01,PA,Philadelphia,3658.0,5,False
2024-12-02,PA,Philadelphia,742.0,3,False
2024-12-03,PA,Philadelphia,86.0,2,False
2024-12-04,PA,Philadelphia,2583.0,7,False
2024-12-05,PA,Philadelphia,1669.0,2,False
2024-12-06,PA,Philadelphia,1853.0,7,False
2024-12-07,PA,Philadelphia,548.0,5,False
2024-12-08,PA,Philadelphia,10478.0,7,False
2024-12-09,PA,Philadelphia,3095.0,8,False
2024-12-10,PA,Philadelphia,1124.0,4,False
2024-12-11,PA,Philadelphia,341.0,3,False
2024-12-12,PA,Philadelphia,3753.0,7,False
2024-12-13,PA,Philadelphia,1234.0,2,False
2024-12-14,PA,Philadelphia,4582.0,3,False
2024-12-15,PA,Philadelphia,3351.0,8,False
2024-12-16,PA,Philadelphia,610.0,6,False
2024-12-17,PA,Philadelphia,1738.0,6,False
2024-12-18,PA,Philadelphia,1930.0,4,False
2024-12-19,PA,Philadelphia,5052.0,3,False
2024-12-20,PA,Philadelphia,709.0,4,False
2024-12-21,PA,Philadelphia,2613.0,4,False
2024-12-22,PA,Philadelphia,3260.0,4,False
2024-12-23,PA,Philadelphia,17118.0,7,False
2024-12-24,PA,Philadelphia,2693.0,7,False
2024-12-25,PA,Philadelphia,0.0,4,False
2024-12-26,PA,Philadelphia,1115.0,4,False
2024-12-27,PA,Philadelphia,1198.0,3,False
2024-12-28,PA,Philadelphia,2350.0,5,False
2024-12-29,PA,Philadelphia,0.0,1,False
2024-12-30,PA,Philadelphia,1725.0,5,False
2024-12-31,PA,Philadelphia,4095.0,5,False
2020-01-01,TX,Dallas / Houston,5201.0,12,False
2020-01-02,TX,Dallas / Houston,11419.0,20,False
2020-01-03,TX,Dallas / Houston,15426.0,14,False
2020-01-04,TX,Dallas / Houston,9826.0,15,False
2020-01-05,TX,Dallas / Houston,6752.0,10,False
2020-01-06,TX,Dallas / Houston,5805.0,11,False
2020-01-07,TX,Dallas / Houston,12755.0,16,False
2020-01-08,TX,Dallas / Houston,6741.0,17,False
2020-01-09,TX,Dallas / Houston,12920.0,13,False
2020-01-10,TX,Dallas / Houston,7763.0,13,False
2020-01-11,TX,Dallas / Houston,10318.0,12,False
2020-01-12,TX,Dallas / Houston,2444.0,12,False
2020-01-13,TX,Dallas / Houston,11785.0,11,False
2020-01-14,TX,Dallas / Houston,12522.0,13,False
2020-01-15,TX,Dallas / Houston,6498.0,10,False
2020-01-16,TX,Dallas / Houston,3894.0,13,False
2020-01-17,TX,Dallas / Houston,8546.0,14,False
2020-01-18,TX,Dallas / Houston,5608.0,14,False
2020-01-19,TX,Dallas / Houston,3097.0,8,False
2020-01-20,TX,Dallas / Houston,7847.0,15,False
2020-01-21,TX,Dallas / Houston,7347.0,9,False
2020-01-22,TX,Dallas / Houston,7217.0,11,False
2020-01-23,TX,Dallas / Houston,5741.0,12,False
2020-01-24,TX,Dallas / Houston,4620.0,9,False
2020-01-25,TX,Dallas / Houston,18053.0,14,False
2020-01-26,TX,Dallas / Houston,12131.0,14,False
2020-01-27,TX,Dallas / Houston,6470.0,14,False
2020-01-28,TX,Dallas / Houston,6362.0,15,False
2020-01-29,TX,Dallas / Houston,15891.0,19,False
2020-01-30,TX,Dallas / Houston,7200.0,9,False
2020-01-31,TX,Dallas / Houston,18542.0,8,False
2020-02-01,TX,Dallas / Houston,7712.0,11,False
2020-02-02,TX,Dallas / Houston,12710.0,15,False
2020-02-03,TX,Dallas / Houston,5770.0,10,False
2020-02-04,TX,Dallas / Houston,6709.0,13,False
2020-02-05,TX,Dallas / Houston,2167.0,13,False
2020-02-06,TX,Dallas / Houston,10168.0,15,False
2020-02-07,TX,Dallas / Houston,15973.0,12,False
2020-02-08,TX,Dallas / Houston,11534.0,16,False
2020-02-09,TX,Dallas / Houston,18275.0,13,False
2020-02-10,TX,Dallas / Houston,3942.0,15,False
2020-02-11,TX,Dallas / Houston,6334.0,15,False
2020-02-12,TX,Dallas / Houston,2553.0,13,False
2020-02-13,TX,Dallas / Houston,11612.0,12,False
2020-02-14,TX,Dallas / Houston,24966.0,13,False
2020-02-15,TX,Dallas / Houston,4905.0,5,False
2020-02-16,TX,Dallas / Houston,11997.0,15,False
2020-02-17,TX,Dallas / Houston,10797.0,17,False
2020-02-18,TX,Dallas / Houston,6252.0,10,False
2020-02-19,TX,Dallas / Houston,4936.0,7,False
2020-02-20,TX,Dallas / Houston,10067.0,16,False
2020-02-21,TX,Dallas / Houston,6199.0,12,False
2020-02-22,TX,Dallas / Houston,17793.0,18,False
2020-02-23,TX,Dallas / Houston,6670.0,20,False
2020-02-24,TX,Dallas / Houston,13029.0,16,False
2020-02-25,TX,Dallas / Houston,7381.0,16,False
2020-02-26,TX,Dallas / Houston,627.0,5,False
2020-02-27,TX,Dallas / Houston,4826.0,13,False
2020-02-28,TX,Dallas / Houston,17929.0,15,False
2020-02-29,TX,Dallas / Houston,902.0,8,False
2020-03-01,TX,Dallas / Houston,4991.0,8,False
2020-03-02,TX,Dallas / Houston,9074.0,17,False
2020-03-03,TX,Dallas / Houston,5775.0,11,False
2020-03-04,TX,Dallas / Houston,9217.0,15,False
2020-03-05,TX,Dallas / Houston,6753.0,9,False
2020-03-06,TX,Dallas / Houston,9181.0,14,False
2020-03-07,TX,Dallas / Houston,15700.0,12,False
2020-03-08,TX,Dallas / Houston,12103.0,10,False
2020-03-09,TX,Dallas / Houston,8754.0,14,False
2020-03-10,TX,Dallas / Houston,11403.0,19,False
2020-03-11,TX,Dallas / Houston,4814.0,13,False
2020-03-12,TX,Dallas / Houston,11488.0,9,False
2020-03-13,TX,Dallas / Houston,4651.0,10,False
2020-03-14,TX,Dallas / Houston,4897.0,11,False
2020-03-15,TX,Dallas / Houston,1280.0,9,False
2020-03-16,TX,Dallas / Houston,6140.0,9,False
2020-03-17,TX,Dallas / Houston,6257.0,15,False
2020-03-18,TX,Dallas / Houston,2330.0,10,False
2020-03-19,TX,Dallas / Houston,5194.0,22,False
2020-03-20,TX,Dallas / Houston,4328.0,12,False
2020-03-21,TX,Dallas / Houston,1370.0,12,False
2020-03-22,TX,Dallas / Houston,9067.0,14,False
2020-03-23,TX,Dallas / Houston,2653.0,15,False
2020-03-24,TX,Dallas / Houston,4838.0,14,False
2020-03-25,TX,Dallas / Houston,5339.0,18,False
2020-03-26,TX,Dallas / Houston,2299.0,8,False
2020-03-27,TX,Dallas / Houston,246.0,9,False
2020-03-28,TX,Dallas / Houston,880.0,18,False
2020-03-29,TX,Dallas / Houston,1274.0,14,False
2020-03-30,TX,Dallas / Houston,1011.0,12,False
2020-03-31,TX,Dallas / Houston,1758.0,18,False
2020-04-01,TX,Dallas / Houston,2381.0,10,False
2020-04-02,TX,Dallas / Houston,992.0,14,False
2020-04-03,TX,Dallas / Houston,1521.0,11,False
2020-04-04,TX,Dallas / Houston,676.0,11,False
2020-04-05,TX,Dallas / Houston,952.0,7,False
2020-04-06,TX,Dallas / Houston,5789.0,10,False
2020-04-07,TX,Dallas / Houston,131.0,5,False
2020-04-08,TX,Dallas / Houston,3244.0,10,False
2020-04-09,TX,Dallas / Houston,7178.0,13,False
2020-04-10,TX,Dallas / Houston,729.0,10,False
2020-04-11,TX,Dallas / Houston,2562.0,13,False
2020-04-12,TX,Dallas / Houston,558.0,15,False
2020-04-13,TX,Dallas / Houston,1107.0,15,False
2020-04-14,TX,Dallas / Houston,2841.0,17,False
2020-04-15,TX,Dallas / Houston,2315.0,8,False
2020-04-16,TX,Dallas / Houston,8543.0,7,False
2020-04-17,TX,Dallas / Houston,3899.0,9,False
2020-04-18,TX,Dallas / Houston,423.0,7,False
2020-04-19,TX,Dallas / Houston,787.0,13,False
2020-04-20,TX,Dallas / Houston,865.0,10,False
2020-04-21,TX,Dallas / Houston,2626.0,15,False
2020-04-22,TX,Dallas / Houston,494.0,13,False
2020-04-23,TX,Dallas / Houston,11204.0,17,False
2020-04-24,TX,Dallas / Houston,9807.0,16,False
2020-04-25,TX,Dallas / Houston,327.0,6,False
2020-04-26,TX,Dallas / Houston,860.0,10,False
2020-04-27,TX,Dallas / Houston,664.0,7,False
2020-04-28,TX,Dallas / Houston,1750.0,13,False
2020-04-29,TX,Dallas / Houston,3445.0,20,False
2020-04-30,TX,Dallas / Houston,5677.0,15,False
2020-05-01,TX,Dallas / Houston,4870.0,17,False
2020-05-02,TX,Dallas / Houston,4250.0,13,False
2020-05-03,TX,Dallas / Houston,1386.0,8,False
2020-05-04,TX,Dallas / Houston,2175.0,8,False
2020-05-05,TX,Dallas / Houston,1614.0,9,False
2020-05-06,TX,Dallas / Houston,7140.0,14,False
2020-05-07,TX,Dallas / Houston,453.0,7,False
2020-05-08,TX,Dallas / Houston,1763.0,8,False
2020-05-09,TX,Dallas / Houston,1678.0,6,False
2020-05-10,TX,Dallas / Houston,2211.0,13,False
2020-05-11,TX,Dallas / Houston,3531.0,14,False
2020-05-12,TX,Dallas / Houston,3560.0,15,False
2020-05-13,TX,Dallas / Houston,8048.0,16,False
2020-05-14,TX,Dallas / Houston,3955.0,12,False
2020-05-15,TX,Dallas / Houston,1812.0,15,False
2020-05-16,TX,Dallas / Houston,3530.0,12,False
2020-05-17,TX,Dallas / Houston,3594.0,9,False
2020-05-18,TX,Dallas / Houston,632.0,4,False
2020-05-19,TX,Dallas / Houston,6717.0,14,False
2020-05-20,TX,Dallas / Houston,4520.0,11,False
2020-05-21,TX,Dallas / Houston,9378.0,12,False
2020-05-22,TX,Dallas / Houston,5902.0,8,False
2020-05-23,TX,Dallas / Houston,6804.0,13,False
2020-05-24,TX,Dallas / Houston,1353.0,12,False
2020-05-25,TX,Dallas / Houston,3436.0,10,False
2020-05-26,TX,Dallas / Houston,2892.0,11,False
2020-05-27,TX,Dallas / Houston,2336.0,11,False
2020-05-28,TX,Dallas / Houston,3716.0,12,False
2020-05-29,TX,Dallas / Houston,2599.0,12,False
2020-05-30,TX,Dallas / Houston,4218.0,15,False
2020-05-31,TX,Dallas / Houston,3071.0,12,False
2020-06-01,TX,Dallas / Houston,4877.0,13,True
2020-06-02,TX,Dallas / Houston,5058.0,12,True
2020-06-03,TX,Dallas / Houston,9146.0,16,True
2020-06-04,TX,Dallas / Houston,8047.0,16,True
2020-06-05,TX,Dallas / Houston,6180.0,10,True
2020-06-06,TX,Dallas / Houston,8738.0,13,True
2020-06-07,TX,Dallas / Houston,5209.0,12,True
2020-06-08,TX,Dallas / Houston,1959.0,10,True
2020-06-09,TX,Dallas / Houston,20214.0,16,True
2020-06-10,TX,Dallas / Houston,4433.0,12,True
2020-06-11,TX,Dallas / Houston,7233.0,17,True
2020-06-12,TX,Dallas / Houston,11885.0,12,True
2020-06-13,TX,Dallas / Houston,4223.0,11,True
2020-06-14,TX,Dallas / Houston,1840.0,6,True
2020-06-15,TX,Dallas / Houston,9368.0,15,True
2020-06-16,TX,Dallas / Houston,3843.0,12,True
2020-06-17,TX,Dallas / Houston,2137.0,12,True
2020-06-18,TX,Dallas / Houston,6684.0,11,True
2020-06-19,TX,Dallas / Houston,6940.0,8,True
2020-06-20,TX,Dallas / Houston,7533.0,12,True
2020-06-21,TX,Dallas / Houston,3739.0,9,True
2020-06-22,TX,Dallas / Houston,3955.0,13,True
2020-06-23,TX,Dallas / Houston,1927.0,7,True
2020-06-24,TX,Dallas / Houston,1269.0,9,True
2020-06-25,TX,Dallas / Houston,12876.0,12,True
2020-06-26,TX,Dallas / Houston,6105.0,17,True
2020-06-27,TX,Dallas / Houston,3319.0,12,True
2020-06-28,TX,Dallas / Houston,4596.0,14,True
2020-06-29,TX,Dallas / Houston,4017.0,8,True
2020-06-30,TX,Dallas / Houston,8741.0,14,True
2020-07-01,TX,Dallas / Houston,5909.0,12,True
2020-07-02,TX,Dallas / Houston,13011.0,14,True
2020-07-03,TX,Dallas / Houston,9617.0,11,True
2020-07-04,TX,Dallas / Houston,7156.0,12,True
2020-07-05,TX,Dallas / Houston,4217.0,9,True
2020-07-06,TX,Dallas / Houston,2944.0,7,True
2020-07-07,TX,Dallas / Houston,9539.0,16,True
2020-07-08,TX,Dallas / Houston,7951.0,16,True
2020-07-09,TX,Dallas / Houston,3863.0,10,True
2020-07-10,TX,Dallas / Houston,3237.0,16,True
2020-07-11,TX,Dallas / Houston,5164.0,12,True
2020-07-12,TX,Dallas / Houston,7937.0,17,True
2020-07-13,TX,Dallas / Houston,3756.0,11,True
2020-07-14,TX,Dallas / Houston,9780.0,11,True
2020-07-15,TX,Dallas / Houston,4249.0,9,True
2020-07-16,TX,Dallas / Houston,6771.0,13,True
2020-07-17,TX,Dallas / Houston,4579.0,13,True
2020-07-18,TX,Dallas / Houston,5155.0,12,True
2020-07-19,TX,Dallas / Houston,4293.0,16,True
2020-07-20,TX,Dallas / Houston,4122.0,10,True
2020-07-21,TX,Dallas / Houston,10284.0,22,True
2020-07-22,TX,Dallas / Houston,3874.0,9,True
2020-07-23,TX,Dallas / Houston,814.0,6,True
2020-07-24,TX,Dallas / Houston,5240.0,11,True
2020-07-25,TX,Dallas / Houston,11237.0,18,True
2020-07-26,TX,Dallas / Houston,2562.0,6,True
2020-07-27,TX,Dallas / Houston,6959.0,14,True
2020-07-28,TX,Dallas / Houston,2960.0,11,True
2020-07-29,TX,Dallas / Houston,6247.0,14,True
2020-07-30,TX,Dallas / Houston,3098.0,8,True
2020-07-31,TX,Dallas / Houston,6038.0,15,True
2020-08-01,TX,Dallas / Houston,6323.0,12,True
2020-08-02,TX,Dallas / Houston,3758.0,16,True
2020-08-03,TX,Dallas / Houston,3600.0,8,True
2020-08-04,TX,Dallas / Houston,3345.0,10,True
2020-08-05,TX,Dallas / Houston,5045.0,9,True
2020-08-06,TX,Dallas / Houston,5318.0,10,True
2020-08-07,TX,Dallas / Houston,4746.0,13,True
2020-08-08,TX,Dallas / Houston,6474.0,6,True
2020-08-09,TX,Dallas / Houston,7116.0,13,True
2020-08-10,TX,Dallas / Houston,2236.0,11,True
2020-08-11,TX,Dallas / Houston,6206.0,11,True
2020-08-12,TX,Dallas / Houston,7338.0,12,True
2020-08-13,TX,Dallas / Houston,8015.0,14,True
2020-08-14,TX,Dallas / Houston,3520.0,12,True
2020-08-15,TX,Dallas / Houston,9568.0,16,True
2020-08-16,TX,Dallas / Houston,6773.0,12,True
2020-08-17,TX,Dallas / Houston,7751.0,18,True
2020-08-18,TX,Dallas / Houston,3437.0,10,True
2020-08-19,TX,Dallas / Houston,6340.0,13,True
2020-08-20,TX,Dallas / Houston,5965.0,11,True
2020-08-21,TX,Dallas / Houston,11277.0,21,True
2020-08-22,TX,Dallas / Houston,4027.0,10,True
2020-08-23,TX,Dallas / Houston,3863.0,11,True
2020-08-24,TX,Dallas / Houston,3701.0,14,True
2020-08-25,TX,Dallas / Houston,7989.0,14,True
2020-08-26,TX,Dallas / Houston,5967.0,12,True
2020-08-27,TX,Dallas / Houston,5313.0,17,True
2020-08-28,TX,Dallas / Houston,4384.0,12,True
2020-08-29,TX,Dallas / Houston,5442.0,14,True
2020-08-30,TX,Dallas / Houston,3173.0,17,True
2020-08-31,TX,Dallas / Houston,5629.0,17,True
2020-09-01,TX,Dallas / Houston,8128.0,10,False
2020-09-02,TX,Dallas / Houston,8190.0,18,False
2020-09-03,TX,Dallas / Houston,11746.0,14,False
2020-09-04,TX,Dallas / Houston,7604.0,17,False
2020-09-05,TX,Dallas / Houston,2072.0,6,False
2020-09-06,TX,Dallas / Houston,4921.0,14,False
2020-09-07,TX,Dallas / Houston,11181.0,11,False
2020-09-08,TX,Dallas / Houston,2342.0,6,False
2020-09-09,TX,Dallas / Houston,9033.0,14,False
2020-09-10,TX,Dallas / Houston,5791.0,17,False
2020-09-11,TX,Dallas / Houston,8395.0,12,False
2020-09-12,TX,Dallas / Houston,3124.0,9,False
2020-09-13,TX,Dallas / Houston,16911.0,17,False
2020-09-14,TX,Dallas / Houston,5676.0,16,False
2020-09-15,TX,Dallas / Houston,4070.0,7,False
2020-09-16,TX,Dallas / Houston,9260.0,10,False
2020-09-17,TX,Dallas / Houston,6090.0,11,False
2020-09-18,TX,Dallas / Houston,4816.0,10,False
2020-09-19,TX,Dallas / Houston,10946.0,16,False
2020-09-20,TX,Dallas / Houston,2549.0,5,False
2020-09-21,TX,Dallas / Houston,13375.0,9,False
2020-09-22,TX,Dallas / Houston,6809.0,10,False
2020-09-23,TX,Dallas / Houston,6569.0,16,False
2020-09-24,TX,Dallas / Houston,903.0,8,False
2020-09-25,TX,Dallas / Houston,5937.0,8,False
2020-09-26,TX,Dallas / Houston,3091.0,10,False
2020-09-27,TX,Dallas / Houston,3106.0,14,False
2020-09-28,TX,Dallas / Houston,5823.0,12,False
2020-09-29,TX,Dallas / Houston,4257.0,12,False
2020-09-30,TX,Dallas / Houston,9774.0,9,False
2020-10-01,TX,Dallas / Houston,6285.0,13,False
2020-10-02,TX,Dallas / Houston,8518.0,12,False
2020-10-03,TX,Dallas / Houston,4953.0,11,False
2020-10-04,TX,Dallas / Houston,10881.0,15,False
2020-10-05,TX,Dallas / Houston,4935.0,14,False
2020-10-06,TX,Dallas / Houston,1962.0,4,False
2020-10-07,TX,Dallas / Houston,10587.0,12,False
2020-10-08,TX,Dallas / Houston,5011.0,9,False
2020-10-09,TX,Dallas / Houston,8560.0,18,False
2020-10-10,TX,Dallas / Houston,10307.0,14,False
2020-10-11,TX,Dallas / Houston,2906.0,8,False
2020-10-12,TX,Dallas / Houston,8105.0,13,False
2020-10-13,TX,Dallas / Houston,3956.0,14,False
2020-10-14,TX,Dallas / Houston,4536.0,12,False
2020-10-15,TX,Dallas / Houston,8407.0,15,False
2020-10-16,TX,Dallas / Houston,8558.0,14,False
2020-10-17,TX,Dallas / Houston,5953.0,7,False
2020-10-18,TX,Dallas / Houston,3249.0,12,False
2020-10-19,TX,Dallas / Houston,6304.0,12,False
2020-10-20,TX,Dallas / Houston,5680.0,10,False
2020-10-21,TX,Dallas / Houston,3296.0,10,False
2020-10-22,TX,Dallas / Houston,6794.0,8,False
2020-10-23,TX,Dallas / Houston,4088.0,13,False
2020-10-24,TX,Dallas / Houston,6952.0,11,False
2020-10-25,TX,Dallas / Houston,2717.0,12,False
2020-10-26,TX,Dallas / Houston,2231.0,6,False
2020-10-27,TX,Dallas / Houston,7678.0,17,False
2020-10-28,TX,Dallas / Houston,3724.0,9,False
2020-10-29,TX,Dallas / Houston,10244.0,14,False
2020-10-30,TX,Dallas / Houston,15321.0,16,False
2020-10-31,TX,Dallas / Houston,4227.0,6,False
2020-11-01,TX,Dallas / Houston,2441.0,7,False
2020-11-02,TX,Dallas / Houston,990.0,7,False
2020-11-03,TX,Dallas / Houston,3518.0,8,False
2020-11-04,TX,Dallas / Houston,5249.0,10,False
2020-11-05,TX,Dallas / Houston,4995.0,13,False
2020-11-06,TX,Dallas / Houston,8422.0,10,False
2020-11-07,TX,Dallas / Houston,12637.0,9,False
2020-11-08,TX,Dallas / Houston,5257.0,10,False
2020-11-09,TX,Dallas / Houston,872.0,9,False
2020-11-10,TX,Dallas / Houston,1419.0,9,False
2020-11-11,TX,Dallas / Houston,4197.0,13,False
2020-11-12,TX,Dallas / Houston,3708.0,13,False
2020-11-13,TX,Dallas / Houston,7514.0,13,False
2020-11-14,TX,Dallas / Houston,2738.0,6,False
2020-11-15,TX,Dallas / Houston,888.0,7,False
2020-11-16,TX,Dallas / Houston,664.0,6,False
2020-11-17,TX,Dallas / Houston,5035.0,9,False
2020-11-18,TX,Dallas / Houston,5129.0,13,False
2020-11-19,TX,Dallas / Houston,8009.0,17,False
2020-11-20,TX,Dallas / Houston,976.0,6,False
2020-11-21,TX,Dallas / Houston,7558.0,19,False
2020-11-22,TX,Dallas / Houston,5466.0,10,False
2020-11-23,TX,Dallas / Houston,5127.0,10,False
2020-11-24,TX,Dallas / Houston,6366.0,13,False
2020-11-25,TX,Dallas / Houston,2464.0,11,False
2020-11-26,TX,Dallas / Houston,2846.0,9,False
2020-11-27,TX,Dallas / Houston,36362.0,14,False
2020-11-28,TX,Dallas / Houston,8425.0,9,False
2020-11-29,TX,Dallas / Houston,1237.0,8,False
2020-11-30,TX,Dallas / Houston,1533.0,5,False
2020-12-01,TX,Dallas / Houston,7644.0,9,False
2020-12-02,TX,Dallas / Houston,6165.0,9,False
2020-12-03,TX,Dallas / Houston,8087.0,16,False
2020-12-04,TX,Dallas / Houston,11161.0,15,False
2020-12-05,TX,Dallas / Houston,6030.0,15,False
2020-12-06,TX,Dallas / Houston,2637.0,4,False
2020-12-07,TX,Dallas / Houston,3550.0,7,False
2020-12-08,TX,Dallas / Houston,3437.0,9,False
2020-12-09,TX,Dallas / Houston,6066.0,10,False
2020-12-10,TX,Dallas / Houston,4726.0,9,False
2020-12-11,TX,Dallas / Houston,3982.0,13,False
2020-12-12,TX,Dallas / Houston,8657.0,6,False
2020-12-13,TX,Dallas / Houston,3386.0,14,False
2020-12-14,TX,Dallas / Houston,4012.0,12,False
2020-12-15,TX,Dallas / Houston,2355.0,7,False
2020-12-16,TX,Dallas / Houston,8713.0,11,False
2020-12-17,TX,Dallas / Houston,1887.0,10,False
2020-12-18,TX,Dallas / Houston,5673.0,15,False
2020-12-19,TX,Dallas / Houston,8634.0,14,False
2020-12-20,TX,Dallas / Houston,2315.0,15,False
2020-12-21,TX,Dallas / Houston,15004.0,13,False
2020-12-22,TX,Dallas / Houston,4580.0,14,False
2020-12-23,TX,Dallas / Houston,8400.0,7,False
2020-12-24,TX,Dallas / Houston,22491.0,7,False
2020-12-25,TX,Dallas / Houston,4856.0,15,False
2020-12-26,TX,Dallas / Houston,6172.0,13,False
2020-12-27,TX,Dallas / Houston,7678.0,10,False
2020-12-28,TX,Dallas / Houston,2548.0,9,False
2020-12-29,TX,Dallas / Houston,2464.0,6,False
2020-12-30,TX,Dallas / Houston,2812.0,11,False
2020-12-31,TX,Dallas / Houston,4578.0,14,False
2021-01-01,TX,Dallas / Houston,5568.0,14,False
2021-01-02,TX,Dallas / Houston,6046.0,11,False
2021-01-03,TX,Dallas / Houston,2156.0,13,False
2021-01-04,TX,Dallas / Houston,6864.0,13,False
2021-01-05,TX,Dallas / Houston,5151.0,13,False
2021-01-06,TX,Dallas / Houston,3560.0,9,False
2021-01-07,TX,Dallas / Houston,4842.0,15,False
2021-01-08,TX,Dallas / Houston,5581.0,7,False
2021-01-09,TX,Dallas / Houston,13188.0,7,False
2021-01-10,TX,Dallas / Houston,3922.0,12,False
2021-01-11,TX,Dallas / Houston,3294.0,9,False
2021-01-12,TX,Dallas / Houston,6845.0,11,False
2021-01-13,TX,Dallas / Houston,8539.0,10,False
2021-01-14,TX,Dallas / Houston,4547.0,14,False
2021-01-15,TX,Dallas / Houston,14647.0,17,False
2021-01-16,TX,Dallas / Houston,6597.0,14,False
2021-01-17,TX,Dallas / Houston,3013.0,12,False
2021-01-18,TX,Dallas / Houston,4763.0,10,False
2021-01-19,TX,Dallas / Houston,2953.0,13,False
2021-01-20,TX,Dallas / Houston,5139.0,13,False
2021-01-21,TX,Dallas / Houston,8956.0,20,False
2021-01-22,TX,Dallas / Houston,5172.0,14,False
2021-01-23,TX,Dallas / Houston,9614.0,17,False
2021-01-24,TX,Dallas / Houston,4773.0,11,False
2021-01-25,TX,Dallas / Houston,2157.0,14,False
2021-01-26,TX,Dallas / Houston,4552.0,11,False
2021-01-27,TX,Dallas / Houston,10393.0,15,False
2021-01-28,TX,Dallas / Houston,3753.0,16,False
2021-01-29,TX,Dallas / Houston,2972.0,13,False
2021-01-30,TX,Dallas / Houston,7675.0,11,False
2021-01-31,TX,Dallas / Houston,6639.0,15,False
2021-02-01,TX,Dallas / Houston,4276.0,12,False
2021-02-02,TX,Dallas / Houston,1237.0,10,False
2021-02-03,TX,Dallas / Houston,3945.0,13,False
2021-02-04,TX,Dallas / Houston,1574.0,7,False
2021-02-05,TX,Dallas / Houston,13138.0,15,False
2021-02-06,TX,Dallas / Houston,6933.0,11,False
2021-02-07,TX,Dallas / Houston,3497.0,17,False
2021-02-08,TX,Dallas / Houston,4701.0,12,False
2021-02-09,TX,Dallas / Houston,2901.0,13,False
2021-02-10,TX,Dallas / Houston,6238.0,13,False
2021-02-11,TX,Dallas / Houston,909.0,7,False
2021-02-12,TX,Dallas / Houston,4290.0,8,False
2021-02-13,TX,Dallas / Houston,11261.0,18,False
2021-02-14,TX,Dallas / Houston,2641.0,12,False
2021-02-15,TX,Dallas / Houston,885.0,11,False
2021-02-16,TX,Dallas / Houston,1349.0,7,False
2021-02-17,TX,Dallas / Houston,696.0,10,False
2021-02-18,TX,Dallas / Houston,959.0,12,False
2021-02-19,TX,Dallas / Houston,7486.0,10,False
2021-02-20,TX,Dallas / Houston,3607.0,11,False
2021-02-21,TX,Dallas / Houston,4622.0,9,False
2021-02-22,TX,Dallas / Houston,4054.0,10,False
2021-02-23,TX,Dallas / Houston,3309.0,10,False
2021-02-24,TX,Dallas / Houston,3708.0,9,False
2021-02-25,TX,Dallas / Houston,2046.0,9,False
2021-02-26,TX,Dallas / Houston,4958.0,7,False
2021-02-27,TX,Dallas / Houston,10616.0,12,False
2021-02-28,TX,Dallas / Houston,13648.0,15,False
2021-03-01,TX,Dallas / Houston,3827.0,12,False
2021-03-02,TX,Dallas / Houston,4381.0,12,False
2021-03-03,TX,Dallas / Houston,5407.0,12,False
2021-03-04,TX,Dallas / Houston,5648.0,9,False
2021-03-05,TX,Dallas / Houston,4784.0,9,False
2021-03-06,TX,Dallas / Houston,7672.0,8,False
2021-03-07,TX,Dallas / Houston,7101.0,13,False
2021-03-08,TX,Dallas / Houston,6042.0,9,False
2021-03-09,TX,Dallas / Houston,9635.0,17,False
2021-03-10,TX,Dallas / Houston,5090.0,11,False
2021-03-11,TX,Dallas / Houston,3708.0,11,False
2021-03-12,TX,Dallas / Houston,8679.0,10,False
2021-03-13,TX,Dallas / Houston,5425.0,10,False
2021-03-14,TX,Dallas / Houston,2688.0,9,False
2021-03-15,TX,Dallas / Houston,2987.0,9,False
2021-03-16,TX,Dallas / Houston,7819.0,12,False
2021-03-17,TX,Dallas / Houston,7317.0,16,False
2021-03-18,TX,Dallas / Houston,7125.0,9,False
2021-03-19,TX,Dallas / Houston,6906.0,11,False
2021-03-20,TX,Dallas / Houston,5245.0,11,False
2021-03-21,TX,Dallas / Houston,9382.0,14,False
2021-03-22,TX,Dallas / Houston,1808.0,10,False
2021-03-23,TX,Dallas / Houston,10424.0,16,False
2021-03-24,TX,Dallas / Houston,13503.0,14,False
2021-03-25,TX,Dallas / Houston,9148.0,11,False
2021-03-26,TX,Dallas / Houston,8860.0,15,False
2021-03-27,TX,Dallas / Houston,2048.0,4,False
2021-03-28,TX,Dallas / Houston,8737.0,8,False
2021-03-29,TX,Dallas / Houston,9173.0,13,False
2021-03-30,TX,Dallas / Houston,1713.0,9,False
2021-03-31,TX,Dallas / Houston,5863.0,9,False
2021-04-01,TX,Dallas / Houston,14022.0,6,False
2021-04-02,TX,Dallas / Houston,4682.0,11,False
2021-04-03,TX,Dallas / Houston,5826.0,11,False
2021-04-04,TX,Dallas / Houston,7618.0,11,False
2021-04-05,TX,Dallas / Houston,12213.0,17,False
2021-04-06,TX,Dallas / Houston,5999.0,13,False
2021-04-07,TX,Dallas / Houston,5814.0,10,False
2021-04-08,TX,Dallas / Houston,7585.0,12,False
2021-04-09,TX,Dallas / Houston,5618.0,10,False
2021-04-10,TX,Dallas / Houston,19652.0,17,False
2021-04-11,TX,Dallas / Houston,9355.0,14,False
2021-04-12,TX,Dallas / Houston,9405.0,12,False
2021-04-13,TX,Dallas / Houston,2309.0,5,False
2021-04-14,TX,Dallas / Houston,5238.0,7,False
2021-04-15,TX,Dallas / Houston,2380.0,7,False
2021-04-16,TX,Dallas / Houston,13072.0,11,False
2021-04-17,TX,Dallas / Houston,4161.0,4,False
2021-04-18,TX,Dallas / Houston,2811.0,11,False
2021-04-19,TX,Dallas / Houston,11268.0,17,False
2021-04-20,TX,Dallas / Houston,4006.0,9,False
2021-04-21,TX,Dallas / Houston,9468.0,15,False
2021-04-22,TX,Dallas / Houston,7750.0,13,False
2021-04-23,TX,Dallas / Houston,4971.0,10,False
2021-04-24,TX,Dallas / Houston,14548.0,14,False
2021-04-25,TX,Dallas / Houston,2255.0,8,False
2021-04-26,TX,Dallas / Houston,4669.0,11,False
2021-04-27,TX,Dallas / Houston,8348.0,16,False
2021-04-28,TX,Dallas / Houston,3015.0,8,False
2021-04-29,TX,Dallas / Houston,14262.0,19,False
2021-04-30,TX,Dallas / Houston,13352.0,14,False
2021-05-01,TX,Dallas / Houston,7632.0,11,False
2021-05-02,TX,Dallas / Houston,10854.0,9,False
2021-05-03,TX,Dallas / Houston,3746.0,7,False
2021-05-04,TX,Dallas / Houston,4239.0,7,False
2021-05-05,TX,Dallas / Houston,6454.0,9,False
2021-05-06,TX,Dallas / Houston,2340.0,5,False
2021-05-07,TX,Dallas / Houston,4564.0,10,False
2021-05-08,TX,Dallas / Houston,3840.0,11,False
2021-05-09,TX,Dallas / Houston,5852.0,11,False
2021-05-10,TX,Dallas / Houston,8259.0,11,False
2021-05-11,TX,Dallas / Houston,9701.0,13,False
2021-05-12,TX,Dallas / Houston,7861.0,12,False
2021-05-13,TX,Dallas / Houston,7976.0,12,False
2021-05-14,TX,Dallas / Houston,5151.0,13,False
2021-05-15,TX,Dallas / Houston,8627.0,10,False
2021-05-16,TX,Dallas / Houston,4595.0,14,False
2021-05-17,TX,Dallas / Houston,5340.0,8,False
2021-05-18,TX,Dallas / Houston,1681.0,6,False
2021-05-19,TX,Dallas / Houston,5766.0,14,False
2021-05-20,TX,Dallas / Houston,18556.0,17,False
2021-05-21,TX,Dallas / Houston,14302.0,18,False
2021-05-22,TX,Dallas / Houston,16619.0,9,False
2021-05-23,TX,Dallas / Houston,4862.0,8,False
2021-05-24,TX,Dallas / Houston,4465.0,14,False
2021-05-25,TX,Dallas / Houston,5432.0,8,False
2021-05-26,TX,Dallas / Houston,9072.0,12,False
2021-05-27,TX,Dallas / Houston,13740.0,7,False
2021-05-28,TX,Dallas / Houston,8833.0,14,False
2021-05-29,TX,Dallas / Houston,7415.0,16,False
2021-05-30,TX,Dallas / Houston,4755.0,14,False
2021-05-31,TX,Dallas / Houston,10462.0,18,False
2021-06-01,TX,Dallas / Houston,6528.0,13,True
2021-06-02,TX,Dallas / Houston,9407.0,15,True
2021-06-03,TX,Dallas / Houston,872.0,9,True
2021-06-04,TX,Dallas / Houston,10712.0,15,True
2021-06-05,TX,Dallas / Houston,6819.0,10,True
2021-06-06,TX,Dallas / Houston,350.0,3,True
2021-06-07,TX,Dallas / Houston,5299.0,9,True
2021-06-08,TX,Dallas / Houston,1267.0,11,True
2021-06-09,TX,Dallas / Houston,4825.0,8,True
2021-06-10,TX,Dallas / Houston,11935.0,10,True
2021-06-11,TX,Dallas / Houston,11945.0,15,True
2021-06-12,TX,Dallas / Houston,18864.0,12,True
2021-06-13,TX,Dallas / Houston,7849.0,10,True
2021-06-14,TX,Dallas / Houston,2045.0,9,True
2021-06-15,TX,Dallas / Houston,17540.0,14,True
2021-06-16,TX,Dallas / Houston,12733.0,18,True
2021-06-17,TX,Dallas / Houston,6233.0,10,True
2021-06-18,TX,Dallas / Houston,12040.0,12,True
2021-06-19,TX,Dallas / Houston,10919.0,9,True
2021-06-20,TX,Dallas / Houston,12216.0,15,True
2021-06-21,TX,Dallas / Houston,6130.0,12,True
2021-06-22,TX,Dallas / Houston,1549.0,6,True
2021-06-23,TX,Dallas / Houston,8764.0,9,True
2021-06-24,TX,Dallas / Houston,8099.0,13,True
2021-06-25,TX,Dallas / Houston,31969.0,19,True
2021-06-26,TX,Dallas / Houston,9828.0,13,True
2021-06-27,TX,Dallas / Houston,10162.0,15,True
2021-06-28,TX,Dallas / Houston,9639.0,20,True
2021-06-29,TX,Dallas / Houston,1925.0,10,True
2021-06-30,TX,Dallas / Houston,10362.0,18,True
2021-07-01,TX,Dallas / Houston,15012.0,13,True
2021-07-02,TX,Dallas / Houston,7057.0,13,True
2021-07-03,TX,Dallas / Houston,2195.0,8,True
2021-07-04,TX,Dallas / Houston,8832.0,11,True
2021-07-05,TX,Dallas / Houston,8615.0,12,True
2021-07-06,TX,Dallas / Houston,9698.0,12,True
2021-07-07,TX,Dallas / Houston,8828.0,12,True
2021-07-08,TX,Dallas / Houston,5308.0,12,True
2021-07-09,TX,Dallas / Houston,4431.0,6,True
2021-07-10,TX,Dallas / Houston,8303.0,9,True
2021-07-11,TX,Dallas / Houston,7561.0,16,True
2021-07-12,TX,Dallas / Houston,10388.0,15,True
2021-07-13,TX,Dallas / Houston,3797.0,11,True
2021-07-14,TX,Dallas / Houston,18388.0,12,True
2021-07-15,TX,Dallas / Houston,3619.0,10,True
2021-07-16,TX,Dallas / Houston,6508.0,5,True
2021-07-17,TX,Dallas / Houston,6940.0,14,True
2021-07-18,TX,Dallas / Houston,6577.0,17,True
2021-07-19,TX,Dallas / Houston,6349.0,10,True
2021-07-20,TX,Dallas / Houston,9076.0,11,True
2021-07-21,TX,Dallas / Houston,6805.0,12,True
2021-07-22,TX,Dallas / Houston,11448.0,10,True
2021-07-23,TX,Dallas / Houston,7155.0,10,True
2021-07-24,TX,Dallas / Houston,4302.0,9,True
2021-07-25,TX,Dallas / Houston,6017.0,11,True
2021-07-26,TX,Dallas / Houston,7373.0,11,True
2021-07-27,TX,Dallas / Houston,1847.0,6,True
2021-07-28,TX,Dallas / Houston,4024.0,6,True
2021-07-29,TX,Dallas / Houston,16276.0,12,True
2021-07-30,TX,Dallas / Houston,9432.0,16,True
2021-07-31,TX,Dallas / Houston,3709.0,10,True
2021-08-01,TX,Dallas / Houston,5562.0,12,True
2021-08-02,TX,Dallas / Houston,3529.0,8,True
2021-08-03,TX,Dallas / Houston,1957.0,8,True
2021-08-04,TX,Dallas / Houston,10860.0,13,True
2021-08-05,TX,Dallas / Houston,14019.0,14,True
2021-08-06,TX,Dallas / Houston,1987.0,7,True
2021-08-07,TX,Dallas / Houston,2587.0,7,True
2021-08-08,TX,Dallas / Houston,14157.0,10,True
2021-08-09,TX,Dallas / Houston,10109.0,13,True
2021-08-10,TX,Dallas / Houston,5194.0,8,True
2021-08-11,TX,Dallas / Houston,283.0,6,True
2021-08-12,TX,Dallas / Houston,9067.0,10,True
2021-08-13,TX,Dallas / Houston,3044.0,10,True
2021-08-14,TX,Dallas / Houston,7237.0,13,True
2021-08-15,TX,Dallas / Houston,12752.0,10,True
2021-08-16,TX,Dallas / Houston,7427.0,10,True
2021-08-17,TX,Dallas / Houston,6135.0,11,True
2021-08-18,TX,Dallas / Houston,8542.0,10,True
2021-08-19,TX,Dallas / Houston,4661.0,13,True
2021-08-20,TX,Dallas / Houston,17419.0,18,True
2021-08-21,TX,Dallas / Houston,11504.0,17,True
2021-08-22,TX,Dallas / Houston,7611.0,8,True
2021-08-23,TX,Dallas / Houston,9751.0,21,True
2021-08-24,TX,Dallas / Houston,1312.0,9,True
2021-08-25,TX,Dallas / Houston,5111.0,11,True
2021-08-26,TX,Dallas / Houston,3788.0,12,True
2021-08-27,TX,Dallas / Houston,3540.0,6,True
2021-08-28,TX,Dallas / Houston,13627.0,16,True
2021-08-29,TX,Dallas / Houston,5910.0,14,True
2021-08-30,TX,Dallas / Houston,5083.0,11,True
2021-08-31,TX,Dallas / Houston,5174.0,10,True
2021-09-01,TX,Dallas / Houston,3880.0,12,False
2021-09-02,TX,Dallas / Houston,3518.0,7,False
2021-09-03,TX,Dallas / Houston,5393.0,16,False
2021-09-04,TX,Dallas / Houston,4458.0,10,False
2021-09-05,TX,Dallas / Houston,5485.0,10,False
2021-09-06,TX,Dallas / Houston,9229.0,17,False
2021-09-07,TX,Dallas / Houston,7004.0,13,False
2021-09-08,TX,Dallas / Houston,11296.0,11,False
2021-09-09,TX,Dallas / Houston,9078.0,16,False
2021-09-10,TX,Dallas / Houston,8083.0,10,False
2021-09-11,TX,Dallas / Houston,13778.0,18,False
2021-09-12,TX,Dallas / Houston,2629.0,10,False
2021-09-13,TX,Dallas / Houston,4135.0,12,False
2021-09-14,TX,Dallas / Houston,6180.0,14,False
2021-09-15,TX,Dallas / Houston,9027.0,18,False
2021-09-16,TX,Dallas / Houston,3592.0,8,False
2021-09-17,TX,Dallas / Houston,2192.0,11,False
2021-09-18,TX,Dallas / Houston,15067.0,10,False
2021-09-19,TX,Dallas / Houston,5912.0,6,False
2021-09-20,TX,Dallas / Houston,1141.0,7,False
2021-09-21,TX,Dallas / Houston,6888.0,18,False
2021-09-22,TX,Dallas / Houston,7635.0,12,False
2021-09-23,TX,Dallas / Houston,5380.0,9,False
2021-09-24,TX,Dallas / Houston,1754.0,10,False
2021-09-25,TX,Dallas / Houston,12637.0,8,False
2021-09-26,TX,Dallas / Houston,5508.0,8,False
2021-09-27,TX,Dallas / Houston,1086.0,8,False
2021-09-28,TX,Dallas / Houston,9950.0,17,False
2021-09-29,TX,Dallas / Houston,6676.0,11,False
2021-09-30,TX,Dallas / Houston,4779.0,6,False
2021-10-01,TX,Dallas / Houston,17872.0,11,False
2021-10-02,TX,Dallas / Houston,12868.0,13,False
2021-10-03,TX,Dallas / Houston,8807.0,12,False
2021-10-04,TX,Dallas / Houston,3565.0,8,False
2021-10-05,TX,Dallas / Houston,18494.0,14,False
2021-10-06,TX,Dallas / Houston,7208.0,12,False
2021-10-07,TX,Dallas / Houston,10187.0,15,False
2021-10-08,TX,Dallas / Houston,14321.0,13,False
2021-10-09,TX,Dallas / Houston,10270.0,11,False
2021-10-10,TX,Dallas / Houston,7614.0,13,False
2021-10-11,TX,Dallas / Houston,16212.0,16,False
2021-10-12,TX,Dallas / Houston,3582.0,12,False
2021-10-13,TX,Dallas / Houston,7008.0,16,False
2021-10-14,TX,Dallas / Houston,5793.0,10,False
2021-10-15,TX,Dallas / Houston,2740.0,6,False
2021-10-16,TX,Dallas / Houston,8139.0,10,False
2021-10-17,TX,Dallas / Houston,6670.0,10,False
2021-10-18,TX,Dallas / Houston,10161.0,20,False
2021-10-19,TX,Dallas / Houston,4907.0,10,False
2021-10-20,TX,Dallas / Houston,15435.0,19,False
2021-10-21,TX,Dallas / Houston,5904.0,11,False
2021-10-22,TX,Dallas / Houston,9563.0,12,False
2021-10-23,TX,Dallas / Houston,3584.0,10,False
2021-10-24,TX,Dallas / Houston,5437.0,10,False
2021-10-25,TX,Dallas / Houston,6222.0,14,False
2021-10-26,TX,Dallas / Houston,2988.0,7,False
2021-10-27,TX,Dallas / Houston,4576.0,13,False
2021-10-28,TX,Dallas / Houston,11356.0,16,False
2021-10-29,TX,Dallas / Houston,9410.0,14,False
2021-10-30,TX,Dallas / Houston,5685.0,15,False
2021-10-31,TX,Dallas / Houston,5967.0,9,False
2021-11-01,TX,Dallas / Houston,4752.0,13,False
2021-11-02,TX,Dallas / Houston,3342.0,13,False
2021-11-03,TX,Dallas / Houston,8704.0,15,False
2021-11-04,TX,Dallas / Houston,4125.0,15,False
2021-11-05,TX,Dallas / Houston,6499.0,9,False
2021-11-06,TX,Dallas / Houston,14415.0,13,False
2021-11-07,TX,Dallas / Houston,7201.0,11,False
2021-11-08,TX,Dallas / Houston,2286.0,5,False
2021-11-09,TX,Dallas / Houston,8798.0,13,False
2021-11-10,TX,Dallas / Houston,5937.0,12,False
2021-11-11,TX,Dallas / Houston,1506.0,10,False
2021-11-12,TX,Dallas / Houston,14815.0,17,False
2021-11-13,TX,Dallas / Houston,5327.0,13,False
2021-11-14,TX,Dallas / Houston,5769.0,11,False
2021-11-15,TX,Dallas / Houston,13485.0,17,False
2021-11-16,TX,Dallas / Houston,2281.0,9,False
2021-11-17,TX,Dallas / Houston,22241.0,14,False
2021-11-18,TX,Dallas / Houston,6260.0,6,False
2021-11-19,TX,Dallas / Houston,6568.0,12,False
2021-11-20,TX,Dallas / Houston,8495.0,7,False
2021-11-21,TX,Dallas / Houston,6366.0,9,False
2021-11-22,TX,Dallas / Houston,4528.0,14,False
2021-11-23,TX,Dallas / Houston,13562.0,17,False
2021-11-24,TX,Dallas / Houston,9735.0,10,False
2021-11-25,TX,Dallas / Houston,1100.0,12,False
2021-11-26,TX,Dallas / Houston,12059.0,11,False
2021-11-27,TX,Dallas / Houston,17692.0,14,False
2021-11-28,TX,Dallas / Houston,3657.0,8,False
2021-11-29,TX,Dallas / Houston,7459.0,7,False
2021-11-30,TX,Dallas / Houston,3163.0,9,False
2021-12-01,TX,Dallas / Houston,8783.0,13,False
2021-12-02,TX,Dallas / Houston,7833.0,9,False
2021-12-03,TX,Dallas / Houston,5780.0,11,False
2021-12-04,TX,Dallas / Houston,5161.0,11,False
2021-12-05,TX,Dallas / Houston,1008.0,7,False
2021-12-06,TX,Dallas / Houston,9977.0,11,False
2021-12-07,TX,Dallas / Houston,1859.0,7,False
2021-12-08,TX,Dallas / Houston,6379.0,16,False
2021-12-09,TX,Dallas / Houston,7555.0,13,False
2021-12-10,TX,Dallas / Houston,5647.0,11,False
2021-12-11,TX,Dallas / Houston,11529.0,13,False
2021-12-12,TX,Dallas / Houston,1454.0,10,False
2021-12-13,TX,Dallas / Houston,6235.0,13,False
2021-12-14,TX,Dallas / Houston,10166.0,11,False
2021-12-15,TX,Dallas / Houston,10868.0,17,False
2021-12-16,TX,Dallas / Houston,14967.0,15,False
2021-12-17,TX,Dallas / Houston,13224.0,15,False
2021-12-18,TX,Dallas / Houston,8838.0,10,False
2021-12-19,TX,Dallas / Houston,5486.0,11,False
2021-12-20,TX,Dallas / Houston,9038.0,16,False
2021-12-21,TX,Dallas / Houston,8392.0,10,False
2021-12-22,TX,Dallas / Houston,13040.0,14,False
2021-12-23,TX,Dallas / Houston,4186.0,6,False
2021-12-24,TX,Dallas / Houston,9092.0,8,False
2021-12-25,TX,Dallas / Houston,5227.0,11,False
2021-12-26,TX,Dallas / Houston,7396.0,11,False
2021-12-27,TX,Dallas / Houston,6758.0,12,False
2021-12-28,TX,Dallas / Houston,12451.0,20,False
2021-12-29,TX,Dallas / Houston,12460.0,16,False
2021-12-30,TX,Dallas / Houston,13771.0,11,False
2021-12-31,TX,Dallas / Houston,14196.0,16,False
2022-01-01,TX,Dallas / Houston,6316.0,12,False
2022-01-02,TX,Dallas / Houston,5006.0,14,False
2022-01-03,TX,Dallas / Houston,6007.0,13,False
2022-01-04,TX,Dallas / Houston,10940.0,9,False
2022-01-05,TX,Dallas / Houston,2800.0,7,False
2022-01-06,TX,Dallas / Houston,7661.0,12,False
2022-01-07,TX,Dallas / Houston,7788.0,13,False
2022-01-08,TX,Dallas / Houston,5506.0,9,False
2022-01-09,TX,Dallas / Houston,7561.0,14,False
2022-01-10,TX,Dallas / Houston,8719.0,18,False
2022-01-11,TX,Dallas / Houston,7502.0,18,False
2022-01-12,TX,Dallas / Houston,4767.0,11,False
2022-01-13,TX,Dallas / Houston,6842.0,13,False
2022-01-14,TX,Dallas / Houston,5047.0,10,False
2022-01-15,TX,Dallas / Houston,8841.0,17,False
2022-01-16,TX,Dallas / Houston,1660.0,9,False
2022-01-17,TX,Dallas / Houston,10953.0,14,False
2022-01-18,TX,Dallas / Houston,4879.0,12,False
2022-01-19,TX,Dallas / Houston,4447.0,15,False
2022-01-20,TX,Dallas / Houston,5022.0,12,False
2022-01-21,TX,Dallas / Houston,7638.0,7,False
2022-01-22,TX,Dallas / Houston,459.0,9,False
2022-01-23,TX,Dallas / Houston,8437.0,21,False
2022-01-24,TX,Dallas / Houston,7019.0,17,False
2022-01-25,TX,Dallas / Houston,4165.0,10,False
2022-01-26,TX,Dallas / Houston,8744.0,18,False
2022-01-27,TX,Dallas / Houston,5565.0,14,False
2022-01-28,TX,Dallas / Houston,6672.0,10,False
2022-01-29,TX,Dallas / Houston,10079.0,14,False
2022-01-30,TX,Dallas / Houston,8431.0,12,False
2022-01-31,TX,Dallas / Houston,2763.0,13,False
2022-02-01,TX,Dallas / Houston,13774.0,26,False
2022-02-02,TX,Dallas / Houston,7930.0,13,False
2022-02-03,TX,Dallas / Houston,598.0,7,False
2022-02-04,TX,Dallas / Houston,8990.0,17,False
2022-02-05,TX,Dallas / Houston,12293.0,13,False
2022-02-06,TX,Dallas / Houston,11809.0,16,False
2022-02-07,TX,Dallas / Houston,8565.0,11,False
2022-02-08,TX,Dallas / Houston,5988.0,11,False
2022-02-09,TX,Dallas / Houston,7304.0,11,False
2022-02-10,TX,Dallas / Houston,4072.0,13,False
2022-02-11,TX,Dallas / Houston,11995.0,13,False
2022-02-12,TX,Dallas / Houston,5566.0,11,False
2022-02-13,TX,Dallas / Houston,10509.0,21,False
2022-02-14,TX,Dallas / Houston,3407.0,8,False
2022-02-15,TX,Dallas / Houston,3764.0,10,False
2022-02-16,TX,Dallas / Houston,5796.0,17,False
2022-02-17,TX,Dallas / Houston,7667.0,11,False
2022-02-18,TX,Dallas / Houston,10387.0,12,False
2022-02-19,TX,Dallas / Houston,8232.0,12,False
2022-02-20,TX,Dallas / Houston,15172.0,14,False
2022-02-21,TX,Dallas / Houston,4440.0,6,False
2022-02-22,TX,Dallas / Houston,6006.0,18,False
2022-02-23,TX,Dallas / Houston,2887.0,12,False
2022-02-24,TX,Dallas / Houston,9875.0,13,False
2022-02-25,TX,Dallas / Houston,7920.0,8,False
2022-02-26,TX,Dallas / Houston,1151.0,8,False
2022-02-27,TX,Dallas / Houston,2835.0,9,False
2022-02-28,TX,Dallas / Houston,2258.0,10,False
2022-03-01,TX,Dallas / Houston,14923.0,13,False
2022-03-02,TX,Dallas / Houston,10084.0,11,False
2022-03-03,TX,Dallas / Houston,6064.0,17,False
2022-03-04,TX,Dallas / Houston,7143.0,10,False
2022-03-05,TX,Dallas / Houston,7813.0,8,False
2022-03-06,TX,Dallas / Houston,4854.0,10,False
2022-03-07,TX,Dallas / Houston,13129.0,12,False
2022-03-08,TX,Dallas / Houston,5205.0,10,False
2022-03-09,TX,Dallas / Houston,8837.0,13,False
2022-03-10,TX,Dallas / Houston,6668.0,10,False
2022-03-11,TX,Dallas / Houston,7011.0,12,False
2022-03-12,TX,Dallas / Houston,9752.0,9,False
2022-03-13,TX,Dallas / Houston,5792.0,12,False
2022-03-14,TX,Dallas / Houston,3420.0,5,False
2022-03-15,TX,Dallas / Houston,4443.0,11,False
2022-03-16,TX,Dallas / Houston,9135.0,14,False
2022-03-17,TX,Dallas / Houston,7462.0,6,False
2022-03-18,TX,Dallas / Houston,10562.0,12,False
2022-03-19,TX,Dallas / Houston,10207.0,18,False
2022-03-20,TX,Dallas / Houston,3928.0,7,False
2022-03-21,TX,Dallas / Houston,4827.0,13,False
2022-03-22,TX,Dallas / Houston,11531.0,12,False
2022-03-23,TX,Dallas / Houston,2674.0,8,False
2022-03-24,TX,Dallas / Houston,9595.0,13,False
2022-03-25,TX,Dallas / Houston,6887.0,15,False
2022-03-26,TX,Dallas / Houston,9651.0,14,False
2022-03-27,TX,Dallas / Houston,7747.0,14,False
2022-03-28,TX,Dallas / Houston,1425.0,11,False
2022-03-29,TX,Dallas / Houston,5537.0,13,False
2022-03-30,TX,Dallas / Houston,6037.0,14,False
2022-03-31,TX,Dallas / Houston,4226.0,6,False
2022-04-01,TX,Dallas / Houston,7731.0,16,False
2022-04-02,TX,Dallas / Houston,10735.0,11,False
2022-04-03,TX,Dallas / Houston,5699.0,17,False
2022-04-04,TX,Dallas / Houston,4045.0,7,False
2022-04-05,TX,Dallas / Houston,4932.0,12,False
2022-04-06,TX,Dallas / Houston,2194.0,6,False
2022-04-07,TX,Dallas / Houston,9856.0,16,False
2022-04-08,TX,Dallas / Houston,4896.0,13,False
2022-04-09,TX,Dallas / Houston,9096.0,11,False
2022-04-10,TX,Dallas / Houston,959.0,10,False
2022-04-11,TX,Dallas / Houston,15437.0,20,False
2022-04-12,TX,Dallas / Houston,5736.0,8,False
2022-04-13,TX,Dallas / Houston,3824.0,9,False
2022-04-14,TX,Dallas / Houston,4192.0,10,False
2022-04-15,TX,Dallas / Houston,24721.0,15,False
2022-04-16,TX,Dallas / Houston,8882.0,16,False
2022-04-17,TX,Dallas / Houston,659.0,9,False
2022-04-18,TX,Dallas / Houston,7263.0,11,False
2022-04-19,TX,Dallas / Houston,2961.0,10,False
2022-04-20,TX,Dallas / Houston,26249.0,16,False
2022-04-21,TX,Dallas / Houston,16175.0,23,False
2022-04-22,TX,Dallas / Houston,10291.0,12,False
2022-04-23,TX,Dallas / Houston,3888.0,10,False
2022-04-24,TX,Dallas / Houston,8986.0,12,False
2022-04-25,TX,Dallas / Houston,4312.0,6,False
2022-04-26,TX,Dallas / Houston,4229.0,16,False
2022-04-27,TX,Dallas / Houston,11050.0,9,False
2022-04-28,TX,Dallas / Houston,6157.0,10,False
2022-04-29,TX,Dallas / Houston,7676.0,18,False
2022-04-30,TX,Dallas / Houston,19258.0,21,False
2022-05-01,TX,Dallas / Houston,6512.0,9,False
2022-05-02,TX,Dallas / Houston,5295.0,13,False
2022-05-03,TX,Dallas / Houston,9856.0,15,False
2022-05-04,TX,Dallas / Houston,9335.0,17,False
2022-05-05,TX,Dallas / Houston,7550.0,7,False
2022-05-06,TX,Dallas / Houston,4593.0,11,False
2022-05-07,TX,Dallas / Houston,1268.0,9,False
2022-05-08,TX,Dallas / Houston,3380.0,8,False
2022-05-09,TX,Dallas / Houston,6948.0,13,False
2022-05-10,TX,Dallas / Houston,9958.0,16,False
2022-05-11,TX,Dallas / Houston,4034.0,13,False
2022-05-12,TX,Dallas / Houston,6137.0,10,False
2022-05-13,TX,Dallas / Houston,9373.0,9,False
2022-05-14,TX,Dallas / Houston,8790.0,14,False
2022-05-15,TX,Dallas / Houston,16225.0,17,False
2022-05-16,TX,Dallas / Houston,7314.0,11,False
2022-05-17,TX,Dallas / Houston,6075.0,9,False
2022-05-18,TX,Dallas / Houston,4161.0,15,False
2022-05-19,TX,Dallas / Houston,19113.0,12,False
2022-05-20,TX,Dallas / Houston,11973.0,15,False
2022-05-21,TX,Dallas / Houston,16153.0,13,False
2022-05-22,TX,Dallas / Houston,5768.0,14,False
2022-05-23,TX,Dallas / Houston,9868.0,14,False
2022-05-24,TX,Dallas / Houston,6951.0,9,False
2022-05-25,TX,Dallas / Houston,14250.0,19,False
2022-05-26,TX,Dallas / Houston,2842.0,9,False
2022-05-27,TX,Dallas / Houston,7174.0,11,False
2022-05-28,TX,Dallas / Houston,118.0,6,False
2022-05-29,TX,Dallas / Houston,4033.0,11,False
2022-05-30,TX,Dallas / Houston,4573.0,9,False
2022-05-31,TX,Dallas / Houston,2801.0,10,False
2022-06-01,TX,Dallas / Houston,8816.0,13,True
2022-06-02,TX,Dallas / Houston,12178.0,18,True
2022-06-03,TX,Dallas / Houston,5160.0,7,True
2022-06-04,TX,Dallas / Houston,4143.0,11,True
2022-06-05,TX,Dallas / Houston,3346.0,11,True
2022-06-06,TX,Dallas / Houston,7757.0,8,True
2022-06-07,TX,Dallas / Houston,9200.0,18,True
2022-06-08,TX,Dallas / Houston,6065.0,16,True
2022-06-09,TX,Dallas / Houston,8111.0,12,True
2022-06-10,TX,Dallas / Houston,7255.0,11,True
2022-06-11,TX,Dallas / Houston,12677.0,11,True
2022-06-12,TX,Dallas / Houston,5348.0,11,True
2022-06-13,TX,Dallas / Houston,6655.0,12,True
2022-06-14,TX,Dallas / Houston,6498.0,11,True
2022-06-15,TX,Dallas / Houston,6217.0,16,True
2022-06-16,TX,Dallas / Houston,10792.0,14,True
2022-06-17,TX,Dallas / Houston,13476.0,13,True
2022-06-18,TX,Dallas / Houston,9792.0,10,True
2022-06-19,TX,Dallas / Houston,5912.0,11,True
2022-06-20,TX,Dallas / Houston,16733.0,11,True
2022-06-21,TX,Dallas / Houston,4019.0,13,True
2022-06-22,TX,Dallas / Houston,10726.0,10,True
2022-06-23,TX,Dallas / Houston,11167.0,14,True
2022-06-24,TX,Dallas / Houston,11795.0,14,True
2022-06-25,TX,Dallas / Houston,9533.0,10,True
2022-06-26,TX,Dallas / Houston,10451.0,13,True
2022-06-27,TX,Dallas / Houston,8452.0,9,True
2022-06-28,TX,Dallas / Houston,11937.0,16,True
2022-06-29,TX,Dallas / Houston,10011.0,16,True
2022-06-30,TX,Dallas / Houston,20195.0,15,True
2022-07-01,TX,Dallas / Houston,11488.0,13,True
2022-07-02,TX,Dallas / Houston,11523.0,13,True
2022-07-03,TX,Dallas / Houston,8575.0,10,True
2022-07-04,TX,Dallas / Houston,1640.0,9,True
2022-07-05,TX,Dallas / Houston,4886.0,6,True
2022-07-06,TX,Dallas / Houston,9888.0,15,True
2022-07-07,TX,Dallas / Houston,4363.0,10,True
2022-07-08,TX,Dallas / Houston,4823.0,7,True
2022-07-09,TX,Dallas / Houston,11815.0,13,True
2022-07-10,TX,Dallas / Houston,4238.0,13,True
2022-07-11,TX,Dallas / Houston,4674.0,7,True
2022-07-12,TX,Dallas / Houston,4483.0,14,True
2022-07-13,TX,Dallas / Houston,9057.0,8,True
2022-07-14,TX,Dallas / Houston,7919.0,14,True
2022-07-15,TX,Dallas / Houston,3399.0,6,True
2022-07-16,TX,Dallas / Houston,14512.0,21,True
2022-07-17,TX,Dallas / Houston,1953.0,11,True
2022-07-18,TX,Dallas / Houston,6978.0,9,True
2022-07-19,TX,Dallas / Houston,2402.0,10,True
2022-07-20,TX,Dallas / Houston,8900.0,9,True
2022-07-21,TX,Dallas / Houston,15811.0,13,True
2022-07-22,TX,Dallas / Houston,7347.0,9,True
2022-07-23,TX,Dallas / Houston,4650.0,12,True
2022-07-24,TX,Dallas / Houston,17167.0,14,True
2022-07-25,TX,Dallas / Houston,3380.0,6,True
2022-07-26,TX,Dallas / Houston,13346.0,12,True
2022-07-27,TX,Dallas / Houston,14372.0,13,True
2022-07-28,TX,Dallas / Houston,7853.0,14,True
2022-07-29,TX,Dallas / Houston,8220.0,11,True
2022-07-30,TX,Dallas / Houston,4380.0,6,True
2022-07-31,TX,Dallas / Houston,14525.0,12,True
2022-08-01,TX,Dallas / Houston,5056.0,13,True
2022-08-02,TX,Dallas / Houston,4909.0,12,True
2022-08-03,TX,Dallas / Houston,6326.0,13,True
2022-08-04,TX,Dallas / Houston,1904.0,10,True
2022-08-05,TX,Dallas / Houston,10561.0,10,True
2022-08-06,TX,Dallas / Houston,6433.0,16,True
2022-08-07,TX,Dallas / Houston,10357.0,12,True
2022-08-08,TX,Dallas / Houston,2535.0,8,True
2022-08-09,TX,Dallas / Houston,9276.0,15,True
2022-08-10,TX,Dallas / Houston,10250.0,11,True
2022-08-11,TX,Dallas / Houston,7140.0,14,True
2022-08-12,TX,Dallas / Houston,15494.0,18,True
2022-08-13,TX,Dallas / Houston,3274.0,13,True
2022-08-14,TX,Dallas / Houston,21816.0,14,True
2022-08-15,TX,Dallas / Houston,4668.0,10,True
2022-08-16,TX,Dallas / Houston,8347.0,8,True
2022-08-17,TX,Dallas / Houston,5350.0,8,True
2022-08-18,TX,Dallas / Houston,3453.0,10,True
2022-08-19,TX,Dallas / Houston,3967.0,10,True
2022-08-20,TX,Dallas / Houston,8048.0,12,True
2022-08-21,TX,Dallas / Houston,5310.0,7,True
2022-08-22,TX,Dallas / Houston,3299.0,10,True
2022-08-23,TX,Dallas / Houston,5861.0,7,True
2022-08-24,TX,Dallas / Houston,10442.0,12,True
2022-08-25,TX,Dallas / Houston,9006.0,15,True
2022-08-26,TX,Dallas / Houston,16403.0,15,True
2022-08-27,TX,Dallas / Houston,10499.0,14,True
2022-08-28,TX,Dallas / Houston,11340.0,15,True
2022-08-29,TX,Dallas / Houston,7999.0,13,True
2022-08-30,TX,Dallas / Houston,5852.0,8,True
2022-08-31,TX,Dallas / Houston,5713.0,13,True
2022-09-01,TX,Dallas / Houston,3213.0,12,False
2022-09-02,TX,Dallas / Houston,14722.0,15,False
2022-09-03,TX,Dallas / Houston,9612.0,12,False
2022-09-04,TX,Dallas / Houston,8687.0,15,False
2022-09-05,TX,Dallas / Houston,9536.0,15,False
2022-09-06,TX,Dallas / Houston,4284.0,11,False
2022-09-07,TX,Dallas / Houston,3664.0,8,False
2022-09-08,TX,Dallas / Houston,6776.0,10,False
2022-09-09,TX,Dallas / Houston,3247.0,5,False
2022-09-10,TX,Dallas / Houston,31411.0,13,False
2022-09-11,TX,Dallas / Houston,13755.0,14,False
2022-09-12,TX,Dallas / Houston,10787.0,17,False
2022-09-13,TX,Dallas / Houston,9175.0,18,False
2022-09-14,TX,Dallas / Houston,7636.0,12,False
2022-09-15,TX,Dallas / Houston,6352.0,14,False
2022-09-16,TX,Dallas / Houston,4906.0,11,False
2022-09-17,TX,Dallas / Houston,5930.0,13,False
2022-09-18,TX,Dallas / Houston,8871.0,9,False
2022-09-19,TX,Dallas / Houston,3921.0,11,False
2022-09-20,TX,Dallas / Houston,1885.0,7,False
2022-09-21,TX,Dallas / Houston,4529.0,10,False
2022-09-22,TX,Dallas / Houston,2295.0,6,False
2022-09-23,TX,Dallas / Houston,9952.0,14,False
2022-09-24,TX,Dallas / Houston,7135.0,15,False
2022-09-25,TX,Dallas / Houston,8390.0,13,False
2022-09-26,TX,Dallas / Houston,3236.0,12,False
2022-09-27,TX,Dallas / Houston,4353.0,12,False
2022-09-28,TX,Dallas / Houston,5752.0,17,False
2022-09-29,TX,Dallas / Houston,6863.0,12,False
2022-09-30,TX,Dallas / Houston,1010.0,6,False
2022-10-01,TX,Dallas / Houston,7368.0,11,False
2022-10-02,TX,Dallas / Houston,6221.0,16,False
2022-10-03,TX,Dallas / Houston,2165.0,6,False
2022-10-04,TX,Dallas / Houston,6129.0,9,False
2022-10-05,TX,Dallas / Houston,1202.0,9,False
2022-10-06,TX,Dallas / Houston,7891.0,16,False
2022-10-07,TX,Dallas / Houston,2750.0,8,False
2022-10-08,TX,Dallas / Houston,5602.0,11,False
2022-10-09,TX,Dallas / Houston,10760.0,17,False
2022-10-10,TX,Dallas / Houston,4920.0,10,False
2022-10-11,TX,Dallas / Houston,5942.0,8,False
2022-10-12,TX,Dallas / Houston,2038.0,6,False
2022-10-13,TX,Dallas / Houston,11111.0,14,False
2022-10-14,TX,Dallas / Houston,4415.0,11,False
2022-10-15,TX,Dallas / Houston,6893.0,10,False
2022-10-16,TX,Dallas / Houston,6586.0,16,False
2022-10-17,TX,Dallas / Houston,15738.0,14,False
2022-10-18,TX,Dallas / Houston,6352.0,14,False
2022-10-19,TX,Dallas / Houston,5788.0,15,False
2022-10-20,TX,Dallas / Houston,2393.0,8,False
2022-10-21,TX,Dallas / Houston,7056.0,10,False
2022-10-22,TX,Dallas / Houston,4706.0,9,False
2022-10-23,TX,Dallas / Houston,4111.0,14,False
2022-10-24,TX,Dallas / Houston,5783.0,10,False
2022-10-25,TX,Dallas / Houston,13492.0,11,False
2022-10-26,TX,Dallas / Houston,9349.0,12,False
2022-10-27,TX,Dallas / Houston,10310.0,12,False
2022-10-28,TX,Dallas / Houston,10078.0,14,False
2022-10-29,TX,Dallas / Houston,6200.0,8,False
2022-10-30,TX,Dallas / Houston,10817.0,12,False
2022-10-31,TX,Dallas / Houston,2381.0,9,False
2022-11-01,TX,Dallas / Houston,9398.0,9,False
2022-11-02,TX,Dallas / Houston,11793.0,14,False
2022-11-03,TX,Dallas / Houston,8313.0,21,False
2022-11-04,TX,Dallas / Houston,4989.0,9,False
2022-11-05,TX,Dallas / Houston,7037.0,17,False
2022-11-06,TX,Dallas / Houston,7801.0,16,False
2022-11-07,TX,Dallas / Houston,8423.0,12,False
2022-11-08,TX,Dallas / Houston,10542.0,19,False
2022-11-09,TX,Dallas / Houston,5303.0,13,False
2022-11-10,TX,Dallas / Houston,6850.0,12,False
2022-11-11,TX,Dallas / Houston,7153.0,10,False
2022-11-12,TX,Dallas / Houston,8645.0,17,False
2022-11-13,TX,Dallas / Houston,7548.0,10,False
2022-11-14,TX,Dallas / Houston,9999.0,10,False
2022-11-15,TX,Dallas / Houston,5906.0,15,False
2022-11-16,TX,Dallas / Houston,18531.0,13,False
2022-11-17,TX,Dallas / Houston,4316.0,13,False
2022-11-18,TX,Dallas / Houston,6210.0,10,False
2022-11-19,TX,Dallas / Houston,7909.0,13,False
2022-11-20,TX,Dallas / Houston,6462.0,8,False
2022-11-21,TX,Dallas / Houston,7311.0,12,False
2022-11-22,TX,Dallas / Houston,4818.0,8,False
2022-11-23,TX,Dallas / Houston,34247.0,19,False
2022-11-24,TX,Dallas / Houston,5499.0,10,False
2022-11-25,TX,Dallas / Houston,2815.0,8,False
2022-11-26,TX,Dallas / Houston,3690.0,12,False
2022-11-27,TX,Dallas / Houston,1040.0,8,False
2022-11-28,TX,Dallas / Houston,6630.0,10,False
2022-11-29,TX,Dallas / Houston,8478.0,14,False
2022-11-30,TX,Dallas / Houston,6691.0,14,False
2022-12-01,TX,Dallas / Houston,2177.0,5,False
2022-12-02,TX,Dallas / Houston,4276.0,12,False
2022-12-03,TX,Dallas / Houston,3066.0,11,False
2022-12-04,TX,Dallas / Houston,9505.0,17,False
2022-12-05,TX,Dallas / Houston,3138.0,11,False
2022-12-06,TX,Dallas / Houston,3661.0,11,False
2022-12-07,TX,Dallas / Houston,9012.0,13,False
2022-12-08,TX,Dallas / Houston,7090.0,10,False
2022-12-09,TX,Dallas / Houston,2925.0,8,False
2022-12-10,TX,Dallas / Houston,31459.0,15,False
2022-12-11,TX,Dallas / Houston,7256.0,14,False
2022-12-12,TX,Dallas / Houston,6925.0,9,False
2022-12-13,TX,Dallas / Houston,8259.0,14,False
2022-12-14,TX,Dallas / Houston,7353.0,11,False
2022-12-15,TX,Dallas / Houston,9475.0,15,False
2022-12-16,TX,Dallas / Houston,7211.0,14,False
2022-12-17,TX,Dallas / Houston,15166.0,10,False
2022-12-18,TX,Dallas / Houston,7023.0,16,False
2022-12-19,TX,Dallas / Houston,7600.0,17,False
2022-12-20,TX,Dallas / Houston,23819.0,24,False
2022-12-21,TX,Dallas / Houston,12451.0,14,False
2022-12-22,TX,Dallas / Houston,7803.0,11,False
2022-12-23,TX,Dallas / Houston,8203.0,9,False
2022-12-24,TX,Dallas / Houston,4572.0,13,False
2022-12-25,TX,Dallas / Houston,12381.0,11,False
2022-12-26,TX,Dallas / Houston,11091.0,10,False
2022-12-27,TX,Dallas / Houston,2340.0,11,False
2022-12-28,TX,Dallas / Houston,24592.0,12,False
2022-12-29,TX,Dallas / Houston,8870.0,13,False
2022-12-30,TX,Dallas / Houston,12485.0,12,False
2022-12-31,TX,Dallas / Houston,9691.0,13,False
2023-01-01,TX,Dallas / Houston,2211.0,10,False
2023-01-02,TX,Dallas / Houston,9032.0,11,False
2023-01-03,TX,Dallas / Houston,5763.0,14,False
2023-01-04,TX,Dallas / Houston,3271.0,8,False
2023-01-05,TX,Dallas / Houston,7069.0,12,False
2023-01-06,TX,Dallas / Houston,5568.0,16,False
2023-01-07,TX,Dallas / Houston,12680.0,18,False
2023-01-08,TX,Dallas / Houston,4322.0,14,False
2023-01-09,TX,Dallas / Houston,6916.0,16,False
2023-01-10,TX,Dallas / Houston,5981.0,14,False
2023-01-11,TX,Dallas / Houston,8236.0,18,False
2023-01-12,TX,Dallas / Houston,2060.0,6,False
2023-01-13,TX,Dallas / Houston,5046.0,12,False
2023-01-14,TX,Dallas / Houston,10644.0,14,False
2023-01-15,TX,Dallas / Houston,5227.0,8,False
2023-01-16,TX,Dallas / Houston,7616.0,8,False
2023-01-17,TX,Dallas / Houston,6634.0,11,False
2023-01-18,TX,Dallas / Houston,3763.0,14,False
2023-01-19,TX,Dallas / Houston,5185.0,9,False
2023-01-20,TX,Dallas / Houston,5949.0,11,False
2023-01-21,TX,Dallas / Houston,27859.0,18,False
2023-01-22,TX,Dallas / Houston,10046.0,14,False
2023-01-23,TX,Dallas / Houston,10636.0,12,False
2023-01-24,TX,Dallas / Houston,11127.0,14,False
2023-01-25,TX,Dallas / Houston,2948.0,10,False
2023-01-26,TX,Dallas / Houston,2419.0,12,False
2023-01-27,TX,Dallas / Houston,6701.0,15,False
2023-01-28,TX,Dallas / Houston,6617.0,14,False
2023-01-29,TX,Dallas / Houston,7587.0,15,False
2023-01-30,TX,Dallas / Houston,1705.0,7,False
2023-01-31,TX,Dallas / Houston,1812.0,10,False
2023-02-01,TX,Dallas / Houston,2971.0,14,False
2023-02-02,TX,Dallas / Houston,3355.0,11,False
2023-02-03,TX,Dallas / Houston,8533.0,14,False
2023-02-04,TX,Dallas / Houston,12156.0,14,False
2023-02-05,TX,Dallas / Houston,4208.0,17,False
2023-02-06,TX,Dallas / Houston,10235.0,14,False
2023-02-07,TX,Dallas / Houston,7968.0,16,False
2023-02-08,TX,Dallas / Houston,14702.0,18,False
2023-02-09,TX,Dallas / Houston,1987.0,8,False
2023-02-10,TX,Dallas / Houston,25556.0,16,False
2023-02-11,TX,Dallas / Houston,4893.0,11,False
2023-02-12,TX,Dallas / Houston,1075.0,9,False
2023-02-13,TX,Dallas / Houston,1257.0,4,False
2023-02-14,TX,Dallas / Houston,5714.0,11,False
2023-02-15,TX,Dallas / Houston,6610.0,12,False
2023-02-16,TX,Dallas / Houston,5651.0,9,False
2023-02-17,TX,Dallas / Houston,9784.0,17,False
2023-02-18,TX,Dallas / Houston,9618.0,15,False
2023-02-19,TX,Dallas / Houston,2474.0,11,False
2023-02-20,TX,Dallas / Houston,14134.0,15,False
2023-02-21,TX,Dallas / Houston,6135.0,10,False
2023-02-22,TX,Dallas / Houston,4479.0,10,False
2023-02-23,TX,Dallas / Houston,7936.0,15,False
2023-02-24,TX,Dallas / Houston,4352.0,13,False
2023-02-25,TX,Dallas / Houston,8989.0,15,False
2023-02-26,TX,Dallas / Houston,12058.0,15,False
2023-02-27,TX,Dallas / Houston,6783.0,12,False
2023-02-28,TX,Dallas / Houston,2236.0,7,False
2023-03-01,TX,Dallas / Houston,11887.0,15,False
2023-03-02,TX,Dallas / Houston,7199.0,14,False
2023-03-03,TX,Dallas / Houston,8928.0,15,False
2023-03-04,TX,Dallas / Houston,1960.0,7,False
2023-03-05,TX,Dallas / Houston,9618.0,12,False
2023-03-06,TX,Dallas / Houston,5374.0,8,False
2023-03-07,TX,Dallas / Houston,5216.0,10,False
2023-03-08,TX,Dallas / Houston,4204.0,12,False
2023-03-09,TX,Dallas / Houston,15755.0,15,False
2023-03-10,TX,Dallas / Houston,11804.0,13,False
2023-03-11,TX,Dallas / Houston,4593.0,11,False
2023-03-12,TX,Dallas / Houston,4259.0,10,False
2023-03-13,TX,Dallas / Houston,17583.0,17,False
2023-03-14,TX,Dallas / Houston,10401.0,15,False
2023-03-15,TX,Dallas / Houston,6818.0,7,False
2023-03-16,TX,Dallas / Houston,6629.0,10,False
2023-03-17,TX,Dallas / Houston,4586.0,5,False
2023-03-18,TX,Dallas / Houston,7804.0,14,False
2023-03-19,TX,Dallas / Houston,5898.0,13,False
2023-03-20,TX,Dallas / Houston,8230.0,14,False
2023-03-21,TX,Dallas / Houston,6988.0,12,False
2023-03-22,TX,Dallas / Houston,4498.0,8,False
2023-03-23,TX,Dallas / Houston,8314.0,14,False
2023-03-24,TX,Dallas / Houston,3257.0,9,False
2023-03-25,TX,Dallas / Houston,1783.0,7,False
2023-03-26,TX,Dallas / Houston,3472.0,6,False
2023-03-27,TX,Dallas / Houston,3049.0,10,False
2023-03-28,TX,Dallas / Houston,8304.0,16,False
2023-03-29,TX,Dallas / Houston,1220.0,9,False
2023-03-30,TX,Dallas / Houston,4859.0,14,False
2023-03-31,TX,Dallas / Houston,5479.0,5,False
2023-04-01,TX,Dallas / Houston,10474.0,13,False
2023-04-02,TX,Dallas / Houston,10487.0,17,False
2023-04-03,TX,Dallas / Houston,5624.0,10,False
2023-04-04,TX,Dallas / Houston,17846.0,18,False
2023-04-05,TX,Dallas / Houston,2176.0,5,False
2023-04-06,TX,Dallas / Houston,6158.0,13,False
2023-04-07,TX,Dallas / Houston,11600.0,18,False
2023-04-08,TX,Dallas / Houston,12957.0,15,False
2023-04-09,TX,Dallas / Houston,10230.0,16,False
2023-04-10,TX,Dallas / Houston,4210.0,12,False
2023-04-11,TX,Dallas / Houston,4957.0,9,False
2023-04-12,TX,Dallas / Houston,11041.0,18,False
2023-04-13,TX,Dallas / Houston,6611.0,12,False
2023-04-14,TX,Dallas / Houston,3955.0,9,False
2023-04-15,TX,Dallas / Houston,10164.0,8,False
2023-04-16,TX,Dallas / Houston,6974.0,12,False
2023-04-17,TX,Dallas / Houston,6205.0,16,False
2023-04-18,TX,Dallas / Houston,9896.0,14,False
2023-04-19,TX,Dallas / Houston,7873.0,13,False
2023-04-20,TX,Dallas / Houston,4432.0,6,False
2023-04-21,TX,Dallas / Houston,2408.0,8,False
2023-04-22,TX,Dallas / Houston,7811.0,9,False
2023-04-23,TX,Dallas / Houston,5273.0,17,False
2023-04-24,TX,Dallas / Houston,7092.0,12,False
2023-04-25,TX,Dallas / Houston,8469.0,14,False
2023-04-26,TX,Dallas / Houston,6375.0,12,False
2023-04-27,TX,Dallas / Houston,8064.0,13,False
2023-04-28,TX,Dallas / Houston,3831.0,3,False
2023-04-29,TX,Dallas / Houston,26959.0,21,False
2023-04-30,TX,Dallas / Houston,10917.0,13,False
2023-05-01,TX,Dallas / Houston,9706.0,8,False
2023-05-02,TX,Dallas / Houston,4679.0,8,False
2023-05-03,TX,Dallas / Houston,4373.0,10,False
2023-05-04,TX,Dallas / Houston,6740.0,8,False
2023-05-05,TX,Dallas / Houston,5830.0,10,False
2023-05-06,TX,Dallas / Houston,9050.0,13,False
2023-05-07,TX,Dallas / Houston,2876.0,7,False
2023-05-08,TX,Dallas / Houston,2967.0,8,False
2023-05-09,TX,Dallas / Houston,3586.0,9,False
2023-05-10,TX,Dallas / Houston,7035.0,8,False
2023-05-11,TX,Dallas / Houston,5552.0,5,False
2023-05-12,TX,Dallas / Houston,10044.0,14,False
2023-05-13,TX,Dallas / Houston,13982.0,8,False
2023-05-14,TX,Dallas / Houston,6135.0,10,False
2023-05-15,TX,Dallas / Houston,3415.0,6,False
2023-05-16,TX,Dallas / Houston,8376.0,17,False
2023-05-17,TX,Dallas / Houston,8213.0,21,False
2023-05-18,TX,Dallas / Houston,7515.0,14,False
2023-05-19,TX,Dallas / Houston,7379.0,14,False
2023-05-20,TX,Dallas / Houston,16866.0,17,False
2023-05-21,TX,Dallas / Houston,7485.0,20,False
2023-05-22,TX,Dallas / Houston,3357.0,5,False
2023-05-23,TX,Dallas / Houston,6953.0,11,False
2023-05-24,TX,Dallas / Houston,6135.0,10,False
2023-05-25,TX,Dallas / Houston,6791.0,13,False
2023-05-26,TX,Dallas / Houston,11854.0,12,False
2023-05-27,TX,Dallas / Houston,5938.0,10,False
2023-05-28,TX,Dallas / Houston,6347.0,10,False
2023-05-29,TX,Dallas / Houston,5261.0,17,False
2023-05-30,TX,Dallas / Houston,12301.0,14,False
2023-05-31,TX,Dallas / Houston,9249.0,14,False
2023-06-01,TX,Dallas / Houston,7798.0,17,True
2023-06-02,TX,Dallas / Houston,7706.0,12,True
2023-06-03,TX,Dallas / Houston,3307.0,7,True
2023-06-04,TX,Dallas / Houston,5001.0,11,True
2023-06-05,TX,Dallas / Houston,2083.0,9,True
2023-06-06,TX,Dallas / Houston,11462.0,12,True
2023-06-07,TX,Dallas / Houston,3802.0,10,True
2023-06-08,TX,Dallas / Houston,7327.0,11,True
2023-06-09,TX,Dallas / Houston,3386.0,10,True
2023-06-10,TX,Dallas / Houston,7419.0,12,True
2023-06-11,TX,Dallas / Houston,6658.0,17,True
2023-06-12,TX,Dallas / Houston,14916.0,15,True
2023-06-13,TX,Dallas / Houston,13789.0,12,True
2023-06-14,TX,Dallas / Houston,4158.0,11,True
2023-06-15,TX,Dallas / Houston,1819.0,5,True
2023-06-16,TX,Dallas / Houston,13327.0,14,True
2023-06-17,TX,Dallas / Houston,19275.0,13,True
2023-06-18,TX,Dallas / Houston,4289.0,8,True
2023-06-19,TX,Dallas / Houston,4057.0,10,True
2023-06-20,TX,Dallas / Houston,7655.0,11,True
2023-06-21,TX,Dallas / Houston,10659.0,15,True
2023-06-22,TX,Dallas / Houston,7550.0,9,True
2023-06-23,TX,Dallas / Houston,8538.0,12,True
2023-06-24,TX,Dallas / Houston,8907.0,12,True
2023-06-25,TX,Dallas / Houston,15773.0,15,True
2023-06-26,TX,Dallas / Houston,4083.0,14,True
2023-06-27,TX,Dallas / Houston,12979.0,17,True
2023-06-28,TX,Dallas / Houston,8770.0,16,True
2023-06-29,TX,Dallas / Houston,17483.0,15,True
2023-06-30,TX,Dallas / Houston,2656.0,5,True
2023-07-01,TX,Dallas / Houston,12324.0,12,True
2023-07-02,TX,Dallas / Houston,6166.0,13,True
2023-07-03,TX,Dallas / Houston,5785.0,11,True
2023-07-04,TX,Dallas / Houston,4744.0,11,True
2023-07-05,TX,Dallas / Houston,7156.0,16,True
2023-07-06,TX,Dallas / Houston,2485.0,9,True
2023-07-07,TX,Dallas / Houston,19492.0,16,True
2023-07-08,TX,Dallas / Houston,1119.0,10,True
2023-07-09,TX,Dallas / Houston,8741.0,14,True
2023-07-10,TX,Dallas / Houston,3185.0,13,True
2023-07-11,TX,Dallas / Houston,11053.0,12,True
2023-07-12,TX,Dallas / Houston,4817.0,8,True
2023-07-13,TX,Dallas / Houston,1886.0,9,True
2023-07-14,TX,Dallas / Houston,5384.0,9,True
2023-07-15,TX,Dallas / Houston,10144.0,15,True
2023-07-16,TX,Dallas / Houston,1998.0,7,True
2023-07-17,TX,Dallas / Houston,10424.0,20,True
2023-07-18,TX,Dallas / Houston,4010.0,10,True
2023-07-19,TX,Dallas / Houston,4632.0,13,True
2023-07-20,TX,Dallas / Houston,2720.0,8,True
2023-07-21,TX,Dallas / Houston,6161.0,11,True
2023-07-22,TX,Dallas / Houston,6246.0,14,True
2023-07-23,TX,Dallas / Houston,5505.0,12,True
2023-07-24,TX,Dallas / Houston,4038.0,9,True
2023-07-25,TX,Dallas / Houston,12257.0,15,True
2023-07-26,TX,Dallas / Houston,10420.0,15,True
2023-07-27,TX,Dallas / Houston,9949.0,13,True
2023-07-28,TX,Dallas / Houston,3908.0,9,True
2023-07-29,TX,Dallas / Houston,5931.0,14,True
2023-07-30,TX,Dallas / Houston,4285.0,8,True
2023-07-31,TX,Dallas / Houston,7454.0,15,True
2023-08-01,TX,Dallas / Houston,11907.0,12,True
2023-08-02,TX,Dallas / Houston,12080.0,15,True
2023-08-03,TX,Dallas / Houston,7844.0,14,True
2023-08-04,TX,Dallas / Houston,13323.0,16,True
2023-08-05,TX,Dallas / Houston,11152.0,9,True
2023-08-06,TX,Dallas / Houston,8306.0,8,True
2023-08-07,TX,Dallas / Houston,1692.0,3,True
2023-08-08,TX,Dallas / Houston,4470.0,12,True
2023-08-09,TX,Dallas / Houston,7394.0,10,True
2023-08-10,TX,Dallas / Houston,4855.0,5,True
2023-08-11,TX,Dallas / Houston,11007.0,13,True
2023-08-12,TX,Dallas / Houston,8318.0,6,True
2023-08-13,TX,Dallas / Houston,4392.0,11,True
2023-08-14,TX,Dallas / Houston,9958.0,10,True
2023-08-15,TX,Dallas / Houston,11519.0,17,True
2023-08-16,TX,Dallas / Houston,3135.0,11,True
2023-08-17,TX,Dallas / Houston,5425.0,11,True
2023-08-18,TX,Dallas / Houston,6535.0,11,True
2023-08-19,TX,Dallas / Houston,14207.0,12,True
2023-08-20,TX,Dallas / Houston,9878.0,13,True
2023-08-21,TX,Dallas / Houston,4409.0,9,True
2023-08-22,TX,Dallas / Houston,5538.0,9,True
2023-08-23,TX,Dallas / Houston,6154.0,16,True
2023-08-24,TX,Dallas / Houston,3833.0,8,True
2023-08-25,TX,Dallas / Houston,514.0,4,True
2023-08-26,TX,Dallas / Houston,6108.0,11,True
2023-08-27,TX,Dallas / Houston,6134.0,11,True
2023-08-28,TX,Dallas / Houston,7756.0,14,True
2023-08-29,TX,Dallas / Houston,2668.0,12,True
2023-08-30,TX,Dallas / Houston,4839.0,12,True
2023-08-31,TX,Dallas / Houston,2436.0,6,True
2023-09-01,TX,Dallas / Houston,3157.0,8,False
2023-09-02,TX,Dallas / Houston,5320.0,11,False
2023-09-03,TX,Dallas / Houston,4881.0,8,False
2023-09-04,TX,Dallas / Houston,10843.0,10,False
2023-09-05,TX,Dallas / Houston,8977.0,15,False
2023-09-06,TX,Dallas / Houston,9109.0,13,False
2023-09-07,TX,Dallas / Houston,10930.0,11,False
2023-09-08,TX,Dallas / Houston,9610.0,13,False
2023-09-09,TX,Dallas / Houston,12404.0,14,False
2023-09-10,TX,Dallas / Houston,1392.0,9,False
2023-09-11,TX,Dallas / Houston,7715.0,16,False
2023-09-12,TX,Dallas / Houston,6216.0,9,False
2023-09-13,TX,Dallas / Houston,2042.0,7,False
2023-09-14,TX,Dallas / Houston,9752.0,15,False
2023-09-15,TX,Dallas / Houston,8023.0,12,False
2023-09-16,TX,Dallas / Houston,12784.0,11,False
2023-09-17,TX,Dallas / Houston,3917.0,10,False
2023-09-18,TX,Dallas / Houston,2688.0,9,False
2023-09-19,TX,Dallas / Houston,5296.0,14,False
2023-09-20,TX,Dallas / Houston,11907.0,22,False
2023-09-21,TX,Dallas / Houston,4765.0,10,False
2023-09-22,TX,Dallas / Houston,4907.0,8,False
2023-09-23,TX,Dallas / Houston,8731.0,12,False
2023-09-24,TX,Dallas / Houston,7547.0,18,False
2023-09-25,TX,Dallas / Houston,3842.0,12,False
2023-09-26,TX,Dallas / Houston,10501.0,13,False
2023-09-27,TX,Dallas / Houston,14818.0,19,False
2023-09-28,TX,Dallas / Houston,5790.0,11,False
2023-09-29,TX,Dallas / Houston,11719.0,9,False
2023-09-30,TX,Dallas / Houston,19632.0,10,False
2023-10-01,TX,Dallas / Houston,12463.0,16,False
2023-10-02,TX,Dallas / Houston,2129.0,8,False
2023-10-03,TX,Dallas / Houston,11079.0,21,False
2023-10-04,TX,Dallas / Houston,5060.0,10,False
2023-10-05,TX,Dallas / Houston,5094.0,13,False
2023-10-06,TX,Dallas / Houston,3930.0,9,False
2023-10-07,TX,Dallas / Houston,15554.0,18,False
2023-10-08,TX,Dallas / Houston,9766.0,16,False
2023-10-09,TX,Dallas / Houston,9146.0,9,False
2023-10-10,TX,Dallas / Houston,8487.0,10,False
2023-10-11,TX,Dallas / Houston,4106.0,6,False
2023-10-12,TX,Dallas / Houston,10436.0,12,False
2023-10-13,TX,Dallas / Houston,9848.0,11,False
2023-10-14,TX,Dallas / Houston,3954.0,7,False
2023-10-15,TX,Dallas / Houston,2471.0,11,False
2023-10-16,TX,Dallas / Houston,4234.0,10,False
2023-10-17,TX,Dallas / Houston,8880.0,16,False
2023-10-18,TX,Dallas / Houston,7326.0,9,False
2023-10-19,TX,Dallas / Houston,18032.0,19,False
2023-10-20,TX,Dallas / Houston,8732.0,14,False
2023-10-21,TX,Dallas / Houston,9718.0,13,False
2023-10-22,TX,Dallas / Houston,14243.0,18,False
2023-10-23,TX,Dallas / Houston,7884.0,13,False
2023-10-24,TX,Dallas / Houston,5741.0,8,False
2023-10-25,TX,Dallas / Houston,12104.0,16,False
2023-10-26,TX,Dallas / Houston,9008.0,11,False
2023-10-27,TX,Dallas / Houston,5833.0,8,False
2023-10-28,TX,Dallas / Houston,3225.0,9,False
2023-10-29,TX,Dallas / Houston,6105.0,16,False
2023-10-30,TX,Dallas / Houston,4530.0,7,False
2023-10-31,TX,Dallas / Houston,1658.0,7,False
2023-11-01,TX,Dallas / Houston,6043.0,10,False
2023-11-02,TX,Dallas / Houston,6482.0,14,False
2023-11-03,TX,Dallas / Houston,16980.0,16,False
2023-11-04,TX,Dallas / Houston,7556.0,13,False
2023-11-05,TX,Dallas / Houston,10126.0,9,False
2023-11-06,TX,Dallas / Houston,13175.0,19,False
2023-11-07,TX,Dallas / Houston,143.0,2,False
2023-11-08,TX,Dallas / Houston,3906.0,7,False
2023-11-09,TX,Dallas / Houston,12112.0,15,False
2023-11-10,TX,Dallas / Houston,6782.0,12,False
2023-11-11,TX,Dallas / Houston,5166.0,8,False
2023-11-12,TX,Dallas / Houston,3529.0,7,False
2023-11-13,TX,Dallas / Houston,5006.0,13,False
2023-11-14,TX,Dallas / Houston,8954.0,15,False
2023-11-15,TX,Dallas / Houston,2849.0,10,False
2023-11-16,TX,Dallas / Houston,3255.0,11,False
2023-11-17,TX,Dallas / Houston,5190.0,10,False
2023-11-18,TX,Dallas / Houston,6609.0,13,False
2023-11-19,TX,Dallas / Houston,3660.0,15,False
2023-11-20,TX,Dallas / Houston,7371.0,15,False
2023-11-21,TX,Dallas / Houston,14779.0,12,False
2023-11-22,TX,Dallas / Houston,10236.0,13,False
2023-11-23,TX,Dallas / Houston,2236.0,6,False
2023-11-24,TX,Dallas / Houston,13565.0,14,False
2023-11-25,TX,Dallas / Houston,14354.0,11,False
2023-11-26,TX,Dallas / Houston,2677.0,13,False
2023-11-27,TX,Dallas / Houston,3343.0,11,False
2023-11-28,TX,Dallas / Houston,6512.0,10,False
2023-11-29,TX,Dallas / Houston,4221.0,10,False
2023-11-30,TX,Dallas / Houston,5557.0,7,False
2023-12-01,TX,Dallas / Houston,9750.0,15,False
2023-12-02,TX,Dallas / Houston,12390.0,22,False
2023-12-03,TX,Dallas / Houston,6135.0,13,False
2023-12-04,TX,Dallas / Houston,4629.0,8,False
2023-12-05,TX,Dallas / Houston,1039.0,8,False
2023-12-06,TX,Dallas / Houston,11294.0,9,False
2023-12-07,TX,Dallas / Houston,9918.0,11,False
2023-12-08,TX,Dallas / Houston,5404.0,10,False
2023-12-09,TX,Dallas / Houston,4512.0,10,False
2023-12-10,TX,Dallas / Houston,8165.0,12,False
2023-12-11,TX,Dallas / Houston,10328.0,14,False
2023-12-12,TX,Dallas / Houston,5236.0,15,False
2023-12-13,TX,Dallas / Houston,10172.0,14,False
2023-12-14,TX,Dallas / Houston,7689.0,11,False
2023-12-15,TX,Dallas / Houston,8517.0,9,False
2023-12-16,TX,Dallas / Houston,6412.0,9,False
2023-12-17,TX,Dallas / Houston,4955.0,12,False
2023-12-18,TX,Dallas / Houston,13942.0,11,False
2023-12-19,TX,Dallas / Houston,8946.0,10,False
2023-12-20,TX,Dallas / Houston,9438.0,14,False
2023-12-21,TX,Dallas / Houston,12105.0,14,False
2023-12-22,TX,Dallas / Houston,9625.0,14,False
2023-12-23,TX,Dallas / Houston,4214.0,7,False
2023-12-24,TX,Dallas / Houston,1726.0,12,False
2023-12-25,TX,Dallas / Houston,540.0,9,False
2023-12-26,TX,Dallas / Houston,16857.0,18,False
2023-12-27,TX,Dallas / Houston,1530.0,4,False
2023-12-28,TX,Dallas / Houston,19885.0,15,False
2023-12-29,TX,Dallas / Houston,7184.0,10,False
2023-12-30,TX,Dallas / Houston,13237.0,13,False
2023-12-31,TX,Dallas / Houston,7005.0,10,False
2024-01-01,TX,Dallas / Houston,2787.0,11,False
2024-01-02,TX,Dallas / Houston,10005.0,18,False
2024-01-03,TX,Dallas / Houston,17320.0,17,False
2024-01-04,TX,Dallas / Houston,5329.0,9,False
2024-01-05,TX,Dallas / Houston,7254.0,19,False
2024-01-06,TX,Dallas / Houston,9016.0,9,False
2024-01-07,TX,Dallas / Houston,5659.0,13,False
2024-01-08,TX,Dallas / Houston,7920.0,18,False
2024-01-09,TX,Dallas / Houston,7936.0,15,False
2024-01-10,TX,Dallas / Houston,2392.0,10,False
2024-01-11,TX,Dallas / Houston,9172.0,14,False
2024-01-12,TX,Dallas / Houston,18765.0,16,False
2024-01-13,TX,Dallas / Houston,7228.0,11,False
2024-01-14,TX,Dallas / Houston,261.0,7,False
2024-01-15,TX,Dallas / Houston,3353.0,13,False
2024-01-16,TX,Dallas / Houston,3960.0,9,False
2024-01-17,TX,Dallas / Houston,2495.0,8,False
2024-01-18,TX,Dallas / Houston,4197.0,8,False
2024-01-19,TX,Dallas / Houston,5276.0,9,False
2024-01-20,TX,Dallas / Houston,4490.0,11,False
2024-01-21,TX,Dallas / Houston,2733.0,7,False
2024-01-22,TX,Dallas / Houston,5219.0,12,False
2024-01-23,TX,Dallas / Houston,2717.0,7,False
2024-01-24,TX,Dallas / Houston,11454.0,12,False
2024-01-25,TX,Dallas / Houston,8096.0,14,False
2024-01-26,TX,Dallas / Houston,3414.0,8,False
2024-01-27,TX,Dallas / Houston,5560.0,11,False
2024-01-28,TX,Dallas / Houston,5343.0,12,False
2024-01-29,TX,Dallas / Houston,5153.0,17,False
2024-01-30,TX,Dallas / Houston,3081.0,11,False
2024-01-31,TX,Dallas / Houston,5817.0,15,False
2024-02-01,TX,Dallas / Houston,5785.0,6,False
2024-02-02,TX,Dallas / Houston,5467.0,12,False
2024-02-03,TX,Dallas / Houston,11330.0,14,False
2024-02-04,TX,Dallas / Houston,7303.0,16,False
2024-02-05,TX,Dallas / Houston,6207.0,12,False
2024-02-06,TX,Dallas / Houston,5283.0,8,False
2024-02-07,TX,Dallas / Houston,1048.0,6,False
2024-02-08,TX,Dallas / Houston,10635.0,14,False
2024-02-09,TX,Dallas / Houston,11514.0,12,False
2024-02-10,TX,Dallas / Houston,11829.0,16,False
2024-02-11,TX,Dallas / Houston,4555.0,13,False
2024-02-12,TX,Dallas / Houston,2923.0,14,False
2024-02-13,TX,Dallas / Houston,3893.0,9,False
2024-02-14,TX,Dallas / Houston,5459.0,10,False
2024-02-15,TX,Dallas / Houston,7067.0,8,False
2024-02-16,TX,Dallas / Houston,8815.0,20,False
2024-02-17,TX,Dallas / Houston,14943.0,16,False
2024-02-18,TX,Dallas / Houston,2763.0,10,False
2024-02-19,TX,Dallas / Houston,18915.0,12,False
2024-02-20,TX,Dallas / Houston,1606.0,5,False
2024-02-21,TX,Dallas / Houston,7233.0,15,False
2024-02-22,TX,Dallas / Houston,6338.0,13,False
2024-02-23,TX,Dallas / Houston,11266.0,12,False
2024-02-24,TX,Dallas / Houston,9328.0,11,False
2024-02-25,TX,Dallas / Houston,3528.0,7,False
2024-02-26,TX,Dallas / Houston,9353.0,15,False
2024-02-27,TX,Dallas / Houston,3578.0,14,False
2024-02-28,TX,Dallas / Houston,9222.0,12,False
2024-02-29,TX,Dallas / Houston,2940.0,5,False
2024-03-01,TX,Dallas / Houston,7515.0,15,False
2024-03-02,TX,Dallas / Houston,3740.0,8,False
2024-03-03,TX,Dallas / Houston,12435.0,22,False
2024-03-04,TX,Dallas / Houston,2421.0,9,False
2024-03-05,TX,Dallas / Houston,8261.0,11,False
2024-03-06,TX,Dallas / Houston,7867.0,17,False
2024-03-07,TX,Dallas / Houston,2301.0,5,False
2024-03-08,TX,Dallas / Houston,8693.0,7,False
2024-03-09,TX,Dallas / Houston,9416.0,11,False
2024-03-10,TX,Dallas / Houston,4886.0,6,False
2024-03-11,TX,Dallas / Houston,6052.0,10,False
2024-03-12,TX,Dallas / Houston,5678.0,15,False
2024-03-13,TX,Dallas / Houston,3569.0,9,False
2024-03-14,TX,Dallas / Houston,5882.0,12,False
2024-03-15,TX,Dallas / Houston,6258.0,11,False
2024-03-16,TX,Dallas / Houston,5463.0,10,False
2024-03-17,TX,Dallas / Houston,12161.0,13,False
2024-03-18,TX,Dallas / Houston,7049.0,15,False
2024-03-19,TX,Dallas / Houston,6871.0,8,False
2024-03-20,TX,Dallas / Houston,8231.0,12,False
2024-03-21,TX,Dallas / Houston,8173.0,9,False
2024-03-22,TX,Dallas / Houston,4662.0,8,False
2024-03-23,TX,Dallas / Houston,5046.0,10,False
2024-03-24,TX,Dallas / Houston,6348.0,13,False
2024-03-25,TX,Dallas / Houston,3300.0,10,False
2024-03-26,TX,Dallas / Houston,7413.0,7,False
2024-03-27,TX,Dallas / Houston,13004.0,13,False
2024-03-28,TX,Dallas / Houston,3723.0,10,False
2024-03-29,TX,Dallas / Houston,16103.0,17,False
2024-03-30,TX,Dallas / Houston,1547.0,3,False
2024-03-31,TX,Dallas / Houston,6716.0,12,False
2024-04-01,TX,Dallas / Houston,862.0,5,False
2024-04-02,TX,Dallas / Houston,9943.0,17,False
2024-04-03,TX,Dallas / Houston,3410.0,11,False
2024-04-04,TX,Dallas / Houston,8043.0,8,False
2024-04-05,TX,Dallas / Houston,8919.0,13,False
2024-04-06,TX,Dallas / Houston,7141.0,8,False
2024-04-07,TX,Dallas / Houston,5740.0,8,False
2024-04-08,TX,Dallas / Houston,9378.0,12,False
2024-04-09,TX,Dallas / Houston,3628.0,14,False
2024-04-10,TX,Dallas / Houston,10901.0,12,False
2024-04-11,TX,Dallas / Houston,15306.0,16,False
2024-04-12,TX,Dallas / Houston,2269.0,9,False
2024-04-13,TX,Dallas / Houston,18592.0,20,False
2024-04-14,TX,Dallas / Houston,1511.0,7,False
2024-04-15,TX,Dallas / Houston,9263.0,17,False
2024-04-16,TX,Dallas / Houston,7287.0,9,False
2024-04-17,TX,Dallas / Houston,5626.0,11,False
2024-04-18,TX,Dallas / Houston,5392.0,18,False
2024-04-19,TX,Dallas / Houston,8522.0,8,False
2024-04-20,TX,Dallas / Houston,17571.0,8,False
2024-04-21,TX,Dallas / Houston,17748.0,16,False
2024-04-22,TX,Dallas / Houston,11009.0,16,False
2024-04-23,TX,Dallas / Houston,11167.0,13,False
2024-04-24,TX,Dallas / Houston,8144.0,14,False
2024-04-25,TX,Dallas / Houston,5255.0,12,False
2024-04-26,TX,Dallas / Houston,6657.0,12,False
2024-04-27,TX,Dallas / Houston,7848.0,8,False
2024-04-28,TX,Dallas / Houston,12831.0,19,False
2024-04-29,TX,Dallas / Houston,9624.0,14,False
2024-04-30,TX,Dallas / Houston,2028.0,8,False
2024-05-01,TX,Dallas / Houston,3977.0,7,False
2024-05-02,TX,Dallas / Houston,10176.0,14,False
2024-05-03,TX,Dallas / Houston,7030.0,12,False
2024-05-04,TX,Dallas / Houston,3620.0,9,False
2024-05-05,TX,Dallas / Houston,3361.0,10,False
2024-05-06,TX,Dallas / Houston,6876.0,16,False
2024-05-07,TX,Dallas / Houston,5863.0,14,False
2024-05-08,TX,Dallas / Houston,10370.0,8,False
2024-05-09,TX,Dallas / Houston,17894.0,11,False
2024-05-10,TX,Dallas / Houston,5480.0,8,False
2024-05-11,TX,Dallas / Houston,11454.0,11,False
2024-05-12,TX,Dallas / Houston,2561.0,11,False
2024-05-13,TX,Dallas / Houston,5332.0,12,False
2024-05-14,TX,Dallas / Houston,3276.0,4,False
2024-05-15,TX,Dallas / Houston,12140.0,14,False
2024-05-16,TX,Dallas / Houston,12571.0,12,False
2024-05-17,TX,Dallas / Houston,5392.0,8,False
2024-05-18,TX,Dallas / Houston,5824.0,8,False
2024-05-19,TX,Dallas / Houston,11751.0,13,False
2024-05-20,TX,Dallas / Houston,3328.0,5,False
2024-05-21,TX,Dallas / Houston,11077.0,17,False
2024-05-22,TX,Dallas / Houston,3236.0,10,False
2024-05-23,TX,Dallas / Houston,11852.0,12,False
2024-05-24,TX,Dallas / Houston,11018.0,15,False
2024-05-25,TX,Dallas / Houston,614.0,5,False
2024-05-26,TX,Dallas / Houston,857.0,7,False
2024-05-27,TX,Dallas / Houston,8704.0,12,False
2024-05-28,TX,Dallas / Houston,4362.0,13,False
2024-05-29,TX,Dallas / Houston,8948.0,11,False
2024-05-30,TX,Dallas / Houston,15609.0,13,False
2024-05-31,TX,Dallas / Houston,9578.0,13,False
2024-06-01,TX,Dallas / Houston,10113.0,8,True
2024-06-02,TX,Dallas / Houston,7082.0,10,True
2024-06-03,TX,Dallas / Houston,12905.0,13,True
2024-06-04,TX,Dallas / Houston,13676.0,9,True
2024-06-05,TX,Dallas / Houston,13342.0,15,True
2024-06-06,TX,Dallas / Houston,5781.0,12,True
2024-06-07,TX,Dallas / Houston,20336.0,21,True
2024-06-08,TX,Dallas / Houston,7898.0,8,True
2024-06-09,TX,Dallas / Houston,8515.0,9,True
2024-06-10,TX,Dallas / Houston,3547.0,9,True
2024-06-11,TX,Dallas / Houston,10532.0,9,True
2024-06-12,TX,Dallas / Houston,6632.0,12,True
2024-06-13,TX,Dallas / Houston,4119.0,12,True
2024-06-14,TX,Dallas / Houston,10935.0,22,True
2024-06-15,TX,Dallas / Houston,18828.0,12,True
2024-06-16,TX,Dallas / Houston,1779.0,6,True
2024-06-17,TX,Dallas / Houston,4145.0,7,True
2024-06-18,TX,Dallas / Houston,5874.0,8,True
2024-06-19,TX,Dallas / Houston,5862.0,11,True
2024-06-20,TX,Dallas / Houston,11598.0,14,True
2024-06-21,TX,Dallas / Houston,5716.0,13,True
2024-06-22,TX,Dallas / Houston,3904.0,15,True
2024-06-23,TX,Dallas / Houston,6642.0,12,True
2024-06-24,TX,Dallas / Houston,6228.0,14,True
2024-06-25,TX,Dallas / Houston,3964.0,8,True
2024-06-26,TX,Dallas / Houston,9911.0,12,True
2024-06-27,TX,Dallas / Houston,5086.0,14,True
2024-06-28,TX,Dallas / Houston,6023.0,7,True
2024-06-29,TX,Dallas / Houston,8390.0,11,True
2024-06-30,TX,Dallas / Houston,11669.0,14,True
2024-07-01,TX,Dallas / Houston,7106.0,14,True
2024-07-02,TX,Dallas / Houston,8564.0,10,True
2024-07-03,TX,Dallas / Houston,7562.0,15,True
2024-07-04,TX,Dallas / Houston,8583.0,12,True
2024-07-05,TX,Dallas / Houston,1126.0,7,True
2024-07-06,TX,Dallas / Houston,2693.0,11,True
2024-07-07,TX,Dallas / Houston,8916.0,14,True
2024-07-08,TX,Dallas / Houston,4841.0,8,True
2024-07-09,TX,Dallas / Houston,7590.0,11,True
2024-07-10,TX,Dallas / Houston,4619.0,12,True
2024-07-11,TX,Dallas / Houston,17317.0,14,True
2024-07-12,TX,Dallas / Houston,5985.0,13,True
2024-07-13,TX,Dallas / Houston,9386.0,15,True
2024-07-14,TX,Dallas / Houston,7802.0,11,True
2024-07-15,TX,Dallas / Houston,11928.0,21,True
2024-07-16,TX,Dallas / Houston,6624.0,13,True
2024-07-17,TX,Dallas / Houston,9621.0,12,True
2024-07-18,TX,Dallas / Houston,7883.0,17,True
2024-07-19,TX,Dallas / Houston,8679.0,11,True
2024-07-20,TX,Dallas / Houston,8351.0,7,True
2024-07-21,TX,Dallas / Houston,4873.0,9,True
2024-07-22,TX,Dallas / Houston,8021.0,12,True
2024-07-23,TX,Dallas / Houston,3390.0,9,True
2024-07-24,TX,Dallas / Houston,10091.0,14,True
2024-07-25,TX,Dallas / Houston,5298.0,16,True
2024-07-26,TX,Dallas / Houston,10697.0,10,True
2024-07-27,TX,Dallas / Houston,12507.0,12,True
2024-07-28,TX,Dallas / Houston,5922.0,10,True
2024-07-29,TX,Dallas / Houston,9866.0,14,True
2024-07-30,TX,Dallas / Houston,17258.0,16,True
2024-07-31,TX,Dallas / Houston,8904.0,11,True
2024-08-01,TX,Dallas / Houston,5392.0,16,True
2024-08-02,TX,Dallas / Houston,13608.0,7,True
2024-08-03,TX,Dallas / Houston,27918.0,21,True
2024-08-04,TX,Dallas / Houston,12892.0,16,True
2024-08-05,TX,Dallas / Houston,1887.0,10,True
2024-08-06,TX,Dallas / Houston,10037.0,10,True
2024-08-07,TX,Dallas / Houston,6532.0,8,True
2024-08-08,TX,Dallas / Houston,5043.0,14,True
2024-08-09,TX,Dallas / Houston,8565.0,14,True
2024-08-10,TX,Dallas / Houston,7043.0,10,True
2024-08-11,TX,Dallas / Houston,11209.0,14,True
2024-08-12,TX,Dallas / Houston,6925.0,13,True
2024-08-13,TX,Dallas / Houston,9137.0,12,True
2024-08-14,TX,Dallas / Houston,5707.0,10,True
2024-08-15,TX,Dallas / Houston,7610.0,15,True
2024-08-16,TX,Dallas / Houston,7830.0,12,True
2024-08-17,TX,Dallas / Houston,12265.0,11,True
2024-08-18,TX,Dallas / Houston,7605.0,14,True
2024-08-19,TX,Dallas / Houston,4754.0,6,True
2024-08-20,TX,Dallas / Houston,6645.0,13,True
2024-08-21,TX,Dallas / Houston,14875.0,23,True
2024-08-22,TX,Dallas / Houston,6200.0,13,True
2024-08-23,TX,Dallas / Houston,5756.0,13,True
2024-08-24,TX,Dallas / Houston,17223.0,12,True
2024-08-25,TX,Dallas / Houston,8295.0,12,True
2024-08-26,TX,Dallas / Houston,1968.0,14,True
2024-08-27,TX,Dallas / Houston,1975.0,9,True
2024-08-28,TX,Dallas / Houston,3501.0,12,True
2024-08-29,TX,Dallas / Houston,6635.0,12,True
2024-08-30,TX,Dallas / Houston,3844.0,17,True
2024-08-31,TX,Dallas / Houston,3956.0,16,True
2024-09-01,TX,Dallas / Houston,3785.0,15,False
2024-09-02,TX,Dallas / Houston,11576.0,14,False
2024-09-03,TX,Dallas / Houston,7460.0,15,False
2024-09-04,TX,Dallas / Houston,5348.0,14,False
2024-09-05,TX,Dallas / Houston,2871.0,9,False
2024-09-06,TX,Dallas / Houston,11622.0,14,False
2024-09-07,TX,Dallas / Houston,16463.0,11,False
2024-09-08,TX,Dallas / Houston,5284.0,14,False
2024-09-09,TX,Dallas / Houston,8039.0,21,False
2024-09-10,TX,Dallas / Houston,3790.0,9,False
2024-09-11,TX,Dallas / Houston,5244.0,10,False
2024-09-12,TX,Dallas / Houston,2264.0,7,False
2024-09-13,TX,Dallas / Houston,4461.0,8,False
2024-09-14,TX,Dallas / Houston,10337.0,12,False
2024-09-15,TX,Dallas / Houston,4536.0,12,False
2024-09-16,TX,Dallas / Houston,3123.0,15,False
2024-09-17,TX,Dallas / Houston,5510.0,12,False
2024-09-18,TX,Dallas / Houston,7593.0,13,False
2024-09-19,TX,Dallas / Houston,5671.0,11,False
2024-09-20,TX,Dallas / Houston,9065.0,15,False
2024-09-21,TX,Dallas / Houston,11668.0,16,False
2024-09-22,TX,Dallas / Houston,3954.0,13,False
2024-09-23,TX,Dallas / Houston,7684.0,16,False
2024-09-24,TX,Dallas / Houston,4018.0,11,False
2024-09-25,TX,Dallas / Houston,4220.0,7,False
2024-09-26,TX,Dallas / Houston,11343.0,18,False
2024-09-27,TX,Dallas / Houston,3588.0,13,False
2024-09-28,TX,Dallas / Houston,6459.0,13,False
2024-09-29,TX,Dallas / Houston,7061.0,11,False
2024-09-30,TX,Dallas / Houston,16104.0,21,False
2024-10-01,TX,Dallas / Houston,16302.0,11,False
2024-10-02,TX,Dallas / Houston,5965.0,10,False
2024-10-03,TX,Dallas / Houston,10195.0,12,False
2024-10-04,TX,Dallas / Houston,19704.0,21,False
2024-10-05,TX,Dallas / Houston,4329.0,14,False
2024-10-06,TX,Dallas / Houston,12292.0,14,False
2024-10-07,TX,Dallas / Houston,6839.0,5,False
2024-10-08,TX,Dallas / Houston,1798.0,9,False
2024-10-09,TX,Dallas / Houston,4096.0,8,False
2024-10-10,TX,Dallas / Houston,6466.0,10,False
2024-10-11,TX,Dallas / Houston,11078.0,15,False
2024-10-12,TX,Dallas / Houston,78.0,1,False
2024-10-13,TX,Dallas / Houston,3222.0,8,False
2024-10-14,TX,Dallas / Houston,9341.0,18,False
2024-10-15,TX,Dallas / Houston,13082.0,17,False
2024-10-16,TX,Dallas / Houston,3927.0,8,False
2024-10-17,TX,Dallas / Houston,3465.0,6,False
2024-10-18,TX,Dallas / Houston,9652.0,13,False
2024-10-19,TX,Dallas / Houston,12410.0,14,False
2024-10-20,TX,Dallas / Houston,9999.0,13,False
2024-10-21,TX,Dallas / Houston,5288.0,15,False
2024-10-22,TX,Dallas / Houston,4852.0,12,False
2024-10-23,TX,Dallas / Houston,3142.0,5,False
2024-10-24,TX,Dallas / Houston,6041.0,9,False
2024-10-25,TX,Dallas / Houston,11087.0,13,False
2024-10-26,TX,Dallas / Houston,12466.0,11,False
2024-10-27,TX,Dallas / Houston,5032.0,17,False
2024-10-28,TX,Dallas / Houston,9941.0,17,False
2024-10-29,TX,Dallas / Houston,207.0,4,False
2024-10-30,TX,Dallas / Houston,5648.0,8,False
2024-10-31,TX,Dallas / Houston,7074.0,11,False
2024-11-01,TX,Dallas / Houston,10744.0,12,False
2024-11-02,TX,Dallas / Houston,8046.0,14,False
2024-11-03,TX,Dallas / Houston,1832.0,12,False
2024-11-04,TX,Dallas / Houston,4957.0,10,False
2024-11-05,TX,Dallas / Houston,11439.0,18,False
2024-11-06,TX,Dallas / Houston,7467.0,13,False
2024-11-07,TX,Dallas / Houston,8704.0,13,False
2024-11-08,TX,Dallas / Houston,6543.0,13,False
2024-11-09,TX,Dallas / Houston,20570.0,19,False
2024-11-10,TX,Dallas / Houston,8205.0,15,False
2024-11-11,TX,Dallas / Houston,7539.0,14,False
2024-11-12,TX,Dallas / Houston,5087.0,8,False
2024-11-13,TX,Dallas / Houston,4970.0,10,False
2024-11-14,TX,Dallas / Houston,9287.0,17,False
2024-11-15,TX,Dallas / Houston,10051.0,12,False
2024-11-16,TX,Dallas / Houston,4166.0,9,False
2024-11-17,TX,Dallas / Houston,5000.0,6,False
2024-11-18,TX,Dallas / Houston,6896.0,14,False
2024-11-19,TX,Dallas / Houston,2676.0,9,False
2024-11-20,TX,Dallas / Houston,9957.0,14,False
2024-11-21,TX,Dallas / Houston,4781.0,10,False
2024-11-22,TX,Dallas / Houston,3414.0,10,False
2024-11-23,TX,Dallas / Houston,7653.0,10,False
2024-11-24,TX,Dallas / Houston,7635.0,14,False
2024-11-25,TX,Dallas / Houston,2647.0,13,False
2024-11-26,TX,Dallas / Houston,8592.0,16,False
2024-11-27,TX,Dallas / Houston,1273.0,8,False
2024-11-28,TX,Dallas / Houston,4068.0,11,False
2024-11-29,TX,Dallas / Houston,8401.0,12,False
2024-11-30,TX,Dallas / Houston,3551.0,12,False
2024-12-01,TX,Dallas / Houston,2858.0,15,False
2024-12-02,TX,Dallas / Houston,8474.0,10,False
2024-12-03,TX,Dallas / Houston,5122.0,11,False
2024-12-04,TX,Dallas / Houston,3268.0,10,False
2024-12-05,TX,Dallas / Houston,6007.0,12,False
2024-12-06,TX,Dallas / Houston,2412.0,6,False
2024-12-07,TX,Dallas / Houston,13612.0,17,False
2024-12-08,TX,Dallas / Houston,9116.0,15,False
2024-12-09,TX,Dallas / Houston,4133.0,10,False
2024-12-10,TX,Dallas / Houston,5302.0,21,False
2024-12-11,TX,Dallas / Houston,11989.0,20,False
2024-12-12,TX,Dallas / Houston,15420.0,12,False
2024-12-13,TX,Dallas / Houston,8666.0,13,False
2024-12-14,TX,Dallas / Houston,10728.0,15,False
2024-12-15,TX,Dallas / Houston,8823.0,11,False
2024-12-16,TX,Dallas / Houston,2772.0,11,False
2024-12-17,TX,Dallas / Houston,8330.0,13,False
2024-12-18,TX,Dallas / Houston,2303.0,10,False
2024-12-19,TX,Dallas / Houston,12225.0,13,False
2024-12-20,TX,Dallas / Houston,4079.0,12,False
2024-12-21,TX,Dallas / Houston,13939.0,13,False
2024-12-22,TX,Dallas / Houston,5984.0,9,False
2024-12-23,TX,Dallas / Houston,7958.0,8,False
2024-12-24,TX,Dallas / Houston,4324.0,6,False
2024-12-25,TX,Dallas / Houston,0.0,13,False
2024-12-26,TX,Dallas / Houston,11455.0,11,False
2024-12-27,TX,Dallas / Houston,5792.0,12,False
2024-12-28,TX,Dallas / Houston,11625.0,19,False
2024-12-29,TX,Dallas / Houston,3663.0,9,False
2024-12-30,TX,Dallas / Houston,7304.0,14,False
2024-12-31,TX,Dallas / Houston,10321.0,17,False
2020-01-01,WA,Seattle,2036.0,3,False
2020-01-02,WA,Seattle,3422.0,5,False
2020-01-03,WA,Seattle,9097.0,5,False
2020-01-04,WA,Seattle,42.0,1,False
2020-01-05,WA,Seattle,3556.0,4,False
2020-01-06,WA,Seattle,43.0,1,False
2020-01-07,WA,Seattle,271.0,2,False
2020-01-08,WA,Seattle,650.0,1,False
2020-01-09,WA,Seattle,2860.0,3,False
2020-01-10,WA,Seattle,807.0,1,False
2020-01-11,WA,Seattle,4513.0,2,False
2020-01-13,WA,Seattle,433.0,1,False
2020-01-14,WA,Seattle,5837.0,3,False
2020-01-15,WA,Seattle,1011.0,2,False
2020-01-16,WA,Seattle,818.0,1,False
2020-01-17,WA,Seattle,90.0,1,False
2020-01-18,WA,Seattle,497.0,2,False
2020-01-19,WA,Seattle,1569.0,2,False
2020-01-20,WA,Seattle,856.0,3,False
2020-01-21,WA,Seattle,758.0,1,False
2020-01-22,WA,Seattle,1646.0,3,False
2020-01-23,WA,Seattle,1779.0,2,False
2020-01-24,WA,Seattle,2233.0,4,False
2020-01-25,WA,Seattle,3472.0,2,False
2020-01-26,WA,Seattle,1101.0,2,False
2020-01-27,WA,Seattle,1879.0,6,False
2020-01-28,WA,Seattle,4014.0,1,False
2020-01-29,WA,Seattle,854.0,2,False
2020-01-30,WA,Seattle,34.0,2,False
2020-01-31,WA,Seattle,3194.0,5,False
2020-02-01,WA,Seattle,61.0,2,False
2020-02-02,WA,Seattle,1082.0,3,False
2020-02-03,WA,Seattle,2641.0,2,False
2020-02-04,WA,Seattle,4410.0,2,False
2020-02-05,WA,Seattle,8476.0,8,False
2020-02-06,WA,Seattle,2449.0,3,False
2020-02-07,WA,Seattle,28.0,1,False
2020-02-08,WA,Seattle,444.0,1,False
2020-02-09,WA,Seattle,518.0,3,False
2020-02-10,WA,Seattle,468.0,4,False
2020-02-11,WA,Seattle,345.0,3,False
2020-02-12,WA,Seattle,594.0,2,False
2020-02-13,WA,Seattle,3743.0,4,False
2020-02-14,WA,Seattle,6858.0,1,False
2020-02-15,WA,Seattle,3960.0,1,False
2020-02-16,WA,Seattle,485.0,2,False
2020-02-17,WA,Seattle,3748.0,5,False
2020-02-18,WA,Seattle,35.0,1,False
2020-02-19,WA,Seattle,506.0,1,False
2020-02-20,WA,Seattle,9.0,1,False
2020-02-22,WA,Seattle,87.0,1,False
2020-02-23,WA,Seattle,25.0,1,False
2020-02-24,WA,Seattle,410.0,2,False
2020-02-25,WA,Seattle,309.0,2,False
2020-02-26,WA,Seattle,2645.0,4,False
2020-02-27,WA,Seattle,2539.0,6,False
2020-02-28,WA,Seattle,501.0,2,False
2020-02-29,WA,Seattle,342.0,2,False
2020-03-01,WA,Seattle,361.0,1,False
2020-03-02,WA,Seattle,1818.0,3,False
2020-03-03,WA,Seattle,2288.0,7,False
2020-03-04,WA,Seattle,4970.0,2,False
2020-03-05,WA,Seattle,922.0,2,False
2020-03-06,WA,Seattle,94.0,4,False
2020-03-07,WA,Seattle,1221.0,1,False
2020-03-08,WA,Seattle,1747.0,2,False
2020-03-10,WA,Seattle,2661.0,2,False
2020-03-11,WA,Seattle,591.0,3,False
2020-03-12,WA,Seattle,263.0,3,False
2020-03-13,WA,Seattle,1282.0,4,False
2020-03-14,WA,Seattle,2460.0,4,False
2020-03-15,WA,Seattle,1117.0,3,False
2020-03-16,WA,Seattle,112.0,1,False
2020-03-17,WA,Seattle,741.0,2,False
2020-03-18,WA,Seattle,67.0,1,False
2020-03-19,WA,Seattle,1549.0,1,False
2020-03-20,WA,Seattle,39.0,2,False
2020-03-21,WA,Seattle,342.0,2,False
2020-03-22,WA,Seattle,423.0,4,False
2020-03-23,WA,Seattle,0.0,1,False
2020-03-24,WA,Seattle,233.0,1,False
2020-03-25,WA,Seattle,108.0,2,False
2020-03-26,WA,Seattle,194.0,2,False
2020-03-27,WA,Seattle,107.0,2,False
2020-03-28,WA,Seattle,0.0,1,False
2020-03-29,WA,Seattle,0.0,1,False
2020-03-30,WA,Seattle,0.0,1,False
2020-03-31,WA,Seattle,0.0,1,False
2020-04-01,WA,Seattle,375.0,1,False
2020-04-02,WA,Seattle,302.0,5,False
2020-04-03,WA,Seattle,403.0,2,False
2020-04-04,WA,Seattle,161.0,3,False
2020-04-05,WA,Seattle,0.0,1,False
2020-04-06,WA,Seattle,275.0,3,False
2020-04-07,WA,Seattle,699.0,2,False
2020-04-08,WA,Seattle,109.0,3,False
2020-04-09,WA,Seattle,2134.0,3,False
2020-04-10,WA,Seattle,22.0,1,False
2020-04-11,WA,Seattle,287.0,3,False
2020-04-13,WA,Seattle,103.0,3,False
2020-04-14,WA,Seattle,47.0,2,False
2020-04-15,WA,Seattle,652.0,3,False
2020-04-16,WA,Seattle,0.0,1,False
2020-04-17,WA,Seattle,902.0,1,False
2020-04-18,WA,Seattle,0.0,5,False
2020-04-20,WA,Seattle,77.0,1,False
2020-04-21,WA,Seattle,317.0,3,False
2020-04-22,WA,Seattle,984.0,3,False
2020-04-23,WA,Seattle,329.0,4,False
2020-04-24,WA,Seattle,947.0,2,False
2020-04-25,WA,Seattle,378.0,8,False
2020-04-26,WA,Seattle,118.0,4,False
2020-04-27,WA,Seattle,2409.0,6,False
2020-04-28,WA,Seattle,0.0,2,False
2020-04-29,WA,Seattle,570.0,5,False
2020-04-30,WA,Seattle,2886.0,3,False
2020-05-01,WA,Seattle,18002.0,2,False
2020-05-02,WA,Seattle,0.0,2,False
2020-05-03,WA,Seattle,0.0,2,False
2020-05-04,WA,Seattle,82.0,1,False
2020-05-06,WA,Seattle,147.0,1,False
2020-05-07,WA,Seattle,319.0,4,False
2020-05-08,WA,Seattle,979.0,5,False
2020-05-09,WA,Seattle,0.0,4,False
2020-05-10,WA,Seattle,0.0,1,False
2020-05-11,WA,Seattle,636.0,3,False
2020-05-13,WA,Seattle,103.0,4,False
2020-05-14,WA,Seattle,134.0,5,False
2020-05-15,WA,Seattle,3315.0,4,False
2020-05-18,WA,Seattle,1098.0,4,False
2020-05-19,WA,Seattle,1328.0,4,False
2020-05-20,WA,Seattle,612.0,2,False
2020-05-21,WA,Seattle,815.0,4,False
2020-05-22,WA,Seattle,3760.0,1,False
2020-05-23,WA,Seattle,0.0,2,False
2020-05-24,WA,Seattle,461.0,2,False
2020-05-25,WA,Seattle,143.0,1,False
2020-05-26,WA,Seattle,141.0,1,False
2020-05-27,WA,Seattle,190.0,2,False
2020-05-28,WA,Seattle,214.0,4,False
2020-05-29,WA,Seattle,1508.0,4,False
2020-05-30,WA,Seattle,9.0,1,False
2020-05-31,WA,Seattle,1107.0,4,False
2020-06-02,WA,Seattle,491.0,2,True
2020-06-03,WA,Seattle,2015.0,4,True
2020-06-04,WA,Seattle,184.0,2,True
2020-06-05,WA,Seattle,26.0,2,True
2020-06-06,WA,Seattle,566.0,5,True
2020-06-07,WA,Seattle,460.0,3,True
2020-06-08,WA,Seattle,23.0,2,True
2020-06-09,WA,Seattle,695.0,3,True
2020-06-10,WA,Seattle,463.0,3,True
2020-06-11,WA,Seattle,9527.0,2,True
2020-06-12,WA,Seattle,3257.0,3,True
2020-06-13,WA,Seattle,3223.0,3,True
2020-06-15,WA,Seattle,1277.0,2,True
2020-06-17,WA,Seattle,710.0,1,True
2020-06-18,WA,Seattle,1923.0,4,True
2020-06-19,WA,Seattle,473.0,1,True
2020-06-20,WA,Seattle,1595.0,4,True
2020-06-22,WA,Seattle,3298.0,2,True
2020-06-23,WA,Seattle,3143.0,4,True
2020-06-24,WA,Seattle,1842.0,3,True
2020-06-25,WA,Seattle,1009.0,1,True
2020-06-26,WA,Seattle,1125.0,3,True
2020-06-27,WA,Seattle,2187.0,2,True
2020-06-28,WA,Seattle,170.0,1,True
2020-06-29,WA,Seattle,419.0,1,True
2020-06-30,WA,Seattle,1989.0,4,True
2020-07-01,WA,Seattle,1989.0,5,True
2020-07-02,WA,Seattle,116.0,2,True
2020-07-03,WA,Seattle,95.0,1,True
2020-07-04,WA,Seattle,1646.0,3,True
2020-07-05,WA,Seattle,53.0,3,True
2020-07-06,WA,Seattle,1047.0,2,True
2020-07-07,WA,Seattle,50.0,2,True
2020-07-08,WA,Seattle,1209.0,3,True
2020-07-09,WA,Seattle,124.0,1,True
2020-07-11,WA,Seattle,424.0,1,True
2020-07-12,WA,Seattle,6.0,1,True
2020-07-13,WA,Seattle,55.0,2,True
2020-07-14,WA,Seattle,0.0,1,True
2020-07-15,WA,Seattle,936.0,2,True
2020-07-16,WA,Seattle,314.0,2,True
2020-07-17,WA,Seattle,218.0,1,True
2020-07-18,WA,Seattle,1762.0,2,True
2020-07-19,WA,Seattle,776.0,2,True
2020-07-20,WA,Seattle,120.0,2,True
2020-07-21,WA,Seattle,409.0,3,True
2020-07-22,WA,Seattle,376.0,1,True
2020-07-23,WA,Seattle,88.0,2,True
2020-07-24,WA,Seattle,541.0,4,True
2020-07-25,WA,Seattle,1216.0,1,True
2020-07-26,WA,Seattle,0.0,1,True
2020-07-27,WA,Seattle,185.0,2,True
2020-07-28,WA,Seattle,1322.0,4,True
2020-07-29,WA,Seattle,4254.0,3,True
2020-07-30,WA,Seattle,153.0,1,True
2020-08-02,WA,Seattle,553.0,3,True
2020-08-03,WA,Seattle,826.0,2,True
2020-08-04,WA,Seattle,0.0,1,True
2020-08-05,WA,Seattle,1219.0,4,True
2020-08-06,WA,Seattle,785.0,2,True
2020-08-07,WA,Seattle,1982.0,1,True
2020-08-08,WA,Seattle,44.0,4,True
2020-08-09,WA,Seattle,1049.0,2,True
2020-08-11,WA,Seattle,5551.0,2,True
2020-08-12,WA,Seattle,394.0,3,True
2020-08-13,WA,Seattle,1484.0,3,True
2020-08-14,WA,Seattle,685.0,2,True
2020-08-15,WA,Seattle,929.0,2,True
2020-08-16,WA,Seattle,219.0,4,True
2020-08-17,WA,Seattle,2307.0,1,True
2020-08-18,WA,Seattle,2184.0,2,True
2020-08-19,WA,Seattle,318.0,2,True
2020-08-20,WA,Seattle,22.0,1,True
2020-08-21,WA,Seattle,261.0,2,True
2020-08-22,WA,Seattle,1835.0,1,True
2020-08-24,WA,Seattle,1567.0,5,True
2020-08-26,WA,Seattle,3038.0,2,True
2020-08-27,WA,Seattle,1061.0,1,True
2020-08-28,WA,Seattle,109.0,2,True
2020-08-29,WA,Seattle,340.0,3,True
2020-08-30,WA,Seattle,1281.0,4,True
2020-08-31,WA,Seattle,155.0,2,True
2020-09-01,WA,Seattle,340.0,1,False
2020-09-02,WA,Seattle,425.0,3,False
2020-09-03,WA,Seattle,2600.0,2,False
2020-09-04,WA,Seattle,3248.0,6,False
2020-09-05,WA,Seattle,57.0,1,False
2020-09-06,WA,Seattle,3634.0,2,False
2020-09-07,WA,Seattle,15397.0,4,False
2020-09-08,WA,Seattle,1743.0,3,False
2020-09-09,WA,Seattle,516.0,5,False
2020-09-10,WA,Seattle,759.0,2,False
2020-09-11,WA,Seattle,477.0,3,False
2020-09-12,WA,Seattle,122.0,2,False
2020-09-13,WA,Seattle,1025.0,3,False
2020-09-14,WA,Seattle,353.0,3,False
2020-09-15,WA,Seattle,178.0,1,False
2020-09-16,WA,Seattle,97.0,1,False
2020-09-18,WA,Seattle,800.0,3,False
2020-09-19,WA,Seattle,25.0,2,False
2020-09-20,WA,Seattle,0.0,2,False
2020-09-21,WA,Seattle,3074.0,2,False
2020-09-22,WA,Seattle,1537.0,2,False
2020-09-23,WA,Seattle,774.0,4,False
2020-09-24,WA,Seattle,1162.0,2,False
2020-09-25,WA,Seattle,3545.0,3,False
2020-09-26,WA,Seattle,321.0,3,False
2020-09-27,WA,Seattle,186.0,2,False
2020-09-29,WA,Seattle,4629.0,3,False
2020-10-01,WA,Seattle,2152.0,1,False
2020-10-02,WA,Seattle,2974.0,6,False
2020-10-03,WA,Seattle,0.0,1,False
2020-10-04,WA,Seattle,1771.0,2,False
2020-10-05,WA,Seattle,227.0,2,False
2020-10-06,WA,Seattle,3369.0,6,False
2020-10-07,WA,Seattle,1009.0,3,False
2020-10-08,WA,Seattle,5807.0,2,False
2020-10-09,WA,Seattle,730.0,3,False
2020-10-10,WA,Seattle,2506.0,3,False
2020-10-11,WA,Seattle,1004.0,1,False
2020-10-12,WA,Seattle,1515.0,2,False
2020-10-13,WA,Seattle,163.0,1,False
2020-10-14,WA,Seattle,492.0,3,False
2020-10-15,WA,Seattle,358.0,2,False
2020-10-16,WA,Seattle,2459.0,4,False
2020-10-17,WA,Seattle,230.0,1,False
2020-10-18,WA,Seattle,149.0,2,False
2020-10-19,WA,Seattle,53.0,2,False
2020-10-21,WA,Seattle,28.0,1,False
2020-10-22,WA,Seattle,1209.0,4,False
2020-10-23,WA,Seattle,446.0,1,False
2020-10-24,WA,Seattle,5342.0,1,False
2020-10-25,WA,Seattle,836.0,2,False
2020-10-26,WA,Seattle,2245.0,2,False
2020-10-27,WA,Seattle,3147.0,2,False
2020-10-28,WA,Seattle,518.0,1,False
2020-10-29,WA,Seattle,4691.0,5,False
2020-10-30,WA,Seattle,654.0,2,False
2020-10-31,WA,Seattle,44.0,3,False
2020-11-01,WA,Seattle,222.0,3,False
2020-11-03,WA,Seattle,1864.0,2,False
2020-11-04,WA,Seattle,237.0,2,False
2020-11-05,WA,Seattle,3892.0,5,False
2020-11-06,WA,Seattle,2192.0,4,False
2020-11-07,WA,Seattle,662.0,2,False
2020-11-08,WA,Seattle,374.0,5,False
2020-11-09,WA,Seattle,193.0,2,False
2020-11-10,WA,Seattle,3.0,1,False
2020-11-12,WA,Seattle,554.0,2,False
2020-11-13,WA,Seattle,2767.0,5,False
2020-11-14,WA,Seattle,1777.0,2,False
2020-11-15,WA,Seattle,878.0,1,False
2020-11-16,WA,Seattle,211.0,4,False
2020-11-17,WA,Seattle,371.0,5,False
2020-11-18,WA,Seattle,0.0,2,False
2020-11-19,WA,Seattle,1055.0,2,False
2020-11-20,WA,Seattle,277.0,2,False
2020-11-23,WA,Seattle,1188.0,5,False
2020-11-24,WA,Seattle,99.0,2,False
2020-11-26,WA,Seattle,0.0,1,False
2020-11-27,WA,Seattle,1929.0,1,False
2020-11-28,WA,Seattle,419.0,5,False
2020-11-29,WA,Seattle,954.0,4,False
2020-11-30,WA,Seattle,144.0,3,False
2020-12-01,WA,Seattle,997.0,2,False
2020-12-02,WA,Seattle,0.0,1,False
2020-12-03,WA,Seattle,821.0,3,False
2020-12-04,WA,Seattle,63.0,1,False
2020-12-05,WA,Seattle,1544.0,5,False
2020-12-06,WA,Seattle,85.0,4,False
2020-12-08,WA,Seattle,807.0,4,False
2020-12-09,WA,Seattle,244.0,2,False
2020-12-10,WA,Seattle,1042.0,2,False
2020-12-11,WA,Seattle,170.0,2,False
2020-12-12,WA,Seattle,0.0,1,False
2020-12-13,WA,Seattle,0.0,3,False
2020-12-14,WA,Seattle,0.0,1,False
2020-12-15,WA,Seattle,0.0,1,False
2020-12-16,WA,Seattle,149.0,2,False
2020-12-17,WA,Seattle,392.0,2,False
2020-12-18,WA,Seattle,0.0,1,False
2020-12-19,WA,Seattle,522.0,2,False
2020-12-21,WA,Seattle,0.0,3,False
2020-12-22,WA,Seattle,0.0,1,False
2020-12-23,WA,Seattle,544.0,2,False
2020-12-26,WA,Seattle,186.0,1,False
2020-12-27,WA,Seattle,0.0,1,False
2020-12-28,WA,Seattle,456.0,3,False
2020-12-29,WA,Seattle,0.0,1,False
2020-12-30,WA,Seattle,548.0,1,False
2020-12-31,WA,Seattle,0.0,1,False
2021-01-01,WA,Seattle,104.0,4,False
2021-01-02,WA,Seattle,555.0,6,False
2021-01-03,WA,Seattle,0.0,2,False
2021-01-04,WA,Seattle,299.0,1,False
2021-01-05,WA,Seattle,103.0,1,False
2021-01-06,WA,Seattle,2253.0,5,False
2021-01-07,WA,Seattle,0.0,2,False
2021-01-08,WA,Seattle,0.0,1,False
2021-01-10,WA,Seattle,0.0,1,False
2021-01-11,WA,Seattle,194.0,1,False
2021-01-12,WA,Seattle,0.0,4,False
2021-01-14,WA,Seattle,260.0,1,False
2021-01-15,WA,Seattle,0.0,3,False
2021-01-16,WA,Seattle,0.0,3,False
2021-01-17,WA,Seattle,1756.0,2,False
2021-01-18,WA,Seattle,474.0,5,False
2021-01-19,WA,Seattle,265.0,3,False
2021-01-20,WA,Seattle,910.0,2,False
2021-01-21,WA,Seattle,986.0,3,False
2021-01-22,WA,Seattle,0.0,2,False
2021-01-23,WA,Seattle,114.0,3,False
2021-01-24,WA,Seattle,980.0,4,False
2021-01-25,WA,Seattle,518.0,4,False
2021-01-26,WA,Seattle,77.0,1,False
2021-01-27,WA,Seattle,133.0,3,False
2021-01-28,WA,Seattle,0.0,2,False
2021-01-29,WA,Seattle,1495.0,1,False
2021-01-30,WA,Seattle,270.0,2,False
2021-01-31,WA,Seattle,1221.0,4,False
2021-02-01,WA,Seattle,141.0,6,False
2021-02-03,WA,Seattle,438.0,3,False
2021-02-04,WA,Seattle,0.0,2,False
2021-02-05,WA,Seattle,137.0,1,False
2021-02-06,WA,Seattle,303.0,4,False
2021-02-07,WA,Seattle,0.0,1,False
2021-02-08,WA,Seattle,63.0,2,False
2021-02-09,WA,Seattle,491.0,1,False
2021-02-10,WA,Seattle,636.0,5,False
2021-02-11,WA,Seattle,319.0,1,False
2021-02-12,WA,Seattle,729.0,2,False
2021-02-13,WA,Seattle,0.0,2,False
2021-02-14,WA,Seattle,883.0,4,False
2021-02-15,WA,Seattle,1737.0,2,False
2021-02-16,WA,Seattle,1193.0,2,False
2021-02-17,WA,Seattle,944.0,2,False
2021-02-18,WA,Seattle,688.0,2,False
2021-02-21,WA,Seattle,180.0,1,False
2021-02-22,WA,Seattle,45.0,1,False
2021-02-23,WA,Seattle,958.0,3,False
2021-02-24,WA,Seattle,4738.0,5,False
2021-02-25,WA,Seattle,2167.0,4,False
2021-02-26,WA,Seattle,3016.0,5,False
2021-02-27,WA,Seattle,877.0,1,False
2021-02-28,WA,Seattle,56.0,3,False
2021-03-01,WA,Seattle,980.0,3,False
2021-03-02,WA,Seattle,5300.0,6,False
2021-03-03,WA,Seattle,45.0,1,False
2021-03-04,WA,Seattle,682.0,3,False
2021-03-05,WA,Seattle,46.0,1,False
2021-03-06,WA,Seattle,52.0,2,False
2021-03-07,WA,Seattle,808.0,3,False
2021-03-08,WA,Seattle,990.0,4,False
2021-03-10,WA,Seattle,3830.0,5,False
2021-03-11,WA,Seattle,950.0,1,False
2021-03-12,WA,Seattle,792.0,1,False
2021-03-14,WA,Seattle,3997.0,4,False
2021-03-15,WA,Seattle,50.0,2,False
2021-03-16,WA,Seattle,176.0,2,False
2021-03-17,WA,Seattle,1037.0,4,False
2021-03-18,WA,Seattle,359.0,2,False
2021-03-19,WA,Seattle,1486.0,2,False
2021-03-20,WA,Seattle,695.0,4,False
2021-03-21,WA,Seattle,157.0,4,False
2021-03-22,WA,Seattle,1577.0,2,False
2021-03-23,WA,Seattle,4034.0,4,False
2021-03-24,WA,Seattle,28.0,1,False
2021-03-25,WA,Seattle,5186.0,4,False
2021-03-26,WA,Seattle,602.0,1,False
2021-03-27,WA,Seattle,151.0,2,False
2021-03-28,WA,Seattle,592.0,1,False
2021-03-30,WA,Seattle,480.0,2,False
2021-03-31,WA,Seattle,172.0,1,False
2021-04-01,WA,Seattle,901.0,2,False
2021-04-02,WA,Seattle,2405.0,8,False
2021-04-03,WA,Seattle,2169.0,5,False
2021-04-04,WA,Seattle,1121.0,3,False
2021-04-06,WA,Seattle,160.0,1,False
2021-04-07,WA,Seattle,1099.0,1,False
2021-04-08,WA,Seattle,3338.0,2,False
2021-04-10,WA,Seattle,567.0,4,False
2021-04-12,WA,Seattle,689.0,5,False
2021-04-13,WA,Seattle,4351.0,5,False
2021-04-14,WA,Seattle,595.0,2,False
2021-04-15,WA,Seattle,31.0,1,False
2021-04-16,WA,Seattle,3035.0,6,False
2021-04-17,WA,Seattle,146.0,2,False
2021-04-18,WA,Seattle,1014.0,3,False
2021-04-19,WA,Seattle,213.0,1,False
2021-04-20,WA,Seattle,2391.0,7,False
2021-04-21,WA,Seattle,3093.0,3,False
2021-04-22,WA,Seattle,63.0,2,False
2021-04-23,WA,Seattle,526.0,3,False
2021-04-24,WA,Seattle,1040.0,3,False
2021-04-25,WA,Seattle,256.0,1,False
2021-04-26,WA,Seattle,164.0,3,False
2021-04-27,WA,Seattle,2439.0,4,False
2021-04-28,WA,Seattle,41.0,1,False
2021-04-29,WA,Seattle,1187.0,2,False
2021-04-30,WA,Seattle,3025.0,4,False
2021-05-01,WA,Seattle,2363.0,4,False
2021-05-02,WA,Seattle,1306.0,1,False
2021-05-03,WA,Seattle,2260.0,1,False
2021-05-04,WA,Seattle,1499.0,3,False
2021-05-05,WA,Seattle,2279.0,5,False
2021-05-06,WA,Seattle,1674.0,1,False
2021-05-07,WA,Seattle,877.0,2,False
2021-05-09,WA,Seattle,309.0,2,False
2021-05-10,WA,Seattle,226.0,3,False
2021-05-11,WA,Seattle,158.0,1,False
2021-05-12,WA,Seattle,1869.0,4,False
2021-05-13,WA,Seattle,126.0,4,False
2021-05-14,WA,Seattle,3446.0,4,False
2021-05-15,WA,Seattle,1412.0,2,False
2021-05-16,WA,Seattle,1453.0,5,False
2021-05-17,WA,Seattle,300.0,1,False
2021-05-18,WA,Seattle,202.0,1,False
2021-05-19,WA,Seattle,546.0,2,False
2021-05-20,WA,Seattle,2166.0,1,False
2021-05-21,WA,Seattle,543.0,2,False
2021-05-22,WA,Seattle,2109.0,1,False
2021-05-23,WA,Seattle,1680.0,1,False
2021-05-24,WA,Seattle,986.0,2,False
2021-05-26,WA,Seattle,345.0,4,False
2021-05-27,WA,Seattle,1807.0,2,False
2021-05-28,WA,Seattle,2025.0,1,False
2021-05-29,WA,Seattle,1392.0,1,False
2021-05-30,WA,Seattle,3754.0,4,False
2021-06-01,WA,Seattle,235.0,1,True
2021-06-02,WA,Seattle,3278.0,4,True
2021-06-04,WA,Seattle,2291.0,3,True
2021-06-05,WA,Seattle,447.0,4,True
2021-06-06,WA,Seattle,2426.0,2,True
2021-06-07,WA,Seattle,1366.0,1,True
2021-06-08,WA,Seattle,79.0,1,True
2021-06-09,WA,Seattle,5835.0,4,True
2021-06-10,WA,Seattle,479.0,2,True
2021-06-11,WA,Seattle,19.0,1,True
2021-06-12,WA,Seattle,2975.0,5,True
2021-06-13,WA,Seattle,2044.0,4,True
2021-06-14,WA,Seattle,4791.0,6,True
2021-06-15,WA,Seattle,3437.0,6,True
2021-06-16,WA,Seattle,165.0,1,True
2021-06-17,WA,Seattle,159.0,2,True
2021-06-18,WA,Seattle,500.0,3,True
2021-06-19,WA,Seattle,85.0,2,True
2021-06-20,WA,Seattle,722.0,3,True
2021-06-21,WA,Seattle,2617.0,2,True
2021-06-22,WA,Seattle,2550.0,2,True
2021-06-23,WA,Seattle,735.0,2,True
2021-06-26,WA,Seattle,54.0,2,True
2021-06-27,WA,Seattle,143.0,1,True
2021-06-29,WA,Seattle,1161.0,2,True
2021-06-30,WA,Seattle,2318.0,4,True
2021-07-01,WA,Seattle,7799.0,5,True
2021-07-03,WA,Seattle,0.0,1,True
2021-07-04,WA,Seattle,888.0,3,True
2021-07-05,WA,Seattle,376.0,1,True
2021-07-06,WA,Seattle,549.0,3,True
2021-07-07,WA,Seattle,138.0,2,True
2021-07-08,WA,Seattle,346.0,3,True
2021-07-10,WA,Seattle,1175.0,2,True
2021-07-11,WA,Seattle,844.0,4,True
2021-07-12,WA,Seattle,4702.0,5,True
2021-07-14,WA,Seattle,4769.0,3,True
2021-07-15,WA,Seattle,851.0,4,True
2021-07-16,WA,Seattle,100.0,2,True
2021-07-17,WA,Seattle,159.0,2,True
2021-07-18,WA,Seattle,1231.0,4,True
2021-07-19,WA,Seattle,1703.0,2,True
2021-07-20,WA,Seattle,1007.0,3,True
2021-07-21,WA,Seattle,25.0,1,True
2021-07-22,WA,Seattle,1756.0,2,True
2021-07-23,WA,Seattle,5740.0,4,True
2021-07-24,WA,Seattle,2155.0,5,True
2021-07-25,WA,Seattle,314.0,2,True
2021-07-27,WA,Seattle,91.0,2,True
2021-07-28,WA,Seattle,124.0,1,True
2021-07-29,WA,Seattle,3519.0,4,True
2021-07-30,WA,Seattle,4323.0,3,True
2021-07-31,WA,Seattle,3702.0,5,True
2021-08-01,WA,Seattle,2503.0,3,True
2021-08-02,WA,Seattle,375.0,1,True
2021-08-03,WA,Seattle,4141.0,3,True
2021-08-04,WA,Seattle,671.0,4,True
2021-08-05,WA,Seattle,13.0,1,True
2021-08-06,WA,Seattle,3391.0,5,True
2021-08-07,WA,Seattle,2893.0,2,True
2021-08-08,WA,Seattle,1206.0,3,True
2021-08-09,WA,Seattle,1903.0,5,True
2021-08-10,WA,Seattle,344.0,2,True
2021-08-11,WA,Seattle,938.0,3,True
2021-08-12,WA,Seattle,572.0,2,True
2021-08-13,WA,Seattle,128.0,1,True
2021-08-14,WA,Seattle,3999.0,3,True
2021-08-15,WA,Seattle,2640.0,2,True
2021-08-16,WA,Seattle,94.0,1,True
2021-08-17,WA,Seattle,124.0,1,True
2021-08-18,WA,Seattle,2153.0,2,True
2021-08-19,WA,Seattle,1107.0,2,True
2021-08-20,WA,Seattle,636.0,1,True
2021-08-21,WA,Seattle,229.0,1,True
2021-08-22,WA,Seattle,4338.0,2,True
2021-08-23,WA,Seattle,401.0,1,True
2021-08-24,WA,Seattle,465.0,2,True
2021-08-25,WA,Seattle,611.0,2,True
2021-08-26,WA,Seattle,2174.0,2,True
2021-08-27,WA,Seattle,1256.0,1,True
2021-08-28,WA,Seattle,4818.0,4,True
2021-08-29,WA,Seattle,11580.0,5,True
2021-08-30,WA,Seattle,675.0,2,True
2021-08-31,WA,Seattle,2618.0,5,True
2021-09-01,WA,Seattle,500.0,3,False
2021-09-04,WA,Seattle,902.0,1,False
2021-09-05,WA,Seattle,294.0,2,False
2021-09-06,WA,Seattle,42.0,1,False
2021-09-07,WA,Seattle,3122.0,6,False
2021-09-08,WA,Seattle,2644.0,3,False
2021-09-10,WA,Seattle,572.0,3,False
2021-09-11,WA,Seattle,922.0,2,False
2021-09-12,WA,Seattle,130.0,2,False
2021-09-13,WA,Seattle,20.0,1,False
2021-09-14,WA,Seattle,1172.0,3,False
2021-09-15,WA,Seattle,817.0,1,False
2021-09-16,WA,Seattle,41.0,1,False
2021-09-17,WA,Seattle,1367.0,3,False
2021-09-18,WA,Seattle,496.0,3,False
2021-09-19,WA,Seattle,1581.0,3,False
2021-09-20,WA,Seattle,3900.0,3,False
2021-09-21,WA,Seattle,923.0,3,False
2021-09-22,WA,Seattle,2011.0,2,False
2021-09-23,WA,Seattle,1219.0,4,False
2021-09-24,WA,Seattle,1643.0,4,False
2021-09-25,WA,Seattle,1938.0,1,False
2021-09-26,WA,Seattle,381.0,1,False
2021-09-28,WA,Seattle,120.0,1,False
2021-09-29,WA,Seattle,5180.0,2,False
2021-09-30,WA,Seattle,1758.0,1,False
2021-10-01,WA,Seattle,2813.0,2,False
2021-10-02,WA,Seattle,825.0,1,False
2021-10-03,WA,Seattle,3303.0,1,False
2021-10-04,WA,Seattle,1349.0,4,False
2021-10-06,WA,Seattle,1454.0,3,False
2021-10-08,WA,Seattle,5034.0,3,False
2021-10-09,WA,Seattle,382.0,2,False
2021-10-10,WA,Seattle,2113.0,5,False
2021-10-11,WA,Seattle,2150.0,2,False
2021-10-12,WA,Seattle,3270.0,2,False
2021-10-13,WA,Seattle,29.0,1,False
2021-10-15,WA,Seattle,228.0,2,False
2021-10-16,WA,Seattle,1576.0,5,False
2021-10-17,WA,Seattle,113.0,3,False
2021-10-18,WA,Seattle,1957.0,4,False
2021-10-19,WA,Seattle,13.0,1,False
2021-10-20,WA,Seattle,303.0,1,False
2021-10-21,WA,Seattle,482.0,1,False
2021-10-22,WA,Seattle,1666.0,5,False
2021-10-24,WA,Seattle,4641.0,5,False
2021-10-26,WA,Seattle,3003.0,4,False
2021-10-27,WA,Seattle,2216.0,2,False
2021-10-28,WA,Seattle,531.0,3,False
2021-10-30,WA,Seattle,0.0,2,False
2021-10-31,WA,Seattle,803.0,3,False
2021-11-01,WA,Seattle,1279.0,2,False
2021-11-02,WA,Seattle,1902.0,4,False
2021-11-03,WA,Seattle,3410.0,3,False
2021-11-04,WA,Seattle,912.0,3,False
2021-11-05,WA,Seattle,4909.0,2,False
2021-11-06,WA,Seattle,6796.0,5,False
2021-11-07,WA,Seattle,980.0,5,False
2021-11-08,WA,Seattle,222.0,3,False
2021-11-09,WA,Seattle,2717.0,2,False
2021-11-11,WA,Seattle,2876.0,2,False
2021-11-12,WA,Seattle,2006.0,3,False
2021-11-13,WA,Seattle,10859.0,7,False
2021-11-14,WA,Seattle,764.0,2,False
2021-11-15,WA,Seattle,327.0,2,False
2021-11-16,WA,Seattle,2868.0,3,False
2021-11-18,WA,Seattle,1137.0,2,False
2021-11-19,WA,Seattle,4206.0,4,False
2021-11-20,WA,Seattle,132.0,1,False
2021-11-21,WA,Seattle,1563.0,4,False
2021-11-22,WA,Seattle,1319.0,2,False
2021-11-23,WA,Seattle,648.0,4,False
2021-11-25,WA,Seattle,5064.0,3,False
2021-11-26,WA,Seattle,3224.0,3,False
2021-11-27,WA,Seattle,700.0,6,False
2021-11-29,WA,Seattle,137.0,1,False
2021-11-30,WA,Seattle,521.0,3,False
2021-12-01,WA,Seattle,38.0,1,False
2021-12-02,WA,Seattle,563.0,5,False
2021-12-03,WA,Seattle,691.0,2,False
2021-12-04,WA,Seattle,2453.0,3,False
2021-12-05,WA,Seattle,140.0,2,False
2021-12-06,WA,Seattle,586.0,4,False
2021-12-07,WA,Seattle,589.0,5,False
2021-12-08,WA,Seattle,355.0,2,False
2021-12-09,WA,Seattle,2493.0,3,False
2021-12-10,WA,Seattle,1698.0,3,False
2021-12-11,WA,Seattle,1086.0,3,False
2021-12-12,WA,Seattle,2292.0,6,False
2021-12-13,WA,Seattle,58.0,1,False
2021-12-14,WA,Seattle,1316.0,2,False
2021-12-15,WA,Seattle,4757.0,7,False
2021-12-16,WA,Seattle,8417.0,3,False
2021-12-17,WA,Seattle,90.0,2,False
2021-12-18,WA,Seattle,599.0,1,False
2021-12-19,WA,Seattle,299.0,2,False
2021-12-20,WA,Seattle,1915.0,3,False
2021-12-21,WA,Seattle,2458.0,3,False
2021-12-22,WA,Seattle,144.0,1,False
2021-12-23,WA,Seattle,802.0,2,False
2021-12-24,WA,Seattle,2923.0,1,False
2021-12-25,WA,Seattle,0.0,6,False
2021-12-26,WA,Seattle,2144.0,3,False
2021-12-30,WA,Seattle,12.0,1,False
2021-12-31,WA,Seattle,58.0,1,False
2022-01-01,WA,Seattle,551.0,2,False
2022-01-02,WA,Seattle,2468.0,3,False
2022-01-03,WA,Seattle,1469.0,3,False
2022-01-04,WA,Seattle,2227.0,5,False
2022-01-05,WA,Seattle,147.0,1,False
2022-01-06,WA,Seattle,2208.0,2,False
2022-01-07,WA,Seattle,890.0,2,False
2022-01-08,WA,Seattle,15.0,2,False
2022-01-09,WA,Seattle,1611.0,1,False
2022-01-10,WA,Seattle,1195.0,3,False
2022-01-12,WA,Seattle,167.0,2,False
2022-01-13,WA,Seattle,669.0,1,False
2022-01-14,WA,Seattle,353.0,1,False
2022-01-15,WA,Seattle,4717.0,5,False
2022-01-16,WA,Seattle,6.0,1,False
2022-01-17,WA,Seattle,1994.0,2,False
2022-01-18,WA,Seattle,727.0,1,False
2022-01-19,WA,Seattle,1705.0,3,False
2022-01-20,WA,Seattle,1246.0,4,False
2022-01-21,WA,Seattle,106.0,1,False
2022-01-22,WA,Seattle,4662.0,2,False
2022-01-23,WA,Seattle,765.0,3,False
2022-01-25,WA,Seattle,4049.0,6,False
2022-01-26,WA,Seattle,35.0,2,False
2022-01-27,WA,Seattle,9.0,1,False
2022-01-29,WA,Seattle,76.0,1,False
2022-01-30,WA,Seattle,715.0,1,False
2022-01-31,WA,Seattle,2560.0,2,False
2022-02-02,WA,Seattle,2231.0,1,False
2022-02-03,WA,Seattle,112.0,3,False
2022-02-04,WA,Seattle,1727.0,3,False
2022-02-05,WA,Seattle,0.0,1,False
2022-02-06,WA,Seattle,1564.0,3,False
2022-02-07,WA,Seattle,251.0,2,False
2022-02-08,WA,Seattle,1017.0,2,False
2022-02-09,WA,Seattle,3283.0,2,False
2022-02-10,WA,Seattle,491.0,3,False
2022-02-11,WA,Seattle,1073.0,4,False
2022-02-12,WA,Seattle,1142.0,1,False
2022-02-14,WA,Seattle,1607.0,3,False
2022-02-15,WA,Seattle,12.0,1,False
2022-02-17,WA,Seattle,151.0,1,False
2022-02-18,WA,Seattle,6151.0,3,False
2022-02-19,WA,Seattle,413.0,4,False
2022-02-20,WA,Seattle,128.0,4,False
2022-02-21,WA,Seattle,2521.0,4,False
2022-02-22,WA,Seattle,139.0,3,False
2022-02-23,WA,Seattle,3019.0,3,False
2022-02-24,WA,Seattle,2321.0,3,False
2022-02-26,WA,Seattle,2785.0,3,False
2022-02-27,WA,Seattle,865.0,4,False
2022-02-28,WA,Seattle,104.0,2,False
2022-03-01,WA,Seattle,238.0,2,False
2022-03-05,WA,Seattle,15247.0,6,False
2022-03-06,WA,Seattle,2038.0,4,False
2022-03-07,WA,Seattle,1551.0,1,False
2022-03-08,WA,Seattle,353.0,3,False
2022-03-09,WA,Seattle,4131.0,2,False
2022-03-10,WA,Seattle,1520.0,2,False
2022-03-11,WA,Seattle,351.0,2,False
2022-03-12,WA,Seattle,1011.0,2,False
2022-03-13,WA,Seattle,5779.0,5,False
2022-03-14,WA,Seattle,429.0,5,False
2022-03-15,WA,Seattle,159.0,1,False
2022-03-16,WA,Seattle,166.0,2,False
2022-03-17,WA,Seattle,39.0,3,False
2022-03-18,WA,Seattle,2933.0,3,False
2022-03-19,WA,Seattle,3948.0,1,False
2022-03-20,WA,Seattle,392.0,1,False
2022-03-21,WA,Seattle,3289.0,3,False
2022-03-22,WA,Seattle,77.0,1,False
2022-03-23,WA,Seattle,1225.0,1,False
2022-03-24,WA,Seattle,2638.0,6,False
2022-03-25,WA,Seattle,5448.0,2,False
2022-03-26,WA,Seattle,86.0,1,False
2022-03-28,WA,Seattle,1698.0,4,False
2022-03-29,WA,Seattle,1848.0,1,False
2022-03-30,WA,Seattle,200.0,1,False
2022-03-31,WA,Seattle,31.0,1,False
2022-04-01,WA,Seattle,21.0,1,False
2022-04-02,WA,Seattle,952.0,2,False
2022-04-03,WA,Seattle,3473.0,6,False
2022-04-04,WA,Seattle,239.0,2,False
2022-04-05,WA,Seattle,42.0,1,False
2022-04-06,WA,Seattle,94.0,1,False
2022-04-07,WA,Seattle,2300.0,3,False
2022-04-08,WA,Seattle,224.0,1,False
2022-04-09,WA,Seattle,176.0,2,False
2022-04-10,WA,Seattle,157.0,1,False
2022-04-11,WA,Seattle,187.0,2,False
2022-04-12,WA,Seattle,57.0,1,False
2022-04-13,WA,Seattle,85.0,3,False
2022-04-14,WA,Seattle,1232.0,3,False
2022-04-15,WA,Seattle,9746.0,7,False
2022-04-16,WA,Seattle,665.0,4,False
2022-04-17,WA,Seattle,1474.0,4,False
2022-04-18,WA,Seattle,693.0,4,False
2022-04-19,WA,Seattle,19.0,1,False
2022-04-20,WA,Seattle,5145.0,5,False
2022-04-21,WA,Seattle,88.0,2,False
2022-04-22,WA,Seattle,523.0,2,False
2022-04-23,WA,Seattle,731.0,3,False
2022-04-24,WA,Seattle,0.0,2,False
2022-04-25,WA,Seattle,536.0,2,False
2022-04-26,WA,Seattle,293.0,5,False
2022-04-27,WA,Seattle,27.0,1,False
2022-04-28,WA,Seattle,2888.0,3,False
2022-04-29,WA,Seattle,2705.0,2,False
2022-04-30,WA,Seattle,2402.0,5,False
2022-05-01,WA,Seattle,1157.0,3,False
2022-05-02,WA,Seattle,601.0,2,False
2022-05-03,WA,Seattle,4120.0,3,False
2022-05-04,WA,Seattle,391.0,3,False
2022-05-05,WA,Seattle,149.0,2,False
2022-05-06,WA,Seattle,589.0,2,False
2022-05-08,WA,Seattle,212.0,2,False
2022-05-09,WA,Seattle,789.0,1,False
2022-05-10,WA,Seattle,3249.0,4,False
2022-05-11,WA,Seattle,43.0,1,False
2022-05-12,WA,Seattle,1565.0,3,False
2022-05-13,WA,Seattle,8.0,1,False
2022-05-14,WA,Seattle,8894.0,5,False
2022-05-15,WA,Seattle,0.0,1,False
2022-05-17,WA,Seattle,340.0,2,False
2022-05-18,WA,Seattle,46.0,2,False
2022-05-20,WA,Seattle,532.0,3,False
2022-05-21,WA,Seattle,1280.0,2,False
2022-05-22,WA,Seattle,502.0,4,False
2022-05-23,WA,Seattle,636.0,2,False
2022-05-24,WA,Seattle,1661.0,4,False
2022-05-25,WA,Seattle,200.0,2,False
2022-05-26,WA,Seattle,898.0,3,False
2022-05-27,WA,Seattle,1306.0,5,False
2022-05-28,WA,Seattle,30.0,1,False
2022-05-29,WA,Seattle,1998.0,2,False
2022-05-30,WA,Seattle,3794.0,2,False
2022-05-31,WA,Seattle,874.0,5,False
2022-06-01,WA,Seattle,71.0,2,True
2022-06-02,WA,Seattle,1122.0,2,True
2022-06-03,WA,Seattle,481.0,1,True
2022-06-04,WA,Seattle,1292.0,2,True
2022-06-05,WA,Seattle,3106.0,5,True
2022-06-06,WA,Seattle,4251.0,5,True
2022-06-08,WA,Seattle,28.0,1,True
2022-06-09,WA,Seattle,107.0,2,True
2022-06-10,WA,Seattle,1473.0,2,True
2022-06-11,WA,Seattle,347.0,1,True
2022-06-12,WA,Seattle,158.0,1,True
2022-06-13,WA,Seattle,545.0,2,True
2022-06-14,WA,Seattle,127.0,2,True
2022-06-15,WA,Seattle,448.0,1,True
2022-06-16,WA,Seattle,1417.0,4,True
2022-06-17,WA,Seattle,4422.0,3,True
2022-06-18,WA,Seattle,85.0,3,True
2022-06-19,WA,Seattle,784.0,2,True
2022-06-21,WA,Seattle,40.0,1,True
2022-06-22,WA,Seattle,10.0,1,True
2022-06-23,WA,Seattle,1680.0,2,True
2022-06-24,WA,Seattle,5167.0,1,True
2022-06-25,WA,Seattle,224.0,1,True
2022-06-26,WA,Seattle,562.0,1,True
2022-06-27,WA,Seattle,814.0,5,True
2022-06-28,WA,Seattle,4817.0,6,True
2022-06-29,WA,Seattle,5563.0,6,True
2022-06-30,WA,Seattle,993.0,2,True
2022-07-01,WA,Seattle,39.0,2,True
2022-07-02,WA,Seattle,558.0,2,True
2022-07-03,WA,Seattle,1114.0,2,True
2022-07-04,WA,Seattle,3337.0,4,True
2022-07-05,WA,Seattle,941.0,2,True
2022-07-06,WA,Seattle,3562.0,4,True
2022-07-07,WA,Seattle,2505.0,2,True
2022-07-08,WA,Seattle,4599.0,5,True
2022-07-09,WA,Seattle,28.0,2,True
2022-07-10,WA,Seattle,552.0,2,True
2022-07-11,WA,Seattle,385.0,3,True
2022-07-12,WA,Seattle,915.0,4,True
2022-07-13,WA,Seattle,835.0,4,True
2022-07-14,WA,Seattle,1974.0,2,True
2022-07-15,WA,Seattle,5039.0,4,True
2022-07-16,WA,Seattle,51.0,3,True
2022-07-18,WA,Seattle,2078.0,3,True
2022-07-19,WA,Seattle,373.0,4,True
2022-07-20,WA,Seattle,143.0,1,True
2022-07-21,WA,Seattle,2116.0,2,True
2022-07-22,WA,Seattle,2495.0,3,True
2022-07-23,WA,Seattle,6650.0,7,True
2022-07-24,WA,Seattle,32.0,2,True
2022-07-25,WA,Seattle,517.0,2,True
2022-07-26,WA,Seattle,39.0,1,True
2022-07-27,WA,Seattle,791.0,1,True
2022-07-28,WA,Seattle,3892.0,2,True
2022-07-30,WA,Seattle,300.0,2,True
2022-07-31,WA,Seattle,1449.0,1,True
2022-08-01,WA,Seattle,110.0,1,True
2022-08-02,WA,Seattle,410.0,1,True
2022-08-03,WA,Seattle,4720.0,6,True
2022-08-05,WA,Seattle,609.0,2,True
2022-08-06,WA,Seattle,5139.0,2,True
2022-08-07,WA,Seattle,0.0,2,True
2022-08-08,WA,Seattle,444.0,2,True
2022-08-09,WA,Seattle,217.0,2,True
2022-08-10,WA,Seattle,1670.0,4,True
2022-08-11,WA,Seattle,591.0,4,True
2022-08-12,WA,Seattle,127.0,2,True
2022-08-13,WA,Seattle,209.0,4,True
2022-08-14,WA,Seattle,1958.0,2,True
2022-08-15,WA,Seattle,1906.0,2,True
2022-08-16,WA,Seattle,1056.0,3,True
2022-08-17,WA,Seattle,2872.0,4,True
2022-08-18,WA,Seattle,90.0,1,True
2022-08-19,WA,Seattle,2790.0,1,True
2022-08-20,WA,Seattle,1448.0,5,True
2022-08-21,WA,Seattle,0.0,1,True
2022-08-22,WA,Seattle,2099.0,3,True
2022-08-23,WA,Seattle,18.0,1,True
2022-08-24,WA,Seattle,1706.0,3,True
2022-08-25,WA,Seattle,5493.0,3,True
2022-08-26,WA,Seattle,763.0,3,True
2022-08-29,WA,Seattle,1971.0,3,True
2022-08-30,WA,Seattle,124.0,2,True
2022-08-31,WA,Seattle,27.0,1,True
2022-09-01,WA,Seattle,291.0,2,False
2022-09-02,WA,Seattle,292.0,1,False
2022-09-03,WA,Seattle,894.0,3,False
2022-09-04,WA,Seattle,80.0,1,False
2022-09-05,WA,Seattle,314.0,2,False
2022-09-06,WA,Seattle,14837.0,3,False
2022-09-07,WA,Seattle,6866.0,3,False
2022-09-08,WA,Seattle,339.0,2,False
2022-09-10,WA,Seattle,1859.0,4,False
2022-09-12,WA,Seattle,401.0,3,False
2022-09-13,WA,Seattle,1158.0,2,False
2022-09-14,WA,Seattle,186.0,2,False
2022-09-15,WA,Seattle,561.0,3,False
2022-09-16,WA,Seattle,69.0,1,False
2022-09-17,WA,Seattle,1792.0,1,False
2022-09-18,WA,Seattle,12.0,2,False
2022-09-19,WA,Seattle,1694.0,4,False
2022-09-21,WA,Seattle,1063.0,3,False
2022-09-22,WA,Seattle,732.0,1,False
2022-09-23,WA,Seattle,60.0,1,False
2022-09-25,WA,Seattle,351.0,1,False
2022-09-27,WA,Seattle,2218.0,2,False
2022-09-30,WA,Seattle,126.0,2,False
2022-10-02,WA,Seattle,370.0,1,False
2022-10-03,WA,Seattle,960.0,2,False
2022-10-04,WA,Seattle,11.0,1,False
2022-10-05,WA,Seattle,2555.0,3,False
2022-10-06,WA,Seattle,722.0,2,False
2022-10-07,WA,Seattle,26.0,1,False
2022-10-09,WA,Seattle,175.0,1,False
2022-10-11,WA,Seattle,3211.0,6,False
2022-10-13,WA,Seattle,42.0,3,False
2022-10-14,WA,Seattle,3732.0,4,False
2022-10-15,WA,Seattle,1348.0,2,False
2022-10-17,WA,Seattle,122.0,2,False
2022-10-18,WA,Seattle,394.0,1,False
2022-10-19,WA,Seattle,356.0,3,False
2022-10-20,WA,Seattle,2939.0,3,False
2022-10-21,WA,Seattle,91.0,3,False
2022-10-22,WA,Seattle,2724.0,3,False
2022-10-23,WA,Seattle,3512.0,1,False
2022-10-24,WA,Seattle,515.0,4,False
2022-10-25,WA,Seattle,255.0,3,False
2022-10-26,WA,Seattle,3872.0,2,False
2022-10-27,WA,Seattle,4453.0,3,False
2022-10-28,WA,Seattle,1796.0,1,False
2022-10-29,WA,Seattle,825.0,2,False
2022-10-30,WA,Seattle,927.0,2,False
2022-10-31,WA,Seattle,3357.0,4,False
2022-11-01,WA,Seattle,302.0,1,False
2022-11-02,WA,Seattle,1105.0,2,False
2022-11-03,WA,Seattle,196.0,1,False
2022-11-04,WA,Seattle,2101.0,7,False
2022-11-05,WA,Seattle,5233.0,4,False
2022-11-06,WA,Seattle,761.0,3,False
2022-11-07,WA,Seattle,1666.0,6,False
2022-11-08,WA,Seattle,607.0,2,False
2022-11-09,WA,Seattle,460.0,2,False
2022-11-10,WA,Seattle,895.0,5,False
2022-11-12,WA,Seattle,223.0,2,False
2022-11-13,WA,Seattle,342.0,1,False
2022-11-14,WA,Seattle,759.0,3,False
2022-11-15,WA,Seattle,843.0,2,False
2022-11-16,WA,Seattle,5216.0,4,False
2022-11-17,WA,Seattle,2495.0,3,False
2022-11-18,WA,Seattle,2613.0,4,False
2022-11-19,WA,Seattle,2042.0,4,False
2022-11-21,WA,Seattle,599.0,4,False
2022-11-22,WA,Seattle,35.0,1,False
2022-11-23,WA,Seattle,1280.0,2,False
2022-11-24,WA,Seattle,0.0,4,False
2022-11-26,WA,Seattle,199.0,2,False
2022-11-27,WA,Seattle,1529.0,2,False
2022-11-28,WA,Seattle,160.0,1,False
2022-11-29,WA,Seattle,2308.0,3,False
2022-11-30,WA,Seattle,519.0,3,False
2022-12-01,WA,Seattle,2145.0,1,False
2022-12-02,WA,Seattle,389.0,2,False
2022-12-03,WA,Seattle,4867.0,4,False
2022-12-04,WA,Seattle,135.0,1,False
2022-12-05,WA,Seattle,81.0,1,False
2022-12-06,WA,Seattle,668.0,2,False
2022-12-07,WA,Seattle,5657.0,1,False
2022-12-10,WA,Seattle,1928.0,2,False
2022-12-11,WA,Seattle,6884.0,3,False
2022-12-12,WA,Seattle,1479.0,2,False
2022-12-13,WA,Seattle,1780.0,3,False
2022-12-14,WA,Seattle,5508.0,5,False
2022-12-16,WA,Seattle,98.0,1,False
2022-12-17,WA,Seattle,1762.0,5,False
2022-12-19,WA,Seattle,557.0,2,False
2022-12-20,WA,Seattle,869.0,2,False
2022-12-21,WA,Seattle,19633.0,3,False
2022-12-22,WA,Seattle,412.0,1,False
2022-12-24,WA,Seattle,1371.0,4,False
2022-12-25,WA,Seattle,4019.0,3,False
2022-12-26,WA,Seattle,85.0,1,False
2022-12-27,WA,Seattle,648.0,2,False
2022-12-29,WA,Seattle,7706.0,7,False
2022-12-31,WA,Seattle,2811.0,4,False
2023-01-01,WA,Seattle,92.0,1,False
2023-01-02,WA,Seattle,301.0,3,False
2023-01-03,WA,Seattle,756.0,1,False
2023-01-04,WA,Seattle,1690.0,1,False
2023-01-05,WA,Seattle,967.0,3,False
2023-01-06,WA,Seattle,8451.0,2,False
2023-01-07,WA,Seattle,150.0,1,False
2023-01-08,WA,Seattle,693.0,1,False
2023-01-09,WA,Seattle,1359.0,4,False
2023-01-10,WA,Seattle,461.0,2,False
2023-01-11,WA,Seattle,487.0,1,False
2023-01-13,WA,Seattle,70.0,3,False
2023-01-14,WA,Seattle,1763.0,6,False
2023-01-15,WA,Seattle,0.0,1,False
2023-01-16,WA,Seattle,19.0,1,False
2023-01-17,WA,Seattle,2376.0,4,False
2023-01-18,WA,Seattle,65.0,2,False
2023-01-19,WA,Seattle,287.0,3,False
2023-01-20,WA,Seattle,117.0,1,False
2023-01-21,WA,Seattle,350.0,1,False
2023-01-22,WA,Seattle,2057.0,4,False
2023-01-25,WA,Seattle,1399.0,6,False
2023-01-26,WA,Seattle,1082.0,2,False
2023-01-27,WA,Seattle,477.0,1,False
2023-01-28,WA,Seattle,305.0,1,False
2023-01-29,WA,Seattle,1334.0,2,False
2023-01-30,WA,Seattle,78.0,1,False
2023-02-01,WA,Seattle,3940.0,1,False
2023-02-04,WA,Seattle,5635.0,3,False
2023-02-06,WA,Seattle,1233.0,2,False
2023-02-07,WA,Seattle,884.0,2,False
2023-02-08,WA,Seattle,589.0,1,False
2023-02-09,WA,Seattle,1004.0,5,False
2023-02-10,WA,Seattle,1177.0,5,False
2023-02-11,WA,Seattle,867.0,2,False
2023-02-12,WA,Seattle,613.0,2,False
2023-02-13,WA,Seattle,38.0,1,False
2023-02-14,WA,Seattle,341.0,1,False
2023-02-17,WA,Seattle,3206.0,1,False
2023-02-18,WA,Seattle,66.0,1,False
2023-02-19,WA,Seattle,3538.0,1,False
2023-02-20,WA,Seattle,1430.0,3,False
2023-02-21,WA,Seattle,485.0,3,False
2023-02-22,WA,Seattle,60.0,2,False
2023-02-23,WA,Seattle,3126.0,2,False
2023-02-24,WA,Seattle,1875.0,4,False
2023-02-25,WA,Seattle,75.0,2,False
2023-02-26,WA,Seattle,8339.0,4,False
2023-02-27,WA,Seattle,1709.0,1,False
2023-02-28,WA,Seattle,263.0,2,False
2023-03-02,WA,Seattle,408.0,1,False
2023-03-03,WA,Seattle,203.0,1,False
2023-03-04,WA,Seattle,1348.0,7,False
2023-03-05,WA,Seattle,3411.0,3,False
2023-03-06,WA,Seattle,126.0,2,False
2023-03-07,WA,Seattle,420.0,1,False
2023-03-08,WA,Seattle,888.0,2,False
2023-03-09,WA,Seattle,1083.0,4,False
2023-03-10,WA,Seattle,376.0,4,False
2023-03-11,WA,Seattle,10.0,2,False
2023-03-12,WA,Seattle,839.0,1,False
2023-03-13,WA,Seattle,300.0,1,False
2023-03-14,WA,Seattle,741.0,2,False
2023-03-15,WA,Seattle,1420.0,7,False
2023-03-16,WA,Seattle,168.0,2,False
2023-03-17,WA,Seattle,4413.0,3,False
2023-03-18,WA,Seattle,183.0,1,False
2023-03-19,WA,Seattle,8049.0,4,False
2023-03-20,WA,Seattle,374.0,1,False
2023-03-21,WA,Seattle,599.0,3,False
2023-03-22,WA,Seattle,159.0,1,False
2023-03-23,WA,Seattle,1699.0,3,False
2023-03-24,WA,Seattle,785.0,1,False
2023-03-25,WA,Seattle,24.0,1,False
2023-03-26,WA,Seattle,1850.0,4,False
2023-03-27,WA,Seattle,485.0,1,False
2023-03-29,WA,Seattle,186.0,1,False
2023-03-30,WA,Seattle,1320.0,3,False
2023-03-31,WA,Seattle,4110.0,2,False
2023-04-01,WA,Seattle,213.0,2,False
2023-04-02,WA,Seattle,176.0,1,False
2023-04-03,WA,Seattle,2443.0,1,False
2023-04-04,WA,Seattle,2396.0,4,False
2023-04-05,WA,Seattle,213.0,2,False
2023-04-06,WA,Seattle,1153.0,4,False
2023-04-07,WA,Seattle,393.0,1,False
2023-04-08,WA,Seattle,693.0,3,False
2023-04-09,WA,Seattle,4369.0,3,False
2023-04-10,WA,Seattle,691.0,4,False
2023-04-11,WA,Seattle,306.0,3,False
2023-04-12,WA,Seattle,2090.0,6,False
2023-04-14,WA,Seattle,719.0,4,False
2023-04-15,WA,Seattle,762.0,2,False
2023-04-16,WA,Seattle,0.0,1,False
2023-04-17,WA,Seattle,53.0,1,False
2023-04-18,WA,Seattle,4923.0,4,False
2023-04-19,WA,Seattle,512.0,3,False
2023-04-20,WA,Seattle,1714.0,3,False
2023-04-21,WA,Seattle,2265.0,2,False
2023-04-23,WA,Seattle,0.0,2,False
2023-04-25,WA,Seattle,1139.0,3,False
2023-04-26,WA,Seattle,4325.0,3,False
2023-04-27,WA,Seattle,1036.0,4,False
2023-04-28,WA,Seattle,1186.0,4,False
2023-04-30,WA,Seattle,706.0,1,False
2023-05-01,WA,Seattle,195.0,3,False
2023-05-02,WA,Seattle,1911.0,6,False
2023-05-03,WA,Seattle,412.0,2,False
2023-05-06,WA,Seattle,357.0,3,False
2023-05-07,WA,Seattle,704.0,2,False
2023-05-08,WA,Seattle,326.0,2,False
2023-05-09,WA,Seattle,251.0,5,False
2023-05-10,WA,Seattle,1775.0,4,False
2023-05-11,WA,Seattle,3284.0,4,False
2023-05-12,WA,Seattle,4835.0,4,False
2023-05-13,WA,Seattle,1465.0,3,False
2023-05-14,WA,Seattle,1082.0,3,False
2023-05-15,WA,Seattle,1657.0,2,False
2023-05-17,WA,Seattle,257.0,2,False
2023-05-18,WA,Seattle,823.0,6,False
2023-05-19,WA,Seattle,1408.0,1,False
2023-05-20,WA,Seattle,1644.0,5,False
2023-05-21,WA,Seattle,2623.0,5,False
2023-05-22,WA,Seattle,791.0,1,False
2023-05-23,WA,Seattle,2563.0,4,False
2023-05-24,WA,Seattle,718.0,3,False
2023-05-25,WA,Seattle,587.0,2,False
2023-05-26,WA,Seattle,1632.0,3,False
2023-05-27,WA,Seattle,6551.0,5,False
2023-05-28,WA,Seattle,2000.0,2,False
2023-05-29,WA,Seattle,1509.0,3,False
2023-05-30,WA,Seattle,52.0,1,False
2023-05-31,WA,Seattle,548.0,3,False
2023-06-01,WA,Seattle,2505.0,1,True
2023-06-02,WA,Seattle,931.0,4,True
2023-06-04,WA,Seattle,40.0,3,True
2023-06-05,WA,Seattle,505.0,1,True
2023-06-06,WA,Seattle,260.0,1,True
2023-06-07,WA,Seattle,1273.0,2,True
2023-06-08,WA,Seattle,235.0,5,True
2023-06-09,WA,Seattle,82.0,1,True
2023-06-10,WA,Seattle,4048.0,2,True
2023-06-11,WA,Seattle,1170.0,2,True
2023-06-12,WA,Seattle,2705.0,3,True
2023-06-13,WA,Seattle,1631.0,4,True
2023-06-14,WA,Seattle,1679.0,3,True
2023-06-15,WA,Seattle,453.0,2,True
2023-06-16,WA,Seattle,5036.0,3,True
2023-06-17,WA,Seattle,7375.0,5,True
2023-06-18,WA,Seattle,4789.0,4,True
2023-06-19,WA,Seattle,782.0,1,True
2023-06-20,WA,Seattle,110.0,1,True
2023-06-21,WA,Seattle,1363.0,4,True
2023-06-22,WA,Seattle,860.0,1,True
2023-06-24,WA,Seattle,516.0,3,True
2023-06-25,WA,Seattle,661.0,2,True
2023-06-26,WA,Seattle,223.0,2,True
2023-06-27,WA,Seattle,3112.0,3,True
2023-06-28,WA,Seattle,1242.0,3,True
2023-06-29,WA,Seattle,1793.0,3,True
2023-06-30,WA,Seattle,75.0,1,True
2023-07-01,WA,Seattle,2386.0,4,True
2023-07-02,WA,Seattle,1948.0,2,True
2023-07-03,WA,Seattle,320.0,1,True
2023-07-04,WA,Seattle,120.0,1,True
2023-07-05,WA,Seattle,1958.0,2,True
2023-07-06,WA,Seattle,402.0,3,True
2023-07-07,WA,Seattle,108.0,1,True
2023-07-08,WA,Seattle,178.0,2,True
2023-07-09,WA,Seattle,145.0,2,True
2023-07-10,WA,Seattle,143.0,1,True
2023-07-11,WA,Seattle,827.0,1,True
2023-07-12,WA,Seattle,1870.0,3,True
2023-07-13,WA,Seattle,1406.0,5,True
2023-07-14,WA,Seattle,977.0,2,True
2023-07-15,WA,Seattle,3475.0,4,True
2023-07-16,WA,Seattle,0.0,3,True
2023-07-17,WA,Seattle,8971.0,4,True
2023-07-18,WA,Seattle,4202.0,2,True
2023-07-19,WA,Seattle,311.0,2,True
2023-07-20,WA,Seattle,2716.0,6,True
2023-07-22,WA,Seattle,292.0,3,True
2023-07-23,WA,Seattle,63.0,1,True
2023-07-25,WA,Seattle,3518.0,4,True
2023-07-26,WA,Seattle,139.0,3,True
2023-07-27,WA,Seattle,133.0,2,True
2023-07-28,WA,Seattle,4187.0,6,True
2023-07-29,WA,Seattle,2359.0,3,True
2023-07-30,WA,Seattle,0.0,2,True
2023-07-31,WA,Seattle,364.0,2,True
2023-08-03,WA,Seattle,3211.0,5,True
2023-08-04,WA,Seattle,2906.0,3,True
2023-08-05,WA,Seattle,4453.0,4,True
2023-08-06,WA,Seattle,5021.0,4,True
2023-08-07,WA,Seattle,753.0,3,True
2023-08-08,WA,Seattle,2425.0,3,True
2023-08-09,WA,Seattle,5268.0,7,True
2023-08-10,WA,Seattle,3048.0,2,True
2023-08-11,WA,Seattle,181.0,1,True
2023-08-12,WA,Seattle,1813.0,3,True
2023-08-13,WA,Seattle,2034.0,3,True
2023-08-14,WA,Seattle,1561.0,4,True
2023-08-15,WA,Seattle,809.0,2,True
2023-08-16,WA,Seattle,223.0,1,True
2023-08-17,WA,Seattle,4116.0,4,True
2023-08-18,WA,Seattle,4162.0,4,True
2023-08-19,WA,Seattle,2720.0,2,True
2023-08-20,WA,Seattle,754.0,4,True
2023-08-21,WA,Seattle,15.0,1,True
2023-08-22,WA,Seattle,641.0,2,True
2023-08-23,WA,Seattle,146.0,1,True
2023-08-24,WA,Seattle,95.0,3,True
2023-08-25,WA,Seattle,4481.0,3,True
2023-08-26,WA,Seattle,3932.0,3,True
2023-08-27,WA,Seattle,0.0,1,True
2023-08-28,WA,Seattle,1936.0,5,True
2023-08-29,WA,Seattle,2284.0,1,True
2023-08-30,WA,Seattle,102.0,1,True
2023-08-31,WA,Seattle,109.0,1,True
2023-09-01,WA,Seattle,2743.0,2,False
2023-09-02,WA,Seattle,33.0,2,False
2023-09-03,WA,Seattle,0.0,1,False
2023-09-04,WA,Seattle,939.0,1,False
2023-09-05,WA,Seattle,1533.0,5,False
2023-09-06,WA,Seattle,371.0,3,False
2023-09-07,WA,Seattle,1684.0,4,False
2023-09-09,WA,Seattle,3245.0,3,False
2023-09-10,WA,Seattle,0.0,1,False
2023-09-11,WA,Seattle,172.0,2,False
2023-09-12,WA,Seattle,4338.0,5,False
2023-09-13,WA,Seattle,1558.0,2,False
2023-09-14,WA,Seattle,290.0,1,False
2023-09-16,WA,Seattle,371.0,1,False
2023-09-17,WA,Seattle,1317.0,2,False
2023-09-18,WA,Seattle,16.0,1,False
2023-09-20,WA,Seattle,2276.0,1,False
2023-09-21,WA,Seattle,4448.0,4,False
2023-09-22,WA,Seattle,460.0,2,False
2023-09-24,WA,Seattle,160.0,2,False
2023-09-25,WA,Seattle,91.0,2,False
2023-09-26,WA,Seattle,323.0,3,False
2023-09-28,WA,Seattle,1276.0,1,False
2023-09-29,WA,Seattle,537.0,2,False
2023-09-30,WA,Seattle,61.0,2,False
2023-10-01,WA,Seattle,153.0,2,False
2023-10-02,WA,Seattle,476.0,1,False
2023-10-03,WA,Seattle,1852.0,3,False
2023-10-04,WA,Seattle,1126.0,4,False
2023-10-05,WA,Seattle,5225.0,2,False
2023-10-06,WA,Seattle,36.0,1,False
2023-10-07,WA,Seattle,3535.0,3,False
2023-10-08,WA,Seattle,829.0,2,False
2023-10-10,WA,Seattle,524.0,2,False
2023-10-11,WA,Seattle,73.0,2,False
2023-10-12,WA,Seattle,614.0,3,False
2023-10-13,WA,Seattle,9.0,1,False
2023-10-14,WA,Seattle,715.0,3,False
2023-10-16,WA,Seattle,2205.0,4,False
2023-10-17,WA,Seattle,3677.0,6,False
2023-10-18,WA,Seattle,1093.0,2,False
2023-10-19,WA,Seattle,614.0,1,False
2023-10-20,WA,Seattle,1542.0,2,False
2023-10-21,WA,Seattle,4352.0,5,False
2023-10-22,WA,Seattle,479.0,1,False
2023-10-23,WA,Seattle,210.0,2,False
2023-10-25,WA,Seattle,2824.0,3,False
2023-10-26,WA,Seattle,4154.0,4,False
2023-10-27,WA,Seattle,1680.0,5,False
2023-10-28,WA,Seattle,571.0,1,False
2023-10-29,WA,Seattle,0.0,1,False
2023-10-30,WA,Seattle,1265.0,1,False
2023-11-01,WA,Seattle,10.0,1,False
2023-11-02,WA,Seattle,261.0,1,False
2023-11-03,WA,Seattle,2080.0,2,False
2023-11-04,WA,Seattle,2888.0,2,False
2023-11-06,WA,Seattle,8.0,1,False
2023-11-07,WA,Seattle,2231.0,4,False
2023-11-08,WA,Seattle,355.0,2,False
2023-11-09,WA,Seattle,790.0,2,False
2023-11-10,WA,Seattle,4927.0,2,False
2023-11-11,WA,Seattle,2694.0,3,False
2023-11-12,WA,Seattle,293.0,2,False
2023-11-13,WA,Seattle,96.0,1,False
2023-11-14,WA,Seattle,3716.0,5,False
2023-11-15,WA,Seattle,2069.0,2,False
2023-11-16,WA,Seattle,608.0,3,False
2023-11-17,WA,Seattle,3799.0,5,False
2023-11-18,WA,Seattle,1587.0,2,False
2023-11-19,WA,Seattle,2952.0,3,False
2023-11-20,WA,Seattle,1410.0,3,False
2023-11-21,WA,Seattle,2097.0,3,False
2023-11-22,WA,Seattle,614.0,1,False
2023-11-23,WA,Seattle,673.0,4,False
2023-11-24,WA,Seattle,1452.0,1,False
2023-11-25,WA,Seattle,511.0,2,False
2023-11-26,WA,Seattle,46.0,1,False
2023-11-27,WA,Seattle,3855.0,4,False
2023-11-28,WA,Seattle,1348.0,2,False
2023-11-29,WA,Seattle,189.0,1,False
2023-11-30,WA,Seattle,2618.0,3,False
2023-12-01,WA,Seattle,2548.0,3,False
2023-12-02,WA,Seattle,2396.0,2,False
2023-12-03,WA,Seattle,2596.0,1,False
2023-12-04,WA,Seattle,449.0,1,False
2023-12-05,WA,Seattle,61.0,1,False
2023-12-06,WA,Seattle,2668.0,3,False
2023-12-07,WA,Seattle,572.0,2,False
2023-12-08,WA,Seattle,2555.0,3,False
2023-12-09,WA,Seattle,2218.0,4,False
2023-12-10,WA,Seattle,295.0,2,False
2023-12-11,WA,Seattle,1349.0,4,False
2023-12-12,WA,Seattle,785.0,3,False
2023-12-13,WA,Seattle,212.0,2,False
2023-12-14,WA,Seattle,211.0,1,False
2023-12-15,WA,Seattle,65.0,1,False
2023-12-16,WA,Seattle,2274.0,2,False
2023-12-17,WA,Seattle,1501.0,2,False
2023-12-18,WA,Seattle,1991.0,3,False
2023-12-19,WA,Seattle,2771.0,5,False
2023-12-20,WA,Seattle,156.0,3,False
2023-12-21,WA,Seattle,184.0,2,False
2023-12-22,WA,Seattle,209.0,2,False
2023-12-23,WA,Seattle,2631.0,3,False
2023-12-24,WA,Seattle,281.0,2,False
2023-12-25,WA,Seattle,0.0,1,False
2023-12-26,WA,Seattle,600.0,2,False
2023-12-27,WA,Seattle,763.0,3,False
2023-12-28,WA,Seattle,4072.0,4,False
2023-12-29,WA,Seattle,3829.0,3,False
2023-12-31,WA,Seattle,930.0,2,False
2024-01-01,WA,Seattle,187.0,1,False
2024-01-02,WA,Seattle,457.0,1,False
2024-01-03,WA,Seattle,1973.0,3,False
2024-01-04,WA,Seattle,880.0,2,False
2024-01-05,WA,Seattle,127.0,1,False
2024-01-06,WA,Seattle,217.0,2,False
2024-01-07,WA,Seattle,397.0,3,False
2024-01-08,WA,Seattle,248.0,4,False
2024-01-09,WA,Seattle,1479.0,2,False
2024-01-10,WA,Seattle,53.0,2,False
2024-01-11,WA,Seattle,1229.0,1,False
2024-01-13,WA,Seattle,2765.0,3,False
2024-01-14,WA,Seattle,1345.0,3,False
2024-01-15,WA,Seattle,2978.0,3,False
2024-01-16,WA,Seattle,1495.0,1,False
2024-01-17,WA,Seattle,383.0,5,False
2024-01-18,WA,Seattle,128.0,2,False
2024-01-19,WA,Seattle,361.0,2,False
2024-01-20,WA,Seattle,3160.0,7,False
2024-01-21,WA,Seattle,2442.0,2,False
2024-01-22,WA,Seattle,1390.0,2,False
2024-01-23,WA,Seattle,1940.0,4,False
2024-01-24,WA,Seattle,53.0,1,False
2024-01-25,WA,Seattle,743.0,3,False
2024-01-26,WA,Seattle,2139.0,1,False
2024-01-27,WA,Seattle,8414.0,4,False
2024-01-28,WA,Seattle,453.0,3,False
2024-01-29,WA,Seattle,111.0,2,False
2024-01-30,WA,Seattle,1847.0,3,False
2024-01-31,WA,Seattle,3544.0,3,False
2024-02-01,WA,Seattle,1556.0,4,False
2024-02-03,WA,Seattle,3312.0,3,False
2024-02-04,WA,Seattle,8717.0,6,False
2024-02-06,WA,Seattle,378.0,2,False
2024-02-07,WA,Seattle,3862.0,4,False
2024-02-08,WA,Seattle,1125.0,1,False
2024-02-09,WA,Seattle,5029.0,5,False
2024-02-10,WA,Seattle,610.0,2,False
2024-02-11,WA,Seattle,2040.0,2,False
2024-02-13,WA,Seattle,2319.0,3,False
2024-02-14,WA,Seattle,48.0,1,False
2024-02-16,WA,Seattle,2038.0,3,False
2024-02-17,WA,Seattle,0.0,1,False
2024-02-19,WA,Seattle,1056.0,2,False
2024-02-20,WA,Seattle,1436.0,6,False
2024-02-21,WA,Seattle,40.0,2,False
2024-02-22,WA,Seattle,807.0,3,False
2024-02-23,WA,Seattle,3934.0,4,False
2024-02-24,WA,Seattle,2949.0,3,False
2024-02-25,WA,Seattle,122.0,1,False
2024-02-26,WA,Seattle,28.0,1,False
2024-02-27,WA,Seattle,5837.0,4,False
2024-02-28,WA,Seattle,220.0,1,False
2024-02-29,WA,Seattle,754.0,4,False
2024-03-01,WA,Seattle,326.0,2,False
2024-03-02,WA,Seattle,1844.0,3,False
2024-03-03,WA,Seattle,34.0,3,False
2024-03-04,WA,Seattle,31.0,1,False
2024-03-05,WA,Seattle,80.0,1,False
2024-03-06,WA,Seattle,814.0,3,False
2024-03-07,WA,Seattle,447.0,2,False
2024-03-09,WA,Seattle,12.0,1,False
2024-03-10,WA,Seattle,346.0,2,False
2024-03-11,WA,Seattle,328.0,3,False
2024-03-12,WA,Seattle,1168.0,2,False
2024-03-14,WA,Seattle,136.0,2,False
2024-03-15,WA,Seattle,1305.0,3,False
2024-03-16,WA,Seattle,211.0,2,False
2024-03-17,WA,Seattle,3439.0,2,False
2024-03-18,WA,Seattle,503.0,1,False
2024-03-19,WA,Seattle,2045.0,4,False
2024-03-20,WA,Seattle,47.0,1,False
2024-03-21,WA,Seattle,26.0,1,False
2024-03-22,WA,Seattle,3481.0,1,False
2024-03-23,WA,Seattle,0.0,1,False
2024-03-24,WA,Seattle,496.0,2,False
2024-03-25,WA,Seattle,583.0,1,False
2024-03-26,WA,Seattle,4415.0,1,False
2024-03-27,WA,Seattle,2097.0,1,False
2024-03-28,WA,Seattle,320.0,1,False
2024-03-29,WA,Seattle,1835.0,2,False
2024-03-30,WA,Seattle,10.0,2,False
2024-03-31,WA,Seattle,2844.0,6,False
2024-04-01,WA,Seattle,2218.0,2,False
2024-04-02,WA,Seattle,1838.0,3,False
2024-04-03,WA,Seattle,40.0,1,False
2024-04-04,WA,Seattle,1362.0,4,False
2024-04-05,WA,Seattle,697.0,2,False
2024-04-07,WA,Seattle,0.0,1,False
2024-04-08,WA,Seattle,479.0,1,False
2024-04-09,WA,Seattle,1587.0,3,False
2024-04-10,WA,Seattle,4070.0,4,False
2024-04-11,WA,Seattle,10046.0,4,False
2024-04-12,WA,Seattle,977.0,4,False
2024-04-13,WA,Seattle,0.0,1,False
2024-04-14,WA,Seattle,3414.0,2,False
2024-04-15,WA,Seattle,1816.0,2,False
2024-04-16,WA,Seattle,8.0,1,False
2024-04-18,WA,Seattle,677.0,2,False
2024-04-19,WA,Seattle,794.0,3,False
2024-04-21,WA,Seattle,211.0,1,False
2024-04-22,WA,Seattle,3411.0,5,False
2024-04-24,WA,Seattle,81.0,3,False
2024-04-25,WA,Seattle,1697.0,2,False
2024-04-26,WA,Seattle,1649.0,1,False
2024-04-27,WA,Seattle,5012.0,2,False
2024-04-28,WA,Seattle,4021.0,4,False
2024-04-29,WA,Seattle,564.0,4,False
2024-04-30,WA,Seattle,143.0,2,False
2024-05-01,WA,Seattle,310.0,2,False
2024-05-02,WA,Seattle,955.0,3,False
2024-05-03,WA,Seattle,6932.0,7,False
2024-05-04,WA,Seattle,8166.0,3,False
2024-05-05,WA,Seattle,214.0,2,False
2024-05-07,WA,Seattle,393.0,1,False
2024-05-08,WA,Seattle,2975.0,4,False
2024-05-09,WA,Seattle,5419.0,2,False
2024-05-10,WA,Seattle,376.0,3,False
2024-05-11,WA,Seattle,0.0,1,False
2024-05-12,WA,Seattle,743.0,5,False
2024-05-13,WA,Seattle,171.0,1,False
2024-05-14,WA,Seattle,2070.0,4,False
2024-05-15,WA,Seattle,3984.0,3,False
2024-05-16,WA,Seattle,3972.0,2,False
2024-05-17,WA,Seattle,184.0,3,False
2024-05-19,WA,Seattle,0.0,2,False
2024-05-20,WA,Seattle,207.0,2,False
2024-05-21,WA,Seattle,1271.0,2,False
2024-05-22,WA,Seattle,406.0,4,False
2024-05-23,WA,Seattle,390.0,1,False
2024-05-25,WA,Seattle,650.0,4,False
2024-05-26,WA,Seattle,188.0,2,False
2024-05-27,WA,Seattle,21.0,1,False
2024-05-28,WA,Seattle,885.0,2,False
2024-05-29,WA,Seattle,687.0,2,False
2024-05-31,WA,Seattle,465.0,2,False
2024-06-01,WA,Seattle,368.0,1,True
2024-06-03,WA,Seattle,652.0,5,True
2024-06-04,WA,Seattle,247.0,2,True
2024-06-05,WA,Seattle,281.0,2,True
2024-06-06,WA,Seattle,8.0,1,True
2024-06-07,WA,Seattle,3727.0,2,True
2024-06-08,WA,Seattle,3360.0,2,True
2024-06-09,WA,Seattle,0.0,1,True
2024-06-10,WA,Seattle,137.0,2,True
2024-06-11,WA,Seattle,170.0,2,True
2024-06-12,WA,Seattle,2845.0,3,True
2024-06-13,WA,Seattle,2864.0,3,True
2024-06-14,WA,Seattle,781.0,2,True
2024-06-15,WA,Seattle,1243.0,3,True
2024-06-16,WA,Seattle,179.0,3,True
2024-06-17,WA,Seattle,777.0,2,True
2024-06-18,WA,Seattle,2384.0,2,True
2024-06-19,WA,Seattle,3381.0,3,True
2024-06-20,WA,Seattle,1433.0,4,True
2024-06-21,WA,Seattle,6309.0,3,True
2024-06-22,WA,Seattle,1472.0,2,True
2024-06-23,WA,Seattle,2402.0,1,True
2024-06-26,WA,Seattle,157.0,2,True
2024-06-27,WA,Seattle,576.0,2,True
2024-06-28,WA,Seattle,1015.0,1,True
2024-06-29,WA,Seattle,138.0,2,True
2024-06-30,WA,Seattle,1272.0,1,True
2024-07-01,WA,Seattle,1410.0,4,True
2024-07-02,WA,Seattle,78.0,1,True
2024-07-03,WA,Seattle,10484.0,3,True
2024-07-05,WA,Seattle,3081.0,2,True
2024-07-06,WA,Seattle,1768.0,2,True
2024-07-07,WA,Seattle,42.0,2,True
2024-07-08,WA,Seattle,1707.0,3,True
2024-07-09,WA,Seattle,1675.0,3,True
2024-07-10,WA,Seattle,342.0,2,True
2024-07-11,WA,Seattle,345.0,1,True
2024-07-12,WA,Seattle,256.0,1,True
2024-07-13,WA,Seattle,715.0,5,True
2024-07-15,WA,Seattle,56.0,2,True
2024-07-16,WA,Seattle,466.0,4,True
2024-07-17,WA,Seattle,462.0,1,True
2024-07-18,WA,Seattle,391.0,3,True
2024-07-20,WA,Seattle,3887.0,1,True
2024-07-21,WA,Seattle,2091.0,1,True
2024-07-22,WA,Seattle,595.0,4,True
2024-07-23,WA,Seattle,2102.0,2,True
2024-07-25,WA,Seattle,3459.0,2,True
2024-07-27,WA,Seattle,1551.0,6,True
2024-07-28,WA,Seattle,1513.0,3,True
2024-07-29,WA,Seattle,114.0,2,True
2024-07-30,WA,Seattle,5672.0,3,True
2024-07-31,WA,Seattle,2002.0,6,True
2024-08-01,WA,Seattle,101.0,1,True
2024-08-02,WA,Seattle,434.0,3,True
2024-08-03,WA,Seattle,101.0,1,True
2024-08-05,WA,Seattle,817.0,1,True
2024-08-06,WA,Seattle,713.0,2,True
2024-08-07,WA,Seattle,2160.0,1,True
2024-08-09,WA,Seattle,5656.0,5,True
2024-08-10,WA,Seattle,2116.0,5,True
2024-08-11,WA,Seattle,998.0,1,True
2024-08-13,WA,Seattle,2050.0,1,True
2024-08-14,WA,Seattle,209.0,2,True
2024-08-15,WA,Seattle,319.0,3,True
2024-08-16,WA,Seattle,229.0,2,True
2024-08-17,WA,Seattle,4087.0,2,True
2024-08-18,WA,Seattle,729.0,3,True
2024-08-19,WA,Seattle,280.0,3,True
2024-08-20,WA,Seattle,459.0,1,True
2024-08-22,WA,Seattle,74.0,2,True
2024-08-23,WA,Seattle,1156.0,2,True
2024-08-25,WA,Seattle,6571.0,5,True
2024-08-27,WA,Seattle,140.0,1,True
2024-08-28,WA,Seattle,96.0,2,True
2024-08-29,WA,Seattle,9512.0,3,True
2024-08-31,WA,Seattle,5741.0,2,True
2024-09-01,WA,Seattle,549.0,1,False
2024-09-02,WA,Seattle,560.0,2,False
2024-09-03,WA,Seattle,1003.0,2,False
2024-09-05,WA,Seattle,449.0,3,False
2024-09-06,WA,Seattle,3366.0,6,False
2024-09-07,WA,Seattle,4231.0,4,False
2024-09-08,WA,Seattle,5250.0,2,False
2024-09-09,WA,Seattle,1925.0,2,False
2024-09-10,WA,Seattle,37.0,2,False
2024-09-11,WA,Seattle,2147.0,2,False
2024-09-12,WA,Seattle,1422.0,3,False
2024-09-14,WA,Seattle,89.0,1,False
2024-09-15,WA,Seattle,0.0,1,False
2024-09-16,WA,Seattle,180.0,2,False
2024-09-17,WA,Seattle,230.0,1,False
2024-09-18,WA,Seattle,4112.0,2,False
2024-09-19,WA,Seattle,1092.0,3,False
2024-09-20,WA,Seattle,530.0,2,False
2024-09-21,WA,Seattle,8675.0,4,False
2024-09-22,WA,Seattle,197.0,3,False
2024-09-23,WA,Seattle,1891.0,4,False
2024-09-24,WA,Seattle,718.0,4,False
2024-09-25,WA,Seattle,996.0,5,False
2024-09-26,WA,Seattle,303.0,2,False
2024-09-27,WA,Seattle,165.0,2,False
2024-09-28,WA,Seattle,1936.0,1,False
2024-09-29,WA,Seattle,145.0,1,False
2024-09-30,WA,Seattle,3568.0,6,False
2024-10-01,WA,Seattle,2408.0,5,False
2024-10-02,WA,Seattle,3376.0,3,False
2024-10-04,WA,Seattle,27.0,2,False
2024-10-05,WA,Seattle,32.0,1,False
2024-10-06,WA,Seattle,291.0,2,False
2024-10-07,WA,Seattle,176.0,1,False
2024-10-08,WA,Seattle,3492.0,2,False
2024-10-09,WA,Seattle,48.0,1,False
2024-10-10,WA,Seattle,2869.0,4,False
2024-10-11,WA,Seattle,858.0,2,False
2024-10-12,WA,Seattle,191.0,2,False
2024-10-13,WA,Seattle,3190.0,4,False
2024-10-14,WA,Seattle,4095.0,5,False
2024-10-15,WA,Seattle,430.0,2,False
2024-10-16,WA,Seattle,4446.0,2,False
2024-10-17,WA,Seattle,1456.0,3,False
2024-10-18,WA,Seattle,307.0,3,False
2024-10-19,WA,Seattle,1429.0,2,False
2024-10-20,WA,Seattle,2606.0,5,False
2024-10-21,WA,Seattle,785.0,3,False
2024-10-22,WA,Seattle,289.0,1,False
2024-10-23,WA,Seattle,3034.0,3,False
2024-10-24,WA,Seattle,1127.0,2,False
2024-10-25,WA,Seattle,194.0,2,False
2024-10-26,WA,Seattle,264.0,4,False
2024-10-27,WA,Seattle,449.0,1,False
2024-10-28,WA,Seattle,920.0,2,False
2024-10-29,WA,Seattle,628.0,1,False
2024-10-30,WA,Seattle,1564.0,2,False
2024-10-31,WA,Seattle,311.0,1,False
2024-11-01,WA,Seattle,899.0,2,False
2024-11-02,WA,Seattle,435.0,2,False
2024-11-03,WA,Seattle,452.0,2,False
2024-11-04,WA,Seattle,946.0,4,False
2024-11-06,WA,Seattle,39.0,1,False
2024-11-07,WA,Seattle,3168.0,4,False
2024-11-08,WA,Seattle,92.0,1,False
2024-11-09,WA,Seattle,6855.0,4,False
2024-11-10,WA,Seattle,3695.0,3,False
2024-11-11,WA,Seattle,3572.0,5,False
2024-11-12,WA,Seattle,3310.0,3,False
2024-11-13,WA,Seattle,60.0,1,False
2024-11-14,WA,Seattle,35.0,1,False
2024-11-15,WA,Seattle,2210.0,6,False
2024-11-16,WA,Seattle,81.0,3,False
2024-11-17,WA,Seattle,1504.0,4,False
2024-11-18,WA,Seattle,4540.0,4,False
2024-11-19,WA,Seattle,2665.0,1,False
2024-11-20,WA,Seattle,2042.0,5,False
2024-11-21,WA,Seattle,231.0,2,False
2024-11-22,WA,Seattle,849.0,3,False
2024-11-23,WA,Seattle,3002.0,2,False
2024-11-24,WA,Seattle,3945.0,2,False
2024-11-25,WA,Seattle,495.0,2,False
2024-11-27,WA,Seattle,4454.0,1,False
2024-11-28,WA,Seattle,0.0,3,False
2024-11-29,WA,Seattle,11017.0,5,False
2024-11-30,WA,Seattle,2580.0,2,False
2024-12-01,WA,Seattle,3089.0,6,False
2024-12-02,WA,Seattle,1580.0,1,False
2024-12-03,WA,Seattle,2681.0,3,False
2024-12-04,WA,Seattle,629.0,5,False
2024-12-06,WA,Seattle,366.0,1,False
2024-12-07,WA,Seattle,0.0,1,False
2024-12-08,WA,Seattle,2403.0,2,False
2024-12-09,WA,Seattle,229.0,1,False
2024-12-10,WA,Seattle,728.0,2,False
2024-12-11,WA,Seattle,1582.0,2,False
2024-12-12,WA,Seattle,121.0,2,False
2024-12-13,WA,Seattle,185.0,1,False
2024-12-14,WA,Seattle,643.0,2,False
2024-12-16,WA,Seattle,2312.0,2,False
2024-12-18,WA,Seattle,616.0,2,False
2024-12-19,WA,Seattle,2250.0,4,False
2024-12-21,WA,Seattle,277.0,2,False
2024-12-22,WA,Seattle,0.0,1,False
2024-12-23,WA,Seattle,5575.0,4,False
2024-12-25,WA,Seattle,0.0,3,False
2024-12-26,WA,Seattle,1412.0,4,False
2024-12-27,WA,Seattle,4090.0,5,False
2024-12-28,WA,Seattle,640.0,2,False
2024-12-29,WA,Seattle,4309.0,3,False
2024-12-30,WA,Seattle,267.0,2,False
2024-12-31,WA,Seattle,992.0,3,False
