time_fk,state_fk,market_fk,store_id_fk,brand_name_fk,category_fk,predicted_visitor_count
2025-01-01,FL,Miami,afe6cdb9-b609-4a07-a32d-7a38ee51c663,ALDI,Grocery Stores,4228.0894
2025-01-01,FL,Miami,e5c041a6-c6d4-48a2-9537-b6c0273f36a6,Walmart,"General Merchandise Stores, including Warehouse Clubs and Supercenters",3865.8325
2025-01-01,FL,Miami,ceac1c7e-a276-4cf8-acb3-ba456974d461,Walmart,"General Merchandise Stores, including Warehouse Clubs and Supercenters",3865.8325
2025-01-01,FL,Miami,fb9a0aef-863a-4905-b93d-c41b0ac2e29b,Walmart,"General Merchandise Stores, including Warehouse Clubs and Supercenters",3865.8325
2025-01-01,FL,Miami,a869695e-3af0-474b-a035-24cef2c0e827,Walmart,"General Merchandise Stores, including Warehouse Clubs and Supercenters",3865.8325
2025-01-01,FL,Miami,7ab52c03-7520-4aa8-9d40-d145facfff95,Walmart,"General Merchandise Stores, including Warehouse Clubs and Supercenters",3865.8325
2025-01-01,GA,Atlanta,65724a50-049c-470c-8de5-2605b0f7146f,ALDI,Grocery Stores,2976.5386
2025-01-01,GA,Atlanta,5b130b18-04f4-4bad-9269-d708cb203f31,Walmart,"General Merchandise Stores, including Warehouse Clubs and Supercenters",2871.4802
2025-01-01,GA,Atlanta,8064cdef-a4b3-497b-8f52-7bd845a7bb58,Walmart,"General Merchandise Stores, including Warehouse Clubs and Supercenters",2871.4802
2025-01-01,GA,Atlanta,dc422b54-ce61-4a29-baec-a4323604e86e,Walmart,"General Merchandise Stores, including Warehouse Clubs and Supercenters",2871.4802
2025-01-01,GA,Atlanta,f3957447-17d6-4ac4-9ca2-21b45bb56855,Walmart,"General Merchandise Stores, including Warehouse Clubs and Supercenters",2871.4802
2025-01-01,CA,Los Angeles / SF Bay Area,fbfd9525-a46e-422b-94b0-b01b34b98dfb,Walmart,"General Merchandise Stores, including Warehouse Clubs and Supercenters",2545.8528
2025-01-01,CA,Los Angeles / SF Bay Area,309827bb-cf83-47f1-90a5-0672ff34e4b9,Walmart,"General Merchandise Stores, including Warehouse Clubs and Supercenters",2545.8528
2025-01-01,CA,Los Angeles / SF Bay Area,9a48c049-84ec-4997-b175-7fd22d179421,Walmart,"General Merchandise Stores, including Warehouse Clubs and Supercenters",2545.8528
2025-01-01,CA,Los Angeles / SF Bay Area,0635f294-5709-45b5-a085-affc1e889f38,Walmart,"General Merchandise Stores, including Warehouse Clubs and Supercenters",2545.8528
2025-01-01,NJ,New York/New Jersey,74d0fdd6-56a4-4b5b-88d2-7c02ee9d132f,Walmart,"General Merchandise Stores, including Warehouse Clubs and Supercenters",2375.8093
2025-01-01,TX,Dallas / Houston,4b34a408-056b-4f3d-beaf-1b1eda296e88,ALDI,Grocery Stores,2322.1138
2025-01-01,TX,Dallas / Houston,eef0dd52-6c79-4875-b7b8-ff0f09637ba5,ALDI,Grocery Stores,2322.1138
2025-01-01,PA,Philadelphia,afa57a27-d6f1-4d6c-94d1-1cd2fd5baa5a,Walmart,"General Merchandise Stores, including Warehouse Clubs and Supercenters",2311.8997
2025-01-01,FL,Miami,be13a993-4310-495e-ba4b-376b3f965db7,Buffalo Wild Wings,Restaurants and Other Eating Places,2212.5767
2025-01-01,FL,Miami,1d0cc0c4-1b39-416e-88ec-c083768862b4,Chipotle Mexican Grill,Restaurants and Other Eating Places,2208.8032
2025-01-01,FL,Miami,70685291-001d-437e-8c4e-eeec57667ade,McDonald's,Restaurants and Other Eating Places,2156.8486
2025-01-01,FL,Miami,5eae3a37-6a85-46f6-bdd3-7179ed6ab9b2,McDonald's,Restaurants and Other Eating Places,2156.8486
2025-01-01,FL,Miami,3554235c-0054-4c69-85c0-cf06fb4d0e26,McDonald's,Restaurants and Other Eating Places,2156.8486
2025-01-01,FL,Miami,5c9a437e-2475-4e31-b224-737b25939481,McDonald's,Restaurants and Other Eating Places,2156.8486
2025-01-01,FL,Miami,30ee8afc-078d-49e3-a7a5-82ff91302a5c,McDonald's,Restaurants and Other Eating Places,2156.8486
2025-01-01,FL,Miami,6e30d386-3951-4c8b-a41e-a3e0859d0b2a,McDonald's,Restaurants and Other Eating Places,2156.8486
2025-01-01,FL,Miami,fa3d6607-2580-456f-819e-bd985af84e55,Wendy's,Restaurants and Other Eating Places,2154.3457
2025-01-01,FL,Miami,79b4892e-8ae8-4273-a1c3-304d96052669,Wendy's,Restaurants and Other Eating Places,2154.3457
2025-01-01,FL,Miami,3050b051-d823-4bd9-a83f-752770d9c0c1,Wendy's,Restaurants and Other Eating Places,2154.3457
2025-01-01,FL,Miami,17b69480-0ecd-4648-80ef-c4cacd0381f4,Taco Bell,Restaurants and Other Eating Places,2141.6003
2025-01-01,FL,Miami,c9f156e3-5b11-4883-83c3-f68519225067,Domino's Pizza,Restaurants and Other Eating Places,2055.4236
2025-01-01,FL,Miami,41336940-a790-4579-827c-a54ea3ddf30c,Domino's Pizza,Restaurants and Other Eating Places,2055.4236
2025-01-01,FL,Miami,44271bcc-f90c-4ceb-9653-87e8546e9f1f,Domino's Pizza,Restaurants and Other Eating Places,2055.4236
2025-01-01,FL,Miami,ad1f581e-521c-43c3-8cdc-c4b959c2f26d,Domino's Pizza,Restaurants and Other Eating Places,2055.4236
2025-01-01,FL,Miami,c371782b-8cc8-4dc2-bf13-3e01c3a9ef3f,Domino's Pizza,Restaurants and Other Eating Places,2055.4236
2025-01-01,FL,Miami,b5871b76-033f-4b80-b761-7728a7b10465,Domino's Pizza,Restaurants and Other Eating Places,2055.4236
2025-01-01,FL,Miami,bbd18bac-77e0-48f7-a8fd-64f7561494b4,Domino's Pizza,Restaurants and Other Eating Places,2055.4236
2025-01-01,FL,Miami,30030614-6cfd-4a5b-9d68-a06a5e912159,Domino's Pizza,Restaurants and Other Eating Places,2055.4236
2025-01-01,FL,Miami,c40b9d0e-0862-4cd2-813a-000ff5d5c683,Publix Super Markets,Grocery Stores,2033.7172
2025-01-01,CA,Los Angeles / SF Bay Area,c324e5f0-b473-4ba6-a993-ddfbe8109648,Chipotle Mexican Grill,Restaurants and Other Eating Places,2028.6782
2025-01-01,CA,Los Angeles / SF Bay Area,33a10320-3dde-42a0-a679-a8a10e63ed10,Chipotle Mexican Grill,Restaurants and Other Eating Places,2028.6782
2025-01-01,CA,Los Angeles / SF Bay Area,d92cb702-7bea-47fe-bff7-3b6e63898028,Chipotle Mexican Grill,Restaurants and Other Eating Places,2028.6782
2025-01-01,CA,Los Angeles / SF Bay Area,c385a7b7-638d-4d7a-baab-21487794e0c8,Chipotle Mexican Grill,Restaurants and Other Eating Places,2028.6782
2025-01-01,CA,Los Angeles / SF Bay Area,bb3ecb08-2a53-4ae9-8b67-2d25b54b4039,Chipotle Mexican Grill,Restaurants and Other Eating Places,2028.6782
2025-01-01,CA,Los Angeles / SF Bay Area,ab6e40c1-e2c5-48d0-8c72-ae63b19a4319,Chipotle Mexican Grill,Restaurants and Other Eating Places,2028.6782
2025-01-01,CA,Los Angeles / SF Bay Area,1c0e201a-7611-4422-852e-c30d1e7e5e89,Chipotle Mexican Grill,Restaurants and Other Eating Places,2028.6782
2025-01-01,CA,Los Angeles / SF Bay Area,18b38e5b-114e-47c7-94ec-52c6e488d950,Chipotle Mexican Grill,Restaurants and Other Eating Places,2028.6782
2025-01-01,CA,Los Angeles / SF Bay Area,f6d88946-00aa-4454-a9af-e42b788156bb,Jersey Mike's,Restaurants and Other Eating Places,2003.6346
2025-01-01,CA,Los Angeles / SF Bay Area,9e41b194-bcb1-4869-a5c0-496ef32c2069,Jersey Mike's,Restaurants and Other Eating Places,2003.6346
2025-01-01,CA,Los Angeles / SF Bay Area,5604a46c-a5e0-4e0b-8c5f-42f915204419,Jersey Mike's,Restaurants and Other Eating Places,2003.6346
2025-01-01,CA,Los Angeles / SF Bay Area,e8bfd32e-157e-43e5-bd2c-23ef6a0959eb,Jersey Mike's,Restaurants and Other Eating Places,2003.6346
2025-01-01,CA,Los Angeles / SF Bay Area,d7f6e414-b907-4a2a-93f3-e87b11265d4d,Jersey Mike's,Restaurants and Other Eating Places,2003.6346
2025-01-01,CA,Los Angeles / SF Bay Area,075919c3-5833-47b8-ad34-d3a022cffff0,Dairy Queen,Restaurants and Other Eating Places,1990.2599
2025-01-01,FL,Miami,0437912a-5ff4-4a0c-a084-d107f9499404,Burger King,Restaurants and Other Eating Places,1942.0707
2025-01-01,FL,Miami,cde81a2f-c78c-47f8-9e48-8f5f579c5c8c,Burger King,Restaurants and Other Eating Places,1942.0707
2025-01-01,FL,Miami,78f5744a-0228-4c9b-b9f0-f57f8269929f,Burger King,Restaurants and Other Eating Places,1942.0707
2025-01-01,FL,Miami,fc26c11f-47d4-44f9-924b-cd2c783ff7ad,Burger King,Restaurants and Other Eating Places,1942.0707
2025-01-01,FL,Miami,c82896fb-6952-484a-b090-8ccbd5e1d8be,Jersey Mike's,Restaurants and Other Eating Places,1939.0951
2025-01-01,FL,Miami,94174272-c20f-4545-8fb0-39f507f74511,Jersey Mike's,Restaurants and Other Eating Places,1939.0951
2025-01-01,CA,Los Angeles / SF Bay Area,c201bc49-1052-4ebc-8281-c621d9c14065,Taco Bell,Restaurants and Other Eating Places,1929.5751
2025-01-01,CA,Los Angeles / SF Bay Area,26b7b655-7838-4f2c-9f06-adc9fc80d23d,Taco Bell,Restaurants and Other Eating Places,1929.5751
2025-01-01,CA,Los Angeles / SF Bay Area,4674ac8c-bf76-46ec-a445-95dd59cd467d,Taco Bell,Restaurants and Other Eating Places,1929.5751
2025-01-01,CA,Los Angeles / SF Bay Area,086837f3-5191-4dcd-8ff9-a161ff675bf8,Taco Bell,Restaurants and Other Eating Places,1929.5751
2025-01-01,CA,Los Angeles / SF Bay Area,052e385b-0efe-4981-a9cb-12807f749d2c,Taco Bell,Restaurants and Other Eating Places,1929.5751
2025-01-01,CA,Los Angeles / SF Bay Area,e9356097-5c65-4ba4-95e9-78af5f086ccc,Taco Bell,Restaurants and Other Eating Places,1929.5751
2025-01-01,CA,Los Angeles / SF Bay Area,d608d810-6e96-443f-bb34-d990f24fc85c,Taco Bell,Restaurants and Other Eating Places,1929.5751
2025-01-01,CA,Los Angeles / SF Bay Area,1f0be877-46f0-4aa5-b12e-cb15df9a299a,Taco Bell,Restaurants and Other Eating Places,1929.5751
2025-01-01,CA,Los Angeles / SF Bay Area,579db43f-0e9b-4a71-a35d-96d8994fe152,Domino's Pizza,Restaurants and Other Eating Places,1910.53
2025-01-01,CA,Los Angeles / SF Bay Area,896265c6-3411-4f34-a6ec-aeeb106dcd42,Domino's Pizza,Restaurants and Other Eating Places,1910.53
2025-01-01,CA,Los Angeles / SF Bay Area,da70e9d4-d92e-4055-aa8d-ee64d247dfa9,Domino's Pizza,Restaurants and Other Eating Places,1910.53
2025-01-01,CA,Los Angeles / SF Bay Area,41696d65-2d6b-478e-912f-8c9fe395fff2,Domino's Pizza,Restaurants and Other Eating Places,1910.53
2025-01-01,CA,Los Angeles / SF Bay Area,7a2bed37-54b2-400b-9772-a5ce85ed6a36,Domino's Pizza,Restaurants and Other Eating Places,1910.53
2025-01-01,CA,Los Angeles / SF Bay Area,c113de98-f752-40bb-ab6f-ae977661d726,Domino's Pizza,Restaurants and Other Eating Places,1910.53
2025-01-01,CA,Los Angeles / SF Bay Area,90ff7824-854c-4690-aacf-230da1aee167,Domino's Pizza,Restaurants and Other Eating Places,1910.53
2025-01-01,CA,Los Angeles / SF Bay Area,508ea05e-50b1-4631-b444-11fc7629f602,Domino's Pizza,Restaurants and Other Eating Places,1910.53
2025-01-01,CA,Los Angeles / SF Bay Area,67ee9df1-7fcd-447a-9af2-e5c8e6f7c02a,Domino's Pizza,Restaurants and Other Eating Places,1910.53
2025-01-01,CA,Los Angeles / SF Bay Area,606aa643-af19-4d7c-877f-863ff172ab11,Domino's Pizza,Restaurants and Other Eating Places,1910.53
2025-01-01,CA,Los Angeles / SF Bay Area,ad4cf017-7392-4ce5-865a-45aefdd18d38,Domino's Pizza,Restaurants and Other Eating Places,1910.53
2025-01-01,FL,Miami,980de8ab-deb5-4012-9d37-92e6b7822f85,Five Guys,Restaurants and Other Eating Places,1894.029
2025-01-01,GA,Atlanta,54cb6261-767f-4e98-90fb-72253d5ed934,Target,"General Merchandise Stores, including Warehouse Clubs and Supercenters",1851.2944
2025-01-01,CA,Los Angeles / SF Bay Area,190045e2-aa0f-40aa-b12a-f44587ea4436,Papa John's,Restaurants and Other Eating Places,1846.3145
2025-01-01,CA,Los Angeles / SF Bay Area,070a5f1c-32c3-4c07-96a3-c0497eb2c2dc,Dunkin',Restaurants and Other Eating Places,1839.9022
2025-01-01,CA,Los Angeles / SF Bay Area,05717092-932b-4a6b-8ee9-290c4df52715,Dunkin',Restaurants and Other Eating Places,1839.9022
2025-01-01,CA,Los Angeles / SF Bay Area,7caa86f4-b99d-4d37-8a09-dbbb52cd73bd,McDonald's,Restaurants and Other Eating Places,1836.8737
2025-01-01,CA,Los Angeles / SF Bay Area,d655ced0-bb79-47f6-a134-c3b17cb9b708,McDonald's,Restaurants and Other Eating Places,1836.8737
2025-01-01,CA,Los Angeles / SF Bay Area,1937ddb0-7098-4a50-910b-b6d8a20f01ef,McDonald's,Restaurants and Other Eating Places,1836.8737
2025-01-01,CA,Los Angeles / SF Bay Area,4eeeb837-e42f-461b-b3ae-eb2378251ba6,McDonald's,Restaurants and Other Eating Places,1836.8737
2025-01-01,CA,Los Angeles / SF Bay Area,ea93cc89-48e0-41dc-94bf-af27360a6dd4,McDonald's,Restaurants and Other Eating Places,1836.8737
2025-01-01,CA,Los Angeles / SF Bay Area,90687500-7c1b-488e-9868-adf6c6518992,McDonald's,Restaurants and Other Eating Places,1836.8737
2025-01-01,CA,Los Angeles / SF Bay Area,13216439-8e04-4b74-9396-420278fd49cd,McDonald's,Restaurants and Other Eating Places,1836.8737
2025-01-01,CA,Los Angeles / SF Bay Area,9eafb163-c921-460d-bce6-418c9ef3a902,McDonald's,Restaurants and Other Eating Places,1836.8737
2025-01-01,CA,Los Angeles / SF Bay Area,15eb7a45-6349-4432-8b54-005c6f8f035a,Target,"General Merchandise Stores, including Warehouse Clubs and Supercenters",1826.376
2025-01-01,WA,Seattle,14951cf9-b13b-471f-9351-2bae51b29510,Taco Bell,Restaurants and Other Eating Places,1824.783
2025-01-01,WA,Seattle,b7e060c0-6230-45de-af6b-e76948efb863,Taco Bell,Restaurants and Other Eating Places,1824.783
2025-01-01,FL,Miami,a59a2523-5854-496f-b34d-4953328ebb39,Dairy Queen,Restaurants and Other Eating Places,1824.6863
2025-01-01,FL,Miami,5db83e12-8446-4cf9-ae1e-434fac761eb5,Dairy Queen,Restaurants and Other Eating Places,1824.6863
2025-01-01,CA,Los Angeles / SF Bay Area,e3172252-766c-4954-9cd7-215b095e523d,Arby's,Restaurants and Other Eating Places,1788.828
2025-01-01,CA,Los Angeles / SF Bay Area,ee81d7f7-77f2-42fa-be72-64a1cb3db66c,Arby's,Restaurants and Other Eating Places,1788.828
2025-01-01,WA,Seattle,0b0718d6-7234-4a53-b79a-67b1d4e7772b,Domino's Pizza,Restaurants and Other Eating Places,1767.954
2025-01-01,WA,Seattle,d8681313-9c79-40fb-b32b-7ce0ac48d5c9,Domino's Pizza,Restaurants and Other Eating Places,1767.954
2025-01-01,CA,Los Angeles / SF Bay Area,4982e92c-6c85-4657-8c8f-89e5af56a57b,Panera Bread,Restaurants and Other Eating Places,1758.3029
2025-01-01,CA,Los Angeles / SF Bay Area,efea976e-ff06-47a9-981c-715dc3962a6b,Panera Bread,Restaurants and Other Eating Places,1758.3029
2025-01-01,CA,Los Angeles / SF Bay Area,e7ad4b69-f2f8-4e75-adc0-1bc40a54ad74,Panera Bread,Restaurants and Other Eating Places,1758.3029
2025-01-01,FL,Miami,dd70e2cc-8360-4cac-b40f-815852f38f0b,Lowe's,Building Material and Supplies Dealers,1747.9463
2025-01-01,FL,Miami,77bc92f9-1648-4364-b1f5-0536321be3de,Lowe's,Building Material and Supplies Dealers,1747.9463
2025-01-01,GA,Atlanta,e1d4a4fa-20e5-41b5-b6ac-8307545d0f72,Chipotle Mexican Grill,Restaurants and Other Eating Places,1727.6735
2025-01-01,CA,Los Angeles / SF Bay Area,da1b39a8-7b31-4e06-9546-e7ebf87c738c,Panda Express,Restaurants and Other Eating Places,1725.3126
2025-01-01,CA,Los Angeles / SF Bay Area,9f2f62c9-6333-45d5-8a6a-96a0ce32863e,Panda Express,Restaurants and Other Eating Places,1725.3126
2025-01-01,CA,Los Angeles / SF Bay Area,ad15ea2d-1b01-464a-a5a1-d447117c6f7a,Panda Express,Restaurants and Other Eating Places,1725.3126
2025-01-01,WA,Seattle,f33ae509-681c-42ca-9580-86c0af0ef2f9,McDonald's,Restaurants and Other Eating Places,1708.3796
2025-01-01,WA,Seattle,51810948-677a-4f32-923f-d9b83009c6c9,McDonald's,Restaurants and Other Eating Places,1708.3796
2025-01-01,WA,Seattle,1d2d4bde-6b67-43c6-b3af-c0d0db913c6a,McDonald's,Restaurants and Other Eating Places,1708.3796
2025-01-01,WA,Seattle,5c5d2b66-5ba7-4f43-9209-9df9f91beaa2,Sonic,Restaurants and Other Eating Places,1707.2332
2025-01-01,CA,Los Angeles / SF Bay Area,23734293-363c-49c7-bdff-a44ddcf09bd0,Burger King,Restaurants and Other Eating Places,1692.7229
2025-01-01,CA,Los Angeles / SF Bay Area,3b3fb917-e688-4c8d-ace6-0c7d708571f3,Burger King,Restaurants and Other Eating Places,1692.7229
2025-01-01,CA,Los Angeles / SF Bay Area,009a4729-b864-45c2-bb82-b4f6432ec4e5,Burger King,Restaurants and Other Eating Places,1692.7229
2025-01-01,CA,Los Angeles / SF Bay Area,07ff9db6-7d47-4144-b5cc-64b61a423599,Burger King,Restaurants and Other Eating Places,1692.7229
2025-01-01,NY,New York/New Jersey,1e0de38a-eade-411b-90f0-71665927ac0d,Chipotle Mexican Grill,Restaurants and Other Eating Places,1687.6722
2025-01-01,NY,New York/New Jersey,70cc8b75-8913-4370-b3c8-65a26bef63ff,Chipotle Mexican Grill,Restaurants and Other Eating Places,1687.6722
2025-01-01,NY,New York/New Jersey,3b77b2ea-0a17-4e71-83c6-69a20049a3f8,Chipotle Mexican Grill,Restaurants and Other Eating Places,1687.6722
2025-01-01,NY,New York/New Jersey,e3dbdbb8-2e5d-4f4d-895c-f0001acdc7ce,Chipotle Mexican Grill,Restaurants and Other Eating Places,1687.6722
2025-01-01,GA,Atlanta,51873abf-3c67-438e-a850-bb4ca3e66e2f,Publix Super Markets,Grocery Stores,1681.5966
2025-01-01,GA,Atlanta,65e66041-bb7b-43bf-9c87-5357fc029f30,Publix Super Markets,Grocery Stores,1681.5966
2025-01-01,GA,Atlanta,1b97f707-1793-4608-afb9-6a1796408aa5,Publix Super Markets,Grocery Stores,1681.5966
2025-01-01,CA,Los Angeles / SF Bay Area,f75e8091-20a2-478b-88f1-3faabea075fd,KFC,Restaurants and Other Eating Places,1672.3934
2025-01-01,NY,New York/New Jersey,84e10744-53c7-45f6-98a7-b955cae07ee3,Taco Bell,Restaurants and Other Eating Places,1668.7047
2025-01-01,NY,New York/New Jersey,9a43a978-2721-44f2-9e67-43aa0b91fbbc,Taco Bell,Restaurants and Other Eating Places,1668.7047
2025-01-01,NY,New York/New Jersey,ac4641a9-7336-43c8-9ae7-39473dec7c20,Taco Bell,Restaurants and Other Eating Places,1668.7047
2025-01-01,GA,Atlanta,02770c20-00cb-4b95-b481-d438c0896a6d,Applebee's,Restaurants and Other Eating Places,1659.6537
2025-01-01,GA,Atlanta,7b4e05ab-82d0-4c0c-a0a2-c28c10dd8680,Applebee's,Restaurants and Other Eating Places,1659.6537
2025-01-01,FL,Miami,0e424c52-18f4-402c-83a6-ba72ac771116,Applebee's,Restaurants and Other Eating Places,1640.4958
2025-01-01,FL,Miami,bffa7a1d-65f8-4f7e-88f8-428249c4af00,Applebee's,Restaurants and Other Eating Places,1640.4958
2025-01-01,FL,Miami,bf178ca1-447e-485f-940d-a8afc4d30b87,Applebee's,Restaurants and Other Eating Places,1640.4958
2025-01-01,FL,Miami,00124a1e-891e-4570-8b97-100c35365ee9,KFC,Restaurants and Other Eating Places,1638.3885
2025-01-01,WA,Seattle,de8fa482-e8d6-4e94-935f-a65b606b6533,The Home Depot,Building Material and Supplies Dealers,1631.755
2025-01-01,FL,Miami,e9a3beaf-3a0f-46fe-91fb-dac1afc9ebd1,The Home Depot,Building Material and Supplies Dealers,1630.7869
2025-01-01,FL,Miami,559d153c-dfb9-43ca-acda-50c993f616aa,The Home Depot,Building Material and Supplies Dealers,1630.7869
2025-01-01,FL,Miami,cfa3a9fd-b657-4ba2-8ee1-497a0813b5c0,The Home Depot,Building Material and Supplies Dealers,1630.7869
2025-01-01,FL,Miami,62ba5b90-b084-40d7-b2bd-6c8a748e65a0,The Home Depot,Building Material and Supplies Dealers,1630.7869
2025-01-01,FL,Miami,ed1f3466-c146-459f-b2c2-c6770092fc71,The Home Depot,Building Material and Supplies Dealers,1630.7869
2025-01-01,FL,Miami,fe880bb8-4b40-4978-8d7a-f2a9ed36d2ee,The Home Depot,Building Material and Supplies Dealers,1630.7869
2025-01-01,GA,Atlanta,3fa4200e-e33c-471c-a116-e94c30d3788f,Domino's Pizza,Restaurants and Other Eating Places,1619.9753
2025-01-01,GA,Atlanta,a38437fc-e1ea-4fa3-b414-a29af609561a,Domino's Pizza,Restaurants and Other Eating Places,1619.9753
2025-01-01,FL,Miami,ed3cd89a-9794-4906-9865-b18dae50dd7e,Dunkin',Restaurants and Other Eating Places,1614.9143
2025-01-01,FL,Miami,b1306f62-bd9f-46e3-96d8-4e688fe73570,Dunkin',Restaurants and Other Eating Places,1614.9143
2025-01-01,FL,Miami,657d19fd-b643-4601-bdbd-042633163907,Dunkin',Restaurants and Other Eating Places,1614.9143
2025-01-01,FL,Miami,617676c8-8ad6-499d-8d88-3f2201635391,Dunkin',Restaurants and Other Eating Places,1614.9143
2025-01-01,FL,Miami,511b327d-0ec3-49e5-9753-f76164e4b8e2,Dunkin',Restaurants and Other Eating Places,1614.9143
2025-01-01,FL,Miami,7f923f01-e836-477d-b1fa-110809b30b44,Dunkin',Restaurants and Other Eating Places,1614.9143
2025-01-01,FL,Miami,0f4e1d47-13b3-44d1-af15-dcc989e3f125,Dunkin',Restaurants and Other Eating Places,1614.9143
2025-01-01,FL,Miami,0f36e2e7-332b-4849-8568-777704fc15d5,Papa John's,Restaurants and Other Eating Places,1594.8231
2025-01-01,FL,Miami,a4abf8a6-8923-43ec-8c28-35e5ebc5b399,Papa John's,Restaurants and Other Eating Places,1594.8231
2025-01-01,FL,Miami,3396cb29-1ca1-47eb-bdb2-5f10503596f1,Papa John's,Restaurants and Other Eating Places,1594.8231
2025-01-01,GA,Atlanta,0fdc14b3-a3d1-4cc3-b1fc-0f539447674a,Sonic,Restaurants and Other Eating Places,1588.3455
2025-01-01,FL,Miami,584fa9f1-49db-4328-b883-d717587aef49,Popeyes Louisiana Kitchen,Restaurants and Other Eating Places,1587.8082
2025-01-01,FL,Miami,7aadb44a-c1a0-420a-b17d-84c807f50fa8,Popeyes Louisiana Kitchen,Restaurants and Other Eating Places,1587.8082
2025-01-01,GA,Atlanta,18d455b6-9b75-4a9a-bb0b-d6f5e0e368d6,Taco Bell,Restaurants and Other Eating Places,1582.5742
2025-01-01,GA,Atlanta,51c88e06-c723-4ecd-97a7-3882f4bd1438,Taco Bell,Restaurants and Other Eating Places,1582.5742
2025-01-01,GA,Atlanta,5d59611b-0750-4a40-9be9-4714ad302de5,Taco Bell,Restaurants and Other Eating Places,1582.5742
2025-01-01,WA,Seattle,c868aa66-84a0-4db8-aafc-b9f238e48f3d,Applebee's,Restaurants and Other Eating Places,1563.7639
2025-01-01,TX,Dallas / Houston,861b81dd-6fe8-4b2d-9870-e949d63a7989,Walmart,"General Merchandise Stores, including Warehouse Clubs and Supercenters",1562.3506
2025-01-01,TX,Dallas / Houston,f01a0391-9ff0-466e-acbd-d2cc7460ae96,Walmart,"General Merchandise Stores, including Warehouse Clubs and Supercenters",1562.3506
2025-01-01,GA,Atlanta,78d0a823-99ff-4c06-8ed7-b40ed997dbff,McDonald's,Restaurants and Other Eating Places,1556.4866
2025-01-01,GA,Atlanta,7d1c7c1d-f7ec-429b-9b3f-d869f8491126,McDonald's,Restaurants and Other Eating Places,1556.4866
2025-01-01,TX,Dallas / Houston,f55a5671-d5ef-4fda-ac38-33b29d1f7027,Domino's Pizza,Restaurants and Other Eating Places,1554.7363
2025-01-01,TX,Dallas / Houston,608451b9-7dad-4902-be77-ec07a5956e5f,Domino's Pizza,Restaurants and Other Eating Places,1554.7363
2025-01-01,TX,Dallas / Houston,024ffa2d-699d-4915-b78a-1423c049aedc,Domino's Pizza,Restaurants and Other Eating Places,1554.7363
2025-01-01,TX,Dallas / Houston,074f6bd1-70db-4560-80a5-52a6712e5c6d,Domino's Pizza,Restaurants and Other Eating Places,1554.7363
2025-01-01,TX,Dallas / Houston,e0318572-2336-4391-873d-527d234f9de4,Domino's Pizza,Restaurants and Other Eating Places,1554.7363
2025-01-01,TX,Dallas / Houston,51efeb11-6bc0-46d5-9ca2-925b31b5bf54,Domino's Pizza,Restaurants and Other Eating Places,1554.7363
2025-01-01,TX,Dallas / Houston,47b554b9-61bc-40a4-ae33-5e508fc5905f,Domino's Pizza,Restaurants and Other Eating Places,1554.7363
2025-01-01,TX,Dallas / Houston,f86c2f82-17fc-4d24-98bb-03aea38aeb9c,Domino's Pizza,Restaurants and Other Eating Places,1554.7363
2025-01-01,TX,Dallas / Houston,3d3711d9-6a6d-45a3-8137-344df47e7340,Domino's Pizza,Restaurants and Other Eating Places,1554.7363
2025-01-01,WA,Seattle,ce8f9f3b-d575-49bd-9c82-54520e725a44,Papa John's,Restaurants and Other Eating Places,1549.5175
2025-01-01,NJ,New York/New Jersey,df6309a9-7bb5-463b-b5ea-c5cee8537545,Patel Brothers,Grocery Stores,1526.0482
2025-01-01,NJ,New York/New Jersey,5b0fb830-eaca-41a7-ab59-865cacc155c5,Stop & Shop,Grocery Stores,1526.0482
2025-01-01,NJ,New York/New Jersey,4b7db514-3d35-4e35-911f-d4bbf5e6527e,Seabra Food,Grocery Stores,1526.0482
2025-01-01,NJ,New York/New Jersey,6300e6de-9ea1-426a-9403-497949719049,Chick-fil-A,Restaurants and Other Eating Places,1525.5189
2025-01-01,WA,Seattle,de8c70da-e066-4a2f-9be2-49982147829b,Five Guys,Restaurants and Other Eating Places,1524.3569
2025-01-01,FL,Miami,82feb256-e8d3-4403-b6ed-aa4ec94ab2b4,Chick-fil-A,Restaurants and Other Eating Places,1521.8954
2025-01-01,FL,Miami,d1ccf942-7b10-498d-98d0-31d7ca38074b,Chick-fil-A,Restaurants and Other Eating Places,1521.8954
2025-01-01,FL,Miami,c396181f-7113-4472-a4fa-c3fa640da3d2,Chick-fil-A,Restaurants and Other Eating Places,1521.8954
2025-01-01,FL,Miami,51dd8e74-edc8-454c-8d6d-48f3ed968be7,Chick-fil-A,Restaurants and Other Eating Places,1521.8954
2025-01-01,FL,Miami,8feaf156-d232-48b5-bab5-dfb6360b2778,Chick-fil-A,Restaurants and Other Eating Places,1521.8954
2025-01-01,CA,Los Angeles / SF Bay Area,366ecd03-17ce-4596-a80d-bbb0d3fa1757,Jack in the Box,Restaurants and Other Eating Places,1521.6587
2025-01-01,CA,Los Angeles / SF Bay Area,b439f67c-404e-4064-b332-88f622638cb6,Jack in the Box,Restaurants and Other Eating Places,1521.6587
2025-01-01,CA,Los Angeles / SF Bay Area,86e91b33-7c5e-4e39-aa8d-70b22b9f2cfe,Jack in the Box,Restaurants and Other Eating Places,1521.6587
2025-01-01,CA,Los Angeles / SF Bay Area,b6b1b711-74cf-4ad4-b5b6-23d16bb1ef25,Jack in the Box,Restaurants and Other Eating Places,1521.6587
2025-01-01,CA,Los Angeles / SF Bay Area,dba6df93-d60f-4985-afea-0b276e45f4d0,Jack in the Box,Restaurants and Other Eating Places,1521.6587
2025-01-01,CA,Los Angeles / SF Bay Area,a0bf541e-9e63-4db8-854b-a8cf24f26334,Jack in the Box,Restaurants and Other Eating Places,1521.6587
2025-01-01,CA,Los Angeles / SF Bay Area,ac414bcc-ffc6-4759-a70b-7d6fe02e05f4,Jack in the Box,Restaurants and Other Eating Places,1521.6587
2025-01-01,WA,Seattle,c3a47684-bbcd-4075-8e5f-d80980e92646,Dairy Queen,Restaurants and Other Eating Places,1515.5076
2025-01-01,GA,Atlanta,3b5130e0-4dc2-4521-a9c1-eed692c8b120,Jersey Mike's,Restaurants and Other Eating Places,1513.277
2025-01-01,TX,Dallas / Houston,7953fbcc-c8b9-4d41-8ab9-32fff99c2690,Target,"General Merchandise Stores, including Warehouse Clubs and Supercenters",1509.9238
2025-01-01,FL,Miami,2539ee9f-1047-4357-8e97-bb6b1ad93017,Panda Express,Restaurants and Other Eating Places,1509.5542
2025-01-01,GA,Atlanta,9eb2f508-2fa4-4cd4-986b-fc7b9326f1ab,Wendy's,Restaurants and Other Eating Places,1502.8481
2025-01-01,NY,New York/New Jersey,4f0b7b19-08b7-4138-a277-a2e656afe09f,McDonald's,Restaurants and Other Eating Places,1501.1454
2025-01-01,NY,New York/New Jersey,60b1601a-b894-4a08-a0ec-60606ef82128,McDonald's,Restaurants and Other Eating Places,1501.1454
2025-01-01,NY,New York/New Jersey,e2f3f6bb-a51f-459a-8973-d7d887d3c0a8,McDonald's,Restaurants and Other Eating Places,1501.1454
2025-01-01,NY,New York/New Jersey,f2250375-cd1e-40db-8ca9-f057651ee909,McDonald's,Restaurants and Other Eating Places,1501.1454
2025-01-01,FL,Miami,cf57c7b0-c5c5-4d93-aaf7-19cad5f9fc7a,Chili's Grill & Bar,Restaurants and Other Eating Places,1500.1945
2025-01-01,WA,Seattle,2c92cc6a-5d02-4d0b-b106-8a8526e9714e,Panda Express,Restaurants and Other Eating Places,1489.9055
2025-01-01,TX,Dallas / Houston,f9bd0383-3ef0-4d6c-a9a2-23005164516c,Taco Bell,Restaurants and Other Eating Places,1481.8625
2025-01-01,TX,Dallas / Houston,3d09a661-5aad-4938-82ae-018a51afa3cc,Taco Bell,Restaurants and Other Eating Places,1481.8625
2025-01-01,TX,Dallas / Houston,15ce7642-04be-4ae3-9bf2-d19a450f3b67,Taco Bell,Restaurants and Other Eating Places,1481.8625
2025-01-01,TX,Dallas / Houston,caa9d3dc-63bb-42b8-8299-1929459e36c2,Taco Bell,Restaurants and Other Eating Places,1481.8625
2025-01-01,TX,Dallas / Houston,d9e13890-5f24-46c5-9a2f-41dc4111d31a,Taco Bell,Restaurants and Other Eating Places,1481.8625
2025-01-01,TX,Dallas / Houston,e6ceeb83-dd6c-4a6f-b040-35c40eaf67a2,Taco Bell,Restaurants and Other Eating Places,1481.8625
2025-01-01,FL,Miami,8d8ee5f7-3695-40bb-b8dc-75527df3443c,Whataburger,Restaurants and Other Eating Places,1478.2954
2025-01-01,CA,Los Angeles / SF Bay Area,4353ae0d-3fad-4e0d-b2d3-9954c3ec5ca2,Chick-fil-A,Restaurants and Other Eating Places,1461.2863
2025-01-01,CA,Los Angeles / SF Bay Area,36c16fe8-f403-476d-9a30-eda503bdbc3c,Chick-fil-A,Restaurants and Other Eating Places,1461.2863
2025-01-01,CA,Los Angeles / SF Bay Area,37dae2c3-1739-4aaa-a2c4-7cf1eae9151e,Chick-fil-A,Restaurants and Other Eating Places,1461.2863
2025-01-01,CA,Los Angeles / SF Bay Area,ddd9c4e9-2c91-4db5-9132-f5181d04bdda,Chick-fil-A,Restaurants and Other Eating Places,1461.2863
2025-01-01,CA,Los Angeles / SF Bay Area,dab12097-baf9-4162-a228-e24c1f6b9539,Five Guys,Restaurants and Other Eating Places,1461.2487
2025-01-01,NY,New York/New Jersey,e3d32f99-1fc7-4c29-808a-9a5c43df889b,Jersey Mike's,Restaurants and Other Eating Places,1459.3102
2025-01-01,FL,Miami,4c1b7165-311b-48f1-8e8d-538b288e6736,Panera Bread,Restaurants and Other Eating Places,1440.7617
2025-01-01,FL,Miami,11dbb2e0-a2ec-4310-b505-591fd58ac7a0,Panera Bread,Restaurants and Other Eating Places,1440.7617
2025-01-01,TX,Dallas / Houston,a6c832c5-710d-4aac-9e35-ca3ea78e067c,McDonald's,Restaurants and Other Eating Places,1440.3617
2025-01-01,TX,Dallas / Houston,8101e6d5-3520-4672-b2f2-1d2408b6718e,McDonald's,Restaurants and Other Eating Places,1440.3617
2025-01-01,TX,Dallas / Houston,e3dbc16a-a2d9-47d9-bc8a-c005f77469f0,McDonald's,Restaurants and Other Eating Places,1440.3617
2025-01-01,TX,Dallas / Houston,3ae3775b-2eb2-4ceb-8def-e0c5a9c20834,McDonald's,Restaurants and Other Eating Places,1440.3617
2025-01-01,TX,Dallas / Houston,d8b74b0e-fb64-4812-9cfb-cded07120c7c,McDonald's,Restaurants and Other Eating Places,1440.3617
2025-01-01,TX,Dallas / Houston,4f4eacac-c270-46d0-acee-c7f8237ff1e5,McDonald's,Restaurants and Other Eating Places,1440.3617
2025-01-01,TX,Dallas / Houston,1485867b-0adc-42bc-a3ec-38ae7588aaa9,McDonald's,Restaurants and Other Eating Places,1440.3617
2025-01-01,GA,Atlanta,49a186c4-7a27-439e-888b-efbdebfaa26b,Dairy Queen,Restaurants and Other Eating Places,1438.2498
2025-01-01,GA,Atlanta,b952dfae-0bd4-4ce6-9ec1-ab2cd403b410,Dairy Queen,Restaurants and Other Eating Places,1438.2498
2025-01-01,NY,New York/New Jersey,51dc1be7-919b-4a5c-bbce-c4ab7a865be7,Wendy's,Restaurants and Other Eating Places,1436.8251
2025-01-01,NY,New York/New Jersey,536d46c7-ccee-4545-b99e-6379aa2efc86,Wendy's,Restaurants and Other Eating Places,1436.8251
2025-01-01,NY,New York/New Jersey,d60ae72f-4de3-44ba-a857-711e0e4af79e,Wendy's,Restaurants and Other Eating Places,1436.8251
2025-01-01,CA,Los Angeles / SF Bay Area,a57c9b88-ccd9-40f5-a5e0-627440dc877a,Applebee's,Restaurants and Other Eating Places,1436.6133
2025-01-01,NY,New York/New Jersey,f9278516-db9d-45b1-92eb-05373cdc2d3c,Applebee's,Restaurants and Other Eating Places,1424.8939
2025-01-01,GA,Atlanta,032dc760-18e0-47c0-b89f-506e02290705,Burger King,Restaurants and Other Eating Places,1420.7145
2025-01-01,NY,New York/New Jersey,dde6cca7-6ce2-482b-b8ea-52adf965fc60,Five Guys,Restaurants and Other Eating Places,1416.5127
2025-01-01,NY,New York/New Jersey,2e6575be-53b7-41fe-99b4-2708ff2c7ac1,Burger King,Restaurants and Other Eating Places,1415.7417
2025-01-01,NY,New York/New Jersey,78436659-70cc-4b5c-97c7-3a371cc2ba1e,Burger King,Restaurants and Other Eating Places,1415.7417
2025-01-01,WA,Seattle,2418dd31-beb8-4a99-811b-681a5cd1cfc8,Jack in the Box,Restaurants and Other Eating Places,1393.9528
2025-01-01,GA,Atlanta,9d4af184-d9ba-4190-a045-e13ad5360eb2,Papa John's,Restaurants and Other Eating Places,1387.6056
2025-01-01,GA,Atlanta,571ef82b-ab29-49bb-aa20-5d7c2455c91c,Lowe's,Building Material and Supplies Dealers,1376.5774
2025-01-01,TX,Dallas / Houston,7ae3e9ac-12f1-4b41-a3ce-8ad3b897389e,Chipotle Mexican Grill,Restaurants and Other Eating Places,1374.5347
2025-01-01,TX,Dallas / Houston,d71a6d0d-f6db-456a-8486-4431025d1fa9,Chipotle Mexican Grill,Restaurants and Other Eating Places,1374.5347
2025-01-01,GA,Atlanta,45670466-1909-4f31-b450-dbde47a5d712,KFC,Restaurants and Other Eating Places,1367.9658
2025-01-01,GA,Atlanta,ef9d12d9-2b34-4dcf-bb4c-e6ab9dfc7868,KFC,Restaurants and Other Eating Places,1367.9658
2025-01-01,GA,Atlanta,6b3e79b0-1a1e-4d93-b9e4-aa19d75f5c4a,Arby's,Restaurants and Other Eating Places,1366.0747
2025-01-01,GA,Atlanta,8684854f-a96d-43f9-aa4b-13824f8b1b32,Arby's,Restaurants and Other Eating Places,1366.0747
2025-01-01,TX,Dallas / Houston,c787ecc3-dd50-45f8-b51b-b82de3e33d91,Sonic,Restaurants and Other Eating Places,1358.5857
2025-01-01,TX,Dallas / Houston,6854b273-c453-48ab-9142-7b5ecb226da8,Sonic,Restaurants and Other Eating Places,1358.5857
2025-01-01,TX,Dallas / Houston,9efed370-9839-4f89-b56b-0c2910344bce,Sonic,Restaurants and Other Eating Places,1358.5857
2025-01-01,CA,Los Angeles / SF Bay Area,e61f96a8-1d46-4726-bfbf-8b7663ce681e,IHOP,Restaurants and Other Eating Places,1356.6667
2025-01-01,CA,Los Angeles / SF Bay Area,7553d16a-51df-4025-81f0-edf4bbc0f965,IHOP,Restaurants and Other Eating Places,1356.6667
2025-01-01,MA,Boston,7ca31fc9-14e6-4cb0-a85a-a4bfb32f06e3,Burger King,Restaurants and Other Eating Places,1355.8733
2025-01-01,NJ,New York/New Jersey,c69e06ea-7af4-4512-b15f-c54644082fc1,Domino's Pizza,Restaurants and Other Eating Places,1352.4066
2025-01-01,NJ,New York/New Jersey,e2c80bc9-c140-4d8f-825f-34e492099851,Domino's Pizza,Restaurants and Other Eating Places,1352.4066
2025-01-01,TX,Dallas / Houston,a997518c-aafe-4e41-a443-a3b3320e132d,Dairy Queen,Restaurants and Other Eating Places,1347.7937
2025-01-01,TX,Dallas / Houston,87ac39ab-97f7-45e7-8c37-b64ad75d47bb,Dairy Queen,Restaurants and Other Eating Places,1347.7937
2025-01-01,TX,Dallas / Houston,c3215c7f-2cc2-4e82-8c71-097c25c760c5,Dairy Queen,Restaurants and Other Eating Places,1347.7937
2025-01-01,TX,Dallas / Houston,dfb92652-36f2-4d37-9d3f-286b5fad624d,Dairy Queen,Restaurants and Other Eating Places,1347.7937
2025-01-01,TX,Dallas / Houston,c9345739-b385-42c3-a512-377a3a60a1fc,Dairy Queen,Restaurants and Other Eating Places,1347.7937
2025-01-01,TX,Dallas / Houston,6bcaff48-d8ae-4356-8b31-17d722524d93,Dairy Queen,Restaurants and Other Eating Places,1347.7937
2025-01-01,TX,Dallas / Houston,99c494f2-6c13-4412-a09a-e3c319125fd4,Dairy Queen,Restaurants and Other Eating Places,1347.7937
2025-01-01,NJ,New York/New Jersey,1678e5b0-0f28-4425-8e9e-f00b57021e62,McDonald's,Restaurants and Other Eating Places,1344.1469
2025-01-01,NJ,New York/New Jersey,ec4c7fa3-a452-4b5e-adb9-0578480e8815,McDonald's,Restaurants and Other Eating Places,1344.1469
2025-01-01,NJ,New York/New Jersey,93143ab0-fed5-41d6-8f83-012605942371,McDonald's,Restaurants and Other Eating Places,1344.1469
2025-01-01,GA,Atlanta,c10442d8-8377-4cef-b678-aff4732279ec,Panda Express,Restaurants and Other Eating Places,1341.2258
2025-01-01,PA,Philadelphia,741295eb-0a6b-49a8-b5d1-9446d67d129e,Taco Bell,Restaurants and Other Eating Places,1338.0934
2025-01-01,PA,Philadelphia,1b7d02c5-6329-44e8-809e-9a8aff649142,Taco Bell,Restaurants and Other Eating Places,1338.0934
2025-01-01,MO,Kansas City,bf5579f6-8271-4d57-8759-86ffa53c78bc,Five Guys,Restaurants and Other Eating Places,1317.542
2025-01-01,PA,Philadelphia,66e39ddb-039c-4b5d-8c72-fe584ebd5dd9,McDonald's,Restaurants and Other Eating Places,1307.9886
2025-01-01,PA,Philadelphia,5af61099-a0a1-4501-a46e-8b3a8959d512,McDonald's,Restaurants and Other Eating Places,1307.9886
2025-01-01,PA,Philadelphia,c8f5690f-1361-4fcd-bb9b-84644715ab8e,McDonald's,Restaurants and Other Eating Places,1307.9886
2025-01-01,PA,Philadelphia,9e5b0b73-da42-4688-bd3e-fa6216bced56,McDonald's,Restaurants and Other Eating Places,1307.9886
2025-01-01,PA,Philadelphia,5f60b757-4d61-491f-a3f6-a998291d2fe0,McDonald's,Restaurants and Other Eating Places,1307.9886
2025-01-01,FL,Miami,0f5f383a-18e4-4057-91ad-d77a6e7237a9,IHOP,Restaurants and Other Eating Places,1307.9249
2025-01-01,FL,Miami,2a1e5420-f756-4241-a3ad-46da4be2c43a,IHOP,Restaurants and Other Eating Places,1307.9249
2025-01-01,FL,Miami,d2dab7f0-e33c-4488-9e1c-33be21143bd5,Speedway,Gasoline Stations,1304.6709
2025-01-01,FL,Miami,58452ece-b1be-4e26-9a3f-85b4a0fcf6fe,Speedway,Gasoline Stations,1304.6709
2025-01-01,TX,Dallas / Houston,bdb3527e-5194-4335-94fb-fec812f46b40,KFC,Restaurants and Other Eating Places,1298.5924
2025-01-01,TX,Dallas / Houston,1414aed5-c79a-44d3-84d0-06acfcd26256,KFC,Restaurants and Other Eating Places,1298.5924
2025-01-01,TX,Dallas / Houston,908afaf4-dde4-42a2-85ed-6d26d01d9f31,KFC,Restaurants and Other Eating Places,1298.5924
2025-01-01,TX,Dallas / Houston,86e11af0-9f79-4e65-bd39-bf6e0e30e7b1,KFC,Restaurants and Other Eating Places,1298.5924
2025-01-01,TX,Dallas / Houston,11abfafa-d1ae-41c8-9caf-460e75130739,KFC,Restaurants and Other Eating Places,1298.5924
2025-01-01,MO,Kansas City,b18357f4-ca29-4bd6-adf0-77c325463061,Taco Bell,Restaurants and Other Eating Places,1298.1978
2025-01-01,PA,Philadelphia,17016345-6d22-4c82-99ef-66bbf185a3fa,Chipotle Mexican Grill,Restaurants and Other Eating Places,1295.7883
2025-01-01,NY,New York/New Jersey,95ae50e9-61d4-4ee2-906b-7fa91cae9b2a,Dunkin',Restaurants and Other Eating Places,1295.4761
2025-01-01,NY,New York/New Jersey,2aa6543f-51e9-4984-b988-097d295e47e4,Dunkin',Restaurants and Other Eating Places,1295.4761
2025-01-01,NY,New York/New Jersey,71a9db28-154e-46f4-b331-eb2452de6e6d,Dunkin',Restaurants and Other Eating Places,1295.4761
2025-01-01,NY,New York/New Jersey,7233edb6-a78c-40a8-a2d1-f6255cf96c8b,Dunkin',Restaurants and Other Eating Places,1295.4761
2025-01-01,NY,New York/New Jersey,a17b44b6-6c93-4a0a-83c8-84039a833b63,Dunkin',Restaurants and Other Eating Places,1295.4761
2025-01-01,NY,New York/New Jersey,d73f3883-6155-4864-a889-d1e686563641,Dunkin',Restaurants and Other Eating Places,1295.4761
2025-01-01,NY,New York/New Jersey,956768b4-0bd5-4b3c-ba70-ca6fee842770,Dunkin',Restaurants and Other Eating Places,1295.4761
2025-01-01,NY,New York/New Jersey,841f387e-c9d7-4e1c-9987-4498d0ff59d8,Dunkin',Restaurants and Other Eating Places,1295.4761
2025-01-01,NY,New York/New Jersey,9de3ec7a-47f9-40e7-8d21-864d22815ca8,Dunkin',Restaurants and Other Eating Places,1295.4761
2025-01-01,NY,New York/New Jersey,dfab5263-ba02-4a87-a3cd-76bf9ff4988d,Dunkin',Restaurants and Other Eating Places,1295.4761
2025-01-01,NY,New York/New Jersey,97b12eef-7048-490f-8204-fa449b05b8c9,Dunkin',Restaurants and Other Eating Places,1295.4761
2025-01-01,NY,New York/New Jersey,aa87214f-cd80-47e8-8d56-0bdfe9baf69b,Dunkin',Restaurants and Other Eating Places,1295.4761
2025-01-01,NY,New York/New Jersey,ae44ceab-524d-4ad9-af8e-24fd08c19b6e,Dunkin',Restaurants and Other Eating Places,1295.4761
2025-01-01,NY,New York/New Jersey,b57a2a5e-256a-41d5-a022-528fdca4e73a,Dunkin',Restaurants and Other Eating Places,1295.4761
2025-01-01,NY,New York/New Jersey,9c80d55a-820c-46a4-9454-bf5d1988f4a7,Dunkin',Restaurants and Other Eating Places,1295.4761
2025-01-01,NY,New York/New Jersey,73e96437-377d-4a40-9b81-170d32030eca,Dunkin',Restaurants and Other Eating Places,1295.4761
2025-01-01,NY,New York/New Jersey,ab6e73a4-ec46-4760-9222-5768a4a58016,Dunkin',Restaurants and Other Eating Places,1295.4761
2025-01-01,NY,New York/New Jersey,b4b2a3c6-9e13-4c61-92d1-bc3139a09bfe,Dunkin',Restaurants and Other Eating Places,1295.4761
2025-01-01,FL,Miami,2d8aa23f-dc44-4010-80bc-4a9869000a02,Murphy USA,Gasoline Stations,1293.4172
2025-01-01,FL,Miami,f8491176-4f23-41af-8cd8-b55292b07116,Murphy USA,Gasoline Stations,1293.4172
2025-01-01,FL,Miami,b9bf3be7-b51a-4caa-9680-96c0183d8498,Murphy USA,Gasoline Stations,1293.4172
2025-01-01,FL,Miami,d61135f2-884e-4640-a231-51637a86d91b,Murphy USA,Gasoline Stations,1293.4172
2025-01-01,GA,Atlanta,90539706-8183-446a-8f01-fe5042727abb,Five Guys,Restaurants and Other Eating Places,1292.5349
2025-01-01,GA,Atlanta,e153fd30-5bbb-45ca-89ce-9f1ff93ac9ff,Five Guys,Restaurants and Other Eating Places,1292.5349
2025-01-01,PA,Philadelphia,84077451-ac90-4ad0-92a6-e3ab6543c89b,Target,"General Merchandise Stores, including Warehouse Clubs and Supercenters",1290.7067
2025-01-01,MO,Kansas City,63c36387-4538-408f-9f46-37b4c975914e,Domino's Pizza,Restaurants and Other Eating Places,1287.6061
2025-01-01,NJ,New York/New Jersey,dcef0de6-dbf8-40c3-aa1a-f60ec1acf342,Five Guys,Restaurants and Other Eating Places,1281.6132
2025-01-01,NJ,New York/New Jersey,596c570d-873c-498b-b2ff-8b91e004b016,Five Guys,Restaurants and Other Eating Places,1281.6132
2025-01-01,PA,Philadelphia,21c3ede9-c0ec-4cfa-afa8-03e6dcd0adab,Domino's Pizza,Restaurants and Other Eating Places,1281.5759
2025-01-01,PA,Philadelphia,bc476ec9-159c-48b3-b8aa-ac22cbc2cda7,Domino's Pizza,Restaurants and Other Eating Places,1281.5759
2025-01-01,FL,Miami,9a199532-1a8d-496e-9c33-ccd1d621a119,Waffle House,Restaurants and Other Eating Places,1280.0594
2025-01-01,FL,Miami,7efe20e1-148e-445b-b52a-bd914c76ac4f,Waffle House,Restaurants and Other Eating Places,1280.0594
2025-01-01,FL,Miami,a83eddea-8500-4f44-8b93-1a545b519271,Jimmy John's,Restaurants and Other Eating Places,1279.8457
2025-01-01,FL,Miami,c9d5edf3-089d-4fda-9cae-c78273b0e950,Jimmy John's,Restaurants and Other Eating Places,1279.8457
2025-01-01,FL,Miami,6720723b-cb27-41b7-bb82-98ea1bd2d4c2,Jimmy John's,Restaurants and Other Eating Places,1279.8457
2025-01-01,FL,Miami,134e5bb8-76e8-4275-8730-bde1e6e4ad41,Jimmy John's,Restaurants and Other Eating Places,1279.8457
2025-01-01,WA,Seattle,0545fd73-d91b-4554-8674-3182cce30b4e,Jimmy John's,Restaurants and Other Eating Places,1277.5793
2025-01-01,WA,Seattle,ce4de419-e976-4765-930f-55eb82dd349c,Jimmy John's,Restaurants and Other Eating Places,1277.5793
2025-01-01,NY,New York/New Jersey,5bbcf245-ed28-444d-927c-c26438853ef1,Popeyes Louisiana Kitchen,Restaurants and Other Eating Places,1274.5936
2025-01-01,NY,New York/New Jersey,229cdb85-85f7-4cc1-8b6b-f04edb89facc,Popeyes Louisiana Kitchen,Restaurants and Other Eating Places,1274.5936
2025-01-01,FL,Miami,8832268d-7b8b-4f82-8bf9-1f061f8fe636,Winn Dixie,Grocery Stores,1273.6505
2025-01-01,FL,Miami,3882e95b-87e7-431e-9880-0c342bf09f08,Sun Stop,Grocery Stores,1273.6505
2025-01-01,FL,Miami,66e92d1e-b2a1-430b-876c-0c6edc6fc565,Winn Dixie,Grocery Stores,1273.6505
2025-01-01,FL,Miami,11fb0c57-18d1-4dd2-84ff-007ce33574d9,The Fresh Market,Grocery Stores,1273.6505
2025-01-01,FL,Miami,69ad8a2e-d1f9-4567-b3e4-f36c11422649,Presidente Supermarkets,Grocery Stores,1273.6505
2025-01-01,FL,Miami,e0572f90-af94-498a-80d3-518dd86b700f,Winn Dixie,Grocery Stores,1273.6505
2025-01-01,FL,Miami,0c8e0a4d-07e7-45be-b0f6-d67404576094,Bravo Supermarkets,Grocery Stores,1273.6505
2025-01-01,FL,Miami,95c2fab9-266c-4b71-b2e0-3211bede5cc6,Kangaroo Express,Grocery Stores,1273.6505
2025-01-01,FL,Miami,54c64c0d-1ae3-4587-a867-724f7c6d3926,Gordon Food Service Store,Grocery Stores,1273.6505
2025-01-01,FL,Miami,8c221aa9-ff60-440f-8eca-4a1a98d1494f,Key Food,Grocery Stores,1273.6505
2025-01-01,FL,Miami,5c55d341-b71c-427b-a06e-a1949be9864c,Winn Dixie,Grocery Stores,1273.6505
2025-01-01,FL,Miami,6ce93463-65e6-4b6a-a19e-8fa7cbbb6065,Save-A-Lot,Grocery Stores,1273.6505
2025-01-01,FL,Miami,f439f066-9b97-4ae1-9bc1-5cb104e7c4ee,Winn Dixie,Grocery Stores,1273.6505
2025-01-01,MO,Kansas City,b5044e5a-ee51-4d41-9126-86ef721363b6,McDonald's,Restaurants and Other Eating Places,1261.789
2025-01-01,MO,Kansas City,c586ac5f-dede-4322-a3b9-411c7725278d,McDonald's,Restaurants and Other Eating Places,1261.789
2025-01-01,MO,Kansas City,96d6b83c-8ee9-494d-be44-233f69a5163c,McDonald's,Restaurants and Other Eating Places,1261.789
2025-01-01,MO,Kansas City,9a92beb6-8abc-43e7-a8f5-0e4e82d585d6,Sonic,Restaurants and Other Eating Places,1261.0063
2025-01-01,TX,Dallas / Houston,10cf566d-cbaa-4f6c-8b9f-e5bf1b7774d7,Burger King,Restaurants and Other Eating Places,1253.2434
2025-01-01,TX,Dallas / Houston,6c6f87fd-e26d-43fc-8897-77234d9c365a,Burger King,Restaurants and Other Eating Places,1253.2434
2025-01-01,TX,Dallas / Houston,c63b77b9-5ed6-4c72-80a9-143919ced2a7,Burger King,Restaurants and Other Eating Places,1253.2434
2025-01-01,TX,Dallas / Houston,981a692c-8d6c-4260-b999-082b7a6d153b,Burger King,Restaurants and Other Eating Places,1253.2434
2025-01-01,TX,Dallas / Houston,a91e0ba4-bce5-4c0f-b040-3c0852d7a884,Burger King,Restaurants and Other Eating Places,1253.2434
2025-01-01,TX,Dallas / Houston,bf56f1c2-b1e5-4a3c-95f3-5d488338f91b,Burger King,Restaurants and Other Eating Places,1253.2434
2025-01-01,TX,Dallas / Houston,aece56d1-ad3d-45e7-b439-0ce731880826,Wendy's,Restaurants and Other Eating Places,1252.1184
2025-01-01,TX,Dallas / Houston,c3cb2761-bfb7-4cd8-a972-459310d47cd4,Wendy's,Restaurants and Other Eating Places,1252.1184
2025-01-01,TX,Dallas / Houston,091def18-79bb-4126-a625-fed6d69ca550,Wendy's,Restaurants and Other Eating Places,1252.1184
2025-01-01,CA,Los Angeles / SF Bay Area,c5d1145f-9fa0-4b4d-b0f4-02e5d37d33c8,Speedway,Gasoline Stations,1251.9839
2025-01-01,CA,Los Angeles / SF Bay Area,0a2478a9-8a93-44c7-9349-32e1f1085918,Speedway,Gasoline Stations,1251.9839
2025-01-01,CA,Los Angeles / SF Bay Area,42006e76-e506-4019-8975-8f78ee2c65b5,Speedway,Gasoline Stations,1251.9839
2025-01-01,CA,Los Angeles / SF Bay Area,38e05293-a7c7-4f3a-8d50-7f9123565a3d,Speedway,Gasoline Stations,1251.9839
2025-01-01,NY,New York/New Jersey,dfed2703-fec6-4250-a359-0bea6eda872f,Cliff's Local Market,Grocery Stores,1242.6986
2025-01-01,NY,New York/New Jersey,eb9bf0d2-4ff7-4ab8-884f-23ba379871c4,Stewart's Shops,Grocery Stores,1242.6986
2025-01-01,NY,New York/New Jersey,c92b5392-67ea-4033-8e87-4ef22913b20a,Food Universe Marketplace,Grocery Stores,1242.6986
2025-01-01,NY,New York/New Jersey,bfd20262-9977-48bf-8670-7b14732827fb,Stew Leonard's,Grocery Stores,1242.6986
2025-01-01,NY,New York/New Jersey,742594b3-a1a0-4bfc-8a2c-b89563400206,Quicklee’s,Grocery Stores,1242.6986
2025-01-01,NY,New York/New Jersey,e8f48cf1-8925-4f08-acc5-9408467c84f0,Superfresh,Grocery Stores,1242.6986
2025-01-01,NY,New York/New Jersey,edfa9b67-e41c-4c5c-b1de-51d1b3ce0fc8,Save-A-Lot,Grocery Stores,1242.6986
2025-01-01,NY,New York/New Jersey,9b1bf8e8-f58f-42ba-b839-82faea3868ee,Farm Stores,Grocery Stores,1242.6986
2025-01-01,NY,New York/New Jersey,a95a4c58-46e3-4165-9c4b-9ac769a87695,Crosby's,Grocery Stores,1242.6986
2025-01-01,NY,New York/New Jersey,e4280184-d759-42d4-8a03-3933bed32ade,Tops Friendly Markets,Grocery Stores,1242.6986
2025-01-01,NY,New York/New Jersey,5176111b-4ffd-4d30-87be-91744bda69cf,Stewart's Shops,Grocery Stores,1242.6986
2025-01-01,NY,New York/New Jersey,a4e88e7f-c5d7-46a2-9b72-124cff320262,C Town Supermarkets,Grocery Stores,1242.6986
2025-01-01,NY,New York/New Jersey,dc794b4e-b98f-44e4-ba1c-04a9d8bb8fe0,Pioneer Supermarkets,Grocery Stores,1242.6986
2025-01-01,NY,New York/New Jersey,d9a25af7-f3e2-4c73-b4b0-27637376ca1b,Foodtown,Grocery Stores,1242.6986
2025-01-01,NY,New York/New Jersey,01f976fa-1d75-4a71-8906-d5174b5122d6,Tops Friendly Markets,Grocery Stores,1242.6986
2025-01-01,NY,New York/New Jersey,8ca44529-fd0d-4756-9d78-39d5797cfc52,Stewart's Shops,Grocery Stores,1242.6986
2025-01-01,NY,New York/New Jersey,d6a17a84-47de-471c-b867-72dbf97de91f,Stewart's Shops,Grocery Stores,1242.6986
2025-01-01,NY,New York/New Jersey,b8792b68-8e8b-4071-991f-4e9ba2963084,ShopRite,Grocery Stores,1242.6986
2025-01-01,NY,New York/New Jersey,be60108a-17a4-4e93-bdce-2eb1bc5cb30f,C Town Supermarkets,Grocery Stores,1242.6986
2025-01-01,NY,New York/New Jersey,cffed8ae-6825-489e-be6e-84a1e7fcbec6,Fine Fare Supermarkets,Grocery Stores,1242.6986
2025-01-01,KS,Kansas City,b73f984b-c55d-4f8e-aa57-43f32eb8f62c,Applebee's,Restaurants and Other Eating Places,1242.2485
2025-01-01,TX,Dallas / Houston,08ea2378-14c1-4a15-bf57-388798ac75da,Papa John's,Restaurants and Other Eating Places,1232.9559
2025-01-01,TX,Dallas / Houston,86f4efc4-8f03-4fd6-9e44-e48c3544097c,Papa John's,Restaurants and Other Eating Places,1232.9559
2025-01-01,GA,Atlanta,44c4b0c5-4b52-455e-bace-d1610dd27e20,Waffle House,Restaurants and Other Eating Places,1231.9272
2025-01-01,GA,Atlanta,607236ba-37f4-4ae0-b6e7-d50a87713f87,Waffle House,Restaurants and Other Eating Places,1231.9272
2025-01-01,GA,Atlanta,8fea3488-18c5-4a1f-a6ab-6390aa27e8d4,Waffle House,Restaurants and Other Eating Places,1231.9272
2025-01-01,NJ,New York/New Jersey,785196cd-588d-4e11-b40c-bb2356c9e5b0,Chipotle Mexican Grill,Restaurants and Other Eating Places,1228.5514
2025-01-01,WA,Seattle,a5ec6541-8b6a-4a34-b6a6-18691b383b5e,Grocery Outlet,Grocery Stores,1227.8563
2025-01-01,WA,Seattle,b42a7a45-47bb-4e3f-b133-b4e9d43e2944,Yoke's Fresh Mart,Grocery Stores,1227.8563
2025-01-01,WA,Seattle,ee816a31-00d8-429e-b97c-df23ad2d6a12,Safeway,Grocery Stores,1227.8563
2025-01-01,WA,Seattle,19486a5f-3679-48e9-88be-759b1fa6851b,CHEF'STORE,Grocery Stores,1227.8563
2025-01-01,WA,Seattle,9788a457-b409-47d5-a795-90fa830680b5,Fred Meyer,Grocery Stores,1227.8563
2025-01-01,TX,Dallas / Houston,1680718a-a842-4867-9fed-933f84219d76,Panera Bread,Restaurants and Other Eating Places,1221.7692
2025-01-01,TX,Dallas / Houston,1c112beb-9b66-4613-95a5-005bfc918e14,Dunkin',Restaurants and Other Eating Places,1216.516
2025-01-01,TX,Dallas / Houston,a908119e-24d7-4cba-a1da-24dccac08037,Dunkin',Restaurants and Other Eating Places,1216.516
2025-01-01,NJ,New York/New Jersey,7e65e04c-65c4-42ce-8de7-92e5703ca19a,Jersey Mike's,Restaurants and Other Eating Places,1211.8694
2025-01-01,NJ,New York/New Jersey,7f9e129c-1039-4ed6-b935-09e115e0b40d,Jersey Mike's,Restaurants and Other Eating Places,1211.8694
2025-01-01,CA,Los Angeles / SF Bay Area,6a7817c0-917b-4434-9651-06af4dbe922a,Rocket,Grocery Stores,1208.2717
2025-01-01,CA,Los Angeles / SF Bay Area,e8d62b73-6fbc-45f5-931e-8c21914aceae,Nob Hill Foods,Grocery Stores,1208.2717
2025-01-01,CA,Los Angeles / SF Bay Area,3e715f3d-99f8-4f40-960f-331b99708c46,Lucky Supermarkets,Grocery Stores,1208.2717
2025-01-01,CA,Los Angeles / SF Bay Area,6682f4e8-d0a2-46be-98be-50e855ecde18,Trader Joe's,Grocery Stores,1208.2717
2025-01-01,CA,Los Angeles / SF Bay Area,b1419a04-f558-49e6-b51e-45d9f36cfc07,H Mart,Grocery Stores,1208.2717
2025-01-01,CA,Los Angeles / SF Bay Area,33ecbf45-141b-45e3-988a-d5cbd89511a8,Save Mart Supermarkets,Grocery Stores,1208.2717
2025-01-01,CA,Los Angeles / SF Bay Area,078276a1-f5bb-40fd-b4d3-8522e6eae0ed,Smart & Final,Grocery Stores,1208.2717
2025-01-01,CA,Los Angeles / SF Bay Area,09121e7b-7c1a-41c2-9574-18a1dc095a8e,Ralphs,Grocery Stores,1208.2717
2025-01-01,CA,Los Angeles / SF Bay Area,d832e566-0aff-4224-b6bd-c4ce7d0c2580,Sprouts,Grocery Stores,1208.2717
2025-01-01,CA,Los Angeles / SF Bay Area,b3819c0a-ce30-4a85-8756-a849f90e6907,Trader Joe's,Grocery Stores,1208.2717
2025-01-01,CA,Los Angeles / SF Bay Area,44c121ee-2ffd-4867-8a9d-150492fbf4b0,Food 4 Less,Grocery Stores,1208.2717
2025-01-01,CA,Los Angeles / SF Bay Area,5f758698-2b05-4421-aa19-50887264a7f2,Cardenas Markets,Grocery Stores,1208.2717
2025-01-01,CA,Los Angeles / SF Bay Area,e8f16e97-50fc-47c6-918f-6cd712b8eb9c,Nugget Market,Grocery Stores,1208.2717
2025-01-01,CA,Los Angeles / SF Bay Area,ad70dae6-76fa-46c3-99b6-30e703c8038c,Rocket,Grocery Stores,1208.2717
2025-01-01,CA,Los Angeles / SF Bay Area,f3f7f76a-dc85-4e8d-811c-23d9e442ee76,Erewhon Natural Foods,Grocery Stores,1208.2717
2025-01-01,CA,Los Angeles / SF Bay Area,ecff58c2-bfc7-41f5-96a9-34884b73ccbc,Sprouts,Grocery Stores,1208.2717
2025-01-01,CA,Los Angeles / SF Bay Area,f43efeb4-72d5-4e78-a496-9774bd8ca4b7,Safeway,Grocery Stores,1208.2717
2025-01-01,CA,Los Angeles / SF Bay Area,8ef362b6-752e-40b1-a257-6b0beeea0435,Nob Hill Foods,Grocery Stores,1208.2717
2025-01-01,CA,Los Angeles / SF Bay Area,93779357-ed07-45b6-9f59-837f1102f587,Porters,Grocery Stores,1208.2717
2025-01-01,CA,Los Angeles / SF Bay Area,7cc01320-e315-4bc3-934c-75e82feb37fb,Vons,Grocery Stores,1208.2717
2025-01-01,NJ,New York/New Jersey,00e74c45-4f9b-4c31-b9fe-bbbe863baf13,Papa John's,Restaurants and Other Eating Places,1202.91
2025-01-01,TX,Dallas / Houston,310279ff-d762-4b58-84e7-fe22c1683ac1,Arby's,Restaurants and Other Eating Places,1193.5503
2025-01-01,TX,Dallas / Houston,8c95411e-c9ca-4368-a71d-a3e92c9ce8c2,Arby's,Restaurants and Other Eating Places,1193.5503
2025-01-01,NJ,New York/New Jersey,08036634-f0c1-4d8f-b9fc-77e727ede5de,Burger King,Restaurants and Other Eating Places,1185.7964
2025-01-01,MA,Boston,fb58c4de-43ae-494b-ac26-68a00d93ced5,Dairy Queen,Restaurants and Other Eating Places,1184.9484
2025-01-01,CA,Los Angeles / SF Bay Area,d19ec876-9d40-43c1-82a3-433624176c49,Wingstop,Restaurants and Other Eating Places,1178.5793
2025-01-01,CA,Los Angeles / SF Bay Area,a9c4edfa-105c-4a60-9f4f-2269992a590c,Wingstop,Restaurants and Other Eating Places,1178.5793
2025-01-01,PA,Philadelphia,f5168dad-cacf-4b0c-9524-29dd1cae3f80,KFC,Restaurants and Other Eating Places,1176.5265
2025-01-01,TX,Dallas / Houston,e3ce05a0-3796-4a50-ba65-35f9204e8450,Chili's Grill & Bar,Restaurants and Other Eating Places,1172.7151
2025-01-01,TX,Dallas / Houston,fe477a10-2c26-4250-9858-8ce306c45c6b,Chili's Grill & Bar,Restaurants and Other Eating Places,1172.7151
2025-01-01,TX,Dallas / Houston,85773d2b-c15a-446d-8c7d-f7634377f01d,Chili's Grill & Bar,Restaurants and Other Eating Places,1172.7151
2025-01-01,TX,Dallas / Houston,b3adb086-ffd6-4081-8b2c-e63714261fd7,Chili's Grill & Bar,Restaurants and Other Eating Places,1172.7151
2025-01-01,MA,Boston,99b08cad-adc3-458f-9182-59aa6b16d644,Wendy's,Restaurants and Other Eating Places,1169.6393
2025-01-01,GA,Atlanta,7eac3594-b156-4853-a7fd-056d956e8880,Dunkin',Restaurants and Other Eating Places,1160.8522
2025-01-01,GA,Atlanta,6d74010d-321d-4773-9b35-178593e760c3,Dunkin',Restaurants and Other Eating Places,1160.8522
2025-01-01,GA,Atlanta,ba341ec1-f5eb-4618-9846-c3a55cb767c8,Dunkin',Restaurants and Other Eating Places,1160.8522
2025-01-01,GA,Atlanta,601fbc16-ce67-41c4-bbab-b684c710019c,Dunkin',Restaurants and Other Eating Places,1160.8522
2025-01-01,TX,Dallas / Houston,6d368602-d1c3-4e78-9f79-9e267c2a3327,Lowe's,Building Material and Supplies Dealers,1159.6373
2025-01-01,MO,Kansas City,7731f8fd-9503-4933-a9c0-65603ba4bf92,KFC,Restaurants and Other Eating Places,1158.3386
2025-01-01,MO,Kansas City,d7c4316c-8cac-4e89-9b9c-e2b37b20cbf2,KFC,Restaurants and Other Eating Places,1158.3386
2025-01-01,MO,Kansas City,4fca1541-0472-4fc4-aee3-b8ef4d6332ac,Burger King,Restaurants and Other Eating Places,1148.0929
2025-01-01,MO,Kansas City,1bfa78a7-39b8-4aa3-a318-397f91bf33e9,Burger King,Restaurants and Other Eating Places,1148.0929
2025-01-01,MO,Kansas City,b458f36e-14ff-4655-915c-f43cb61a7082,Burger King,Restaurants and Other Eating Places,1148.0929
2025-01-01,TX,Dallas / Houston,102e7db0-8488-4250-9425-d522d722aae9,Applebee's,Restaurants and Other Eating Places,1145.3538
2025-01-01,GA,Atlanta,2b0e3db6-38e1-48e3-b166-193def7fa4ee,Chick-fil-A,Restaurants and Other Eating Places,1144.892
2025-01-01,GA,Atlanta,77d0118d-f231-4897-bedf-8620ed7a1709,Chick-fil-A,Restaurants and Other Eating Places,1144.892
2025-01-01,GA,Atlanta,3732b1b8-3527-4a68-a2ff-2c7541861423,Chick-fil-A,Restaurants and Other Eating Places,1144.892
2025-01-01,TX,Dallas / Houston,87fc05b5-7099-45f9-b267-f2a3db4b1a7e,Whataburger,Restaurants and Other Eating Places,1144.8723
2025-01-01,TX,Dallas / Houston,16e1b442-3c76-40ae-aa1b-2f2e6f582cc6,Whataburger,Restaurants and Other Eating Places,1144.8723
2025-01-01,TX,Dallas / Houston,274a7c72-649e-4838-8363-84e4642c420d,Whataburger,Restaurants and Other Eating Places,1144.8723
2025-01-01,TX,Dallas / Houston,ef8fa57b-3100-426f-bdec-24b1b5e9f48f,Whataburger,Restaurants and Other Eating Places,1144.8723
2025-01-01,TX,Dallas / Houston,53908d65-5c64-4082-9538-b5d056db82b1,Whataburger,Restaurants and Other Eating Places,1144.8723
2025-01-01,TX,Dallas / Houston,1d8f11d5-6970-4de9-b4d4-5ec67667d8c8,Whataburger,Restaurants and Other Eating Places,1144.8723
2025-01-01,TX,Dallas / Houston,dfbeaca5-1583-46a7-af1b-a9f4cd2cbc75,Whataburger,Restaurants and Other Eating Places,1144.8723
2025-01-01,TX,Dallas / Houston,a3ae4385-dd23-44e5-92b6-1efbf1827e65,Whataburger,Restaurants and Other Eating Places,1144.8723
2025-01-01,TX,Dallas / Houston,db446139-299e-4827-9933-cdcf5546968f,Whataburger,Restaurants and Other Eating Places,1144.8723
2025-01-01,TX,Dallas / Houston,4e2975ab-80ae-425b-a004-f5b6133bcb84,Whataburger,Restaurants and Other Eating Places,1144.8723
2025-01-01,TX,Dallas / Houston,93d18a17-1c15-4470-8ea4-4626e32e1b33,Whataburger,Restaurants and Other Eating Places,1144.8723
2025-01-01,PA,Philadelphia,1e1c1956-fe7b-4302-ad1e-803d2cab58c3,Applebee's,Restaurants and Other Eating Places,1142.5209
2025-01-01,GA,Atlanta,be6c2ddd-3f3a-433b-9b8e-19195c20d6d3,Chili's Grill & Bar,Restaurants and Other Eating Places,1134.7662
2025-01-01,PA,Philadelphia,38d59c30-3257-4eb5-bad6-725ac0f1063d,Wendy's,Restaurants and Other Eating Places,1127.9866
2025-01-01,PA,Philadelphia,8467d885-af5d-44f5-aaf3-356a36d2ea39,Wendy's,Restaurants and Other Eating Places,1127.9866
2025-01-01,PA,Philadelphia,ef82122c-23f5-482f-945f-ed3c83721527,Wendy's,Restaurants and Other Eating Places,1127.9866
2025-01-01,TX,Dallas / Houston,fc605afa-7957-4c5f-9b41-46ef4fea0fe4,Panda Express,Restaurants and Other Eating Places,1127.8707
2025-01-01,TX,Dallas / Houston,62ca0736-743e-417b-9942-108ea7d4442e,Panda Express,Restaurants and Other Eating Places,1127.8707
2025-01-01,TX,Dallas / Houston,3d67febf-4889-4369-870e-7753c05192bc,Panda Express,Restaurants and Other Eating Places,1127.8707
2025-01-01,CA,Los Angeles / SF Bay Area,427552e0-34d9-469a-b2ed-2957716c7a23,Subway,Restaurants and Other Eating Places,1120.6876
2025-01-01,CA,Los Angeles / SF Bay Area,a6ad2ca5-4f49-4b35-8d6a-9d50061a61c3,Subway,Restaurants and Other Eating Places,1120.6876
2025-01-01,CA,Los Angeles / SF Bay Area,139686b8-e405-4800-bb25-8d2ff0d1ac52,Subway,Restaurants and Other Eating Places,1120.6876
2025-01-01,CA,Los Angeles / SF Bay Area,56006508-f954-462f-8a88-bd5496530eea,Subway,Restaurants and Other Eating Places,1120.6876
2025-01-01,CA,Los Angeles / SF Bay Area,7efd981b-86b9-4f47-818a-991b3d261679,Subway,Restaurants and Other Eating Places,1120.6876
2025-01-01,CA,Los Angeles / SF Bay Area,b717cd19-77fa-429a-b451-f35a53328a92,Subway,Restaurants and Other Eating Places,1120.6876
2025-01-01,CA,Los Angeles / SF Bay Area,b5cd87ec-bede-484c-bef9-902fedc4d1e0,Subway,Restaurants and Other Eating Places,1120.6876
2025-01-01,CA,Los Angeles / SF Bay Area,b9327eae-1a18-457a-a6b4-fe6ebccc1e01,Subway,Restaurants and Other Eating Places,1120.6876
2025-01-01,CA,Los Angeles / SF Bay Area,38f52ecf-8aa4-4981-976f-1b717dc4877d,Subway,Restaurants and Other Eating Places,1120.6876
2025-01-01,CA,Los Angeles / SF Bay Area,0993e5e4-8290-438e-b58b-d6b7c0d7b741,Subway,Restaurants and Other Eating Places,1120.6876
2025-01-01,CA,Los Angeles / SF Bay Area,483e1a97-f80c-4559-9815-274996489ab3,Subway,Restaurants and Other Eating Places,1120.6876
2025-01-01,CA,Los Angeles / SF Bay Area,24b72c86-3b2f-4721-8e15-038b7b0a32bb,Subway,Restaurants and Other Eating Places,1120.6876
2025-01-01,CA,Los Angeles / SF Bay Area,e4de34d2-b140-4970-87ee-b49799e053fb,Subway,Restaurants and Other Eating Places,1120.6876
2025-01-01,CA,Los Angeles / SF Bay Area,ffb55097-b311-4aa9-927c-25cf7c786e0b,Subway,Restaurants and Other Eating Places,1120.6876
2025-01-01,NJ,New York/New Jersey,c0efaac3-29fa-4e6f-a935-c9a9aeff69dc,Buffalo Wild Wings,Restaurants and Other Eating Places,1117.7039
2025-01-01,FL,Miami,a1dc568c-a412-4dc7-8a1d-6e151f6c9a30,Wingstop,Restaurants and Other Eating Places,1112.8235
2025-01-01,MA,Boston,62a0260e-97b2-4bef-9497-b4f70295dbaf,Chick-fil-A,Restaurants and Other Eating Places,1111.9082
2025-01-01,TX,Dallas / Houston,2b87e573-4bab-4a03-8641-59674973fbbd,Jack in the Box,Restaurants and Other Eating Places,1107.1165
2025-01-01,TX,Dallas / Houston,ef38545e-b462-4b4e-bebe-c09af15d49ef,Jack in the Box,Restaurants and Other Eating Places,1107.1165
2025-01-01,TX,Dallas / Houston,9edeab93-1507-43a8-9c49-e12374ef0541,Jack in the Box,Restaurants and Other Eating Places,1107.1165
2025-01-01,TX,Dallas / Houston,90df25d0-4e61-4f38-b394-1eadd2175a97,Jack in the Box,Restaurants and Other Eating Places,1107.1165
2025-01-01,TX,Dallas / Houston,da1407a4-ee57-496f-91cb-8ad4198486eb,Jack in the Box,Restaurants and Other Eating Places,1107.1165
2025-01-01,TX,Dallas / Houston,0348400c-9781-40f3-9689-46cdc723e432,Jack in the Box,Restaurants and Other Eating Places,1107.1165
2025-01-01,MO,Kansas City,3035b0e7-2e50-46e8-bc69-3ad61a6683f9,Panda Express,Restaurants and Other Eating Places,1094.5889
2025-01-01,NJ,New York/New Jersey,fa6cbde0-0a31-45d4-8941-fc774bcb1e0e,Dunkin',Restaurants and Other Eating Places,1091.6433
2025-01-01,NJ,New York/New Jersey,2cd239fe-0132-40b5-a44b-627587950975,Dunkin',Restaurants and Other Eating Places,1091.6433
2025-01-01,NJ,New York/New Jersey,afe7c892-e014-4c3d-9a53-242d5f949666,Dunkin',Restaurants and Other Eating Places,1091.6433
2025-01-01,NJ,New York/New Jersey,36027920-808c-4986-a950-7506b29c4be4,Dunkin',Restaurants and Other Eating Places,1091.6433
2025-01-01,NJ,New York/New Jersey,e20e147b-8bb6-474f-9335-b2f09a154b1e,Dunkin',Restaurants and Other Eating Places,1091.6433
2025-01-01,NJ,New York/New Jersey,148692c4-b1a5-4eaa-bc77-66155a4e2bb5,Dunkin',Restaurants and Other Eating Places,1091.6433
2025-01-01,NJ,New York/New Jersey,c688a63f-b7b6-4787-a6a9-ded2a6ecc5c8,Dunkin',Restaurants and Other Eating Places,1091.6433
2025-01-01,NJ,New York/New Jersey,536364f2-6ec0-4e03-ba95-94a84e7c0011,Dairy Queen,Restaurants and Other Eating Places,1079.2772
2025-01-01,NJ,New York/New Jersey,3138ecf9-598c-42a5-9e6d-bc387330c12b,Dairy Queen,Restaurants and Other Eating Places,1079.2772
2025-01-01,NJ,New York/New Jersey,f89c995e-001d-41d9-85cb-156c28105c1b,Dairy Queen,Restaurants and Other Eating Places,1079.2772
2025-01-01,TX,Dallas / Houston,0de563ff-da3d-4665-939b-cf7d000bcb75,Speedway,Gasoline Stations,1074.8004
2025-01-01,TX,Dallas / Houston,4cec46f2-acd5-4855-aea1-3994b94e804c,Speedway,Gasoline Stations,1074.8004
2025-01-01,NJ,New York/New Jersey,bd9fdadb-884c-41f8-a3a2-9a7dfc6472de,Popeyes Louisiana Kitchen,Restaurants and Other Eating Places,1074.4557
2025-01-01,MA,Boston,abb1e5a5-8458-4df1-a5c6-805c427d9ab8,Alltown,Grocery Stores,1073.88
2025-01-01,MA,Boston,2f283fa7-4c6d-46a5-81e8-725a6b1041be,Alltown,Grocery Stores,1073.88
2025-01-01,MA,Boston,9be571f2-6f64-49a0-ba74-0cf8e0e708df,Stop & Shop,Grocery Stores,1073.88
2025-01-01,MA,Boston,48b79cb7-1db7-4de6-9b72-9450a47e9cfb,Big Y Foods,Grocery Stores,1073.88
2025-01-01,PA,Philadelphia,8debac80-10c6-4f44-9146-094a84bfaff3,Arby's,Restaurants and Other Eating Places,1071.0968
2025-01-01,PA,Philadelphia,0ca1cc0b-6106-45be-a8bb-dd3897279f04,Arby's,Restaurants and Other Eating Places,1071.0968
2025-01-01,PA,Philadelphia,d76bd4f6-accd-4e46-8fe3-0e731748b24c,Arby's,Restaurants and Other Eating Places,1071.0968
2025-01-01,PA,Philadelphia,476499bd-87e9-4ac2-9a9c-e1d6157ae003,Burger King,Restaurants and Other Eating Places,1067.5192
2025-01-01,PA,Philadelphia,02fd1acb-6c9d-45e4-8fb5-247fef1b60d9,Burger King,Restaurants and Other Eating Places,1067.5192
2025-01-01,CA,Los Angeles / SF Bay Area,19aec83c-8ae4-4241-852c-9cc3ac4506a6,The Meltdown,Restaurants and Other Eating Places,1055.4785
2025-01-01,CA,Los Angeles / SF Bay Area,54ad7a16-a519-4e14-9f29-b60e75417090,The Meltdown,Restaurants and Other Eating Places,1055.4785
2025-01-01,CA,Los Angeles / SF Bay Area,1eed7753-e42b-42c4-9166-35fe650cd761,The Meltdown,Restaurants and Other Eating Places,1055.4785
2025-01-01,CA,Los Angeles / SF Bay Area,aa200017-2f4f-4cf2-a34c-4efdba8aeda7,The Meltdown,Restaurants and Other Eating Places,1055.4785
2025-01-01,CA,Los Angeles / SF Bay Area,7f6118cc-1d89-499d-bef5-d7c505afdb7d,The Meltdown,Restaurants and Other Eating Places,1055.4785
2025-01-01,FL,Miami,a1a57d85-17c3-41b9-bb48-1dff7eb79876,Subway,Restaurants and Other Eating Places,1054.698
2025-01-01,FL,Miami,c6c5090a-d6e0-444b-a5d4-5282f98758f2,Subway,Restaurants and Other Eating Places,1054.698
2025-01-01,FL,Miami,e1d756c2-6de4-4cc6-8cd1-54e026089794,Subway,Restaurants and Other Eating Places,1054.698
2025-01-01,FL,Miami,34713255-e02b-4555-9390-7801b8f399bc,Subway,Restaurants and Other Eating Places,1054.698
2025-01-01,FL,Miami,675cb3b9-1a2c-44d2-b36a-9184da1f6c04,Subway,Restaurants and Other Eating Places,1054.698
2025-01-01,MO,Kansas City,13d57bb1-b679-472f-8f36-c6906865ba06,Popeyes Louisiana Kitchen,Restaurants and Other Eating Places,1020.41345
2025-01-01,PA,Philadelphia,d4839dbf-3fcb-4d18-8d65-ee5ae55de415,Five Guys,Restaurants and Other Eating Places,1019.64374
2025-01-01,MA,Boston,26a8ba75-17a1-47c5-a84d-f07325c0361a,The Home Depot,Building Material and Supplies Dealers,1017.97284
2025-01-01,PA,Philadelphia,c83298dd-d807-4d52-8f99-0d9e7212c4f4,Market District,Grocery Stores,1014.2486
2025-01-01,PA,Philadelphia,e092bdb1-980a-4a46-aa5c-7c3f311a8c18,Turkey Hill,Grocery Stores,1014.2486
2025-01-01,PA,Philadelphia,44b7e265-1572-4a5a-a271-3b27bdca39bb,Acme Markets,Grocery Stores,1014.2486
2025-01-01,PA,Philadelphia,d68c92b7-1346-45bd-870a-630539025c1b,GetGo,Grocery Stores,1014.2486
2025-01-01,FL,Miami,c462e340-f245-4ce0-9fdd-98e39874aaf0,The Meltdown,Restaurants and Other Eating Places,1004.4336
2025-01-01,FL,Miami,596909f9-e51e-4d4c-8f5e-143bd423a36e,The Meltdown,Restaurants and Other Eating Places,1004.4336
2025-01-01,FL,Miami,ca2bed49-0d0f-407d-8a0d-dd82b6c2f260,The Meltdown,Restaurants and Other Eating Places,1004.4336
2025-01-01,KS,Kansas City,0076e666-9f78-47aa-aeaa-22840f59c376,McDonald's,Restaurants and Other Eating Places,1003.8177
2025-01-01,KS,Kansas City,3e579bdc-ba52-464e-a34d-c7dc58c7a300,Taco Bell,Restaurants and Other Eating Places,1000.50946
2025-01-01,TX,Dallas / Houston,b93fdab1-60dd-4e7b-ab88-4b09c101d74d,IHOP,Restaurants and Other Eating Places,995.3523
2025-01-01,CA,Los Angeles / SF Bay Area,8075165f-4853-474d-99fe-79692de45a3b,Carl's Jr.,Restaurants and Other Eating Places,990.82355
2025-01-01,CA,Los Angeles / SF Bay Area,b80ef7e3-c1c4-47d7-9758-4b150323b912,Carl's Jr.,Restaurants and Other Eating Places,990.82355
2025-01-01,CA,Los Angeles / SF Bay Area,3a8575a1-a6b2-4471-a9a4-0a6af2e1f858,Carl's Jr.,Restaurants and Other Eating Places,990.82355
2025-01-01,CA,Los Angeles / SF Bay Area,7d1f1c29-5842-474f-876d-098239925318,Carl's Jr.,Restaurants and Other Eating Places,990.82355
2025-01-01,CA,Los Angeles / SF Bay Area,0045c947-e943-4d90-8214-2c23649776d3,Carl's Jr.,Restaurants and Other Eating Places,990.82355
2025-01-01,NJ,New York/New Jersey,979cfb52-06fc-4022-9039-acd62ce5a6ef,Costco,"General Merchandise Stores, including Warehouse Clubs and Supercenters",983.6299
2025-01-01,CA,Los Angeles / SF Bay Area,c3496aae-159f-4a73-9d54-8c64d5096f18,7-Eleven Fuel,Gasoline Stations,981.07764
2025-01-01,CA,Los Angeles / SF Bay Area,37ff81cb-f854-48e5-9232-9a056351621b,7-Eleven Fuel,Gasoline Stations,981.07764
2025-01-01,CA,Los Angeles / SF Bay Area,0512e12e-1491-494a-a010-88da254d9f0c,7-Eleven Fuel,Gasoline Stations,981.07764
2025-01-01,GA,Atlanta,acfae09b-044d-4cc2-8f42-855cd7b59c8e,Jimmy John's,Restaurants and Other Eating Places,980.82336
2025-01-01,TX,Dallas / Houston,79228a29-9454-444f-8173-fbac2dcebdde,Murphy USA,Gasoline Stations,979.21747
2025-01-01,TX,Dallas / Houston,39b99140-01e3-4cc4-bd7a-bba1a5a95ced,Murphy USA,Gasoline Stations,979.21747
2025-01-01,TX,Dallas / Houston,7b51c02c-f0de-46e1-8661-92cbe1fc273b,Murphy USA,Gasoline Stations,979.21747
2025-01-01,PA,Philadelphia,804a2ccc-9f58-48fb-bb15-6efe2f1be11a,Dunkin',Restaurants and Other Eating Places,975.7671
2025-01-01,PA,Philadelphia,0a49e1e9-e8f4-4d4b-8844-a8f644ee5b36,Dunkin',Restaurants and Other Eating Places,975.7671
2025-01-01,PA,Philadelphia,dbd41dcd-ac83-456c-b20f-a4547e375b6b,Dunkin',Restaurants and Other Eating Places,975.7671
2025-01-01,PA,Philadelphia,90c805e5-02ac-4381-86f9-6e0461200c00,Chick-fil-A,Restaurants and Other Eating Places,952.5886
2025-01-01,MO,Kansas City,a8b8aa51-995b-4725-acea-6370d60a31b1,Chick-fil-A,Restaurants and Other Eating Places,950.693
2025-01-01,CA,Los Angeles / SF Bay Area,7fa7cdc5-e315-48a5-9d94-aad62d380ede,Denny's,Restaurants and Other Eating Places,950.1545
2025-01-01,CA,Los Angeles / SF Bay Area,231ecace-9334-4972-94a6-117d8d97ab00,Denny's,Restaurants and Other Eating Places,950.1545
2025-01-01,CA,Los Angeles / SF Bay Area,47b568d1-a2b2-44fa-95f5-0173aa439556,Denny's,Restaurants and Other Eating Places,950.1545
2025-01-01,CA,Los Angeles / SF Bay Area,fa4b3ef4-25b3-4864-8d66-e9a0c2ac3f70,Denny's,Restaurants and Other Eating Places,950.1545
2025-01-01,TX,Dallas / Houston,d661ce86-33e8-4b4f-a3f3-d9be6a7c1771,Jimmy John's,Restaurants and Other Eating Places,947.15405
2025-01-01,GA,Atlanta,17bd77ff-67ee-4755-89c6-15a920119492,Kroger,Grocery Stores,938.68195
2025-01-01,GA,Atlanta,17ad5212-a586-48d2-812f-9ef888a52c11,IGA,Grocery Stores,938.68195
2025-01-01,GA,Atlanta,317e6765-a135-4858-ab58-e84c90c2d1da,Kroger,Grocery Stores,938.68195
2025-01-01,GA,Atlanta,2edd373e-29b3-4143-9199-31baffe8b21c,Food Lion,Grocery Stores,938.68195
2025-01-01,FL,Miami,653c72ab-0773-410e-96fb-6af1df693c82,7-Eleven Fuel,Gasoline Stations,936.2802
2025-01-01,FL,Miami,74eaec3d-c9a9-4aec-9947-59a69f9c2cd7,7-Eleven Fuel,Gasoline Stations,936.2802
2025-01-01,FL,Miami,5fee4f5f-f93b-4ee5-9c90-5a8ec217797e,7-Eleven Fuel,Gasoline Stations,936.2802
2025-01-01,FL,Miami,b46f6d29-3e0e-44c8-8089-a25fdf4a8d9c,7-Eleven Fuel,Gasoline Stations,936.2802
2025-01-01,FL,Miami,8ead9b21-cd66-4f59-8b71-cdd214ee0ae3,7-Eleven Fuel,Gasoline Stations,936.2802
2025-01-01,FL,Miami,5edaa128-1668-4202-a587-9c75a45ad7eb,7-Eleven Fuel,Gasoline Stations,936.2802
2025-01-01,TX,Dallas / Houston,edcdf05c-3aba-42c6-ae2a-b1e3ca39db70,Wingstop,Restaurants and Other Eating Places,926.8751
2025-01-01,TX,Dallas / Houston,0188a5b5-1566-4493-9f5d-beac6096ca95,Wingstop,Restaurants and Other Eating Places,926.8751
2025-01-01,TX,Dallas / Houston,504712d8-68af-49ab-a801-b2d74d532bdc,Wingstop,Restaurants and Other Eating Places,926.8751
2025-01-01,TX,Dallas / Houston,197e7e38-6fa8-4291-ab37-79980705d9fd,Wingstop,Restaurants and Other Eating Places,926.8751
2025-01-01,PA,Philadelphia,a7ee5fef-5096-4812-9df4-5abdf5b38fb8,The Home Depot,Building Material and Supplies Dealers,919.4933
2025-01-01,WA,Seattle,ccf8bf22-b612-4cac-9ae6-5225b1bcff1f,Wingstop,Restaurants and Other Eating Places,908.7987
2025-01-01,PA,Philadelphia,67326a6c-565d-42e0-b24f-7ec3110045db,Dairy Queen,Restaurants and Other Eating Places,906.4543
2025-01-01,PA,Philadelphia,1f82ac36-61ec-4184-bab8-4b81b10f3936,Dairy Queen,Restaurants and Other Eating Places,906.4543
2025-01-01,FL,Miami,5e6bf09c-7976-4ce5-837f-2995fefa6390,Denny's,Restaurants and Other Eating Places,898.32056
2025-01-01,MA,Boston,37260fb4-d508-4d05-9b67-6a84a41a893a,Dunkin',Restaurants and Other Eating Places,897.85626
2025-01-01,MA,Boston,19eaa972-7047-4e4e-91ec-9ffe439113fd,Dunkin',Restaurants and Other Eating Places,897.85626
2025-01-01,MA,Boston,deaa337d-6ee8-4607-8a61-9e0f33da9b3f,Dunkin',Restaurants and Other Eating Places,897.85626
2025-01-01,MA,Boston,938c605b-edaa-4f5a-97d7-ef0fcde57202,Dunkin',Restaurants and Other Eating Places,897.85626
2025-01-01,MA,Boston,83e1dd0b-d968-4c55-963f-8a7badad5202,Dunkin',Restaurants and Other Eating Places,897.85626
2025-01-01,MO,Kansas City,fa894c0a-53ce-4ad7-a1cc-d8c6d8d79860,Panera Bread,Restaurants and Other Eating Places,892.7554
2025-01-01,KS,Kansas City,3e13e927-8a48-4443-892a-7f797522b9a7,Arby's,Restaurants and Other Eating Places,886.91
2025-01-01,PA,Philadelphia,23f5892a-323c-4c00-b8ed-403a1ff74755,IHOP,Restaurants and Other Eating Places,882.6242
2025-01-01,PA,Philadelphia,f1e88bef-5f57-46b3-a38b-614fe42f304c,IHOP,Restaurants and Other Eating Places,882.6242
2025-01-01,KS,Kansas City,f8acc942-da0f-4ea3-9e27-701d0a468565,KFC,Restaurants and Other Eating Places,871.3591
2025-01-01,CA,Los Angeles / SF Bay Area,5d959806-0baf-48b5-a259-7bd21724bd35,CVS,Health and Personal Care Stores,853.93726
2025-01-01,CA,Los Angeles / SF Bay Area,c82176ef-0134-4adf-a8cd-b034f80e2ed1,CVS,Health and Personal Care Stores,853.93726
2025-01-01,CA,Los Angeles / SF Bay Area,26014bef-15fd-4fc4-b09a-372a120318e8,CVS,Health and Personal Care Stores,853.93726
2025-01-01,CA,Los Angeles / SF Bay Area,eac6a8ed-81e0-4cc8-8796-4f6f2642ee99,CVS,Health and Personal Care Stores,853.93726
2025-01-01,CA,Los Angeles / SF Bay Area,70dac456-ade0-42f6-85d5-1dfa365a5ac6,CVS,Health and Personal Care Stores,853.93726
2025-01-01,CA,Los Angeles / SF Bay Area,186908c4-9320-4982-bc8d-ac2b65be47dc,CVS,Health and Personal Care Stores,853.93726
2025-01-01,PA,Philadelphia,d7258a06-b845-4724-876a-20d7854cad4d,Speedway,Gasoline Stations,848.5146
2025-01-01,FL,Miami,28e91429-c3b1-4055-a688-bd75c59c0ea6,RaceTrac,Gasoline Stations,831.2783
2025-01-01,FL,Miami,35c0ad72-9ce2-4084-9eda-274aadcd1578,Starbucks,Restaurants and Other Eating Places,826.7296
2025-01-01,FL,Miami,526428c0-fea2-49d0-a9bd-8ae2448ef39e,Starbucks,Restaurants and Other Eating Places,826.7296
2025-01-01,FL,Miami,5e7ff91a-ff97-4fae-bdba-575a34189ec8,Starbucks,Restaurants and Other Eating Places,826.7296
2025-01-01,FL,Miami,2a5258e4-0888-42ac-80ea-91f95b03d757,Starbucks,Restaurants and Other Eating Places,826.7296
2025-01-01,FL,Miami,8e4c7d8c-ceba-4b05-ad1f-9cd4c608a620,Starbucks,Restaurants and Other Eating Places,826.7296
2025-01-01,FL,Miami,48f2441e-a21e-4d2b-92ec-caeb14f21f3a,Starbucks,Restaurants and Other Eating Places,826.7296
2025-01-01,FL,Miami,e814d82c-2f07-4bc0-86ee-958c6e082532,Starbucks,Restaurants and Other Eating Places,826.7296
2025-01-01,CA,Los Angeles / SF Bay Area,fb6a6955-55cd-424e-a48b-25d87ffc0adf,Starbucks,Restaurants and Other Eating Places,820.8574
2025-01-01,CA,Los Angeles / SF Bay Area,e649e2f2-225d-4d2f-bc9e-e413e0245a89,Starbucks,Restaurants and Other Eating Places,820.8574
2025-01-01,CA,Los Angeles / SF Bay Area,291b0d1a-adbb-45e6-860e-507610629c59,Starbucks,Restaurants and Other Eating Places,820.8574
2025-01-01,CA,Los Angeles / SF Bay Area,d8c42abd-6670-434b-859c-d64523f3c4ee,Starbucks,Restaurants and Other Eating Places,820.8574
2025-01-01,CA,Los Angeles / SF Bay Area,71b84086-f6ff-4b13-b0eb-5a5618b15568,Starbucks,Restaurants and Other Eating Places,820.8574
2025-01-01,CA,Los Angeles / SF Bay Area,3d93fc9b-fab0-4f2b-8c45-54586d24751c,Starbucks,Restaurants and Other Eating Places,820.8574
2025-01-01,CA,Los Angeles / SF Bay Area,ff01ba15-f6da-471e-9cb3-0cffac250082,Starbucks,Restaurants and Other Eating Places,820.8574
2025-01-01,CA,Los Angeles / SF Bay Area,b8d1b544-3fff-47af-b579-99bd7d913afc,Starbucks,Restaurants and Other Eating Places,820.8574
2025-01-01,CA,Los Angeles / SF Bay Area,a559cfaa-ffcd-4308-9253-d65b5a7166e9,Starbucks,Restaurants and Other Eating Places,820.8574
2025-01-01,CA,Los Angeles / SF Bay Area,095afe06-83d2-45b0-8558-e28b74d1ea20,Starbucks,Restaurants and Other Eating Places,820.8574
2025-01-01,CA,Los Angeles / SF Bay Area,380ed91f-ca2b-4c00-97ca-fed743316f99,Starbucks,Restaurants and Other Eating Places,820.8574
2025-01-01,CA,Los Angeles / SF Bay Area,42b1ae06-f312-4019-8209-4723690aa81e,Starbucks,Restaurants and Other Eating Places,820.8574
2025-01-01,CA,Los Angeles / SF Bay Area,bd8d78c0-9150-44d7-b64e-cc32bbe0f8f1,Starbucks,Restaurants and Other Eating Places,820.8574
2025-01-01,CA,Los Angeles / SF Bay Area,746caa78-ee5c-477d-b1ad-69f1b3692015,Starbucks,Restaurants and Other Eating Places,820.8574
2025-01-01,CA,Los Angeles / SF Bay Area,0265c285-2a6c-4374-be31-f86cd6f56865,Starbucks,Restaurants and Other Eating Places,820.8574
2025-01-01,CA,Los Angeles / SF Bay Area,53b75ef0-9bbc-418e-b322-d6c9c3edfb61,Starbucks,Restaurants and Other Eating Places,820.8574
2025-01-01,CA,Los Angeles / SF Bay Area,8930ea84-bd1c-4c6a-8400-e5e0f41eaf95,Starbucks,Restaurants and Other Eating Places,820.8574
2025-01-01,CA,Los Angeles / SF Bay Area,03efc480-12fb-42a9-9f69-a3cb6944c4aa,Starbucks,Restaurants and Other Eating Places,820.8574
2025-01-01,CA,Los Angeles / SF Bay Area,5a4de388-555b-4949-b5a6-c6c8a64c2210,Starbucks,Restaurants and Other Eating Places,820.8574
2025-01-01,CA,Los Angeles / SF Bay Area,725adc57-02a2-4847-939b-4cfc26359cb3,Starbucks,Restaurants and Other Eating Places,820.8574
2025-01-01,CA,Los Angeles / SF Bay Area,8983e55d-de01-463a-8028-d5b40beae82b,Starbucks,Restaurants and Other Eating Places,820.8574
2025-01-01,CA,Los Angeles / SF Bay Area,79a66bea-16d6-493c-a09f-c812ca9e37b8,Starbucks,Restaurants and Other Eating Places,820.8574
2025-01-01,CA,Los Angeles / SF Bay Area,854766fc-2513-4bd0-b566-74447cb926a7,Starbucks,Restaurants and Other Eating Places,820.8574
2025-01-01,CA,Los Angeles / SF Bay Area,efe59632-8ee4-417b-b0bf-bd1fc6c649fd,Starbucks,Restaurants and Other Eating Places,820.8574
2025-01-01,CA,Los Angeles / SF Bay Area,8b6674e0-437a-407c-b512-1480e1ca529a,Starbucks,Restaurants and Other Eating Places,820.8574
2025-01-01,CA,Los Angeles / SF Bay Area,0f81e431-d24a-4fd8-b64e-3aec1fcf3cf3,Starbucks,Restaurants and Other Eating Places,820.8574
2025-01-01,CA,Los Angeles / SF Bay Area,a2244782-e149-4bf6-8767-7904c696b789,Starbucks,Restaurants and Other Eating Places,820.8574
2025-01-01,CA,Los Angeles / SF Bay Area,c88dd359-f3de-4463-9b9a-7d926f5eb4a9,Starbucks,Restaurants and Other Eating Places,820.8574
2025-01-01,CA,Los Angeles / SF Bay Area,5adcc642-5065-4125-92e0-0f9c17c3b809,Starbucks,Restaurants and Other Eating Places,820.8574
2025-01-01,FL,Miami,a8574559-30bc-4213-be84-eab6f8b8a847,Sam's Club,"General Merchandise Stores, including Warehouse Clubs and Supercenters",816.9022
2025-01-01,FL,Miami,85bb29f3-cb02-4742-aff9-06c67f055b9e,Ollie's Bargain Outlet,"General Merchandise Stores, including Warehouse Clubs and Supercenters",816.9022
2025-01-01,FL,Miami,a6610acc-64d1-4bd0-98ca-6e9b01ed1554,BJ's Wholesale Club,"General Merchandise Stores, including Warehouse Clubs and Supercenters",816.9022
2025-01-01,FL,Miami,772b11ce-b13c-4e43-97f0-ef1914625733,Sam's Club,"General Merchandise Stores, including Warehouse Clubs and Supercenters",816.9022
2025-01-01,FL,Miami,15a66bac-e0eb-4e92-b978-b0d2da9fa38a,Big Lots Stores,"General Merchandise Stores, including Warehouse Clubs and Supercenters",816.9022
2025-01-01,FL,Miami,f3c71dc5-21fa-4f0d-943f-4fac3e440296,Navy Exchange,"General Merchandise Stores, including Warehouse Clubs and Supercenters",816.9022
2025-01-01,FL,Miami,69720287-34aa-43a3-9401-090848ba873c,Big Lots Stores,"General Merchandise Stores, including Warehouse Clubs and Supercenters",816.9022
2025-01-01,MA,Boston,e623ccce-0570-4596-9aab-05140e580003,IHOP,Restaurants and Other Eating Places,813.562
2025-01-01,WA,Seattle,c826fc00-c641-4a6f-8eac-98b2694fed63,Subway,Restaurants and Other Eating Places,808.5784
2025-01-01,WA,Seattle,8abf09f2-995b-4e8c-86b1-384d857ac155,Subway,Restaurants and Other Eating Places,808.5784
2025-01-01,WA,Seattle,c368b475-d72b-4668-a7ec-f68fe155de5a,Subway,Restaurants and Other Eating Places,808.5784
2025-01-01,WA,Seattle,dc6470d7-31d8-4259-bf3a-6716bc730b55,Subway,Restaurants and Other Eating Places,808.5784
2025-01-01,WA,Seattle,20f8058e-481e-4f45-95a6-929cb0147d5d,Subway,Restaurants and Other Eating Places,808.5784
2025-01-01,TX,Dallas / Houston,8572257c-57a3-4006-a6cb-13b3ba66f80d,Subway,Restaurants and Other Eating Places,803.2901
2025-01-01,TX,Dallas / Houston,6cffa917-dfc0-4938-964e-a0957ce72020,Subway,Restaurants and Other Eating Places,803.2901
2025-01-01,TX,Dallas / Houston,65ad6235-9e4c-4407-b894-c2e73c800fe6,Subway,Restaurants and Other Eating Places,803.2901
2025-01-01,TX,Dallas / Houston,3a8bc224-fd30-4dd3-aa24-b799b5d592be,Subway,Restaurants and Other Eating Places,803.2901
2025-01-01,TX,Dallas / Houston,3acafa54-cef9-416f-92fa-80159aa9eefb,Subway,Restaurants and Other Eating Places,803.2901
2025-01-01,TX,Dallas / Houston,9071c813-31aa-4783-afe2-77ce5365390e,Subway,Restaurants and Other Eating Places,803.2901
2025-01-01,TX,Dallas / Houston,257fefa0-21f9-48a2-b6e0-1c557328491b,Subway,Restaurants and Other Eating Places,803.2901
2025-01-01,TX,Dallas / Houston,ddac537a-c4e3-4ca4-8fcc-a16e7b91f4b0,Subway,Restaurants and Other Eating Places,803.2901
2025-01-01,TX,Dallas / Houston,4e4e17f5-efb7-4927-8f5b-0b8918294b19,Subway,Restaurants and Other Eating Places,803.2901
2025-01-01,TX,Dallas / Houston,5613b83e-6136-4ec6-a088-f02ae120d0a7,Subway,Restaurants and Other Eating Places,803.2901
2025-01-01,TX,Dallas / Houston,8caf0ad8-b889-4e95-b917-15a7b852b63f,Subway,Restaurants and Other Eating Places,803.2901
2025-01-01,MA,Boston,2deae5c5-6300-4fa1-98f2-222260b0cfa2,Papa John's,Restaurants and Other Eating Places,801.7062
2025-01-01,PA,Philadelphia,3ff484de-d93a-4bbb-9f1b-0b0f616ef647,Panera Bread,Restaurants and Other Eating Places,794.43054
2025-01-01,PA,Philadelphia,0316826d-ffbc-4e66-a337-d247773b4555,Panera Bread,Restaurants and Other Eating Places,794.43054
2025-01-01,NY,New York/New Jersey,6f40d1fe-8f54-4187-a840-a31a0ba5958f,Ollie's Bargain Outlet,"General Merchandise Stores, including Warehouse Clubs and Supercenters",792.24316
2025-01-01,NY,New York/New Jersey,1c3e5ff8-4a8d-4859-968c-a79b3c148f48,Wingstop,Restaurants and Other Eating Places,788.4787
2025-01-01,NY,New York/New Jersey,ff12db27-aaf5-4620-b860-feb7a9056b94,Wingstop,Restaurants and Other Eating Places,788.4787
2025-01-01,NY,New York/New Jersey,38aebe5d-7aa2-43fb-9765-bd08ecd0f883,Speedway,Gasoline Stations,784.1909
2025-01-01,NY,New York/New Jersey,43536b3b-0bde-4db4-b30d-0f055a5b6fa8,Speedway,Gasoline Stations,784.1909
2025-01-01,NY,New York/New Jersey,cf4c924d-8494-4be1-a778-10b9a048ea80,Speedway,Gasoline Stations,784.1909
2025-01-01,CA,Los Angeles / SF Bay Area,a2b7618c-91a4-47d9-a2fc-7c44077d47c8,Courtyard by Marriott,Traveler Accommodation,776.9958
2025-01-01,KS,Kansas City,777fc28d-d5e7-4997-81bc-47d7bf0b2bf6,Sonic,Restaurants and Other Eating Places,761.20764
2025-01-01,KS,Kansas City,5b2b3a5c-7a96-4422-8699-b403ce7a0aec,Sonic,Restaurants and Other Eating Places,761.20764
2025-01-01,NJ,New York/New Jersey,1888dde9-4eb1-48cd-9e1f-db8f2dd3e646,Speedway,Gasoline Stations,756.26843
2025-01-01,NJ,New York/New Jersey,fcf0ff10-e536-4012-aca7-00ed2ec2cc00,Speedway,Gasoline Stations,756.26843
2025-01-01,FL,Miami,adc63ef9-82b8-4071-9ec4-98e0ec56b866,Haagen Dazs,Restaurants and Other Eating Places,755.8898
2025-01-01,FL,Miami,2e5699d6-d1dd-4c5a-9ee0-ebf17633391a,Bruster's Ice Cream,Restaurants and Other Eating Places,755.8898
2025-01-01,FL,Miami,59489785-9f99-465a-8eec-520494b4a078,Red Lobster,Restaurants and Other Eating Places,755.8898
2025-01-01,FL,Miami,f7f51e4f-1577-4eea-bf25-a62b15f85b26,Ra Sushi,Restaurants and Other Eating Places,755.8898
2025-01-01,FL,Miami,e8e5d994-4c21-44f0-a693-de2087da9a24,Charley's,Restaurants and Other Eating Places,755.8898
2025-01-01,FL,Miami,048274ab-db29-404f-b4e0-87f121983e53,Marco's Pizza,Restaurants and Other Eating Places,755.8898
2025-01-01,FL,Miami,5348412b-88a3-4f28-86b6-415f3fe620c8,Culver's,Restaurants and Other Eating Places,755.8898
2025-01-01,FL,Miami,ab9b1f90-10e3-42d8-8228-28755de0811a,Checkers Drive-In Restaurants,Restaurants and Other Eating Places,755.8898
2025-01-01,FL,Miami,415af320-f530-48a4-832d-80278322e101,Cracker Barrel,Restaurants and Other Eating Places,755.8898
2025-01-01,FL,Miami,ededa2c1-d77a-4dd8-a5e3-7503b7d46fcd,Sbarro,Restaurants and Other Eating Places,755.8898
2025-01-01,FL,Miami,d3c9788d-b7aa-4429-b5a2-8fdf703e45d2,sweetgreen,Restaurants and Other Eating Places,755.8898
2025-01-01,FL,Miami,809424df-f327-4f05-a580-a909d4f5cd5d,Mason's Lobster,Restaurants and Other Eating Places,755.8898
2025-01-01,FL,Miami,ba7706b6-3445-4465-b2ae-a5b187041783,Maggiano's Little Italy,Restaurants and Other Eating Places,755.8898
2025-01-01,FL,Miami,a947088f-4b3e-4320-9545-b9ba1aa2bf2d,Just Salad,Restaurants and Other Eating Places,755.8898
2025-01-01,FL,Miami,d2dd8828-7d0d-4a57-b711-f18337561c68,Bojangles',Restaurants and Other Eating Places,755.8898
2025-01-01,FL,Miami,b86b8e90-df6f-444b-bbe3-70b3e9a994f7,Hardee's,Restaurants and Other Eating Places,755.8898
2025-01-01,FL,Miami,b1066e14-9188-462c-b86e-cb52cb38cdb0,The Great Greek Grill,Restaurants and Other Eating Places,755.8898
2025-01-01,FL,Miami,04eed0f1-9e32-46d3-9337-ffb1fc4e500e,Cheddar's Scratch Kitchen,Restaurants and Other Eating Places,755.8898
2025-01-01,FL,Miami,6839ed6b-143c-464f-b47a-84e6f5a972bc,Salt & Straw,Restaurants and Other Eating Places,755.8898
2025-01-01,FL,Miami,4fd1bef2-eb2d-4a53-8005-313717ca7379,Bonefish Grill,Restaurants and Other Eating Places,755.8898
2025-01-01,FL,Miami,e5de850e-c06f-4926-83b8-a0316b9e2e4e,Menchie's,Restaurants and Other Eating Places,755.8898
2025-01-01,FL,Miami,c0002d85-2b25-46ed-afd0-11e55094c066,First Watch Restaurants,Restaurants and Other Eating Places,755.8898
2025-01-01,FL,Miami,3646e876-f74f-456e-b20f-884007d07972,Culver's,Restaurants and Other Eating Places,755.8898
2025-01-01,FL,Miami,ac53b11b-e9f6-4837-aa7d-2a824a53a317,Krystal,Restaurants and Other Eating Places,755.8898
2025-01-01,FL,Miami,389db438-022a-403f-ae9a-4c86cf5a6c51,Fazoli's,Restaurants and Other Eating Places,755.8898
2025-01-01,FL,Miami,888cecbf-f61c-4b12-9e17-35677e1ff9f9,Culver's,Restaurants and Other Eating Places,755.8898
2025-01-01,FL,Miami,116a85d4-39d8-4d90-b1a8-d5748faa1ba8,Chuy's,Restaurants and Other Eating Places,755.8898
2025-01-01,FL,Miami,9d898b5d-4432-467b-a418-2e4b0de122b7,LongHorn Steakhouse,Restaurants and Other Eating Places,755.8898
2025-01-01,FL,Miami,5ca29122-da4b-4c55-9b62-eeee0e3128a9,The Flame Broiler,Restaurants and Other Eating Places,755.8898
2025-01-01,FL,Miami,d88fdde0-d9b7-4a58-bf29-63d3380a6c22,Miller's Ale House,Restaurants and Other Eating Places,755.8898
2025-01-01,FL,Miami,a1a26b3b-2302-4f8f-b8ca-fbbf5e34552f,Smoothie King,Restaurants and Other Eating Places,755.8898
2025-01-01,FL,Miami,da56c928-7725-43fa-a17e-4355cd556f4d,Checkers Drive-In Restaurants,Restaurants and Other Eating Places,755.8898
2025-01-01,FL,Miami,f2665493-9285-4954-a2cd-97dd43e252ba,Marco's Pizza,Restaurants and Other Eating Places,755.8898
2025-01-01,FL,Miami,5bc3c431-b391-4b7e-8ddf-2b2074e938d1,Fuddruckers,Restaurants and Other Eating Places,755.8898
2025-01-01,FL,Miami,9513ab60-1b7b-4d10-87a4-fe32834c93d7,Pei Wei Asian Diner,Restaurants and Other Eating Places,755.8898
2025-01-01,FL,Miami,40d2fb20-9d34-4fca-8995-676892ddedff,Buds Chicken & Seafood,Restaurants and Other Eating Places,755.8898
2025-01-01,FL,Miami,d64957ba-8587-4b15-876c-bdb5afff5029,Chicken Kitchen,Restaurants and Other Eating Places,755.8898
2025-01-01,FL,Miami,96f3117f-e042-4394-ae75-1c78794fa691,Crumbl Cookies,Restaurants and Other Eating Places,755.8898
2025-01-01,KS,Kansas City,93e90c78-bb2a-4047-bf0a-c5b710f46e6b,Kwik Shop,Grocery Stores,755.33057
2025-01-01,KS,Kansas City,47ea9810-5fca-466e-833a-0652dcd56a4a,Gene's Heartland Foods,Grocery Stores,755.33057
2025-01-01,PA,Philadelphia,7b4bcb12-4064-4402-bff4-fd4b406c7c87,Wingstop,Restaurants and Other Eating Places,749.5496
2025-01-01,FL,Miami,fa840c03-1fc1-413a-a514-a85f6b32832f,Fairfield Inn & Suites by Marriott,Traveler Accommodation,744.5487
2025-01-01,FL,Miami,1012854f-08a7-4d1a-9889-ffc6083f9383,Fairfield Inn & Suites by Marriott,Traveler Accommodation,744.5487
2025-01-01,FL,Miami,7c05b513-fd4e-49ee-a32e-376d0c329404,Fairfield Inn & Suites by Marriott,Traveler Accommodation,744.5487
2025-01-01,GA,Atlanta,4b5ff76c-2899-4df7-9191-6af00293e771,Subway,Restaurants and Other Eating Places,743.2022
2025-01-01,GA,Atlanta,72d056ad-25b4-4500-b5e8-c5f4c7e351c5,Subway,Restaurants and Other Eating Places,743.2022
2025-01-01,GA,Atlanta,b6cab5bf-68d4-4491-a086-b13e5e6a8b91,Subway,Restaurants and Other Eating Places,743.2022
2025-01-01,GA,Atlanta,78070998-15c1-485b-ab9f-bbeed09e1c41,Subway,Restaurants and Other Eating Places,743.2022
2025-01-01,GA,Atlanta,53d273cd-f14e-44e5-867b-b23012ff5b1f,Subway,Restaurants and Other Eating Places,743.2022
2025-01-01,GA,Atlanta,2aa66c18-7b47-4b4d-a335-09559433c911,Subway,Restaurants and Other Eating Places,743.2022
2025-01-01,GA,Atlanta,cbdde07c-f42a-4142-9660-432c00577be0,Subway,Restaurants and Other Eating Places,743.2022
2025-01-01,GA,Atlanta,e86997ce-993b-4653-a867-83882c9be6ee,Subway,Restaurants and Other Eating Places,743.2022
2025-01-01,GA,Atlanta,12cab97d-d0c4-42be-a8ae-2bdd3937db3f,Subway,Restaurants and Other Eating Places,743.2022
2025-01-01,GA,Atlanta,ce1fc3e9-52d6-4134-8b2f-378c57815370,Subway,Restaurants and Other Eating Places,743.2022
2025-01-01,GA,Atlanta,d1c3dbaf-2d5b-4d50-ad88-46e7f06f6f1e,Subway,Restaurants and Other Eating Places,743.2022
2025-01-01,GA,Atlanta,866bbe7d-30f8-413b-b632-eb2b5f846cd1,Subway,Restaurants and Other Eating Places,743.2022
2025-01-01,GA,Atlanta,6019bb7b-5eba-4d1e-bb0d-0e6fbdffd4de,Subway,Restaurants and Other Eating Places,743.2022
2025-01-01,CA,Los Angeles / SF Bay Area,6251b479-5e75-4410-bba0-73d30a1de474,Planet Fitness,Other Amusement and Recreation Industries,735.46234
2025-01-01,CA,Los Angeles / SF Bay Area,aaf1a6c3-e541-4099-8bab-2c79e3bbe438,Planet Fitness,Other Amusement and Recreation Industries,735.46234
2025-01-01,CA,Los Angeles / SF Bay Area,4f0f0380-f3dc-4bd0-b943-5482f4e9b544,Planet Fitness,Other Amusement and Recreation Industries,735.46234
2025-01-01,CA,Los Angeles / SF Bay Area,a9a97867-14da-4134-bc73-6093c9ce089f,Planet Fitness,Other Amusement and Recreation Industries,735.46234
2025-01-01,CA,Los Angeles / SF Bay Area,f5cf9b53-c9df-4709-9c6d-e136015f12d2,Bath & Body Works,Health and Personal Care Stores,729.1523
2025-01-01,NJ,New York/New Jersey,be7909d5-0329-4287-8a13-b191a6cef5f1,CVS,Health and Personal Care Stores,717.0742
2025-01-01,NJ,New York/New Jersey,d1c40c0c-537b-4143-85ff-53edc766b342,CVS,Health and Personal Care Stores,717.0742
2025-01-01,FL,Miami,1d303ba8-bbd9-4655-92fe-6641700f5045,Church's Chicken,Restaurants and Other Eating Places,715.94275
2025-01-01,CA,Los Angeles / SF Bay Area,5766b18f-ce60-42f2-adcb-d7979b629344,Petco,Other Miscellaneous Store Retailers,712.98627
2025-01-01,CA,Los Angeles / SF Bay Area,9475afa9-4ffb-4109-b351-2f9cff14bb91,Petco,Other Miscellaneous Store Retailers,712.98627
2025-01-01,CA,Los Angeles / SF Bay Area,a1e637b3-49e3-4e0d-94c2-7b013f73e84f,Petco,Other Miscellaneous Store Retailers,712.98627
2025-01-01,CA,Los Angeles / SF Bay Area,839d8e0a-c010-4887-9777-9cc130faf104,Orangetheory Fitness,Other Amusement and Recreation Industries,709.68536
2025-01-01,CA,Los Angeles / SF Bay Area,bae834c7-9497-4b7e-b2bf-08a702697ea6,Orangetheory Fitness,Other Amusement and Recreation Industries,709.68536
2025-01-01,CA,Los Angeles / SF Bay Area,7b5f21dc-6a1c-414c-bcae-9f096d3d3a3a,Walgreens,Health and Personal Care Stores,703.79443
2025-01-01,CA,Los Angeles / SF Bay Area,d3451b7d-341a-4da1-9d85-8f6116727fe4,Walgreens,Health and Personal Care Stores,703.79443
2025-01-01,CA,Los Angeles / SF Bay Area,4a5ac346-01ee-4452-8367-c2cd27a04e7b,Walgreens,Health and Personal Care Stores,703.79443
2025-01-01,CA,Los Angeles / SF Bay Area,a8f7fed7-fd19-492c-9470-e870db2b3d09,Walgreens,Health and Personal Care Stores,703.79443
2025-01-01,GA,Atlanta,0f42239a-7eff-41aa-80d4-629ffbe90252,Roses,"General Merchandise Stores, including Warehouse Clubs and Supercenters",698.8861
2025-01-01,GA,Atlanta,38150f25-8d42-4653-905d-965db6e6274c,Belk,"General Merchandise Stores, including Warehouse Clubs and Supercenters",698.8861
2025-01-01,PA,Philadelphia,536d822d-594a-4504-be22-4043a0654a59,The Meltdown,Restaurants and Other Eating Places,691.7667
2025-01-01,FL,Miami,d5b0b42f-5e00-4e27-a950-13db34eea9a8,Planet Fitness,Other Amusement and Recreation Industries,684.12946
2025-01-01,FL,Miami,ecfbf7ad-641b-4934-bf8a-53744ed617e5,CVS,Health and Personal Care Stores,675.2301
2025-01-01,FL,Miami,f951f227-be42-4498-a112-d0f77125e6f1,CVS,Health and Personal Care Stores,675.2301
2025-01-01,FL,Miami,e21c3ed6-35cc-4c8c-8964-1f9554c82542,CVS,Health and Personal Care Stores,675.2301
2025-01-01,FL,Miami,3dcab768-8e35-4515-b523-8ea244a97d70,CVS,Health and Personal Care Stores,675.2301
2025-01-01,FL,Miami,24a768cb-c32c-4e7d-baf7-45abc92bbc17,CVS,Health and Personal Care Stores,675.2301
2025-01-01,CA,Los Angeles / SF Bay Area,e795adb2-8e01-44b5-bf1d-805dd51a4f20,Fairfield Inn & Suites by Marriott,Traveler Accommodation,674.087
2025-01-01,NJ,New York/New Jersey,249e1af1-282a-483f-8f34-633cb98c477d,Five Below,"General Merchandise Stores, including Warehouse Clubs and Supercenters",672.59753
2025-01-01,TX,Dallas / Houston,81c47d74-923f-4895-a2f7-6e2a7e8028ec,Chick-fil-A,Restaurants and Other Eating Places,668.4656
2025-01-01,TX,Dallas / Houston,3ba2d55d-12e0-41e1-9092-3bbabdeabbdb,Chick-fil-A,Restaurants and Other Eating Places,668.4656
2025-01-01,TX,Dallas / Houston,543bc83a-b219-4e5e-a7d2-172c5f261cce,Chick-fil-A,Restaurants and Other Eating Places,668.4656
2025-01-01,TX,Dallas / Houston,43d9db2e-7ec3-4fcf-b318-44561716e914,Chick-fil-A,Restaurants and Other Eating Places,668.4656
2025-01-01,CA,Los Angeles / SF Bay Area,4403745f-a90b-4387-aab4-259a4a7fdef9,ARCO,Gasoline Stations,668.267
2025-01-01,CA,Los Angeles / SF Bay Area,2bfa06b5-37b8-4a37-9b60-ac98c2137450,ARCO,Gasoline Stations,668.267
2025-01-01,CA,Los Angeles / SF Bay Area,d6a45172-899a-4959-a601-95b9e76057f1,ARCO,Gasoline Stations,668.267
2025-01-01,CA,Los Angeles / SF Bay Area,c862600f-4335-416e-9ee0-96888697ba3c,ARCO,Gasoline Stations,668.267
2025-01-01,CA,Los Angeles / SF Bay Area,31b40ba4-8e18-4645-a5dd-dcd27084132e,ARCO,Gasoline Stations,668.267
2025-01-01,CA,Los Angeles / SF Bay Area,df4a4b0e-8a57-44e8-87f4-4f6beaf962fc,ARCO,Gasoline Stations,668.267
2025-01-01,CA,Los Angeles / SF Bay Area,c0dd1198-9e1f-4a9f-88e4-b12db51c9324,ARCO,Gasoline Stations,668.267
2025-01-01,CA,Los Angeles / SF Bay Area,a9fa06a5-2cb8-4a2d-9f14-a3c1fcbc922a,ARCO,Gasoline Stations,668.267
2025-01-01,CA,Los Angeles / SF Bay Area,e0252a0c-9434-45ca-b018-7b39b6f6c6ef,ARCO,Gasoline Stations,668.267
2025-01-01,CA,Los Angeles / SF Bay Area,7105b105-a04c-4c18-902d-62593890b30f,ARCO,Gasoline Stations,668.267
2025-01-01,FL,Miami,94315e4e-de75-4cc6-8925-187bc3916c56,Harbor Freight Tools,Building Material and Supplies Dealers,668.06665
2025-01-01,FL,Miami,ab80df4c-4d86-4caa-b235-1d9619dd22f9,Harbor Freight Tools,Building Material and Supplies Dealers,668.06665
2025-01-01,NY,New York/New Jersey,d4d10fc4-ca8e-4f4a-a66b-45abe8edbc62,CVS,Health and Personal Care Stores,666.6707
2025-01-01,NY,New York/New Jersey,3b3c3e1d-9623-41b2-80ef-86a481cadf1a,CVS,Health and Personal Care Stores,666.6707
2025-01-01,TX,Dallas / Houston,575d1bc5-5013-4069-a5f1-e8aff7943501,7-Eleven Fuel,Gasoline Stations,657.0916
2025-01-01,NJ,New York/New Jersey,1a459ec7-6ea6-498a-9314-115bae2dbcbd,Harbor Freight Tools,Building Material and Supplies Dealers,653.8636
2025-01-01,PA,Philadelphia,035e2331-9be9-42bc-abcc-715f6ef5d4c1,Jimmy John's,Restaurants and Other Eating Places,652.71924
2025-01-01,TX,Dallas / Houston,57255750-3c69-4eb4-9703-8d8cdfb5e802,RaceTrac,Gasoline Stations,640.12744
2025-01-01,TX,Dallas / Houston,2dff561e-0445-44d2-901e-80f37502e083,RaceTrac,Gasoline Stations,640.12744
2025-01-01,TX,Dallas / Houston,05107de2-6d3d-4b0b-ad7b-1bad8614ea4b,RaceTrac,Gasoline Stations,640.12744
2025-01-01,FL,Miami,ceb9776d-2046-4ac4-8cb9-d0ca2afe31c9,La Quinta Inns & Suites,Traveler Accommodation,639.9358
2025-01-01,NY,New York/New Jersey,ef7e7385-fa18-49bf-96ec-0412bddcdeee,Subway,Restaurants and Other Eating Places,632.5511
2025-01-01,NY,New York/New Jersey,60eea8b8-e289-4c97-ba73-b7634c7047ec,Subway,Restaurants and Other Eating Places,632.5511
2025-01-01,NY,New York/New Jersey,328fba9f-8eee-4eaf-a0b3-5839db1d1898,Subway,Restaurants and Other Eating Places,632.5511
2025-01-01,NY,New York/New Jersey,9763fc97-1880-4472-ae6e-4d4ef5588140,Subway,Restaurants and Other Eating Places,632.5511
2025-01-01,NY,New York/New Jersey,80ed1885-27da-410a-bcf3-b6070d08cb93,Subway,Restaurants and Other Eating Places,632.5511
2025-01-01,NY,New York/New Jersey,9ac006f3-b358-4e00-ada3-3425c631e4dc,Subway,Restaurants and Other Eating Places,632.5511
2025-01-01,CA,Los Angeles / SF Bay Area,9d415f3b-f55c-41ad-bb00-81f983924501,Miniso,"General Merchandise Stores, including Warehouse Clubs and Supercenters",630.3156
2025-01-01,CA,Los Angeles / SF Bay Area,c7f8de43-29f2-4ce8-bf58-5e71b6315342,Costco,"General Merchandise Stores, including Warehouse Clubs and Supercenters",630.3156
2025-01-01,CA,Los Angeles / SF Bay Area,edaf3b65-8143-4b6b-9b14-a82c522e53bf,Miniso,"General Merchandise Stores, including Warehouse Clubs and Supercenters",630.3156
2025-01-01,CA,Los Angeles / SF Bay Area,512a75e1-68a5-4da9-a2ed-a1ebf429f63e,Costco,"General Merchandise Stores, including Warehouse Clubs and Supercenters",630.3156
2025-01-01,CA,Los Angeles / SF Bay Area,be93381d-90a4-4c7b-b4b0-d09e8fd472b5,Costco,"General Merchandise Stores, including Warehouse Clubs and Supercenters",630.3156
2025-01-01,CA,Los Angeles / SF Bay Area,271eed8d-e210-4e39-807f-8c1ec1f47a77,Navy Exchange,"General Merchandise Stores, including Warehouse Clubs and Supercenters",630.3156
2025-01-01,CA,Los Angeles / SF Bay Area,4725c66b-e37f-46d8-8307-4f57d6603449,Costco,"General Merchandise Stores, including Warehouse Clubs and Supercenters",630.3156
2025-01-01,GA,Atlanta,75d768ee-4db7-41bf-87e8-c6db7baee0d9,Harbor Freight Tools,Building Material and Supplies Dealers,622.0223
2025-01-01,GA,Atlanta,aefb2921-074c-42cc-ae84-f4e9b3d51c06,Harbor Freight Tools,Building Material and Supplies Dealers,622.0223
2025-01-01,FL,Miami,659ceffd-df18-4359-9bea-38d384de0b9f,Bath & Body Works,Health and Personal Care Stores,620.8386
2025-01-01,NJ,New York/New Jersey,989a632a-defd-4dd8-aa67-ffd674bc7a68,Saladworks,Restaurants and Other Eating Places,620.6664
2025-01-01,NJ,New York/New Jersey,28b063c5-fe2f-4afe-8da2-3b8330ba3b13,Orange Julius,Restaurants and Other Eating Places,620.6664
2025-01-01,NJ,New York/New Jersey,0fad8b6d-d284-4579-ae8c-dd8b92666a30,China Buffet,Restaurants and Other Eating Places,620.6664
2025-01-01,NJ,New York/New Jersey,f64ea1b0-3b61-42b5-93ee-05c67bed5230,Qdoba Mexican Grill,Restaurants and Other Eating Places,620.6664
2025-01-01,NJ,New York/New Jersey,438d920b-bed4-4005-8046-30c74fe16089,P.F. Chang's China Bistro,Restaurants and Other Eating Places,620.6664
2025-01-01,NJ,New York/New Jersey,0439c06f-29ee-4b55-89b1-959de53d9985,Moe's Southwest Grill,Restaurants and Other Eating Places,620.6664
2025-01-01,NJ,New York/New Jersey,a66f0270-6636-4244-accd-07f58ce80d6b,The Halal Guys,Restaurants and Other Eating Places,620.6664
2025-01-01,NJ,New York/New Jersey,1f2e7af5-a2bb-4ea0-bc0e-185f4854ff31,Chicken Now,Restaurants and Other Eating Places,620.6664
2025-01-01,NJ,New York/New Jersey,87ee295e-d556-48c5-b018-0ba2ebc2917b,Boston Market,Restaurants and Other Eating Places,620.6664
2025-01-01,NJ,New York/New Jersey,73e1fcd8-cb12-444a-8588-8fdbf557de3a,The Cheesecake Factory,Restaurants and Other Eating Places,620.6664
2025-01-01,NJ,New York/New Jersey,0471cfe0-17d8-477e-9791-e7edf47abe46,Blaze Pizza,Restaurants and Other Eating Places,620.6664
2025-01-01,NJ,New York/New Jersey,33f37ae7-5b39-4d11-a0e7-27724cfb4a56,PrimoHoagies,Restaurants and Other Eating Places,620.6664
2025-01-01,NJ,New York/New Jersey,d824e4e5-57d8-446d-8269-71fe5f3a174b,Crumbl Cookies,Restaurants and Other Eating Places,620.6664
2025-01-01,NJ,New York/New Jersey,5aa1d68c-061b-46d5-aa53-191213658586,Krispy Kreme Doughnuts,Restaurants and Other Eating Places,620.6664
2025-01-01,NJ,New York/New Jersey,8c6e761b-73eb-454d-aae5-7382e6dee058,Cinnabon,Restaurants and Other Eating Places,620.6664
2025-01-01,NJ,New York/New Jersey,1c08c2a8-e984-4f7c-8720-8a4e43aefc70,Smashburger,Restaurants and Other Eating Places,620.6664
2025-01-01,NJ,New York/New Jersey,cb051e49-0b2b-4099-ad32-e817f66a6525,White Castle,Restaurants and Other Eating Places,620.6664
2025-01-01,NJ,New York/New Jersey,cb4818b5-be81-46e1-a7e5-5f11f854166a,Cold Stone Creamery,Restaurants and Other Eating Places,620.6664
2025-01-01,NJ,New York/New Jersey,db939366-9785-4dae-8c58-3fb153a8ac34,Playa Bowls,Restaurants and Other Eating Places,620.6664
2025-01-01,NJ,New York/New Jersey,321438bf-fa66-4af8-898b-047fba444833,Playa Bowls,Restaurants and Other Eating Places,620.6664
2025-01-01,NJ,New York/New Jersey,61c17d0d-67f5-41a4-b933-bf304e732c3a,Carvel,Restaurants and Other Eating Places,620.6664
2025-01-01,NY,New York/New Jersey,502da4fc-ec7d-4db2-bf67-7a09a6f93a08,Starbucks,Restaurants and Other Eating Places,619.8547
2025-01-01,NY,New York/New Jersey,bcca6e77-8b5f-44b5-846d-050fca514a0f,Starbucks,Restaurants and Other Eating Places,619.8547
2025-01-01,NY,New York/New Jersey,753c92a3-aadc-471c-bf50-ab244eb333a9,Starbucks,Restaurants and Other Eating Places,619.8547
2025-01-01,NY,New York/New Jersey,3be9c950-1cd1-4479-9e6a-c823ef576f91,Starbucks,Restaurants and Other Eating Places,619.8547
2025-01-01,NY,New York/New Jersey,3f8aacbf-884d-478f-83ed-51d898c899c7,Starbucks,Restaurants and Other Eating Places,619.8547
2025-01-01,NY,New York/New Jersey,b60aa358-e0b5-411c-9b6f-bfe6601344da,Starbucks,Restaurants and Other Eating Places,619.8547
2025-01-01,NY,New York/New Jersey,6ebba273-5f0c-4ff8-9133-39683064609c,Starbucks,Restaurants and Other Eating Places,619.8547
2025-01-01,NY,New York/New Jersey,7b4e23e7-6641-40e9-9207-25ab68db1871,Orangetheory Fitness,Other Amusement and Recreation Industries,609.2993
2025-01-01,NY,New York/New Jersey,b9b0a853-570a-45d2-942a-0acaff85b585,Orangetheory Fitness,Other Amusement and Recreation Industries,609.2993
2025-01-01,WA,Seattle,09ed78f3-8cbb-49f6-858c-fdd6f96913b9,Denny's,Restaurants and Other Eating Places,609.09564
2025-01-01,TX,Dallas / Houston,cba0e759-6671-4efa-aac7-c82d3fddf363,Fairfield Inn & Suites by Marriott,Traveler Accommodation,606.48676
2025-01-01,TX,Dallas / Houston,08a46c21-0e21-4eea-a030-12386b044770,Fairfield Inn & Suites by Marriott,Traveler Accommodation,606.48676
2025-01-01,TX,Dallas / Houston,10789e82-5c32-48c6-9460-25f904eb11c9,Fairfield Inn & Suites by Marriott,Traveler Accommodation,606.48676
2025-01-01,TX,Dallas / Houston,de7c14fe-4d88-4344-b79a-15c72ab8e93a,Courtyard by Marriott,Traveler Accommodation,603.13354
2025-01-01,TX,Dallas / Houston,6d6e2ffd-f276-4d7d-94cc-827fe0f535cf,Courtyard by Marriott,Traveler Accommodation,603.13354
2025-01-01,TX,Dallas / Houston,ed84f883-fa57-49bf-b4e7-5c82be57827f,Courtyard by Marriott,Traveler Accommodation,603.13354
2025-01-01,FL,Miami,974bece7-e9a3-4bcf-861a-f9b5947d36c6,Sunoco,Gasoline Stations,600.881
2025-01-01,FL,Miami,2c787c92-1234-458d-86ae-079ef953cb28,Sunoco,Gasoline Stations,600.881
2025-01-01,FL,Miami,b330a402-ccc3-4d39-b9ae-93749feb00f6,Sunoco,Gasoline Stations,600.881
2025-01-01,FL,Miami,52d95f9a-b13a-499b-93e6-8c9771c6f5a0,Sunoco,Gasoline Stations,600.881
2025-01-01,FL,Miami,ac50fc61-4bf1-4db6-a9d0-dbc2077f1d8f,Sunoco,Gasoline Stations,600.881
2025-01-01,FL,Miami,92086187-3168-4467-bc63-bb9593861de2,Sunoco,Gasoline Stations,600.881
2025-01-01,TX,Dallas / Houston,13a7114d-afbf-4bfa-a434-5b5e735e146b,CVS,Health and Personal Care Stores,599.5591
2025-01-01,TX,Dallas / Houston,3205cf51-2bd6-4b71-8581-b6e2d4daaa08,CVS,Health and Personal Care Stores,599.5591
2025-01-01,TX,Dallas / Houston,d10c81c5-be4e-4b58-b3e0-ed377ca1b6c1,CVS,Health and Personal Care Stores,599.5591
2025-01-01,TX,Dallas / Houston,f952fda4-7a13-49a8-ba7c-c0572b691c1b,CVS,Health and Personal Care Stores,599.5591
2025-01-01,TX,Dallas / Houston,94a22ffc-c96a-46fd-b924-38b2d4255a23,CVS,Health and Personal Care Stores,599.5591
2025-01-01,CA,Los Angeles / SF Bay Area,4b8300f9-e904-4bbd-bfa3-5d81e3ef1dda,Five Below,"General Merchandise Stores, including Warehouse Clubs and Supercenters",599.3137
2025-01-01,FL,Miami,397eff0a-43de-4e76-bd56-b7b319564dc0,Chevron,Gasoline Stations,596.9693
2025-01-01,FL,Miami,30d50bc9-a53b-4002-a047-e23adfa233ab,Chevron,Gasoline Stations,596.9693
2025-01-01,MO,Kansas City,4e642637-43b2-468d-b4a2-9003dcf6646c,CVS,Health and Personal Care Stores,594.01776
2025-01-01,TX,Dallas / Houston,09f74aa1-e955-4edc-8578-0b307bbffb26,Bath & Body Works,Health and Personal Care Stores,591.9471
2025-01-01,GA,Atlanta,c17cf9d4-ed53-4e31-b6db-09fc46c2a8e0,Caribou Coffee,Restaurants and Other Eating Places,589.154
2025-01-01,GA,Atlanta,f79f7e49-2eda-4f43-bad1-ff362af76bc6,Marco's Pizza,Restaurants and Other Eating Places,589.154
2025-01-01,GA,Atlanta,8723203d-0363-4471-8ee6-3cf49c6f806f,Freddy's Frozen Custard,Restaurants and Other Eating Places,589.154
2025-01-01,GA,Atlanta,16e1b0b2-6a00-487d-ab65-a5aec5b4106b,Bojangles',Restaurants and Other Eating Places,589.154
2025-01-01,GA,Atlanta,559b81d7-de07-48f6-bbc6-4b85e9209dc9,Krystal,Restaurants and Other Eating Places,589.154
2025-01-01,GA,Atlanta,b800cb58-5bab-4811-aba1-bd1198adc102,Chicken Salad Chick,Restaurants and Other Eating Places,589.154
2025-01-01,GA,Atlanta,e376ffd6-d055-4070-aff1-2a6998ab818c,Captain D's Seafood Restaurant,Restaurants and Other Eating Places,589.154
2025-01-01,GA,Atlanta,d1fdbf31-35ea-4260-bfbd-29b3e74a7bb5,Tropical Smoothie Café,Restaurants and Other Eating Places,589.154
2025-01-01,GA,Atlanta,10f53263-e084-4baa-8b6f-5195b51513c7,Zaxby's,Restaurants and Other Eating Places,589.154
2025-01-01,GA,Atlanta,645f9fc3-6de4-4363-bd04-bec33cb2b706,Crumbl Cookies,Restaurants and Other Eating Places,589.154
2025-01-01,GA,Atlanta,0197227b-6d4e-4fe0-b8a7-53e5081b37bf,Pita Mediterranean Street Food,Restaurants and Other Eating Places,589.154
2025-01-01,GA,Atlanta,d4952024-5e2b-4646-9545-5a68627235f3,Smoothie King,Restaurants and Other Eating Places,589.154
2025-01-01,GA,Atlanta,e54642f5-270f-437e-bbf4-04a576f7974b,Yogli Mogli,Restaurants and Other Eating Places,589.154
2025-01-01,GA,Atlanta,60a6c195-6592-4644-9da4-dfb6be9ec661,Bojangles',Restaurants and Other Eating Places,589.154
2025-01-01,GA,Atlanta,941485c0-9e15-48f4-be70-7b0953063952,Moe's Southwest Grill,Restaurants and Other Eating Places,589.154
2025-01-01,GA,Atlanta,70eabf59-3a0c-4f2e-8597-9360950a29f4,Costa Coffee,Restaurants and Other Eating Places,589.154
2025-01-01,GA,Atlanta,2ca47a4d-8c73-44b8-8351-c3daee1e4690,Provino's Italian Restaurant,Restaurants and Other Eating Places,589.154
2025-01-01,GA,Atlanta,16c46948-fb1a-4abb-837a-17df23d19a97,Jefferson's,Restaurants and Other Eating Places,589.154
2025-01-01,GA,Atlanta,de8c42a4-07ec-4a5d-94f7-d2d1eb16a818,Godfather's Pizza,Restaurants and Other Eating Places,589.154
2025-01-01,GA,Atlanta,8f273725-231c-4c1a-a585-fd552d2f2939,Your Pie,Restaurants and Other Eating Places,589.154
2025-01-01,GA,Atlanta,eca81370-b4f2-4309-883a-3edac9b1741d,Bruster's Ice Cream,Restaurants and Other Eating Places,589.154
2025-01-01,GA,Atlanta,52ecb72f-6d0f-458d-a07c-dedb8b1906b2,Pita Mediterranean Street Food,Restaurants and Other Eating Places,589.154
2025-01-01,GA,Atlanta,c6a096c9-49a4-4e88-99e4-b8a7c84ac49a,Cook Out,Restaurants and Other Eating Places,589.154
2025-01-01,GA,Atlanta,0e1e1674-4809-4b72-b630-1653c0f0bf24,Krystal,Restaurants and Other Eating Places,589.154
2025-01-01,GA,Atlanta,d3dcde21-9f3c-4ff9-8210-5843848f0333,Gondolier Italian Restaurant & Pizza,Restaurants and Other Eating Places,589.154
2025-01-01,GA,Atlanta,fabd1df6-78bf-4a56-9855-45e8a667fd89,Huddle House,Restaurants and Other Eating Places,589.154
2025-01-01,GA,Atlanta,d63d2347-608f-4497-b267-0721132c7b1a,O'Charley's,Restaurants and Other Eating Places,589.154
2025-01-01,GA,Atlanta,6fd8a34b-15e6-498b-8e2d-869aeb5a2933,Cheddar's Scratch Kitchen,Restaurants and Other Eating Places,589.154
2025-01-01,GA,Atlanta,d946ce06-2d17-46aa-a8bf-ae990d237d7c,Nothing Bundt Cakes,Restaurants and Other Eating Places,589.154
2025-01-01,PA,Philadelphia,cbf761cb-5f8a-4b80-a073-ac291d8c4d69,Subway,Restaurants and Other Eating Places,589.0212
2025-01-01,CA,Los Angeles / SF Bay Area,f7e87db4-f916-4175-9d83-6744532e6f4c,PetSmart,Other Miscellaneous Store Retailers,588.5732
2025-01-01,GA,Atlanta,5e01d654-81d8-4bed-a879-e14214e34807,Marathon,Gasoline Stations,586.8173
2025-01-01,GA,Atlanta,0549e95f-47e3-42a3-bfbd-b4fc55d32832,Marathon,Gasoline Stations,586.8173
2025-01-01,GA,Atlanta,c6dc069a-f3b7-48a7-ab5d-9111f79b70b0,Marathon,Gasoline Stations,586.8173
2025-01-01,GA,Atlanta,91d5b496-3e23-4fbd-87ed-3962b1b09a19,Marathon,Gasoline Stations,586.8173
2025-01-01,CA,Los Angeles / SF Bay Area,341286cf-d5df-491a-bdec-7d7e167b2f79,True Value Company,Building Material and Supplies Dealers,583.10205
2025-01-01,CA,Los Angeles / SF Bay Area,a72229d0-2691-4265-bead-14b1f2f87526,True Value Company,Building Material and Supplies Dealers,583.10205
2025-01-01,CA,Los Angeles / SF Bay Area,0def3dcb-081c-429d-87f6-63ce93edb988,True Value Company,Building Material and Supplies Dealers,583.10205
2025-01-01,FL,Miami,0cb14062-54ea-484a-ba30-df26ad6d86d5,Orangetheory Fitness,Other Amusement and Recreation Industries,582.0038
2025-01-01,FL,Miami,c82fa008-3625-40df-943e-0608f3d3bcf7,Orangetheory Fitness,Other Amusement and Recreation Industries,582.0038
2025-01-01,CA,Los Angeles / SF Bay Area,9a624009-d11f-4b2f-ac0e-aea8585fa5e2,Chevron,Gasoline Stations,581.7161
2025-01-01,CA,Los Angeles / SF Bay Area,95413f32-4ad8-4d3d-b1e1-0be1053ef071,Chevron,Gasoline Stations,581.7161
2025-01-01,CA,Los Angeles / SF Bay Area,14a7f67f-df01-485a-b3f6-3da485c7d224,Chevron,Gasoline Stations,581.7161
2025-01-01,CA,Los Angeles / SF Bay Area,2e5f9aa8-848d-4411-a3e1-22631e9e7b0e,Chevron,Gasoline Stations,581.7161
2025-01-01,CA,Los Angeles / SF Bay Area,9ee22968-42ac-4f9a-a200-836faaba11a6,Chevron,Gasoline Stations,581.7161
2025-01-01,CA,Los Angeles / SF Bay Area,f3f3ca8c-8cb0-4be3-90b8-80ac65cc01f7,Chevron,Gasoline Stations,581.7161
2025-01-01,CA,Los Angeles / SF Bay Area,ea842981-71a1-4310-b6b0-fb77c798b502,Chevron,Gasoline Stations,581.7161
2025-01-01,CA,Los Angeles / SF Bay Area,7635cd9e-178f-4615-b717-8a79c1f25d89,Chevron,Gasoline Stations,581.7161
2025-01-01,CA,Los Angeles / SF Bay Area,f2e9b6b1-2444-4bcc-b2fb-38821811fa7d,Chevron,Gasoline Stations,581.7161
2025-01-01,CA,Los Angeles / SF Bay Area,53daf3e9-0749-4a57-954d-3a322cf95fd7,Chevron,Gasoline Stations,581.7161
2025-01-01,CA,Los Angeles / SF Bay Area,bc092a9b-aa72-418d-bc65-3c741bd91e22,Chevron,Gasoline Stations,581.7161
2025-01-01,CA,Los Angeles / SF Bay Area,91a61d9d-3523-4e83-aa8a-382655304c0a,Chevron,Gasoline Stations,581.7161
2025-01-01,CA,Los Angeles / SF Bay Area,977f3946-3238-4369-9458-1537e21705e0,Chevron,Gasoline Stations,581.7161
2025-01-01,GA,Atlanta,eed9de40-932e-4ea4-8481-4f95631d2bfb,CVS,Health and Personal Care Stores,578.39874
2025-01-01,GA,Atlanta,30117951-2df7-432b-8b6b-e5df4512a492,CVS,Health and Personal Care Stores,578.39874
2025-01-01,GA,Atlanta,eacb83b6-f295-43f7-9d5c-333a4e790a4d,CVS,Health and Personal Care Stores,578.39874
2025-01-01,GA,Atlanta,2a21feb8-b341-40af-a0d0-303819f072f5,CVS,Health and Personal Care Stores,578.39874
2025-01-01,FL,Miami,d8fe1cd3-13ef-47a4-bd19-26ab6d0683ac,Marathon,Gasoline Stations,575.4462
2025-01-01,FL,Miami,a30979ae-7663-4d48-a2e1-7398cb60afaf,Marathon,Gasoline Stations,575.4462
2025-01-01,FL,Miami,74cd2c95-4af0-4fb5-86af-5bc83c7d307e,Marathon,Gasoline Stations,575.4462
2025-01-01,FL,Miami,fbd8cb2d-da92-4524-a433-7fc1effbb47e,Marathon,Gasoline Stations,575.4462
2025-01-01,FL,Miami,dd2bcbf5-959a-48bd-8afe-ab39fef6756f,Marathon,Gasoline Stations,575.4462
2025-01-01,NJ,New York/New Jersey,0f42301a-9ddd-49e7-a522-d0663663457e,Rite Aid,Health and Personal Care Stores,564.73254
2025-01-01,TX,Dallas / Houston,8783c329-7c5d-466e-b686-90fd9643acad,Starbucks,Restaurants and Other Eating Places,560.8854
2025-01-01,TX,Dallas / Houston,ad138017-de85-4352-a3bd-309f141d7030,Starbucks,Restaurants and Other Eating Places,560.8854
2025-01-01,TX,Dallas / Houston,2dc3cffd-2ad3-4131-baa3-c48290dd7bd0,Starbucks,Restaurants and Other Eating Places,560.8854
2025-01-01,TX,Dallas / Houston,4ab4dc62-641b-483e-9664-1549c6c1b3db,Starbucks,Restaurants and Other Eating Places,560.8854
2025-01-01,TX,Dallas / Houston,4c481299-34b4-4d55-b8f2-0a9fffc29097,Starbucks,Restaurants and Other Eating Places,560.8854
2025-01-01,TX,Dallas / Houston,3beeee13-5cca-4e12-9862-6e7dd76f4c6a,Starbucks,Restaurants and Other Eating Places,560.8854
2025-01-01,TX,Dallas / Houston,d75d9f6a-f8aa-4202-83ff-ac957b5f5c85,Starbucks,Restaurants and Other Eating Places,560.8854
2025-01-01,TX,Dallas / Houston,6aae8543-b8c0-4867-90a4-3118454d1239,Starbucks,Restaurants and Other Eating Places,560.8854
2025-01-01,TX,Dallas / Houston,f53404be-c7dc-4b32-98ca-ac21594d72ca,Starbucks,Restaurants and Other Eating Places,560.8854
2025-01-01,TX,Dallas / Houston,3620c58a-737e-419f-a547-b65489887072,Starbucks,Restaurants and Other Eating Places,560.8854
2025-01-01,CA,Los Angeles / SF Bay Area,1edfcb07-7a8e-4200-b706-a895adde843a,Do It Best,Building Material and Supplies Dealers,560.531
2025-01-01,WA,Seattle,1feee31e-6953-4add-926b-e758539c1843,ARCO,Gasoline Stations,560.0169
2025-01-01,FL,Miami,c4c44de2-a76b-45be-9775-19faa19f1652,Petco,Other Miscellaneous Store Retailers,559.2312
2025-01-01,FL,Miami,a780a4c9-46d8-48f1-b3ec-2b34cf25bbc0,Petco,Other Miscellaneous Store Retailers,559.2312
2025-01-01,WA,Seattle,f76b4f8e-bcbe-408b-9ae9-4672922b4932,Starbucks,Restaurants and Other Eating Places,557.7894
2025-01-01,WA,Seattle,228e95e0-cfd1-4494-8d5b-d9bd5228925e,Starbucks,Restaurants and Other Eating Places,557.7894
2025-01-01,WA,Seattle,72616950-1f88-4a45-9230-a8b7182793e2,Starbucks,Restaurants and Other Eating Places,557.7894
2025-01-01,WA,Seattle,020dcbaa-87f0-4e2f-858a-f1d9ed0175b9,Starbucks,Restaurants and Other Eating Places,557.7894
2025-01-01,WA,Seattle,e423ddf7-2e17-4d90-a56b-9a815bbcdbd6,Starbucks,Restaurants and Other Eating Places,557.7894
2025-01-01,WA,Seattle,b3bda2d0-80d9-4281-b477-5772b05d6599,Starbucks,Restaurants and Other Eating Places,557.7894
2025-01-01,WA,Seattle,97b147e6-cfa0-4696-8457-08b63276fd40,Starbucks,Restaurants and Other Eating Places,557.7894
2025-01-01,MO,Kansas City,6d332859-2d27-4d3f-a96f-3d7950488746,Subway,Restaurants and Other Eating Places,555.646
2025-01-01,MO,Kansas City,a757c9de-2bec-4820-ad74-ef2a37213336,Subway,Restaurants and Other Eating Places,555.646
2025-01-01,MO,Kansas City,e532f887-431b-4afd-9b28-8dc8f6e75f8a,Subway,Restaurants and Other Eating Places,555.646
2025-01-01,KS,Kansas City,4b66a1da-1364-48f1-9d16-1fc24573f825,Big Lots Stores,"General Merchandise Stores, including Warehouse Clubs and Supercenters",553.06696
2025-01-01,FL,Miami,7c255e74-12ee-4661-9f3f-fb5a5261fce4,PetSmart,Other Miscellaneous Store Retailers,552.5755
2025-01-01,FL,Miami,8a6e4275-182b-4f87-8ecb-b82600c72f6e,PetSmart,Other Miscellaneous Store Retailers,552.5755
2025-01-01,GA,Atlanta,7247eaba-e284-419d-bdfa-7bb7471b42b0,Five Below,"General Merchandise Stores, including Warehouse Clubs and Supercenters",547.8154
2025-01-01,GA,Atlanta,5cb84797-0f87-4cc2-8aea-d59f50b9fa81,Five Below,"General Merchandise Stores, including Warehouse Clubs and Supercenters",547.8154
2025-01-01,NJ,New York/New Jersey,7c5adcae-5c3f-4a8a-a2d4-633a1a377d10,T.J. Maxx,Department Stores,545.7287
2025-01-01,NJ,New York/New Jersey,a3dbe6e0-4867-434e-a9a7-b4be5527ea95,Bottega Veneta,Department Stores,545.7287
2025-01-01,NJ,New York/New Jersey,dd25083b-f8ad-4dde-a581-43ba898e8a26,T.J. Maxx,Department Stores,545.7287
2025-01-01,NJ,New York/New Jersey,7029f686-e626-4454-8ee3-54a57a13c2dc,Macy's,Department Stores,545.7287
2025-01-01,FL,Miami,2f1a5f4b-b640-4685-9b9e-436a02c75ff5,T.J. Maxx,Department Stores,545.67554
2025-01-01,FL,Miami,25e9fef9-bdd6-4988-80c9-b391690a04fa,Bealls Outlet,Department Stores,545.67554
2025-01-01,FL,Miami,842bf5f2-d808-4046-a9f8-53040c478a5d,Citi Trends,Department Stores,545.67554
2025-01-01,TX,Dallas / Houston,64996fe4-1ebd-4b5c-af58-fecb1456b0d1,Spring Market,Grocery Stores,545.35266
2025-01-01,TX,Dallas / Houston,d72a06ed-71a8-4c9d-9946-f51f6b8fd496,H-E-B,Grocery Stores,545.35266
2025-01-01,TX,Dallas / Houston,759fc9b5-f94f-4cb5-9fd6-1140490bc4db,Fiesta Mart,Grocery Stores,545.35266
2025-01-01,TX,Dallas / Houston,d417f57b-b0a9-4240-8730-8b18144b0b50,Allsup's,Grocery Stores,545.35266
2025-01-01,TX,Dallas / Houston,6a9d3b10-04de-4064-8466-fa5a2cc81baa,Stripes Convenience Stores,Grocery Stores,545.35266
2025-01-01,TX,Dallas / Houston,040a80fb-34f4-48ea-bd27-4b2c54fd72a0,La Michoacana Meat Market,Grocery Stores,545.35266
2025-01-01,TX,Dallas / Houston,1d195077-6f02-4782-9ba3-015cc40def86,La Michoacana Meat Market,Grocery Stores,545.35266
2025-01-01,TX,Dallas / Houston,2498b74f-8295-4474-81e7-ff05cc980eb9,Albertsons,Grocery Stores,545.35266
2025-01-01,TX,Dallas / Houston,b2f8c834-8610-44e8-b819-64cac48e4e45,Stripes Convenience Stores,Grocery Stores,545.35266
2025-01-01,TX,Dallas / Houston,2da575b0-cfb6-45f3-9df5-c0e40351e0d8,Stripes Convenience Stores,Grocery Stores,545.35266
2025-01-01,TX,Dallas / Houston,0bcf35d2-9758-4678-a9bd-d2ad5a2dc57a,Stripes Convenience Stores,Grocery Stores,545.35266
2025-01-01,TX,Dallas / Houston,a524e51d-2732-46c8-966f-4d3f6caae667,H-E-B,Grocery Stores,545.35266
2025-01-01,TX,Dallas / Houston,7d4afbbb-fedc-4ae9-b901-1c4c78857019,Trader Joe's,Grocery Stores,545.35266
2025-01-01,TX,Dallas / Houston,cb9ed838-5dd4-4970-9dcf-d3bf7cc44835,H-E-B,Grocery Stores,545.35266
2025-01-01,TX,Dallas / Houston,385490b3-8910-4575-9df1-5fc991e3736d,Sprouts,Grocery Stores,545.35266
2025-01-01,TX,Dallas / Houston,135b5bf4-6a92-4f1d-a66d-80dfa128c626,Stripes Convenience Stores,Grocery Stores,545.35266
2025-01-01,TX,Dallas / Houston,5581c8bf-4705-4b3c-941e-a7d2dbd75ba3,Allsup's,Grocery Stores,545.35266
2025-01-01,TX,Dallas / Houston,2bde59b8-b528-487d-a618-67d1b6da597a,Stripes Convenience Stores,Grocery Stores,545.35266
2025-01-01,TX,Dallas / Houston,18fcc045-6d75-4191-9d3d-71bbb4d6b9f1,Stripes Convenience Stores,Grocery Stores,545.35266
2025-01-01,TX,Dallas / Houston,cafb5715-7101-4e24-8dca-4a32bf3e229a,United Supermarkets,Grocery Stores,545.35266
2025-01-01,WA,Seattle,fdd9c2b3-4144-4973-a5d7-3c8d0c216ce8,Macy's,Department Stores,544.26056
2025-01-01,NY,New York/New Jersey,86fedd72-ef1e-4f2b-8864-fe014ae32af4,Kohl's,Department Stores,544.0084
2025-01-01,NY,New York/New Jersey,63f2c1d5-80fa-4fb2-a708-f38d6fe8479c,JCPenney,Department Stores,544.0084
2025-01-01,GA,Atlanta,178f1b4f-e487-44a3-831f-1ead6068be2e,Planet Fitness,Other Amusement and Recreation Industries,543.1993
2025-01-01,WA,Seattle,308fbf96-f8fe-4024-9aab-f91a246f9961,Skippers,Restaurants and Other Eating Places,537.75446
2025-01-01,WA,Seattle,dbfbdfa5-6c3a-4b21-b77c-5eb1548f3681,Amazon Go,Restaurants and Other Eating Places,537.75446
2025-01-01,WA,Seattle,f436d560-3dcc-4f2c-996b-bb78d1349bb6,Crumbl Cookies,Restaurants and Other Eating Places,537.75446
2025-01-01,WA,Seattle,cb4d1492-4ec0-4d6d-98db-5fa7ec3c9be3,BJ's Restaurants,Restaurants and Other Eating Places,537.75446
2025-01-01,WA,Seattle,0d3dc4cf-1636-4e00-9e9f-47b369a94984,A&W Restaurants,Restaurants and Other Eating Places,537.75446
2025-01-01,WA,Seattle,2989a53e-98d5-4779-a95d-b5d476d05e19,Crumbl Cookies,Restaurants and Other Eating Places,537.75446
2025-01-01,WA,Seattle,6c295ca4-1f55-4830-ac2c-3aeb2999bb08,Pagliacci,Restaurants and Other Eating Places,537.75446
2025-01-01,WA,Seattle,bbcdbf50-af55-42a1-84ef-c5c7dbd1e800,Papa Murphy's,Restaurants and Other Eating Places,537.75446
2025-01-01,WA,Seattle,c3869781-8ae9-4493-8c70-4cdc649214d5,Dough Zone Dumpling House,Restaurants and Other Eating Places,537.75446
2025-01-01,WA,Seattle,de7cff6b-23bd-4115-a395-e32a3e347c23,Anthony's Restaurants,Restaurants and Other Eating Places,537.75446
2025-01-01,WA,Seattle,ae22e49e-8491-47bb-a3d8-04856009f2da,Ezells Famous Chicken,Restaurants and Other Eating Places,537.75446
2025-01-01,WA,Seattle,1bb5dd95-7a54-4e90-958b-93cf7907bbb2,The Blazing Onion,Restaurants and Other Eating Places,537.75446
2025-01-01,WA,Seattle,73351cdb-c5b6-434d-9588-b06a56740f1c,Papa Murphy's,Restaurants and Other Eating Places,537.75446
2025-01-01,WA,Seattle,6cb424f3-01d8-4323-8b8c-d713c2d3aece,Dutch Bros Coffee,Restaurants and Other Eating Places,537.75446
2025-01-01,WA,Seattle,00dd0e04-e95a-4b18-bc93-281677c59319,Taco Time Northwest,Restaurants and Other Eating Places,537.75446
2025-01-01,WA,Seattle,a76b5d7c-4eb5-4a5d-9551-7cbc785b2b14,Red Robin Gourmet Burgers,Restaurants and Other Eating Places,537.75446
2025-01-01,WA,Seattle,be7df068-2d58-4b68-bdb1-28fc9127f35b,MOD Pizza,Restaurants and Other Eating Places,537.75446
2025-01-01,PA,Philadelphia,b981016f-91fc-41d3-82d2-32c542624848,CVS,Health and Personal Care Stores,535.6387
2025-01-01,PA,Philadelphia,868dfb01-96d7-4934-a4b5-61da874c6906,CVS,Health and Personal Care Stores,535.6387
2025-01-01,PA,Philadelphia,734cc514-5b3e-4702-8679-fad9bd929cbc,CVS,Health and Personal Care Stores,535.6387
2025-01-01,PA,Philadelphia,e1ac8be6-87ab-4f5f-b473-39bf9e6dfc85,Big Lots Stores,"General Merchandise Stores, including Warehouse Clubs and Supercenters",535.2417
2025-01-01,PA,Philadelphia,9f49c33a-bd13-432a-af46-2f0b2239bac6,Roses,"General Merchandise Stores, including Warehouse Clubs and Supercenters",535.2417
2025-01-01,PA,Philadelphia,6e7c284f-c215-45fc-9a26-f2ee64f52da6,Ocean State Job Lot,"General Merchandise Stores, including Warehouse Clubs and Supercenters",535.2417
2025-01-01,KS,Kansas City,304ea0dd-31d4-4fac-9499-39a7ab03422b,Buffalo Wild Wings,Restaurants and Other Eating Places,530.7019
2025-01-01,GA,Atlanta,f33f136a-23b8-44f9-965f-ebda34a90b40,Starbucks,Restaurants and Other Eating Places,530.34705
2025-01-01,GA,Atlanta,737dafac-ac30-4e65-8f2b-7a2890e58d90,Starbucks,Restaurants and Other Eating Places,530.34705
2025-01-01,WA,Seattle,470e8aab-254b-47d2-b343-1adbc7d637d2,Rite Aid,Health and Personal Care Stores,526.8266
2025-01-01,TX,Dallas / Houston,d6054097-5b1e-4578-a1b5-59398d16d681,Petco,Other Miscellaneous Store Retailers,522.566
2025-01-01,CA,Los Angeles / SF Bay Area,96d15b67-a6d4-4d90-8c66-ccdc101706d8,JCPenney,Department Stores,519.1635
2025-01-01,CA,Los Angeles / SF Bay Area,0d3ff7d0-eed9-4d18-80ec-33f049ef5b1b,T.J. Maxx,Department Stores,519.1635
2025-01-01,CA,Los Angeles / SF Bay Area,40bf10d0-84a8-42f5-a0a8-241e727643af,Macy's,Department Stores,519.1635
2025-01-01,CA,Los Angeles / SF Bay Area,dad70885-99cf-4adc-bfa8-91ec8b888943,JCPenney,Department Stores,519.1635
2025-01-01,TX,Dallas / Houston,ad1b04d0-cbb4-4eb9-a783-0edf9ef9ff38,Chevron,Gasoline Stations,518.5708
2025-01-01,TX,Dallas / Houston,3b33fd19-9bb4-474a-995e-6bade78c806d,Chevron,Gasoline Stations,518.5708
2025-01-01,TX,Dallas / Houston,8a9bae79-1e0d-4e10-a957-09b7e33f1f22,Chevron,Gasoline Stations,518.5708
2025-01-01,TX,Dallas / Houston,6777e5a2-3f9d-4555-9028-97731580df57,Chevron,Gasoline Stations,518.5708
2025-01-01,TX,Dallas / Houston,a824e1a5-1c6c-4a00-a38e-ab408e4077bc,Chevron,Gasoline Stations,518.5708
2025-01-01,TX,Dallas / Houston,0c3cc27e-e438-4c3f-83f0-cbe56473834b,Chevron,Gasoline Stations,518.5708
2025-01-01,TX,Dallas / Houston,b53ad7e8-cd91-4b3b-a134-fead85b06bed,Chevron,Gasoline Stations,518.5708
2025-01-01,TX,Dallas / Houston,1ff4b1a2-8524-4367-9420-0bedb8b16b1e,Chevron,Gasoline Stations,518.5708
2025-01-01,NY,New York/New Jersey,00eb54d3-ab38-4f86-9f16-90f9e8625ca1,Planet Fitness,Other Amusement and Recreation Industries,517.7697
2025-01-01,GA,Atlanta,07fe1876-9d95-4bea-84c3-455b45af68b4,Bath & Body Works,Health and Personal Care Stores,514.58966
2025-01-01,GA,Atlanta,17732501-0a2c-4e2c-b21e-c71f77bf218c,Bath & Body Works,Health and Personal Care Stores,514.58966
2025-01-01,TX,Dallas / Houston,cd56ff56-f738-4e75-ac6e-e8e01ac70f1c,PetSmart,Other Miscellaneous Store Retailers,513.31433
2025-01-01,TX,Dallas / Houston,0c7e778a-9ae9-4ef4-bb15-98ec55a0ebe8,PetSmart,Other Miscellaneous Store Retailers,513.31433
2025-01-01,NJ,New York/New Jersey,6c8cafd1-64f2-42e3-ae59-a2ec1c2cdda0,Do It Best,Building Material and Supplies Dealers,512.0061
2025-01-01,NY,New York/New Jersey,4bd0d7ed-d374-4f1a-8307-5a88dbabaa4f,Olive Garden,Restaurants and Other Eating Places,510.7928
2025-01-01,NY,New York/New Jersey,d7babda2-0be4-4566-a281-3183cd2e3505,Atomic Wings,Restaurants and Other Eating Places,510.7928
2025-01-01,NY,New York/New Jersey,bcb57450-3c20-49c0-9520-eda3ad3f19d6,Juice Press,Restaurants and Other Eating Places,510.7928
2025-01-01,NY,New York/New Jersey,71c15cf4-c4d9-4782-9fa8-651df2200014,Checkers Drive-In Restaurants,Restaurants and Other Eating Places,510.7928
2025-01-01,NY,New York/New Jersey,b972e128-97b5-4ce3-a3b5-39f4c924486b,Jet's Pizza,Restaurants and Other Eating Places,510.7928
2025-01-01,NY,New York/New Jersey,ba0c61ad-e7d8-4490-ad0f-eb718ad86e9d,Sbarro,Restaurants and Other Eating Places,510.7928
2025-01-01,NY,New York/New Jersey,90b29c5e-91aa-4213-b6fb-748fba3986bb,Carrot Express,Restaurants and Other Eating Places,510.7928
2025-01-01,NY,New York/New Jersey,11d2535c-545f-49e6-97ef-e68bf14b022c,Paris Baguette,Restaurants and Other Eating Places,510.7928
2025-01-01,NY,New York/New Jersey,2691664d-2d1f-4395-8d01-7d9365f19ee4,Tim Hortons,Restaurants and Other Eating Places,510.7928
2025-01-01,NY,New York/New Jersey,20113a89-dfba-4696-9221-d2c6484e5fa5,Carvel,Restaurants and Other Eating Places,510.7928
2025-01-01,NY,New York/New Jersey,ecf97eff-2588-4d94-82a9-d8cf85736250,Qdoba Mexican Grill,Restaurants and Other Eating Places,510.7928
2025-01-01,NY,New York/New Jersey,7774e775-f9d9-4608-b90f-ba59d10a26a8,The Little Beet,Restaurants and Other Eating Places,510.7928
2025-01-01,NY,New York/New Jersey,42d435c3-082f-43c6-8c34-6a450515ee18,Ralph's Italian ices & Ice Cream,Restaurants and Other Eating Places,510.7928
2025-01-01,NY,New York/New Jersey,701f142b-8674-4459-8a0f-f58ccc966912,PizzaExpress,Restaurants and Other Eating Places,510.7928
2025-01-01,NY,New York/New Jersey,a3b3447d-43a8-4f02-ac69-b867c405e343,Blackstone Steakhouse,Restaurants and Other Eating Places,510.7928
2025-01-01,NY,New York/New Jersey,e8920fa7-c8c5-4609-9037-feb65f4877ac,Bob Evans,Restaurants and Other Eating Places,510.7928
2025-01-01,NY,New York/New Jersey,424e38de-7acf-4c01-9662-358cee385ee6,Melt Shop,Restaurants and Other Eating Places,510.7928
2025-01-01,NY,New York/New Jersey,4f6b445c-afc3-43dc-b9c8-447f7f8f4faa,Yogen Früz,Restaurants and Other Eating Places,510.7928
2025-01-01,NY,New York/New Jersey,195a8c71-9e99-48fd-b648-3ef58a3392bd,Four Brothers Pizza Inn,Restaurants and Other Eating Places,510.7928
2025-01-01,NY,New York/New Jersey,8c33ca60-66fa-472c-88d6-d969db2b2fec,Dippin' Dots,Restaurants and Other Eating Places,510.7928
2025-01-01,NY,New York/New Jersey,6f34bc88-06b5-4295-9deb-651a0a924d69,Fridays,Restaurants and Other Eating Places,510.7928
2025-01-01,NY,New York/New Jersey,2c7c85b3-4ed0-4a88-9180-f887733bcd89,Hard Rock Cafe,Restaurants and Other Eating Places,510.7928
2025-01-01,NY,New York/New Jersey,f7bf698d-d158-4b0b-b154-d254be814cde,Nathan's Famous,Restaurants and Other Eating Places,510.7928
2025-01-01,NY,New York/New Jersey,e2631b22-7166-482a-a012-510ee132dc2b,Au Bon Pain,Restaurants and Other Eating Places,510.7928
2025-01-01,NY,New York/New Jersey,101e884a-b533-458b-94cc-8260fd1074ca,Westville,Restaurants and Other Eating Places,510.7928
2025-01-01,NY,New York/New Jersey,82357a53-553e-4e1e-a6bf-26935e13ca78,Pret A Manger,Restaurants and Other Eating Places,510.7928
2025-01-01,NY,New York/New Jersey,1c61c22c-a0db-45b7-85b9-2409e2b23edf,Tex's Chicken and Burgers,Restaurants and Other Eating Places,510.7928
2025-01-01,NY,New York/New Jersey,8b75652a-5a5e-4790-a947-22f2bf6e09f3,PizzaExpress,Restaurants and Other Eating Places,510.7928
2025-01-01,NY,New York/New Jersey,3e94005b-82f2-4d04-beb0-701924669c06,Singas Famous Pizza,Restaurants and Other Eating Places,510.7928
2025-01-01,NY,New York/New Jersey,b3b27fc6-6cbc-465c-8956-0830f4b8781f,Moe's Southwest Grill,Restaurants and Other Eating Places,510.7928
2025-01-01,NY,New York/New Jersey,8bbf2166-08cb-4037-8e96-c20679b5b295,Kura Sushi,Restaurants and Other Eating Places,510.7928
2025-01-01,NY,New York/New Jersey,1d41a135-d7de-4fe8-82b4-9cce90bc3891,Mark's Pizzeria,Restaurants and Other Eating Places,510.7928
2025-01-01,NY,New York/New Jersey,6ef8908f-717f-4346-858a-5e528294b46c,Ralph's Italian ices & Ice Cream,Restaurants and Other Eating Places,510.7928
2025-01-01,NY,New York/New Jersey,5bf0d690-22dc-47af-8a2a-9f5127d544a0,Green Cactus Grill,Restaurants and Other Eating Places,510.7928
2025-01-01,NY,New York/New Jersey,549b9781-38e1-4da0-9243-58fe816d1d09,CoreLife Eatery,Restaurants and Other Eating Places,510.7928
2025-01-01,MO,Kansas City,50781eec-ac2d-4949-9676-27ae3e544996,Save-A-Lot,Grocery Stores,508.17798
2025-01-01,MO,Kansas City,d482a9a5-276d-4e51-8230-e93d4fcb47bd,Price Cutter,Grocery Stores,508.17798
2025-01-01,MO,Kansas City,35a1a002-59da-4a77-bd6f-f0857de31e6c,Hy-Vee,Grocery Stores,508.17798
2025-01-01,MO,Kansas City,0e843106-421f-41d6-a762-a397cf529460,Save-A-Lot,Grocery Stores,508.17798
2025-01-01,MO,Kansas City,2ebd008c-a97a-4a9a-be12-ea7c6c642bb0,Dierbergs Markets,Grocery Stores,508.17798
2025-01-01,MO,Kansas City,6e831fe0-f61e-4e9d-a18e-87057ee7bb1c,C and R Market,Grocery Stores,508.17798
2025-01-01,WA,Seattle,693204d8-47e9-4f8e-8d0b-c72c16e72997,Chevron,Gasoline Stations,506.40018
2025-01-01,WA,Seattle,d628384a-f0ac-4f60-85b0-3020e27051ec,Chevron,Gasoline Stations,506.40018
2025-01-01,MO,Kansas City,ccc03c43-9328-4f40-9d42-de9136c4e642,Five Below,"General Merchandise Stores, including Warehouse Clubs and Supercenters",504.6187
2025-01-01,MO,Kansas City,94eec286-5729-4f79-b457-cf5280b01d5f,Five Below,"General Merchandise Stores, including Warehouse Clubs and Supercenters",504.6187
2025-01-01,MA,Boston,d5809b4f-a20c-40f5-a098-66fb24a88297,Speedway,Gasoline Stations,504.59918
2025-01-01,PA,Philadelphia,d20bf2c8-8618-4f77-a547-99b6d5fc70e4,Krispy Kreme Doughnuts,Restaurants and Other Eating Places,502.80603
2025-01-01,PA,Philadelphia,c30dafe3-2916-4337-bf32-86debee2a1be,Cold Stone Creamery,Restaurants and Other Eating Places,502.80603
2025-01-01,PA,Philadelphia,6670bfba-6cba-4c1a-b07d-f7698e5b4b85,Texas Roadhouse,Restaurants and Other Eating Places,502.80603
2025-01-01,PA,Philadelphia,be66dfd2-9344-446e-a641-c4a5917552a6,Primanti Bros.,Restaurants and Other Eating Places,502.80603
2025-01-01,PA,Philadelphia,d816450c-057f-485a-ab26-a611d51ab74b,Fox's Pizza Den,Restaurants and Other Eating Places,502.80603
2025-01-01,PA,Philadelphia,0de0b89b-85de-4df1-b785-4560673191bb,Eat'n Park,Restaurants and Other Eating Places,502.80603
2025-01-01,PA,Philadelphia,605cbb38-611c-4dc1-9f87-a9f4a08011af,Le Pain Quotidien,Restaurants and Other Eating Places,502.80603
2025-01-01,PA,Philadelphia,1a721b68-7749-4d19-859a-2081e69dc36b,Tropical Smoothie Café,Restaurants and Other Eating Places,502.80603
2025-01-01,PA,Philadelphia,0a9057c6-d7d9-4b82-a0aa-7c9920235e3b,Primanti Bros.,Restaurants and Other Eating Places,502.80603
2025-01-01,PA,Philadelphia,ac1d33db-d894-450a-92b9-a7c78a89108c,Jamba,Restaurants and Other Eating Places,502.80603
2025-01-01,PA,Philadelphia,a56767e0-c244-4bac-8061-91c848e63984,Wow Bao,Restaurants and Other Eating Places,502.80603
2025-01-01,PA,Philadelphia,3aa75e16-86b7-4acf-890b-ccc7463e7b61,Saladworks,Restaurants and Other Eating Places,502.80603
2025-01-01,PA,Philadelphia,7220d328-a77b-40c5-9b3d-1161cec04924,Bob Evans,Restaurants and Other Eating Places,502.80603
2025-01-01,PA,Philadelphia,8a7ebeed-cce2-4d29-bc93-e97c0790bcc6,Sincerely Yogurt,Restaurants and Other Eating Places,502.80603
2025-01-01,PA,Philadelphia,6c48712c-7a47-4973-b43e-8f203f7d2185,Bambu,Restaurants and Other Eating Places,502.80603
2025-01-01,PA,Philadelphia,a423fe90-4922-4263-83a1-9f9f5b66b299,Red Robin Gourmet Burgers,Restaurants and Other Eating Places,502.80603
2025-01-01,PA,Philadelphia,395b71e8-9220-44ba-8a60-60e66fb6c7a1,Eat'n Park,Restaurants and Other Eating Places,502.80603
2025-01-01,PA,Philadelphia,9251e58f-3f96-47d7-af3f-acf9bc42a030,Tropical Smoothie Café,Restaurants and Other Eating Places,502.80603
2025-01-01,PA,Philadelphia,f5cb6c92-9c51-4a04-ad84-37db9c39a21c,Rita's Italian Ice,Restaurants and Other Eating Places,502.80603
2025-01-01,PA,Philadelphia,770374c2-9a39-47b7-b4d9-07937e7eec4e,Jamba,Restaurants and Other Eating Places,502.80603
2025-01-01,PA,Philadelphia,0288a9fe-8230-47dd-8c55-929948391ba7,Marathon,Gasoline Stations,501.4987
2025-01-01,MA,Boston,587d8825-251b-4733-a54a-c120ef3688c0,Harbor Freight Tools,Building Material and Supplies Dealers,501.49774
2025-01-01,NY,New York/New Jersey,afe502b1-2817-4551-9979-32e74b6887c5,Sunoco,Gasoline Stations,499.17078
2025-01-01,NY,New York/New Jersey,45f49da7-3834-4ab2-b6b1-8e7274df6a19,Sunoco,Gasoline Stations,499.17078
2025-01-01,NY,New York/New Jersey,e5dbaab4-7690-425f-9eb8-3076b8c93f96,Sunoco,Gasoline Stations,499.17078
2025-01-01,NY,New York/New Jersey,34d2b4fe-0493-446e-a7a7-4959a7ffa359,Sunoco,Gasoline Stations,499.17078
2025-01-01,NY,New York/New Jersey,d6a4b01e-6337-4f6d-8e49-8f03ed6e492b,Sunoco,Gasoline Stations,499.17078
2025-01-01,NY,New York/New Jersey,d0b9388f-92c0-472b-9263-dca8d0fd8668,Sunoco,Gasoline Stations,499.17078
2025-01-01,NY,New York/New Jersey,8867e96b-435d-4b3a-a6ae-92c12564b673,Sunoco,Gasoline Stations,499.17078
2025-01-01,KS,Kansas City,ff1c02c4-59be-4c1c-87d3-6cc9aebe6184,Dave & Buster's,Restaurants and Other Eating Places,497.71567
2025-01-01,KS,Kansas City,5cc1c1a5-eda7-46ed-b8e5-28161fe28c5d,Olive Garden,Restaurants and Other Eating Places,497.71567
2025-01-01,KS,Kansas City,d72609d1-deb9-471e-bc28-8727461dc7e4,Sam's Southern Eatery,Restaurants and Other Eating Places,497.71567
2025-01-01,KS,Kansas City,d7631b49-6b91-4208-99d9-422a497e159c,Spangles,Restaurants and Other Eating Places,497.71567
2025-01-01,KS,Kansas City,4310d07c-dd20-405d-bb59-fef92796b652,Godfather's Pizza,Restaurants and Other Eating Places,497.71567
2025-01-01,MO,Kansas City,d1fd80e0-3abe-4693-be97-96e0ec93654e,Culver's,Restaurants and Other Eating Places,492.71866
2025-01-01,MO,Kansas City,98ae6933-deb1-4c2d-a694-0b9f305c3577,Hardee's,Restaurants and Other Eating Places,492.71866
2025-01-01,MO,Kansas City,d63fcaf8-22e1-4170-bd2e-64a4a197e057,Doc Popcorn,Restaurants and Other Eating Places,492.71866
2025-01-01,MO,Kansas City,31e118d4-91af-42fb-9c28-3f13e58c6f53,Hardee's,Restaurants and Other Eating Places,492.71866
2025-01-01,MO,Kansas City,6c6e6117-9350-415c-9188-5270e8048eea,Dutch Bros Coffee,Restaurants and Other Eating Places,492.71866
2025-01-01,MO,Kansas City,62de4b4c-541f-4ac5-83e7-1f135ff63f7f,Bandanas BBQ,Restaurants and Other Eating Places,492.71866
2025-01-01,MO,Kansas City,47a473df-3791-433e-be26-7f65ec082924,Fazoli's,Restaurants and Other Eating Places,492.71866
2025-01-01,MO,Kansas City,fdd6c532-645c-4a8d-b2e6-5c2b2cc9c5df,Jason's Deli,Restaurants and Other Eating Places,492.71866
2025-01-01,MO,Kansas City,4931f00b-3b7a-416a-9b8b-59da890b16e9,Smoothie King,Restaurants and Other Eating Places,492.71866
2025-01-01,MO,Kansas City,2b159457-dc21-417c-9ce8-8edefee5b8f6,Scooter’s Coffee and Yogurt,Restaurants and Other Eating Places,492.71866
2025-01-01,MO,Kansas City,524ed4e2-5b81-4bd9-b1d6-3c78bdda2cba,Kaldis Coffee,Restaurants and Other Eating Places,492.71866
2025-01-01,MO,Kansas City,41c8b97b-8007-4970-8f2d-f2bec711c13c,Orange Leaf Frozen Yogurt,Restaurants and Other Eating Places,492.71866
2025-01-01,MO,Kansas City,e073ae88-cd13-4f2e-8928-4561c2347ef4,Imo's Pizza,Restaurants and Other Eating Places,492.71866
2025-01-01,MO,Kansas City,f8f30b21-2a66-4098-99a8-26eda9e2b7a3,Scooter’s Coffee and Yogurt,Restaurants and Other Eating Places,492.71866
2025-01-01,MO,Kansas City,6053b5c5-2aa3-4d1e-94bb-bc1ab8071a4c,Imo's Pizza,Restaurants and Other Eating Places,492.71866
2025-01-01,MO,Kansas City,8941658f-eb2e-4810-a16c-c694456848a1,First Watch Restaurants,Restaurants and Other Eating Places,492.71866
2025-01-01,NY,New York/New Jersey,ceda92f6-25f8-46b1-b152-8ed852f6b2c3,Walgreens,Health and Personal Care Stores,490.83182
2025-01-01,NJ,New York/New Jersey,d2c98f0d-4acb-4947-a58b-8c98bc759065,Planet Fitness,Other Amusement and Recreation Industries,490.6147
2025-01-01,MA,Boston,f35b9298-c9a6-446c-9d18-87d5c5685fe1,CVS,Health and Personal Care Stores,484.35947
2025-01-01,MA,Boston,b46c5586-b52b-42a2-8b2d-54de8a9d569e,CVS,Health and Personal Care Stores,484.35947
2025-01-01,GA,Atlanta,15f48c5c-49da-4412-a9a4-fa35119969d6,Orangetheory Fitness,Other Amusement and Recreation Industries,483.7419
2025-01-01,WA,Seattle,8d88e43e-170c-42a2-8c70-13ee15adb279,Do It Best,Building Material and Supplies Dealers,482.884
2025-01-01,WA,Seattle,71143648-4f4d-4c9e-a048-b4af99bdde09,Do It Best,Building Material and Supplies Dealers,482.884
2025-01-01,MA,Boston,be181eb5-015d-4ce8-a4ec-3f4548b791a8,Subway,Restaurants and Other Eating Places,480.58466
2025-01-01,MA,Boston,900f19e9-660b-448f-babd-d106b92e688f,Subway,Restaurants and Other Eating Places,480.58466
2025-01-01,TX,Dallas / Houston,907182bb-1854-4eda-ab09-bd49027609b9,The Meltdown,Restaurants and Other Eating Places,479.1669
2025-01-01,TX,Dallas / Houston,c957bdf7-a0be-4164-8385-d69900239765,The Meltdown,Restaurants and Other Eating Places,479.1669
2025-01-01,TX,Dallas / Houston,87d7dda6-e1a8-4dfa-9c0f-da8eb139d165,The Meltdown,Restaurants and Other Eating Places,479.1669
2025-01-01,FL,Miami,9c8e6e21-c9a2-44e9-9719-24516061211d,Pizza Hut,Restaurants and Other Eating Places,475.89526
2025-01-01,FL,Miami,53f34e59-77ab-4124-b5c1-b1cfdee47266,Pizza Hut,Restaurants and Other Eating Places,475.89526
2025-01-01,FL,Miami,0b3b70d9-d0b2-46f0-8334-9f844627229f,Pizza Hut,Restaurants and Other Eating Places,475.89526
2025-01-01,FL,Miami,d6227719-52ba-47c3-87da-cf49e8851762,Pizza Hut,Restaurants and Other Eating Places,475.89526
2025-01-01,NJ,New York/New Jersey,ac23fa23-f03e-42e0-9cec-df0885d606c3,PetSmart,Other Miscellaneous Store Retailers,472.77148
2025-01-01,KS,Kansas City,b552668d-3dee-43c0-b8ff-c006029a7ff0,Subway,Restaurants and Other Eating Places,472.32642
2025-01-01,KS,Kansas City,c8c4719d-2ff6-4d17-ba4b-38ddee549144,Subway,Restaurants and Other Eating Places,472.32642
2025-01-01,CA,Los Angeles / SF Bay Area,6aff2f68-a30a-47b7-a2dc-86ef1c132d81,Pizza Twist,Restaurants and Other Eating Places,468.28906
2025-01-01,CA,Los Angeles / SF Bay Area,79495ef6-4efa-40ed-850c-091857007fcc,Stone Brewing,Restaurants and Other Eating Places,468.28906
2025-01-01,CA,Los Angeles / SF Bay Area,6a3df2b4-3bb1-489f-b4fd-0f6d8956b222,Papa Murphy's,Restaurants and Other Eating Places,468.28906
2025-01-01,CA,Los Angeles / SF Bay Area,756aa4c4-e3a5-422c-949b-6e4c2dea5e15,Extreme Pizza,Restaurants and Other Eating Places,468.28906
2025-01-01,CA,Los Angeles / SF Bay Area,61078f9b-e705-42c9-b8f5-a15c7124df8a,Red Robin Gourmet Burgers,Restaurants and Other Eating Places,468.28906
2025-01-01,CA,Los Angeles / SF Bay Area,1fa2efa7-c1ba-4cc5-aede-76414ff49c6f,Farmer Boys,Restaurants and Other Eating Places,468.28906
2025-01-01,CA,Los Angeles / SF Bay Area,624dc4b5-83af-456c-8bcc-0eb982065d97,Tapioca Express,Restaurants and Other Eating Places,468.28906
2025-01-01,CA,Los Angeles / SF Bay Area,6990f9ed-979f-47f2-a636-53dd05d02679,Black Angus Steakhouse,Restaurants and Other Eating Places,468.28906
2025-01-01,CA,Los Angeles / SF Bay Area,220cdd22-20f1-4709-a9fe-75f5b2a1adac,Mountain Mike's Pizza,Restaurants and Other Eating Places,468.28906
2025-01-01,CA,Los Angeles / SF Bay Area,2520f06d-c1ce-4209-81bd-6f876f167bdc,Mountain Mike's Pizza,Restaurants and Other Eating Places,468.28906
2025-01-01,CA,Los Angeles / SF Bay Area,76e8c922-e3f9-419e-938c-85a77a638cb0,Round Table Pizza,Restaurants and Other Eating Places,468.28906
2025-01-01,CA,Los Angeles / SF Bay Area,6085cd74-9976-490d-8fc0-f5d09108552c,BJ's Restaurants,Restaurants and Other Eating Places,468.28906
2025-01-01,CA,Los Angeles / SF Bay Area,1e4e276a-3b7e-4897-9310-2506787dd9f2,sweetgreen,Restaurants and Other Eating Places,468.28906
2025-01-01,CA,Los Angeles / SF Bay Area,676e9740-8d8c-4477-bccf-42f99e796a79,Haagen Dazs,Restaurants and Other Eating Places,468.28906
2025-01-01,CA,Los Angeles / SF Bay Area,5f801b37-eb84-4dbc-81e5-eaaea1d17f09,Raising Cane's,Restaurants and Other Eating Places,468.28906
2025-01-01,CA,Los Angeles / SF Bay Area,1df827b2-1ee6-406c-990d-dbf2eec4490e,Jamba,Restaurants and Other Eating Places,468.28906
2025-01-01,CA,Los Angeles / SF Bay Area,6ffe584e-4756-440d-8c9c-80297509b705,Slapfish,Restaurants and Other Eating Places,468.28906
2025-01-01,CA,Los Angeles / SF Bay Area,378d3b3b-d3c9-4116-8e9e-44a98bd0c368,BJ's Restaurants,Restaurants and Other Eating Places,468.28906
2025-01-01,CA,Los Angeles / SF Bay Area,792f7fc1-4cb5-4fba-950c-d22b73336fb6,Golden China,Restaurants and Other Eating Places,468.28906
2025-01-01,CA,Los Angeles / SF Bay Area,5e0221b3-6ecc-496c-be50-28ce6d586871,Mountain Mike's Pizza,Restaurants and Other Eating Places,468.28906
2025-01-01,CA,Los Angeles / SF Bay Area,75d33763-769f-4cbd-9fcb-c4b064115c50,Ports Via Restaurants,Restaurants and Other Eating Places,468.28906
2025-01-01,CA,Los Angeles / SF Bay Area,9d66b459-13f5-4dca-b77e-97b5402b575e,Ike's Love & Sandwiches,Restaurants and Other Eating Places,468.28906
2025-01-01,CA,Los Angeles / SF Bay Area,003748cb-78e0-48a6-ba53-ade5c9ca29f1,IceBerg Drive Inn,Restaurants and Other Eating Places,468.28906
2025-01-01,CA,Los Angeles / SF Bay Area,e55ca13a-cbbe-4236-84cb-fab82fece3c7,Buca di Beppo,Restaurants and Other Eating Places,468.28906
2025-01-01,CA,Los Angeles / SF Bay Area,ddec993e-d863-409d-b659-6185ffad2cb3,El Pollo Loco,Restaurants and Other Eating Places,468.28906
2025-01-01,CA,Los Angeles / SF Bay Area,de3a62be-4674-4ef5-b03a-95fcd5c98974,WaBa Grill,Restaurants and Other Eating Places,468.28906
2025-01-01,CA,Los Angeles / SF Bay Area,b66d886a-37ac-4547-8da1-f7d6f893d7ec,Burgerim,Restaurants and Other Eating Places,468.28906
2025-01-01,CA,Los Angeles / SF Bay Area,b3f77ed0-1fd9-47cc-9785-204eb5e9811f,The Habit Burger Grill,Restaurants and Other Eating Places,468.28906
2025-01-01,CA,Los Angeles / SF Bay Area,b30f2152-6283-4b55-878a-876ee85ed9a1,Nothing Bundt Cakes,Restaurants and Other Eating Places,468.28906
2025-01-01,CA,Los Angeles / SF Bay Area,08d35e7f-bd72-4c3b-b27d-a3e2db7e30f7,Handel's Home Made Ice Cream,Restaurants and Other Eating Places,468.28906
2025-01-01,CA,Los Angeles / SF Bay Area,b2bc34c6-8f45-4378-9291-053c9a0b09fb,Lee's Sandwiches,Restaurants and Other Eating Places,468.28906
2025-01-01,CA,Los Angeles / SF Bay Area,b2375e58-1e59-4fe6-a219-254c70552408,Tutti Frutti,Restaurants and Other Eating Places,468.28906
2025-01-01,CA,Los Angeles / SF Bay Area,e2d37ec8-4f58-47c8-aeca-9314285c89bd,Crumbl Cookies,Restaurants and Other Eating Places,468.28906
2025-01-01,CA,Los Angeles / SF Bay Area,3b86d516-7b5d-49cb-8bf8-e4ce12294f5e,The Habit Burger Grill,Restaurants and Other Eating Places,468.28906
2025-01-01,CA,Los Angeles / SF Bay Area,e315ab85-e275-4616-9998-02d9fce92e07,It's Boba Time,Restaurants and Other Eating Places,468.28906
2025-01-01,CA,Los Angeles / SF Bay Area,e45a12b2-dbdc-4c87-bf87-3261d56f6e6d,Amici's East Coast Pizzeria,Restaurants and Other Eating Places,468.28906
2025-01-01,CA,Los Angeles / SF Bay Area,e61a5070-4e43-41d4-a78b-a405418be524,Yard House,Restaurants and Other Eating Places,468.28906
2025-01-01,CA,Los Angeles / SF Bay Area,440bbd63-f8ba-4a24-99dd-568972eb1bb8,Peet's Coffee and Tea,Restaurants and Other Eating Places,468.28906
2025-01-01,CA,Los Angeles / SF Bay Area,adb38676-89ec-4f69-9895-79aa53186284,Black Angus Steakhouse,Restaurants and Other Eating Places,468.28906
2025-01-01,CA,Los Angeles / SF Bay Area,0a62c594-24ac-4b39-9e84-da76325141e6,Morton's The Steakhouse,Restaurants and Other Eating Places,468.28906
2025-01-01,CA,Los Angeles / SF Bay Area,ac71acf9-2e81-4d78-a56d-25b8363778c8,Mendocino Farms,Restaurants and Other Eating Places,468.28906
2025-01-01,CA,Los Angeles / SF Bay Area,e76fa5e6-3e27-4b9d-bbfb-71f27e6c1bc6,El Torito,Restaurants and Other Eating Places,468.28906
2025-01-01,CA,Los Angeles / SF Bay Area,ac1258fa-eb75-4772-923d-617225237629,El Pescador,Restaurants and Other Eating Places,468.28906
2025-01-01,CA,Los Angeles / SF Bay Area,abd2ccda-e9d2-45ce-9c35-eb59c59683d2,Wienerschnitzel,Restaurants and Other Eating Places,468.28906
2025-01-01,CA,Los Angeles / SF Bay Area,ab985583-927f-4c2d-8f30-431bc4230626,Mountain Mike's Pizza,Restaurants and Other Eating Places,468.28906
2025-01-01,CA,Los Angeles / SF Bay Area,fe064ee0-5b85-46a8-b71d-d2d9f91c14bc,Raising Cane's,Restaurants and Other Eating Places,468.28906
2025-01-01,CA,Los Angeles / SF Bay Area,0b07c830-53f0-4e4a-9a95-1436cd2117af,Fatburger,Restaurants and Other Eating Places,468.28906
2025-01-01,CA,Los Angeles / SF Bay Area,e96bac50-5574-4dcf-9e95-bcee85d142c2,Round Table Pizza,Restaurants and Other Eating Places,468.28906
2025-01-01,CA,Los Angeles / SF Bay Area,aa1cb57e-aa9b-4697-a0d0-20b991f37e65,Farmer Boys,Restaurants and Other Eating Places,468.28906
2025-01-01,CA,Los Angeles / SF Bay Area,eccd99f0-aa93-4d95-8cd0-9eb97e36c9d7,Blaze Pizza,Restaurants and Other Eating Places,468.28906
2025-01-01,CA,Los Angeles / SF Bay Area,bb1eece2-54da-4033-999f-e65b715d6df2,Deli Delicious,Restaurants and Other Eating Places,468.28906
2025-01-01,CA,Los Angeles / SF Bay Area,bbc65de6-6e21-406d-b053-a3a6f0c30d22,The Flame Broiler,Restaurants and Other Eating Places,468.28906
2025-01-01,CA,Los Angeles / SF Bay Area,a286e1d2-a2db-49ef-b5a4-4b680a33737f,Green Burrito,Restaurants and Other Eating Places,468.28906
2025-01-01,CA,Los Angeles / SF Bay Area,c75e9c1f-d57c-4c17-911a-74b3d8cd414a,Epic Wings N' Things,Restaurants and Other Eating Places,468.28906
2025-01-01,CA,Los Angeles / SF Bay Area,d0adef77-70d1-4008-b4a3-b38f4be9e8a2,Del Taco,Restaurants and Other Eating Places,468.28906
2025-01-01,CA,Los Angeles / SF Bay Area,3e4b2931-6ba2-4986-8bd7-307a9814ce48,Red Lobster,Restaurants and Other Eating Places,468.28906
2025-01-01,CA,Los Angeles / SF Bay Area,065ec225-d320-4fa1-9600-13c7e03b723e,Dave’s Hot Chicken,Restaurants and Other Eating Places,468.28906
2025-01-01,CA,Los Angeles / SF Bay Area,cf129788-140c-4e12-b6ea-8cbf87bbcb85,Yoshinoya,Restaurants and Other Eating Places,468.28906
2025-01-01,CA,Los Angeles / SF Bay Area,3fee3501-84e7-4c37-b82b-5a788cbd4837,El Pollo Loco,Restaurants and Other Eating Places,468.28906
2025-01-01,CA,Los Angeles / SF Bay Area,2d9a7558-50f7-4f33-bf93-90a113af32a0,Chop Stop,Restaurants and Other Eating Places,468.28906
2025-01-01,CA,Los Angeles / SF Bay Area,d344a4d9-1d5b-4a35-ad79-77c135e8c5be,Pieology Pizzeria,Restaurants and Other Eating Places,468.28906
2025-01-01,CA,Los Angeles / SF Bay Area,d3657106-09c5-4186-9bd0-f9da31b04a79,Blaze Pizza,Restaurants and Other Eating Places,468.28906
2025-01-01,CA,Los Angeles / SF Bay Area,d3723afd-c098-4050-8e8c-73fc0f52218c,Joe & The Juice,Restaurants and Other Eating Places,468.28906
2025-01-01,CA,Los Angeles / SF Bay Area,d576dd79-089f-4556-8a55-a05ff6340bc9,Raising Cane's,Restaurants and Other Eating Places,468.28906
2025-01-01,CA,Los Angeles / SF Bay Area,c8ef71f5-72ce-485f-a7d8-541b9797744e,Nobu,Restaurants and Other Eating Places,468.28906
2025-01-01,CA,Los Angeles / SF Bay Area,072b0161-be22-4f2f-b60b-9124c5de1107,Green Burrito,Restaurants and Other Eating Places,468.28906
2025-01-01,CA,Los Angeles / SF Bay Area,c75d3cc4-68bc-4512-9e7f-8958e585751f,Crumbl Cookies,Restaurants and Other Eating Places,468.28906
2025-01-01,CA,Los Angeles / SF Bay Area,dd8c7f29-05fd-41ed-8b53-58a32b2226b0,El Pollo Loco,Restaurants and Other Eating Places,468.28906
2025-01-01,CA,Los Angeles / SF Bay Area,c63b3a99-475e-4897-b12b-87f6d53dd333,El Pollo Loco,Restaurants and Other Eating Places,468.28906
2025-01-01,CA,Los Angeles / SF Bay Area,c62d26bf-344b-4588-8a74-518412123bd1,Boudin Bakery,Restaurants and Other Eating Places,468.28906
2025-01-01,CA,Los Angeles / SF Bay Area,c5d41855-58ec-41a8-ab25-af3e0a7fe116,Straw Hat Pizza,Restaurants and Other Eating Places,468.28906
2025-01-01,CA,Los Angeles / SF Bay Area,05283330-4e40-476e-88ab-629c26045e33,Salata,Restaurants and Other Eating Places,468.28906
2025-01-01,CA,Los Angeles / SF Bay Area,c25ea125-2aca-42a6-9cd9-7d4bf6671ebd,Yogurtland,Restaurants and Other Eating Places,468.28906
2025-01-01,CA,Los Angeles / SF Bay Area,c257e40c-5bae-49ea-b894-50824eb09146,Sarku Japan,Restaurants and Other Eating Places,468.28906
2025-01-01,CA,Los Angeles / SF Bay Area,43689ddb-5ae2-4d65-906c-ce7367a4698a,Jimboy's Tacos,Restaurants and Other Eating Places,468.28906
2025-01-01,CA,Los Angeles / SF Bay Area,bfc0bc70-42bf-4f2b-ba93-48be39984cad,Yogurtland,Restaurants and Other Eating Places,468.28906
2025-01-01,CA,Los Angeles / SF Bay Area,bddfcafa-0471-4834-bee5-d4b8e0310ad9,Veggie Grill,Restaurants and Other Eating Places,468.28906
2025-01-01,CA,Los Angeles / SF Bay Area,dbaf232e-9b59-4215-9ee0-d3f3b407edf2,Paris Baguette,Restaurants and Other Eating Places,468.28906
2025-01-01,CA,Los Angeles / SF Bay Area,bceea145-cdd6-4955-a941-be4bef525c88,Original Roadhouse Grill,Restaurants and Other Eating Places,468.28906
2025-01-01,CA,Los Angeles / SF Bay Area,bc17bf77-b791-46e7-a121-a67f7e7c2010,sweetgreen,Restaurants and Other Eating Places,468.28906
2025-01-01,CA,Los Angeles / SF Bay Area,a30e5696-da1a-456c-8a60-26960684ca8a,Yogurtland,Restaurants and Other Eating Places,468.28906
2025-01-01,CA,Los Angeles / SF Bay Area,4bd3f382-9ce1-445d-924e-78e45b3e14cf,Black Bear Diner,Restaurants and Other Eating Places,468.28906
2025-01-01,CA,Los Angeles / SF Bay Area,50d79b15-2711-4527-8973-11bad4e1dedd,SusieCakes,Restaurants and Other Eating Places,468.28906
2025-01-01,CA,Los Angeles / SF Bay Area,f86ed11b-6246-4ee9-9d89-ffe41d16d469,Yard House,Restaurants and Other Eating Places,468.28906
2025-01-01,CA,Los Angeles / SF Bay Area,935548e5-010e-48c0-bd20-f78251d06520,Burrito Bandito,Restaurants and Other Eating Places,468.28906
2025-01-01,CA,Los Angeles / SF Bay Area,f4340d79-0a2f-4f41-823a-95b35cc13782,Quickly,Restaurants and Other Eating Places,468.28906
2025-01-01,CA,Los Angeles / SF Bay Area,f5f997b8-cbdb-4386-9209-8acc129f2059,In-N-Out Burger,Restaurants and Other Eating Places,468.28906
2025-01-01,CA,Los Angeles / SF Bay Area,a06482ba-951c-4186-bd46-c61e4015a7ef,Erik's DeliCafé,Restaurants and Other Eating Places,468.28906
2025-01-01,CA,Los Angeles / SF Bay Area,903f683c-d5ce-4d2f-9fd8-64db3ab68b50,solita Tacos,Restaurants and Other Eating Places,468.28906
2025-01-01,CA,Los Angeles / SF Bay Area,39a8cf43-cd2e-46b6-9a4d-32f28eb523ce,Mountain Mike's Pizza,Restaurants and Other Eating Places,468.28906
2025-01-01,CA,Los Angeles / SF Bay Area,1529baa8-b7ef-48e4-b322-a68d92decdb4,Nékter Juice Bar,Restaurants and Other Eating Places,468.28906
2025-01-01,CA,Los Angeles / SF Bay Area,89c06429-5d13-4829-a81c-2443eca0a390,Costa Coffee,Restaurants and Other Eating Places,468.28906
2025-01-01,CA,Los Angeles / SF Bay Area,88335ee4-8014-4272-8ac2-d867675c5cd6,Yogurtland,Restaurants and Other Eating Places,468.28906
2025-01-01,CA,Los Angeles / SF Bay Area,011fa4f1-a3cf-461c-bb0c-1822ca2988c5,The Habit Burger Grill,Restaurants and Other Eating Places,468.28906
2025-01-01,CA,Los Angeles / SF Bay Area,25377bbc-0568-4812-85b1-5eecc9a1cf29,In-N-Out Burger,Restaurants and Other Eating Places,468.28906
2025-01-01,CA,Los Angeles / SF Bay Area,8490cdb8-062b-4067-94f1-d7caa741a9f5,Slaters 5050,Restaurants and Other Eating Places,468.28906
2025-01-01,CA,Los Angeles / SF Bay Area,f8f6d03c-b993-4377-8eb4-99f362f07321,El Pollo Loco,Restaurants and Other Eating Places,468.28906
2025-01-01,CA,Los Angeles / SF Bay Area,56b7c8da-5bdc-42d7-9299-bf09050f5cb8,Sushi Roku,Restaurants and Other Eating Places,468.28906
2025-01-01,CA,Los Angeles / SF Bay Area,83647b50-3daf-4cde-b4f9-b625baaaa95b,Nation's Giant Hamburgers,Restaurants and Other Eating Places,468.28906
2025-01-01,CA,Los Angeles / SF Bay Area,82e85b69-07e1-4e1c-b430-ad9978963921,Pieology Pizzeria,Restaurants and Other Eating Places,468.28906
2025-01-01,CA,Los Angeles / SF Bay Area,82474a97-d248-45d5-8d71-cc985e0ecdf2,JJ Fish & Chicken,Restaurants and Other Eating Places,468.28906
2025-01-01,CA,Los Angeles / SF Bay Area,818aeccd-4fb7-4cf8-b6a6-3958d039b337,sweetgreen,Restaurants and Other Eating Places,468.28906
2025-01-01,CA,Los Angeles / SF Bay Area,f90667e2-ab39-4df8-ba44-640b5e513a95,Mastro's Restaurants,Restaurants and Other Eating Places,468.28906
2025-01-01,CA,Los Angeles / SF Bay Area,58dd7979-7361-4d2a-88a2-45f04b45049f,The Honey Baked Ham Co.,Restaurants and Other Eating Places,468.28906
2025-01-01,CA,Los Angeles / SF Bay Area,f966c5af-4652-42c4-acb1-81d277b5da2d,El Pollo Loco,Restaurants and Other Eating Places,468.28906
2025-01-01,CA,Los Angeles / SF Bay Area,7ed19835-228a-4ba2-8158-fea92578bf71,Charley's,Restaurants and Other Eating Places,468.28906
2025-01-01,CA,Los Angeles / SF Bay Area,7e7a1588-cbdc-4fa7-bfd7-f2283e9a297e,Shake Shack,Restaurants and Other Eating Places,468.28906
2025-01-01,CA,Los Angeles / SF Bay Area,7e23b3cb-10fa-463e-b5cf-b29a6beb4ac6,Cold Stone Creamery,Restaurants and Other Eating Places,468.28906
2025-01-01,CA,Los Angeles / SF Bay Area,253309bb-d29b-492e-8f56-7b9f58daf0fa,Bird Rock Coffee,Restaurants and Other Eating Places,468.28906
2025-01-01,CA,Los Angeles / SF Bay Area,7b91be71-025c-4bd5-99ef-d50c4b0797db,Togo's Eateries,Restaurants and Other Eating Places,468.28906
2025-01-01,CA,Los Angeles / SF Bay Area,94c324ac-3de7-4497-a685-ba47893b7908,Jamba,Restaurants and Other Eating Places,468.28906
2025-01-01,CA,Los Angeles / SF Bay Area,904e907c-e066-4ef4-a80b-a5a77bf91f41,El Pollo Loco,Restaurants and Other Eating Places,468.28906
2025-01-01,CA,Los Angeles / SF Bay Area,561df549-4974-4795-a7a5-adc386db2557,Green Burrito,Restaurants and Other Eating Places,468.28906
2025-01-01,CA,Los Angeles / SF Bay Area,ef70d3c0-1d62-4552-83a1-d37896bf04f7,In-N-Out Burger,Restaurants and Other Eating Places,468.28906
2025-01-01,CA,Los Angeles / SF Bay Area,9de2f91d-c206-45ce-890f-2cf3202c2821,Boiling Point,Restaurants and Other Eating Places,468.28906
2025-01-01,CA,Los Angeles / SF Bay Area,9d0e1540-af68-4fb3-8095-f61e3c022765,Hot Dog on a Stick,Restaurants and Other Eating Places,468.28906
2025-01-01,CA,Los Angeles / SF Bay Area,eefb2ff4-ae52-42f1-917f-ce68bec882c3,Round Table Pizza,Restaurants and Other Eating Places,468.28906
2025-01-01,CA,Los Angeles / SF Bay Area,5234cc77-7725-4394-ad95-9ba5fdccb09a,Me-N-Ed's Pizzeria,Restaurants and Other Eating Places,468.28906
2025-01-01,CA,Los Angeles / SF Bay Area,3a694fac-c5de-48c9-be36-1eaf2b7f13d7,Dutch Bros Coffee,Restaurants and Other Eating Places,468.28906
2025-01-01,CA,Los Angeles / SF Bay Area,98f28014-0529-49df-a8a5-fd63ec427f39,Poke Works,Restaurants and Other Eating Places,468.28906
2025-01-01,CA,Los Angeles / SF Bay Area,98953b88-3933-455e-a272-25e01b2cf866,Del Taco,Restaurants and Other Eating Places,468.28906
2025-01-01,CA,Los Angeles / SF Bay Area,98e3a2dd-da7a-4360-a595-c56df96e900f,Round Table Pizza,Restaurants and Other Eating Places,468.28906
2025-01-01,CA,Los Angeles / SF Bay Area,f3586fcc-6c22-450b-98bf-bc7660e56241,Loving Hut Vegan Cuisine,Restaurants and Other Eating Places,468.28906
2025-01-01,CA,Los Angeles / SF Bay Area,97e9c136-0bf9-4085-ae4f-a31055e35c19,Settebello,Restaurants and Other Eating Places,468.28906
2025-01-01,CA,Los Angeles / SF Bay Area,51ca4b7c-89f6-4324-99ef-89b41d2d263a,Round Table Pizza,Restaurants and Other Eating Places,468.28906
2025-01-01,CA,Los Angeles / SF Bay Area,97a4ee50-c8d3-484e-8a42-610875026afe,Gordon Biersch Restaurant & Brewery,Restaurants and Other Eating Places,468.28906
2025-01-01,FL,Miami,8f28646e-fbc2-4540-8c3b-56c7e7f393dc,Little Caesars,Restaurants and Other Eating Places,468.02954
2025-01-01,TX,Dallas / Houston,403580c6-f770-4eef-b4cf-be8f21fa15bc,QuikTrip,Gasoline Stations,467.8216
2025-01-01,TX,Dallas / Houston,e49360da-17e6-4de5-a61a-6e6442cdab3d,Chicken Express,Restaurants and Other Eating Places,466.31528
2025-01-01,TX,Dallas / Houston,f69d25e4-dff7-4374-b885-fcaae722a2bb,Marco's Pizza,Restaurants and Other Eating Places,466.31528
2025-01-01,TX,Dallas / Houston,b7d7ed3a-f144-474f-bce7-b081131db85a,Qdoba Mexican Grill,Restaurants and Other Eating Places,466.31528
2025-01-01,TX,Dallas / Houston,bbecbe2f-b786-4abc-b676-9ec82bf61838,Black Rock Coffee Bar,Restaurants and Other Eating Places,466.31528
2025-01-01,TX,Dallas / Houston,def73b28-cd69-40f6-93ea-419d74916674,Blaze Pizza,Restaurants and Other Eating Places,466.31528
2025-01-01,TX,Dallas / Houston,e887287d-2939-4672-8fef-8378490497a1,Marco's Pizza,Restaurants and Other Eating Places,466.31528
2025-01-01,TX,Dallas / Houston,def12da9-cb21-48cd-a76d-57cd1b73a582,Jinya Ramen Bar,Restaurants and Other Eating Places,466.31528
2025-01-01,TX,Dallas / Houston,f82daed2-024b-49c3-8eed-db6e84f1d5b0,Chicken Express,Restaurants and Other Eating Places,466.31528
2025-01-01,TX,Dallas / Houston,dd4d4ffa-6002-437c-a19a-952f5c267eff,Soulman's Barbque,Restaurants and Other Eating Places,466.31528
2025-01-01,TX,Dallas / Houston,b7253c9f-f95e-43cc-92d1-4074dbb9cde1,Chicken Salad Chick,Restaurants and Other Eating Places,466.31528
2025-01-01,TX,Dallas / Houston,b41ec4ec-8728-4e91-99b8-88935692526c,Bush's Chicken,Restaurants and Other Eating Places,466.31528
2025-01-01,TX,Dallas / Houston,bdfbc398-98bf-40cc-a4b0-54ac4427179f,Schlotzsky's,Restaurants and Other Eating Places,466.31528
2025-01-01,TX,Dallas / Houston,cca12d32-9e43-427f-a6d9-44db08b8e797,Dave & Buster's,Restaurants and Other Eating Places,466.31528
2025-01-01,TX,Dallas / Houston,fab9995b-28c0-4cbd-aed4-2ce76ba1b134,Chuck E. Cheese's,Restaurants and Other Eating Places,466.31528
2025-01-01,TX,Dallas / Houston,c74bfe1c-1710-4dea-a705-fbcf0eea8973,The Great Greek Grill,Restaurants and Other Eating Places,466.31528
2025-01-01,TX,Dallas / Houston,d3ae178b-5199-4952-82bb-c5fd5e5d2ae7,Chicken Express,Restaurants and Other Eating Places,466.31528
2025-01-01,TX,Dallas / Houston,b848596c-21e9-4c73-83dd-0c5e1840b704,Kung Fu Tea,Restaurants and Other Eating Places,466.31528
2025-01-01,TX,Dallas / Houston,cddc7202-5db5-44b2-8a8f-d47350138c61,Snooze Eatery,Restaurants and Other Eating Places,466.31528
2025-01-01,TX,Dallas / Houston,d880238f-8f8b-4188-9595-71871b90fe8e,Saltgrass Steak House,Restaurants and Other Eating Places,466.31528
2025-01-01,TX,Dallas / Houston,c125849b-c451-4bd2-9d14-10622ff70931,Chuck E. Cheese's,Restaurants and Other Eating Places,466.31528
2025-01-01,TX,Dallas / Houston,c2eab883-9bcc-4dc9-b4c3-2d94ad217c87,Ocean Prime,Restaurants and Other Eating Places,466.31528
2025-01-01,TX,Dallas / Houston,c3947e6c-3a93-426f-9758-1e19f1dffab4,Jeni's Splendid Ice Creams,Restaurants and Other Eating Places,466.31528
2025-01-01,TX,Dallas / Houston,f4e71f2d-5f68-4e8a-b7f3-597d01ca1685,Raising Cane's,Restaurants and Other Eating Places,466.31528
2025-01-01,TX,Dallas / Houston,c4657cd8-8b9f-4715-b671-e90102362afe,Smoothie King,Restaurants and Other Eating Places,466.31528
2025-01-01,TX,Dallas / Houston,e1f9c765-710e-425b-b84a-87fff08f4463,Dutch Bros Coffee,Restaurants and Other Eating Places,466.31528
2025-01-01,TX,Dallas / Houston,b8913013-8b95-4563-a1a9-86b6fe185f3d,Marble Slab Creamery,Restaurants and Other Eating Places,466.31528
2025-01-01,TX,Dallas / Houston,b389dc13-46bf-4c5a-814f-a6ba141a7e7b,Taco Casa,Restaurants and Other Eating Places,466.31528
2025-01-01,TX,Dallas / Houston,f83be0fa-1bac-4e04-b85a-81b1175c00d3,Firehouse Subs,Restaurants and Other Eating Places,466.31528
2025-01-01,TX,Dallas / Houston,b334abf2-d219-4b48-a7be-7827af39a1aa,Smoothie King,Restaurants and Other Eating Places,466.31528
2025-01-01,TX,Dallas / Houston,09ae8cbe-613b-44ca-a2e0-6e2210bf4007,Mambo Seafood,Restaurants and Other Eating Places,466.31528
2025-01-01,TX,Dallas / Houston,7672300e-bf9b-4088-b936-52c8ffb895bb,El Pollo Regio,Restaurants and Other Eating Places,466.31528
2025-01-01,TX,Dallas / Houston,134be50a-9375-4031-870b-8e71f715747c,Taco Casa,Restaurants and Other Eating Places,466.31528
2025-01-01,TX,Dallas / Houston,10dafbe0-a2cf-452f-892d-a7a118b876bf,Saltgrass Steak House,Restaurants and Other Eating Places,466.31528
2025-01-01,TX,Dallas / Houston,4f1ed3f9-17ce-4b0f-afff-cbce4d8289f3,Cicis,Restaurants and Other Eating Places,466.31528
2025-01-01,TX,Dallas / Houston,7b95ec2b-22a6-404f-83f0-2388f6c695a4,Schlotzsky's,Restaurants and Other Eating Places,466.31528
2025-01-01,TX,Dallas / Houston,0da3b7dc-01cf-43c7-8543-20fabdf09ddf,HTeaO,Restaurants and Other Eating Places,466.31528
2025-01-01,TX,Dallas / Houston,7df7ab3d-4648-4a0c-bf2e-da596ff7da9e,Charley's,Restaurants and Other Eating Places,466.31528
2025-01-01,TX,Dallas / Houston,2ece1df4-b5f9-4de1-a666-addb06b5310d,Cotton Patch Cafe,Restaurants and Other Eating Places,466.31528
2025-01-01,TX,Dallas / Houston,7f5d73d1-ce22-438b-84f8-24a753a4abc4,Rosa's Cafe,Restaurants and Other Eating Places,466.31528
2025-01-01,TX,Dallas / Houston,815654ad-0ef2-4eaa-ac06-c45570933d21,Earl of Sandwich,Restaurants and Other Eating Places,466.31528
2025-01-01,TX,Dallas / Houston,63b06506-8c26-4c35-a5d0-1ff36c932931,Nothing Bundt Cakes,Restaurants and Other Eating Places,466.31528
2025-01-01,TX,Dallas / Houston,0510c885-61ef-43f7-b086-1f64641827d6,Frenchys Chicken,Restaurants and Other Eating Places,466.31528
2025-01-01,TX,Dallas / Houston,04d1eda2-ac24-4858-9b98-ca08a2d9626d,Golden Chick,Restaurants and Other Eating Places,466.31528
2025-01-01,TX,Dallas / Houston,61357d9f-5ae9-4f80-8c81-97010b81a3ee,Dutch Bros Coffee,Restaurants and Other Eating Places,466.31528
2025-01-01,TX,Dallas / Houston,75c5948d-0d6d-490d-a93f-34dcf6cca732,Firehouse Subs,Restaurants and Other Eating Places,466.31528
2025-01-01,TX,Dallas / Houston,1372eb1f-0dfa-4bce-8954-423e61c7dfae,Gatti's Pizza,Restaurants and Other Eating Places,466.31528
2025-01-01,TX,Dallas / Houston,2bba5fc6-62f2-4301-84f9-0c0b923e2c48,Chicken Express,Restaurants and Other Eating Places,466.31528
2025-01-01,TX,Dallas / Houston,643b1fcb-be6b-411b-a603-e80dc7d5619f,Smoothie King,Restaurants and Other Eating Places,466.31528
2025-01-01,TX,Dallas / Houston,161dd93e-62d7-4b7e-8376-ca6d2c4a6b45,Taco Palenque,Restaurants and Other Eating Places,466.31528
2025-01-01,TX,Dallas / Houston,1650ddb3-7575-41b8-8274-5000fb11fe66,P.F. Chang's China Bistro,Restaurants and Other Eating Places,466.31528
2025-01-01,TX,Dallas / Houston,732a7d50-accf-463e-80f0-56a463248ce0,Ruth's Chris Steak House,Restaurants and Other Eating Places,466.31528
2025-01-01,TX,Dallas / Houston,7323890b-2bfa-4ce9-a423-bffd3aafee28,Pizza Pro,Restaurants and Other Eating Places,466.31528
2025-01-01,TX,Dallas / Houston,647512bc-33be-44eb-852c-d1663a5c2ec7,Frenchys Chicken,Restaurants and Other Eating Places,466.31528
2025-01-01,TX,Dallas / Houston,7275cb77-ff00-4346-ae0c-d65096473adc,Cicis,Restaurants and Other Eating Places,466.31528
2025-01-01,TX,Dallas / Houston,71e6bb0b-9d82-4126-af18-8185b69ad108,Vitality Bowls,Restaurants and Other Eating Places,466.31528
2025-01-01,TX,Dallas / Houston,7097d63b-e891-40e6-8f95-d2182bd4ad7a,Pei Wei Asian Diner,Restaurants and Other Eating Places,466.31528
2025-01-01,TX,Dallas / Houston,65e85235-652e-45b4-880b-70e64b2f4b19,Café Brazil,Restaurants and Other Eating Places,466.31528
2025-01-01,TX,Dallas / Houston,6db7a284-00af-43bb-a8fa-d5550760d4f5,JuiceLand,Restaurants and Other Eating Places,466.31528
2025-01-01,TX,Dallas / Houston,1f06560c-0568-49a0-b75b-bea0e79ecb10,Torchy's Tacos,Restaurants and Other Eating Places,466.31528
2025-01-01,TX,Dallas / Houston,6750fa84-a823-4f97-a5ff-2cd2666b9fe5,Velvet Taco,Restaurants and Other Eating Places,466.31528
2025-01-01,TX,Dallas / Houston,2a702385-4989-4863-8aea-dd26f1478b08,Potbelly Sandwich Works,Restaurants and Other Eating Places,466.31528
2025-01-01,TX,Dallas / Houston,043bc67f-97e4-480e-b696-13fff44cb954,El Tiempo Cantina,Restaurants and Other Eating Places,466.31528
2025-01-01,TX,Dallas / Houston,8a56c3d5-1a61-49ce-91e6-27d76981060e,Golden Chick,Restaurants and Other Eating Places,466.31528
2025-01-01,TX,Dallas / Houston,a162a60f-d4e5-40a6-9ad3-8f53638b3aec,Cicis,Restaurants and Other Eating Places,466.31528
2025-01-01,TX,Dallas / Houston,3fd2ddbf-c909-448c-bfff-27d5d010e67c,Casa Ole,Restaurants and Other Eating Places,466.31528
2025-01-01,TX,Dallas / Houston,a29ff0fc-64a0-4f6f-816c-860039419aa1,Freddy's Frozen Custard,Restaurants and Other Eating Places,466.31528
2025-01-01,TX,Dallas / Houston,a38aa8be-e8f3-4611-a034-4ef00751de99,Olive Garden,Restaurants and Other Eating Places,466.31528
2025-01-01,TX,Dallas / Houston,41f9b7fb-d73e-4310-8b45-f7f2d075b639,Mr Jim's Pizza,Restaurants and Other Eating Places,466.31528
2025-01-01,TX,Dallas / Houston,a3d58681-445f-4d30-a70b-ecc6633b0dc8,Newk's Eatery,Restaurants and Other Eating Places,466.31528
2025-01-01,TX,Dallas / Houston,a48a68e8-204f-45c5-8fae-c851846e4627,Uncle Julio's,Restaurants and Other Eating Places,466.31528
2025-01-01,TX,Dallas / Houston,a49d0904-b541-4471-8f20-bef1c95620dc,Bill Miller Bar-B-Q,Restaurants and Other Eating Places,466.31528
2025-01-01,TX,Dallas / Houston,4470ad8a-bfa7-431f-b8be-07b447540cdd,Andy's Frozen Custard,Restaurants and Other Eating Places,466.31528
2025-01-01,TX,Dallas / Houston,a6d2dc53-b2bb-4762-b755-3a319e0be2d8,CAVA,Restaurants and Other Eating Places,466.31528
2025-01-01,TX,Dallas / Houston,44c61ea5-0fe8-44f8-9601-97f2c0f281ce,Gong Cha,Restaurants and Other Eating Places,466.31528
2025-01-01,TX,Dallas / Houston,456497a7-ace0-4b98-8944-fc383056ea5f,Taco Casa,Restaurants and Other Eating Places,466.31528
2025-01-01,TX,Dallas / Houston,ac6292f7-c9a3-4207-8d12-85f081089395,Sharetea,Restaurants and Other Eating Places,466.31528
2025-01-01,TX,Dallas / Houston,acf54027-a745-4b08-ae52-a87d51848fe3,Scooter’s Coffee and Yogurt,Restaurants and Other Eating Places,466.31528
2025-01-01,TX,Dallas / Houston,ad4686c2-2b6a-4157-b711-73d902b002a0,Jeni's Splendid Ice Creams,Restaurants and Other Eating Places,466.31528
2025-01-01,TX,Dallas / Houston,4b149db2-06fb-4356-a52a-7eb102ef3c2a,MrBeast Burger,Restaurants and Other Eating Places,466.31528
2025-01-01,TX,Dallas / Houston,509c8d97-d8ce-46fc-b92a-32e453a7b069,Marco's Pizza,Restaurants and Other Eating Places,466.31528
2025-01-01,TX,Dallas / Houston,a23bb52d-b3e2-4618-855f-e8703a31a70c,Champs Chicken,Restaurants and Other Eating Places,466.31528
2025-01-01,TX,Dallas / Houston,2415fca9-e2b4-4500-a56d-2b01ecbfaaf2,Freebirds World Burrito,Restaurants and Other Eating Places,466.31528
2025-01-01,TX,Dallas / Houston,8fb75eb2-afab-4336-bb3a-327174993032,Hopdoddy Burger Bar,Restaurants and Other Eating Places,466.31528
2025-01-01,TX,Dallas / Houston,9ec253e4-d57d-4660-99dd-3533bf7b8b1f,Potbelly Sandwich Works,Restaurants and Other Eating Places,466.31528
2025-01-01,TX,Dallas / Houston,590278dc-4999-4a4a-b318-6b7608d41b15,Spring Creek Barbeque,Restaurants and Other Eating Places,466.31528
2025-01-01,TX,Dallas / Houston,9e5d15f5-6f8a-45eb-a600-650e637cd4e5,sweetgreen,Restaurants and Other Eating Places,466.31528
2025-01-01,TX,Dallas / Houston,9e5cb17b-6af7-43a2-972a-d530aa271862,Braum's Ice Cream and Dairy Stores,Restaurants and Other Eating Places,466.31528
2025-01-01,TX,Dallas / Houston,9a211f38-417d-4617-9406-8fbe37a62421,Frenchys Chicken,Restaurants and Other Eating Places,466.31528
2025-01-01,TX,Dallas / Houston,9940ce92-0f62-4464-9d39-05b3788f8032,Bob's Steak & Chop,Restaurants and Other Eating Places,466.31528
2025-01-01,TX,Dallas / Houston,98a04cc7-c4ec-496d-95bf-81caf6ea6c9b,Abuelo's,Restaurants and Other Eating Places,466.31528
2025-01-01,TX,Dallas / Houston,3f269a0d-78ce-455b-bbd7-b2f0b8d5f64d,Tacodeli,Restaurants and Other Eating Places,466.31528
2025-01-01,TX,Dallas / Houston,947f905f-36a8-4f1b-b737-02f1282debcb,Firehouse Subs,Restaurants and Other Eating Places,466.31528
2025-01-01,TX,Dallas / Houston,58486365-757d-4a73-97c6-7f5a46cf440c,Black Bear Diner,Restaurants and Other Eating Places,466.31528
2025-01-01,TX,Dallas / Houston,39217351-a7ee-446b-aa2c-63737f4ce224,Los Cucos Mexican Cafe,Restaurants and Other Eating Places,466.31528
2025-01-01,TX,Dallas / Houston,92daa20e-46c3-4302-ab18-5a383826a9dd,Chicken Salad Chick,Restaurants and Other Eating Places,466.31528
2025-01-01,TX,Dallas / Houston,029b320e-d82d-4877-a3ac-faafc1c1e30e,Culver's,Restaurants and Other Eating Places,466.31528
2025-01-01,KS,Kansas City,881ae6de-09db-47b5-88b9-8f94b9b2156d,Papa John's,Restaurants and Other Eating Places,464.99905
2025-01-01,PA,Philadelphia,3b566c62-c259-435c-8446-08717ee42bba,Sunoco,Gasoline Stations,463.95233
2025-01-01,PA,Philadelphia,2c6d2990-1db0-48ea-9a82-3664b0d7662b,Sunoco,Gasoline Stations,463.95233
2025-01-01,PA,Philadelphia,29fa0faf-3ce8-4dc8-937a-bc4007d09bed,Sunoco,Gasoline Stations,463.95233
2025-01-01,PA,Philadelphia,750cac96-bb3d-4c49-b82a-c56698f1d812,Sunoco,Gasoline Stations,463.95233
2025-01-01,PA,Philadelphia,b1a1878b-6702-4253-8814-3a0ff2d00288,Sunoco,Gasoline Stations,463.95233
2025-01-01,PA,Philadelphia,5ee8f1c2-b827-4f9f-b16c-e53bd2557814,Sunoco,Gasoline Stations,463.95233
2025-01-01,PA,Philadelphia,61d1c30f-8f46-46ac-a745-be6e88ecfa7a,Sunoco,Gasoline Stations,463.95233
2025-01-01,PA,Philadelphia,63f4aec0-3259-421b-a979-9f95bf6c3521,Sunoco,Gasoline Stations,463.95233
2025-01-01,PA,Philadelphia,6fa28af1-1f24-4337-8312-eb9415d7b541,Sunoco,Gasoline Stations,463.95233
2025-01-01,PA,Philadelphia,85b352dc-2c43-48c6-a845-dfc5f2db91d4,Sunoco,Gasoline Stations,463.95233
2025-01-01,PA,Philadelphia,f1b4d7fb-bd14-4b37-baf2-f184c0e94b86,Sunoco,Gasoline Stations,463.95233
2025-01-01,PA,Philadelphia,d85d7ff7-a2bf-4011-9a97-a2ba47c09bf1,Sunoco,Gasoline Stations,463.95233
2025-01-01,PA,Philadelphia,d226507d-33e3-493a-8785-5b3bfcbc8802,Sunoco,Gasoline Stations,463.95233
2025-01-01,PA,Philadelphia,8ae61128-ce79-492d-99ce-dc69650375ff,Sunoco,Gasoline Stations,463.95233
2025-01-01,PA,Philadelphia,c741a4f5-9f78-4616-aca2-601ad0d9a264,Sunoco,Gasoline Stations,463.95233
2025-01-01,MO,Kansas City,5994c6f2-b8b9-4669-beb6-4d71fe9c39f3,Harbor Freight Tools,Building Material and Supplies Dealers,460.50653
2025-01-01,MO,Kansas City,8ed8f1b3-195d-4f6b-9b4f-67b978d49a2e,Harbor Freight Tools,Building Material and Supplies Dealers,460.50653
2025-01-01,CA,Los Angeles / SF Bay Area,51f37a21-8471-4a59-b465-11fe6ddabe51,ULTA Beauty,Health and Personal Care Stores,453.37125
2025-01-01,CA,Los Angeles / SF Bay Area,2af9c5be-caa3-4edf-ac41-58dcfd7a8a5c,ULTA Beauty,Health and Personal Care Stores,453.37125
2025-01-01,CA,Los Angeles / SF Bay Area,49452380-a114-4c94-ae73-e801d125b02c,ULTA Beauty,Health and Personal Care Stores,453.37125
2025-01-01,CA,Los Angeles / SF Bay Area,1b014256-154c-4b79-8e69-29b53e025a6f,ULTA Beauty,Health and Personal Care Stores,453.37125
2025-01-01,TX,Dallas / Houston,6c21c6f5-17e8-401d-a101-44a40c44a8c3,La Quinta Inns & Suites,Traveler Accommodation,449.22562
2025-01-01,TX,Dallas / Houston,d0d9ce36-ddbe-4385-bb13-c12fccbb5b55,La Quinta Inns & Suites,Traveler Accommodation,449.22562
2025-01-01,FL,Miami,37c1a478-a84c-465a-8424-aec6c2292802,Wawa,Grocery Stores,446.61642
2025-01-01,GA,Atlanta,1ecb1cec-44a2-44ee-a200-868e886b945f,Bealls Outlet,Department Stores,446.01727
2025-01-01,GA,Atlanta,dabdb03f-4f4b-4e30-8063-066b9fd41447,T.J. Maxx,Department Stores,446.01727
2025-01-01,GA,Atlanta,a769a7cd-241b-4f4e-92d9-b25a960839da,Bealls Outlet,Department Stores,446.01727
2025-01-01,GA,Atlanta,fa749cbf-2230-4f1b-b7dd-e6abfa1cffa6,QuikTrip,Gasoline Stations,445.49258
2025-01-01,GA,Atlanta,11e26231-8177-4c38-8282-4328884124da,QuikTrip,Gasoline Stations,445.49258
2025-01-01,GA,Atlanta,7ee2254e-1225-4ff6-bbb4-f47e14549cb1,Sunoco,Gasoline Stations,445.13376
2025-01-01,GA,Atlanta,934958b6-6a73-4547-bb8d-93dc856ebeab,Sunoco,Gasoline Stations,445.13376
2025-01-01,GA,Atlanta,1f1be876-e8ff-4817-a04f-420396f47a90,Sunoco,Gasoline Stations,445.13376
2025-01-01,GA,Atlanta,35f7f30c-fea0-4c10-b02a-47b3293a2df2,Sunoco,Gasoline Stations,445.13376
2025-01-01,GA,Atlanta,2191a28f-93cf-422c-a905-dda15ccbe435,Sunoco,Gasoline Stations,445.13376
2025-01-01,PA,Philadelphia,44c5b2d9-3ed9-450f-b53b-875820c059b7,Rite Aid,Health and Personal Care Stores,445.09506
2025-01-01,PA,Philadelphia,308c9e14-45e3-43bd-948a-d466e9ee2fef,Rite Aid,Health and Personal Care Stores,445.09506
2025-01-01,MO,Kansas City,7ca2e802-f849-4b00-a54f-93ac840cbc34,Walgreens,Health and Personal Care Stores,442.8377
2025-01-01,MO,Kansas City,e288dcff-b66e-40be-ae3b-7fde62ce16fc,Walgreens,Health and Personal Care Stores,442.8377
2025-01-01,MO,Kansas City,64a62781-6f27-4f7e-a995-1f459deb33f3,Walgreens,Health and Personal Care Stores,442.8377
2025-01-01,CA,Los Angeles / SF Bay Area,4563dd5d-5d00-4005-a887-2febc70bf818,Ace Hardware,Building Material and Supplies Dealers,439.69043
2025-01-01,CA,Los Angeles / SF Bay Area,c164eafc-efd8-4fd0-b323-b38cb94d7695,Ace Hardware,Building Material and Supplies Dealers,439.69043
2025-01-01,PA,Philadelphia,6022a808-76d1-4a7a-9406-6587b09dd179,Harbor Freight Tools,Building Material and Supplies Dealers,438.32352
2025-01-01,MO,Kansas City,09ac58e5-94e8-4403-8f7c-a44d0c699dec,Starbucks,Restaurants and Other Eating Places,435.90872
2025-01-01,GA,Atlanta,73b55b76-f878-438d-9960-0d54910209b6,Walgreens,Health and Personal Care Stores,430.43164
2025-01-01,GA,Atlanta,cd77b5b6-26ad-4042-991f-3d26c27a71f9,Walgreens,Health and Personal Care Stores,430.43164
2025-01-01,TX,Dallas / Houston,c457166b-946a-4b3d-aa91-03a9d9c4396c,Costco,"General Merchandise Stores, including Warehouse Clubs and Supercenters",427.11118
2025-01-01,TX,Dallas / Houston,dcb8f948-4334-4b20-b74e-7505e5d20ee3,Belk,"General Merchandise Stores, including Warehouse Clubs and Supercenters",427.11118
2025-01-01,TX,Dallas / Houston,0031bb68-15cc-404a-9d15-693b7b29bf8c,pOpshelf,"General Merchandise Stores, including Warehouse Clubs and Supercenters",427.11118
2025-01-01,TX,Dallas / Houston,08afa63b-46be-4062-b8dc-58fed7bae142,pOpshelf,"General Merchandise Stores, including Warehouse Clubs and Supercenters",427.11118
2025-01-01,CA,Los Angeles / SF Bay Area,ab23d401-2ab1-465b-a4f6-fab2d848685c,Hampton,Traveler Accommodation,426.73083
2025-01-01,CA,Los Angeles / SF Bay Area,99fac9d0-155a-4863-a3f9-3e635df4128c,Hampton,Traveler Accommodation,426.73083
2025-01-01,CA,Los Angeles / SF Bay Area,43954339-aeb9-4df3-bfa2-bd0bd939eab8,Hampton,Traveler Accommodation,426.73083
2025-01-01,CA,Los Angeles / SF Bay Area,b10f7517-4d6b-4c8e-ab5f-8dc2afdbf4ab,Hampton,Traveler Accommodation,426.73083
2025-01-01,MA,Boston,dce90147-3d43-44aa-8cc6-011fa22e6e6c,Earls Restaurants,Restaurants and Other Eating Places,425.14008
2025-01-01,MA,Boston,f6952e82-fd8c-4a9a-88c9-e9f5d8e217ad,Just Salad,Restaurants and Other Eating Places,425.14008
2025-01-01,MA,Boston,bdc40c34-1f85-4cb0-8d01-5c829667246c,CAVA,Restaurants and Other Eating Places,425.14008
2025-01-01,MA,Boston,73869542-0335-443b-ba34-826e00eddb33,Del's Lemonade,Restaurants and Other Eating Places,425.14008
2025-01-01,MA,Boston,6b69b019-d0c6-417e-b7a4-4999e8573f6e,Orange Julius,Restaurants and Other Eating Places,425.14008
2025-01-01,MA,Boston,64007b91-fe7d-4f34-9f28-f811894cbf2f,Papa Gino's,Restaurants and Other Eating Places,425.14008
2025-01-01,MA,Boston,0bb1e38d-6a5e-4182-a90e-1f78cf2e9ca9,MrBeast Burger,Restaurants and Other Eating Places,425.14008
2025-01-01,NY,New York/New Jersey,85a788ea-6e53-4bce-8fbb-7eeadfeb2815,Dick's Sporting Goods,"Sporting Goods, Hobby, and Musical Instrument Stores",423.41373
2025-01-01,NY,New York/New Jersey,8eaf3893-ba65-456c-8905-ba7045fb5e8f,Michaels Stores,"Sporting Goods, Hobby, and Musical Instrument Stores",423.41373
2025-01-01,NY,New York/New Jersey,3aa43ef5-d987-4e42-9e7f-07de98b9d1c2,Cabela's,"Sporting Goods, Hobby, and Musical Instrument Stores",423.41373
2025-01-01,NY,New York/New Jersey,9d8ede30-58ca-4993-a6e0-0af9b5e22448,Golf Galaxy,"Sporting Goods, Hobby, and Musical Instrument Stores",423.41373
2025-01-01,MA,Boston,5562e07f-95bd-46b5-937f-f2f93ee73430,Five Below,"General Merchandise Stores, including Warehouse Clubs and Supercenters",420.2549
2025-01-01,WA,Seattle,9eecfa4b-36a1-4885-b5ea-b998ded69504,True Value Company,Building Material and Supplies Dealers,419.47104
2025-01-01,PA,Philadelphia,a54db137-695b-4050-a7b0-47523ef7418d,Fairfield Inn & Suites by Marriott,Traveler Accommodation,419.12875
2025-01-01,PA,Philadelphia,4d5411b8-bdd6-4392-bd8d-6cb0a6019a2b,Fairfield Inn & Suites by Marriott,Traveler Accommodation,419.12875
2025-01-01,TX,Dallas / Houston,55dfbd93-ba2a-4060-8d77-c5b96262d963,Five Below,"General Merchandise Stores, including Warehouse Clubs and Supercenters",418.83936
2025-01-01,TX,Dallas / Houston,d4d1219b-70db-4b14-8dd1-c2d8a278633b,Five Below,"General Merchandise Stores, including Warehouse Clubs and Supercenters",418.83936
2025-01-01,NJ,New York/New Jersey,21593617-33b1-4262-b935-bb4cb77d1ab6,Sunoco,Gasoline Stations,418.21002
2025-01-01,NJ,New York/New Jersey,cbf444ae-4e1e-45a2-9925-a46036c73d7f,Sunoco,Gasoline Stations,418.21002
2025-01-01,NJ,New York/New Jersey,7c1ca759-3173-4f8f-a46f-b09f6f8ce174,Sunoco,Gasoline Stations,418.21002
2025-01-01,NJ,New York/New Jersey,50c0d765-8a2d-4927-8239-a470880256ac,Sunoco,Gasoline Stations,418.21002
2025-01-01,TX,Dallas / Houston,586e13a3-1aa6-4ae6-ad6b-b75f77e53a94,Church's Chicken,Restaurants and Other Eating Places,414.29074
2025-01-01,TX,Dallas / Houston,ecdc398d-baa9-46b4-b26a-f8ab21731834,Church's Chicken,Restaurants and Other Eating Places,414.29074
2025-01-01,WA,Seattle,4a8e32c7-a723-45c4-818b-41a8009f0be8,Circle K,Grocery Stores,413.21567
2025-01-01,WA,Seattle,63f91ba8-564c-49ca-96e7-bb461633b228,Circle K,Grocery Stores,413.21567
2025-01-01,NY,New York/New Jersey,a6c883ca-4eb7-4a24-9642-e8539d1be612,Do It Best,Building Material and Supplies Dealers,412.2277
2025-01-01,WA,Seattle,8b4b054f-09ef-40aa-97e6-b669c31619af,Little Caesars,Restaurants and Other Eating Places,411.76117
2025-01-01,PA,Philadelphia,bd74f72b-92be-438a-a78f-7bb55ebe14d8,Wawa,Grocery Stores,411.16345
2025-01-01,PA,Philadelphia,7ac7a891-a64c-4130-b3f4-207fd5efa173,Wawa,Grocery Stores,411.16345
2025-01-01,FL,Miami,2cfb3d7c-291a-4c98-a2d9-19588f94ad43,Circle K,Grocery Stores,408.2082
2025-01-01,FL,Miami,9840f934-00eb-4835-b624-ff1eaeb3a78f,Circle K,Grocery Stores,408.2082
2025-01-01,FL,Miami,21e013fe-89f8-4eea-8b26-62978797f032,Circle K,Grocery Stores,408.2082
2025-01-01,FL,Miami,2fa83eb6-a23f-4905-934a-d99ac08ecf2b,Circle K,Grocery Stores,408.2082
2025-01-01,FL,Miami,86cff9b6-0fc1-4a33-8716-195867518101,Circle K,Grocery Stores,408.2082
2025-01-01,CA,Los Angeles / SF Bay Area,16495e4d-8b23-43c9-bca5-990b255fca57,Goodwill Industries,Used Merchandise Stores,407.777
2025-01-01,CA,Los Angeles / SF Bay Area,294f7be2-6014-4143-9414-0dfe5ecf3d14,Goodwill Industries,Used Merchandise Stores,407.777
2025-01-01,CA,Los Angeles / SF Bay Area,5358819d-5032-4873-a05b-7aaee37e2ada,Goodwill Industries,Used Merchandise Stores,407.777
2025-01-01,CA,Los Angeles / SF Bay Area,c3c5f488-ef3c-40f1-8063-3f00faaa3296,Goodwill Industries,Used Merchandise Stores,407.777
2025-01-01,CA,Los Angeles / SF Bay Area,01e84be5-81e7-47c6-b55d-b3e0be595d9f,Goodwill Industries,Used Merchandise Stores,407.777
2025-01-01,CA,Los Angeles / SF Bay Area,af3afd86-8682-4c10-9174-06087220da3a,Goodwill Industries,Used Merchandise Stores,407.777
2025-01-01,CA,Los Angeles / SF Bay Area,b45c7502-94fe-49f0-9b86-f226f41a8eab,Goodwill Industries,Used Merchandise Stores,407.777
2025-01-01,CA,Los Angeles / SF Bay Area,cdf3a3e6-e330-4253-89ff-eac60d5d591a,Circle K,Grocery Stores,405.6164
2025-01-01,CA,Los Angeles / SF Bay Area,591f202b-ec38-403b-8885-576f81e56579,Circle K,Grocery Stores,405.6164
2025-01-01,CA,Los Angeles / SF Bay Area,ef552ffa-0414-408f-998f-3f345ba1653d,Circle K,Grocery Stores,405.6164
2025-01-01,CA,Los Angeles / SF Bay Area,af62d6e5-4b95-4893-8723-12fe1601d7cb,Circle K,Grocery Stores,405.6164
2025-01-01,CA,Los Angeles / SF Bay Area,77a21d47-1428-460c-80c2-bf91829f35fd,Circle K,Grocery Stores,405.6164
2025-01-01,CA,Los Angeles / SF Bay Area,b6ae2890-2f16-4354-8ee7-e35397977f03,Ross Stores,Department Stores,403.00806
2025-01-01,CA,Los Angeles / SF Bay Area,0faf709e-4955-492d-899a-6cd29aedb85b,Ross Stores,Department Stores,403.00806
2025-01-01,GA,Atlanta,047b7f80-1d69-471a-8327-248dfac4977a,Fairfield Inn & Suites by Marriott,Traveler Accommodation,402.79773
2025-01-01,NJ,New York/New Jersey,704991ed-f18e-4023-afb3-54e89fea96da,Little Caesars,Restaurants and Other Eating Places,399.4065
2025-01-01,NJ,New York/New Jersey,d881bf9f-61b3-43f1-9807-85021476c070,Little Caesars,Restaurants and Other Eating Places,399.4065
2025-01-01,TX,Dallas / Houston,205cf3bb-0290-49d7-b72c-f6d17924d647,Walgreens,Health and Personal Care Stores,398.81924
2025-01-01,TX,Dallas / Houston,270f9987-3299-44dc-8c81-ae0c1f5bc31a,Walgreens,Health and Personal Care Stores,398.81924
2025-01-01,TX,Dallas / Houston,2f053df8-0e20-41dc-9f13-f8406f7289fb,Walgreens,Health and Personal Care Stores,398.81924
2025-01-01,TX,Dallas / Houston,79da0cba-b324-45a2-8dfa-c88ac2349566,Walgreens,Health and Personal Care Stores,398.81924
2025-01-01,TX,Dallas / Houston,b1e570f8-5322-4f70-b6b9-29be1d27378b,Walgreens,Health and Personal Care Stores,398.81924
2025-01-01,TX,Dallas / Houston,cf740d41-d988-4acd-a78e-9c33029bd769,Walgreens,Health and Personal Care Stores,398.81924
2025-01-01,NY,New York/New Jersey,5b9ce309-e997-46d3-91ab-09f1704b99b8,Little Caesars,Restaurants and Other Eating Places,397.4877
2025-01-01,NJ,New York/New Jersey,9aea18d4-d01b-4f50-8794-b100b9b7d9a1,School of Rock,"Sporting Goods, Hobby, and Musical Instrument Stores",391.8957
2025-01-01,NJ,New York/New Jersey,7bec37da-8a1c-428d-8512-ebf8cd888dbc,LUKOIL,Gasoline Stations,391.4826
2025-01-01,NJ,New York/New Jersey,0cc97a22-8057-4ff5-b53e-64d53c003dfe,QuickChek,Gasoline Stations,391.4826
2025-01-01,FL,Miami,1b579906-1831-4b7b-a559-3db18e973999,Family Dollar Stores,"General Merchandise Stores, including Warehouse Clubs and Supercenters",391.36566
2025-01-01,FL,Miami,4d17e84a-e705-4549-8397-f01549ae3bb3,Family Dollar Stores,"General Merchandise Stores, including Warehouse Clubs and Supercenters",391.36566
2025-01-01,FL,Miami,c07e9a32-2824-4046-bb51-09cb78d9d5fb,Family Dollar Stores,"General Merchandise Stores, including Warehouse Clubs and Supercenters",391.36566
2025-01-01,FL,Miami,0242f4ba-23b0-40db-b581-5ae3969a800f,Family Dollar Stores,"General Merchandise Stores, including Warehouse Clubs and Supercenters",391.36566
2025-01-01,FL,Miami,fec228dc-6703-4209-9c78-2c8cec934953,Family Dollar Stores,"General Merchandise Stores, including Warehouse Clubs and Supercenters",391.36566
2025-01-01,FL,Miami,6d47faba-beb0-4aaf-b856-a2a4ca6a04e0,Family Dollar Stores,"General Merchandise Stores, including Warehouse Clubs and Supercenters",391.36566
2025-01-01,FL,Miami,0f7c2816-f6c9-40b3-b96d-e2f78e24a403,Family Dollar Stores,"General Merchandise Stores, including Warehouse Clubs and Supercenters",391.36566
2025-01-01,TX,Dallas / Houston,35d4f3d1-6fba-4d26-81e4-0e636f9fbb11,Pizza Hut,Restaurants and Other Eating Places,388.69058
2025-01-01,TX,Dallas / Houston,fc314715-a0e4-46df-b110-80f068096fbb,Pizza Hut,Restaurants and Other Eating Places,388.69058
2025-01-01,TX,Dallas / Houston,03558a76-fbd8-49a4-95bd-1ba40ae23d30,Pizza Hut,Restaurants and Other Eating Places,388.69058
2025-01-01,TX,Dallas / Houston,67e2d02a-f408-4555-b24d-120f0f2c7937,Pizza Hut,Restaurants and Other Eating Places,388.69058
2025-01-01,TX,Dallas / Houston,7ca43fce-6c5b-4bc2-8cf6-69a5d072fe4f,Pizza Hut,Restaurants and Other Eating Places,388.69058
2025-01-01,TX,Dallas / Houston,fdcd41ae-2f68-4753-8b96-f399b35f01a1,Pizza Hut,Restaurants and Other Eating Places,388.69058
2025-01-01,GA,Atlanta,ba110d49-d887-4d49-9186-5f803014ef20,Chevron,Gasoline Stations,388.27643
2025-01-01,GA,Atlanta,30e412d0-a7a3-436e-bb58-42f1b2812b7e,Chevron,Gasoline Stations,388.27643
2025-01-01,GA,Atlanta,61f952c4-8b3f-4fef-8308-917ed7a6750a,Chevron,Gasoline Stations,388.27643
2025-01-01,GA,Atlanta,e9fc26be-48e9-4269-b52b-3c057537b868,Chevron,Gasoline Stations,388.27643
2025-01-01,GA,Atlanta,a4b0f4e8-5251-44f3-b596-6acabc8e2d43,Chevron,Gasoline Stations,388.27643
2025-01-01,GA,Atlanta,990d6977-506d-4962-9aa4-e0a3ef8742c5,Chevron,Gasoline Stations,388.27643
2025-01-01,GA,Atlanta,db57aea7-58e2-436e-a8eb-73b10ddd05f8,Chevron,Gasoline Stations,388.27643
2025-01-01,NJ,New York/New Jersey,ccab4161-1ede-47ef-8dcb-eae17df8cec7,Wawa,Grocery Stores,387.4935
2025-01-01,FL,Miami,806cabae-b629-47b1-a63c-1e0f819a31ac,Ross Stores,Department Stores,386.57928
2025-01-01,KS,Kansas City,565cd6a1-7810-4400-b09f-54834c8c1a3c,Casey's General Stores,Grocery Stores,385.53058
2025-01-01,KS,Kansas City,4e4ae3fa-dcc6-460e-b004-2002eab46794,Casey's General Stores,Grocery Stores,385.53058
2025-01-01,NJ,New York/New Jersey,809627cf-ace6-4219-860b-02d189a50bd5,Barnes and Noble College,Book Stores and News Dealers,384.5704
2025-01-01,TX,Dallas / Houston,f32aab74-4130-481a-9290-7b16c2e19be5,Little Caesars,Restaurants and Other Eating Places,383.4793
2025-01-01,TX,Dallas / Houston,f6660c72-d5fd-476b-b272-22563ed5f731,Little Caesars,Restaurants and Other Eating Places,383.4793
2025-01-01,TX,Dallas / Houston,48c7bde9-c8fe-40ce-a8f8-14c291ad8314,Little Caesars,Restaurants and Other Eating Places,383.4793
2025-01-01,WA,Seattle,b234f001-7923-4156-a51e-b2f48b382463,Pizza Hut,Restaurants and Other Eating Places,382.2809
2025-01-01,KS,Kansas City,f61fcddb-6f5f-42b4-81c8-81a3d9e27fc8,Little Caesars,Restaurants and Other Eating Places,381.4637
2025-01-01,FL,Miami,5a92df8c-ccfa-4c81-9acb-7f8a1e5f8c05,BJ's Wholesale Club Gas,Gasoline Stations,381.06326
2025-01-01,FL,Miami,b420639f-1a9b-4ebb-9173-46ad0d04eb2b,Cumberland Farms,Gasoline Stations,381.06326
2025-01-01,NY,New York/New Jersey,f9930c93-7f20-451f-9a8e-3df8aeabe5ab,Pizza Hut,Restaurants and Other Eating Places,380.94012
2025-01-01,NY,New York/New Jersey,4929b23a-da22-4558-ab46-09477375bf94,Pizza Hut,Restaurants and Other Eating Places,380.94012
2025-01-01,FL,Miami,609df443-f6f4-4dd3-a401-f611ba32bdf5,Walgreens,Health and Personal Care Stores,380.60007
2025-01-01,FL,Miami,e825edc4-9c4f-4297-9805-6e3c9946c8ed,Walgreens,Health and Personal Care Stores,380.60007
2025-01-01,FL,Miami,3719f81d-38b2-40a3-a698-9bc2c99bbe36,Walgreens,Health and Personal Care Stores,380.60007
2025-01-01,FL,Miami,bf98735f-b2f3-4bf9-aa7f-74a8e4015fd5,Walgreens,Health and Personal Care Stores,380.60007
2025-01-01,FL,Miami,fd1fda94-1051-48f0-9680-17c9ec1ade04,Walgreens,Health and Personal Care Stores,380.60007
2025-01-01,FL,Miami,8e68bd1e-ec1d-40a6-b11b-7537d4bddfa0,Walgreens,Health and Personal Care Stores,380.60007
2025-01-01,FL,Miami,4d7cc7c4-5e55-421f-b2c6-94eacd0db590,Walgreens,Health and Personal Care Stores,380.60007
2025-01-01,GA,Atlanta,5f8a7b96-aee1-4d3d-b5dc-28f04117125a,Little Caesars,Restaurants and Other Eating Places,380.43307
2025-01-01,FL,Miami,3cd7f9ee-2324-4167-b124-ff9f41c7521b,Dollar General,"General Merchandise Stores, including Warehouse Clubs and Supercenters",372.60342
2025-01-01,FL,Miami,486d7962-bf2b-4f4b-ab58-ea42875c783c,Dollar General,"General Merchandise Stores, including Warehouse Clubs and Supercenters",372.60342
2025-01-01,FL,Miami,f68a73a6-3bc8-4028-b14f-2da4fa778f24,Dollar General,"General Merchandise Stores, including Warehouse Clubs and Supercenters",372.60342
2025-01-01,FL,Miami,5055056a-c39d-498b-aa9d-f3d703b744d9,Dollar General,"General Merchandise Stores, including Warehouse Clubs and Supercenters",372.60342
2025-01-01,FL,Miami,f90e71a4-92af-4c40-b66c-44f9987d7b90,Dollar General,"General Merchandise Stores, including Warehouse Clubs and Supercenters",372.60342
2025-01-01,FL,Miami,b5afc698-1db2-4103-9a02-ca7c59f21cbc,Dollar General,"General Merchandise Stores, including Warehouse Clubs and Supercenters",372.60342
2025-01-01,FL,Miami,a8c78309-f542-4c6b-84a7-ebbec37d90bb,Dollar General,"General Merchandise Stores, including Warehouse Clubs and Supercenters",372.60342
2025-01-01,FL,Miami,1775171f-eee2-485a-99ce-4cf819800136,Dollar General,"General Merchandise Stores, including Warehouse Clubs and Supercenters",372.60342
2025-01-01,FL,Miami,f45c8ccc-7616-4e02-82c7-38badb8a746c,Dollar General,"General Merchandise Stores, including Warehouse Clubs and Supercenters",372.60342
2025-01-01,PA,Philadelphia,b4a1ac55-daec-431d-9337-4fbc153732ee,Starbucks,Restaurants and Other Eating Places,366.51813
2025-01-01,TX,Dallas / Houston,f9c4096d-ea46-42b4-bf6f-4b677939fa62,Tractor Supply Co.,Building Material and Supplies Dealers,362.3736
2025-01-01,MO,Kansas City,53225f19-0d64-46e7-abc7-09d9d7ef9a16,Little Caesars,Restaurants and Other Eating Places,359.54803
2025-01-01,MO,Kansas City,5df384f4-a15f-4d90-b869-74480ea02ba5,Little Caesars,Restaurants and Other Eating Places,359.54803
2025-01-01,NY,New York/New Jersey,23a73214-26ea-4255-9203-c7be702429bf,Family Dollar Stores,"General Merchandise Stores, including Warehouse Clubs and Supercenters",358.21878
2025-01-01,NY,New York/New Jersey,726cd4a0-caaf-4d06-adf7-e8f0a45c2cb5,Family Dollar Stores,"General Merchandise Stores, including Warehouse Clubs and Supercenters",358.21878
2025-01-01,NY,New York/New Jersey,dfd3d333-3e94-4614-8e1c-1db6a0ee8d3f,Family Dollar Stores,"General Merchandise Stores, including Warehouse Clubs and Supercenters",358.21878
2025-01-01,MO,Kansas City,3963f193-8100-4b44-b7e6-8adcb2e64c98,JCPenney,Department Stores,355.03214
2025-01-01,MO,Kansas City,bcbe0b59-ca75-4a27-bcee-fe0b0bdf4c4f,Citi Trends,Department Stores,355.03214
2025-01-01,CA,Los Angeles / SF Bay Area,6b1cd1dc-2acc-490e-a7b7-fcfd0b8af1ff,Little Caesars,Restaurants and Other Eating Places,352.69464
2025-01-01,CA,Los Angeles / SF Bay Area,7a4a208c-9c5c-45cc-a5da-6e5aa38bc1ab,Little Caesars,Restaurants and Other Eating Places,352.69464
2025-01-01,CA,Los Angeles / SF Bay Area,79428cd5-4161-4e02-8f42-360252ecc1b2,Little Caesars,Restaurants and Other Eating Places,352.69464
2025-01-01,CA,Los Angeles / SF Bay Area,b17cdc95-246b-4d94-9818-afd2c38efdbb,Little Caesars,Restaurants and Other Eating Places,352.69464
2025-01-01,TX,Dallas / Houston,1a243daf-1212-4eb2-b7af-972ddc2603d1,Dillard's,Department Stores,351.4409
2025-01-01,TX,Dallas / Houston,1e6b99d7-a86f-4d58-bc2f-bf46b6194879,Dillard's,Department Stores,351.4409
2025-01-01,TX,Dallas / Houston,1f63861b-daca-4727-9b56-58e6b7728751,Citi Trends,Department Stores,351.4409
2025-01-01,TX,Dallas / Houston,b0821736-c423-4ff5-9119-e7337b4b8232,Citi Trends,Department Stores,351.4409
2025-01-01,TX,Dallas / Houston,2da590c1-2c7f-45b4-8c6d-a505420c0096,Ross Stores,Department Stores,347.55566
2025-01-01,TX,Dallas / Houston,a16f3123-89ac-41be-80e9-d3f108f8aa65,Ross Stores,Department Stores,347.55566
2025-01-01,TX,Dallas / Houston,48ae2a67-1e97-4769-a29c-addd4a7e3146,Circle K,Grocery Stores,345.92618
2025-01-01,TX,Dallas / Houston,642cbdda-cbb3-46b8-8874-846104d14318,Circle K,Grocery Stores,345.92618
2025-01-01,TX,Dallas / Houston,5663b2eb-a390-4f06-8df2-a5cd431ef254,Circle K,Grocery Stores,345.92618
2025-01-01,TX,Dallas / Houston,97f8522b-ca89-47c5-bae6-b7eec185727d,Circle K,Grocery Stores,345.92618
2025-01-01,TX,Dallas / Houston,1cd31d32-c026-4b24-b62a-a9a051a4da13,Circle K,Grocery Stores,345.92618
2025-01-01,TX,Dallas / Houston,d874137b-faa6-4eab-9bbb-9760a3e780ac,Circle K,Grocery Stores,345.92618
2025-01-01,MO,Kansas City,34e94b0d-39a4-4d0f-aa62-0eda4a861cbc,Do It Best,Building Material and Supplies Dealers,345.1012
2025-01-01,NY,New York/New Jersey,f23a2dc9-63e1-4aa2-8411-c7329af7413e,Hampton,Traveler Accommodation,343.85266
2025-01-01,NY,New York/New Jersey,ae14a63b-6103-4d31-b08f-ce322a442a66,Hampton,Traveler Accommodation,343.85266
2025-01-01,NY,New York/New Jersey,2249b1c3-f827-4f81-b633-ee086049bd2e,Ace Hardware,Building Material and Supplies Dealers,342.54047
2025-01-01,FL,Miami,4e7984ed-2491-4471-a4b7-3eb693be0c76,Hampton,Traveler Accommodation,341.23132
2025-01-01,FL,Miami,a93907ba-3ed4-4c54-9164-b77f26d2b220,Hampton,Traveler Accommodation,341.23132
2025-01-01,MA,Boston,5b21a480-0800-41a9-95a2-978502423183,Starbucks,Restaurants and Other Eating Places,339.68826
2025-01-01,MA,Boston,16dc1c74-95fc-4368-84f3-692ceb3e6033,Starbucks,Restaurants and Other Eating Places,339.68826
2025-01-01,MA,Boston,da3f713d-7d4e-4b46-bf13-c03428e6c0b3,Starbucks,Restaurants and Other Eating Places,339.68826
2025-01-01,MA,Boston,773181f1-581f-4dba-9a29-f99d674daeb2,Starbucks,Restaurants and Other Eating Places,339.68826
2025-01-01,MA,Boston,be2f0ecb-80cb-4043-9b6d-301484bc39f7,Starbucks,Restaurants and Other Eating Places,339.68826
2025-01-01,MO,Kansas City,acc4b893-2735-4b62-9811-777cb65a3bc7,Casey's General Stores,Grocery Stores,339.20386
2025-01-01,MO,Kansas City,c3e30f5a-f3c8-4147-a407-1fa191ea93e9,Casey's General Stores,Grocery Stores,339.20386
2025-01-01,MO,Kansas City,0e4e74a4-91ac-4d6b-915a-e4ac6e9257ea,Casey's General Stores,Grocery Stores,339.20386
2025-01-01,MO,Kansas City,0e2eb929-d5e7-4649-b8fc-cc863aecfac0,Casey's General Stores,Grocery Stores,339.20386
2025-01-01,MO,Kansas City,47bbdf82-7ea1-4eb5-8673-07714ba0ff54,Casey's General Stores,Grocery Stores,339.20386
2025-01-01,MO,Kansas City,c38b0800-aa23-4331-a79f-c11f24023ce8,Casey's General Stores,Grocery Stores,339.20386
2025-01-01,MO,Kansas City,7f66d20f-a2ba-4df4-a42c-010bd0b683e9,Casey's General Stores,Grocery Stores,339.20386
2025-01-01,PA,Philadelphia,40365a20-f269-492c-8d8e-c705fb5eea7d,Pizza Hut,Restaurants and Other Eating Places,338.45798
2025-01-01,NY,New York/New Jersey,8d8da45d-6ebb-422e-bd05-92d071e84596,Courtyard by Marriott,Traveler Accommodation,335.92023
2025-01-01,CA,Los Angeles / SF Bay Area,5a2d7e8b-440a-407e-b98b-efebcbeb056f,Dollar General,"General Merchandise Stores, including Warehouse Clubs and Supercenters",335.55283
2025-01-01,CA,Los Angeles / SF Bay Area,fa1c4d35-74aa-4a5f-a380-9785deab4f3e,Dollar General,"General Merchandise Stores, including Warehouse Clubs and Supercenters",335.55283
2025-01-01,CA,Los Angeles / SF Bay Area,13eac051-bf72-45c3-a5cd-e720d88af354,Dollar Tree,"General Merchandise Stores, including Warehouse Clubs and Supercenters",330.76794
2025-01-01,CA,Los Angeles / SF Bay Area,9a823324-0d40-43ef-a822-39195e2aae66,Dollar Tree,"General Merchandise Stores, including Warehouse Clubs and Supercenters",330.76794
2025-01-01,CA,Los Angeles / SF Bay Area,9f88c1ed-b9d1-4593-9a36-1e0c483235aa,Dollar Tree,"General Merchandise Stores, including Warehouse Clubs and Supercenters",330.76794
2025-01-01,CA,Los Angeles / SF Bay Area,f6acc561-aab1-4733-975f-1abb441b7b1f,Dollar Tree,"General Merchandise Stores, including Warehouse Clubs and Supercenters",330.76794
2025-01-01,CA,Los Angeles / SF Bay Area,8576d4ae-453c-4f6e-b944-7a6a0563f333,Dollar Tree,"General Merchandise Stores, including Warehouse Clubs and Supercenters",330.76794
2025-01-01,CA,Los Angeles / SF Bay Area,57df2ab2-7227-4fad-a36a-17117649fe92,Dollar Tree,"General Merchandise Stores, including Warehouse Clubs and Supercenters",330.76794
2025-01-01,PA,Philadelphia,35a93d28-882c-4962-86fc-0fc6e1211572,Orangetheory Fitness,Other Amusement and Recreation Industries,328.0618
2025-01-01,GA,Atlanta,7c25797f-43fc-4a27-8834-9f3fb1a95f04,United Propane Gas,Gasoline Stations,325.23288
2025-01-01,GA,Atlanta,37a525ac-8846-4470-a211-0943de4bb1a7,Enmarket,Gasoline Stations,325.23288
2025-01-01,GA,Atlanta,235dd742-c75b-4ebe-801e-586d609c9177,Jet Food Store,Gasoline Stations,325.23288
2025-01-01,TX,Dallas / Houston,88c6d673-9db6-44fd-bb09-59b4f5ba5d15,Ace Hardware,Building Material and Supplies Dealers,324.54712
2025-01-01,GA,Atlanta,d6ac9fa1-f486-452e-85d8-ebfc85161f12,Pizza Hut,Restaurants and Other Eating Places,322.91446
2025-01-01,GA,Atlanta,265517a4-f99d-458f-9635-518d5e83ec99,Pizza Hut,Restaurants and Other Eating Places,322.91446
2025-01-01,GA,Atlanta,fb1d7ac9-570c-4f11-9cae-cff92aef0da7,Pizza Hut,Restaurants and Other Eating Places,322.91446
2025-01-01,GA,Atlanta,d82e52cc-85e1-4450-beba-8655b3d97c78,Pizza Hut,Restaurants and Other Eating Places,322.91446
2025-01-01,MO,Kansas City,3fafb2b1-fe18-4199-a9ad-ec4c7ad497c7,Family Dollar Stores,"General Merchandise Stores, including Warehouse Clubs and Supercenters",322.38818
2025-01-01,GA,Atlanta,8c1a2201-e29f-48b1-9041-9ae00a4fa940,Goodwill Industries,Used Merchandise Stores,322.28812
2025-01-01,GA,Atlanta,e8888b75-8b84-407b-a274-9533ab7d9586,Goodwill Industries,Used Merchandise Stores,322.28812
2025-01-01,GA,Atlanta,9672de1f-7811-4b1b-a23f-75c2295beb6e,Texaco,Gasoline Stations,320.59622
2025-01-01,NY,New York/New Jersey,7db42b7e-8b22-448b-bb70-10f3247bf46e,BP,Gasoline Stations,318.80627
2025-01-01,NY,New York/New Jersey,8b90cf56-2a34-427e-8db2-56de5e5a25d1,BP,Gasoline Stations,318.80627
2025-01-01,NY,New York/New Jersey,96585b62-a68e-4403-8538-380a75ec3691,BP,Gasoline Stations,318.80627
2025-01-01,NY,New York/New Jersey,32e2ddf8-f80f-49f6-91c3-8041b67bb2d0,BP,Gasoline Stations,318.80627
2025-01-01,NY,New York/New Jersey,4eee6c63-b08b-4b0c-8783-9465336b435d,BP,Gasoline Stations,318.80627
2025-01-01,NY,New York/New Jersey,7dc0a22b-4e88-4d63-9586-928e101bd90c,BP,Gasoline Stations,318.80627
2025-01-01,FL,Miami,ca09cf31-fda1-4201-a6e1-ad9506347b3e,BP,Gasoline Stations,318.35828
2025-01-01,FL,Miami,157e2778-ac57-4e2a-b27b-75ac4036acba,BP,Gasoline Stations,318.35828
2025-01-01,FL,Miami,d9a7c5d5-6425-497b-a693-2557f913a5b9,BP,Gasoline Stations,318.35828
2025-01-01,FL,Miami,652d9284-29f4-4780-ad63-18bfa585fdc3,BP,Gasoline Stations,318.35828
2025-01-01,MA,Boston,48238ae5-e861-4d71-b56a-7e2e321dbf1f,Ace Hardware,Building Material and Supplies Dealers,318.17343
2025-01-01,MA,Boston,ffa650f5-7225-4743-896f-a675d95c47fc,Ace Hardware,Building Material and Supplies Dealers,318.17343
2025-01-01,MA,Boston,f058793a-618f-4bc7-b943-28e0c416227b,Ace Hardware,Building Material and Supplies Dealers,318.17343
2025-01-01,NJ,New York/New Jersey,ca6cf583-9436-4950-ad9f-96138f4fa0dc,Sephora,Health and Personal Care Stores,314.54312
2025-01-01,TX,Dallas / Houston,fc67a8bb-fc1b-4fc9-b979-4c86fe3bfb46,Exxon Mobil,Gasoline Stations,314.4545
2025-01-01,TX,Dallas / Houston,048cc1a1-5173-4f7c-a91f-68cfa0c8def9,Exxon Mobil,Gasoline Stations,314.4545
2025-01-01,TX,Dallas / Houston,c2a872b3-034d-47ca-8004-006f5804cbfb,Exxon Mobil,Gasoline Stations,314.4545
2025-01-01,TX,Dallas / Houston,bd2b9d6f-8297-4eeb-b85e-1777d6a6a6fc,Exxon Mobil,Gasoline Stations,314.4545
2025-01-01,TX,Dallas / Houston,72d7bdf5-dcaf-40e7-9d22-72b736b00eaf,Exxon Mobil,Gasoline Stations,314.4545
2025-01-01,TX,Dallas / Houston,b7c33819-fb93-4413-b77f-724e4ee99c36,Exxon Mobil,Gasoline Stations,314.4545
2025-01-01,TX,Dallas / Houston,3daf8f90-04cc-4413-806d-22d6999f635f,Exxon Mobil,Gasoline Stations,314.4545
2025-01-01,TX,Dallas / Houston,e371a329-d2a8-4a38-b787-97565a2be8ad,Exxon Mobil,Gasoline Stations,314.4545
2025-01-01,TX,Dallas / Houston,6ec4336d-e6f3-417c-8f51-170f942ab7ea,Exxon Mobil,Gasoline Stations,314.4545
2025-01-01,TX,Dallas / Houston,5b64ff85-c2a8-47b6-b66a-a73c476aa194,Exxon Mobil,Gasoline Stations,314.4545
2025-01-01,TX,Dallas / Houston,a1517ca7-dac9-42fb-a8ce-b77130b9ab8b,Exxon Mobil,Gasoline Stations,314.4545
2025-01-01,TX,Dallas / Houston,da061bed-c741-4e5e-a09d-61df46874c87,Exxon Mobil,Gasoline Stations,314.4545
2025-01-01,TX,Dallas / Houston,312e8db6-bd9d-4aa2-bf6f-0b2d4165cf3f,Exxon Mobil,Gasoline Stations,314.4545
2025-01-01,MO,Kansas City,d826d6d2-7eea-4a88-80f6-2510ec8de9d5,QuikTrip,Gasoline Stations,312.41885
2025-01-01,MO,Kansas City,e7724179-9ea9-4dfb-b472-38436e1f13a7,QuikTrip,Gasoline Stations,312.41885
2025-01-01,MO,Kansas City,0570144c-9278-46fd-b7f3-075dc008d066,QuikTrip,Gasoline Stations,312.41885
2025-01-01,NY,New York/New Jersey,f08af40c-b0d2-4f67-a27d-4723fa46cee6,Gulf Oil,Gasoline Stations,310.68378
2025-01-01,NY,New York/New Jersey,63d43983-100d-4710-bfa9-c21224edbadb,Cumberland Farms,Gasoline Stations,310.68378
2025-01-01,NY,New York/New Jersey,53274be9-e64e-432a-8333-494340462b17,Bolla Market,Gasoline Stations,310.68378
2025-01-01,NY,New York/New Jersey,b5b8023b-bbf8-483e-87e8-2883ce9b3550,Cumberland Farms,Gasoline Stations,310.68378
2025-01-01,NY,New York/New Jersey,7b75db54-4254-4850-9047-0ca86436b09f,Gulf Oil,Gasoline Stations,310.68378
2025-01-01,NY,New York/New Jersey,4dd90a19-accc-4616-9cb2-fc9b4385ffce,Bolla Market,Gasoline Stations,310.68378
2025-01-01,NY,New York/New Jersey,32cdfdfa-3293-42af-9e10-387948ef1a15,Kwik Fill,Gasoline Stations,310.68378
2025-01-01,NY,New York/New Jersey,4628e1ad-3b9c-430b-97ea-52557d6ea053,Pilot Flying J,Gasoline Stations,310.68378
2025-01-01,NY,New York/New Jersey,74a81d50-9965-4d7e-8df3-7031ba6e4a4e,Gulf Oil,Gasoline Stations,310.68378
2025-01-01,NY,New York/New Jersey,258099ff-ca34-445f-88c1-916a35dcf2ea,Pit Stop,Gasoline Stations,310.68378
2025-01-01,NY,New York/New Jersey,2bf5e19b-3d8b-422c-a922-6c3ee7286f5c,Fastrac,Gasoline Stations,310.68378
2025-01-01,NY,New York/New Jersey,f0637f7a-9a14-43f9-b149-c4514244b6f3,Gulf Oil,Gasoline Stations,310.68378
2025-01-01,NY,New York/New Jersey,0fcba0e9-dbc3-4adf-a90b-9c85a6540141,Gulf Oil,Gasoline Stations,310.68378
2025-01-01,NY,New York/New Jersey,315b93b2-291f-44f5-9905-224ecf55133d,Kwik Fill,Gasoline Stations,310.68378
2025-01-01,KS,Kansas City,4dfef650-1e99-4eb4-9a86-893902b7c31a,Church's Chicken,Restaurants and Other Eating Places,310.58926
2025-01-01,TX,Dallas / Houston,5c4384df-7709-4e53-8edd-7e2cfada4343,Texaco,Gasoline Stations,309.01788
2025-01-01,TX,Dallas / Houston,672a069a-bdb0-4618-8842-236afbb86fb1,Texaco,Gasoline Stations,309.01788
2025-01-01,TX,Dallas / Houston,51f8f4df-03fe-4a28-84ef-84d09ed609fe,Texaco,Gasoline Stations,309.01788
2025-01-01,TX,Dallas / Houston,270c106b-a48f-4580-afc4-8951f826c1d7,Texaco,Gasoline Stations,309.01788
2025-01-01,TX,Dallas / Houston,cea45439-33ee-4490-9485-2418dfe6ee84,Texaco,Gasoline Stations,309.01788
2025-01-01,TX,Dallas / Houston,4d37d784-3d6c-44f2-ba40-24fc4b52d8c7,Texaco,Gasoline Stations,309.01788
2025-01-01,MO,Kansas City,8e0e0045-61ad-47e9-baaf-e3b92bd5f753,Circle K,Grocery Stores,308.29953
2025-01-01,WA,Seattle,79cb3666-8bc2-44c3-b269-055c9f7830fc,Sephora,Health and Personal Care Stores,307.8001
2025-01-01,CA,Los Angeles / SF Bay Area,2887309f-6002-4463-9171-c7dc52cb1def,Turner's Outdoorsman,"Sporting Goods, Hobby, and Musical Instrument Stores",306.73514
2025-01-01,CA,Los Angeles / SF Bay Area,3a34d4f7-d955-45f3-9e9e-205195989106,Big 5 Sporting Goods,"Sporting Goods, Hobby, and Musical Instrument Stores",306.73514
2025-01-01,CA,Los Angeles / SF Bay Area,5ffa4b41-80e4-4af4-804c-22e6d00f4713,Guitar Center,"Sporting Goods, Hobby, and Musical Instrument Stores",306.73514
2025-01-01,CA,Los Angeles / SF Bay Area,17b34cbc-cca1-43cb-9346-d7f1708e656a,REI,"Sporting Goods, Hobby, and Musical Instrument Stores",306.73514
2025-01-01,CA,Los Angeles / SF Bay Area,640c45fc-d329-470c-9a95-33722c72b925,Big 5 Sporting Goods,"Sporting Goods, Hobby, and Musical Instrument Stores",306.73514
2025-01-01,NJ,New York/New Jersey,38a692f4-a387-45bc-9740-576d66f19be8,Auntie Anne's,Restaurants and Other Eating Places,306.6461
2025-01-01,GA,Atlanta,1abbdc16-a205-4a6d-b8e1-625b5928498d,Circle K,Grocery Stores,306.1095
2025-01-01,GA,Atlanta,d4de6c38-0c3a-4fe8-88e3-03d74b91cea2,Circle K,Grocery Stores,306.1095
2025-01-01,GA,Atlanta,362685df-0055-413e-a69c-f5e089bf955e,Circle K,Grocery Stores,306.1095
2025-01-01,GA,Atlanta,892894a8-393d-495c-bea9-d6c866abfb10,Circle K,Grocery Stores,306.1095
2025-01-01,GA,Atlanta,e1e2ca68-853f-45c8-8363-6c6d121f8ee1,Circle K,Grocery Stores,306.1095
2025-01-01,PA,Philadelphia,449e57f7-a7ee-4d1b-a05f-555d7c5b1bc0,Walgreens,Health and Personal Care Stores,305.65207
2025-01-01,TX,Dallas / Houston,7a8e9e15-250c-40fb-96ab-6a9c9cb644fd,Family Dollar Stores,"General Merchandise Stores, including Warehouse Clubs and Supercenters",305.49112
2025-01-01,TX,Dallas / Houston,dfbb3d41-0758-4ea8-b9bf-2fecc0a6c483,Family Dollar Stores,"General Merchandise Stores, including Warehouse Clubs and Supercenters",305.49112
2025-01-01,TX,Dallas / Houston,47e1ba8d-6fa1-40d7-b386-f91614550e7b,Family Dollar Stores,"General Merchandise Stores, including Warehouse Clubs and Supercenters",305.49112
2025-01-01,TX,Dallas / Houston,f79c282d-c2f0-4429-a7c4-f80258fabdf4,Family Dollar Stores,"General Merchandise Stores, including Warehouse Clubs and Supercenters",305.49112
2025-01-01,TX,Dallas / Houston,8d15ff19-9589-494a-b8fc-ee3231cd3a82,Family Dollar Stores,"General Merchandise Stores, including Warehouse Clubs and Supercenters",305.49112
2025-01-01,TX,Dallas / Houston,73740cc8-5fd0-47b8-ae15-96c0ff8e0243,Family Dollar Stores,"General Merchandise Stores, including Warehouse Clubs and Supercenters",305.49112
2025-01-01,TX,Dallas / Houston,593ec2b0-e10e-458a-aa3a-6953ac4bbf5b,Family Dollar Stores,"General Merchandise Stores, including Warehouse Clubs and Supercenters",305.49112
2025-01-01,TX,Dallas / Houston,c031a990-54cb-4d69-8470-71e96a572765,Family Dollar Stores,"General Merchandise Stores, including Warehouse Clubs and Supercenters",305.49112
2025-01-01,TX,Dallas / Houston,6125c1f9-ce1e-4615-8ac0-39927ccd8293,Family Dollar Stores,"General Merchandise Stores, including Warehouse Clubs and Supercenters",305.49112
2025-01-01,WA,Seattle,7a2a5c4d-c766-4557-b695-2a2542166104,Goodwill Industries,Used Merchandise Stores,303.3446
2025-01-01,WA,Seattle,6c256de8-c50d-4cb3-a1ee-9666b43fe7ad,Goodwill Industries,Used Merchandise Stores,303.3446
2025-01-01,WA,Seattle,5d2dce33-a770-4210-a325-a5047aa2825d,Goodwill Industries,Used Merchandise Stores,303.3446
2025-01-01,WA,Seattle,220ee08a-0263-4585-ac74-894ce51eae23,Goodwill Industries,Used Merchandise Stores,303.3446
2025-01-01,CA,Los Angeles / SF Bay Area,32d85a49-bf95-43f5-911e-df51567cb6b4,Motel 6,Traveler Accommodation,302.50204
2025-01-01,CA,Los Angeles / SF Bay Area,5015b143-3daf-4e27-9e5d-ade6673038ee,Motel 6,Traveler Accommodation,302.50204
2025-01-01,FL,Miami,18fa61b6-aedd-4824-a878-80fa10fbb0bf,ULTA Beauty,Health and Personal Care Stores,301.01376
2025-01-01,FL,Miami,676192a4-c3e5-422a-8e8b-5015d82dae9a,Exxon Mobil,Gasoline Stations,300.8741
2025-01-01,FL,Miami,a7fb4262-d58e-4367-a0c9-6dcaf0a907a5,Exxon Mobil,Gasoline Stations,300.8741
2025-01-01,FL,Miami,b3d08e1a-df41-4212-b980-d40f79b2c870,Exxon Mobil,Gasoline Stations,300.8741
2025-01-01,FL,Miami,84c8e2d5-a9e9-4e31-8bec-f2dba75848fe,Exxon Mobil,Gasoline Stations,300.8741
2025-01-01,FL,Miami,f2d598c5-d7d2-4aa9-9767-ead274819934,Exxon Mobil,Gasoline Stations,300.8741
2025-01-01,CA,Los Angeles / SF Bay Area,c3cd1b6e-8c23-46ee-903c-0aba20954baa,7-Eleven,Grocery Stores,300.726
2025-01-01,CA,Los Angeles / SF Bay Area,aa868add-6f5d-4c04-88a2-be309b43f178,7-Eleven,Grocery Stores,300.726
2025-01-01,CA,Los Angeles / SF Bay Area,98c9fe14-b0a0-42fb-b636-be40820edfa2,7-Eleven,Grocery Stores,300.726
2025-01-01,CA,Los Angeles / SF Bay Area,d08378ba-7a6e-4fa8-9625-e764af960b1b,7-Eleven,Grocery Stores,300.726
2025-01-01,CA,Los Angeles / SF Bay Area,a2188f7b-fcfe-4553-99ff-fdea9c75b2fe,7-Eleven,Grocery Stores,300.726
2025-01-01,CA,Los Angeles / SF Bay Area,0f39a9bf-5d2a-45a1-a230-f052ded5f9c1,7-Eleven,Grocery Stores,300.726
2025-01-01,CA,Los Angeles / SF Bay Area,cb008999-d975-4d18-a4a3-ac418aaf1d7a,7-Eleven,Grocery Stores,300.726
2025-01-01,CA,Los Angeles / SF Bay Area,11a41b4f-9b99-4f7d-9f97-f610045b1947,7-Eleven,Grocery Stores,300.726
2025-01-01,CA,Los Angeles / SF Bay Area,a27bc680-3bbd-4941-9962-5c23c271c099,7-Eleven,Grocery Stores,300.726
2025-01-01,CA,Los Angeles / SF Bay Area,743e2104-b9aa-489e-b2fc-78be25db9871,7-Eleven,Grocery Stores,300.726
2025-01-01,CA,Los Angeles / SF Bay Area,e307c91b-446c-4eb6-b9c6-491ee28c4163,7-Eleven,Grocery Stores,300.726
2025-01-01,CA,Los Angeles / SF Bay Area,6eb30cf9-f06a-4d83-bf38-48f7908b61c4,7-Eleven,Grocery Stores,300.726
2025-01-01,CA,Los Angeles / SF Bay Area,721955f1-f8ac-4ec8-82fa-e655adb2d935,7-Eleven,Grocery Stores,300.726
2025-01-01,CA,Los Angeles / SF Bay Area,7f3d04d5-51ae-4358-b233-67fc36d1ff5f,7-Eleven,Grocery Stores,300.726
2025-01-01,CA,Los Angeles / SF Bay Area,7e97ae29-0428-4adf-b834-7764943907b9,7-Eleven,Grocery Stores,300.726
2025-01-01,CA,Los Angeles / SF Bay Area,31a1e85f-a2d5-4426-983f-063afbe010bf,7-Eleven,Grocery Stores,300.726
2025-01-01,CA,Los Angeles / SF Bay Area,1cb79f4e-bed4-4079-b522-f59108215061,7-Eleven,Grocery Stores,300.726
2025-01-01,CA,Los Angeles / SF Bay Area,78dd2fba-cdc5-4f48-b89b-fbc65015ed2c,7-Eleven,Grocery Stores,300.726
2025-01-01,CA,Los Angeles / SF Bay Area,770285f1-0fa8-4e2a-a596-274a562c7b81,7-Eleven,Grocery Stores,300.726
2025-01-01,CA,Los Angeles / SF Bay Area,1ff543d5-9d0c-4971-aff1-aec3b98b41fe,7-Eleven,Grocery Stores,300.726
2025-01-01,CA,Los Angeles / SF Bay Area,76c1168f-5e80-416a-a62d-5e9b83528a54,7-Eleven,Grocery Stores,300.726
2025-01-01,CA,Los Angeles / SF Bay Area,5ec4c539-e317-4059-9188-7a0a4968fe1a,7-Eleven,Grocery Stores,300.726
2025-01-01,PA,Philadelphia,0a36b3fc-08a5-4b16-9626-272292a49851,Sheetz,Gasoline Stations,300.10327
2025-01-01,PA,Philadelphia,64e14179-7ee0-4a2b-99da-66ec20395429,Rutter's Farm Stores,Gasoline Stations,300.10327
2025-01-01,PA,Philadelphia,07fb83aa-8d8e-41d6-a263-c9cca40a6763,Rutter's Farm Stores,Gasoline Stations,300.10327
2025-01-01,PA,Philadelphia,1e4f805a-d204-4244-8d82-a41ba1c0ded6,Speedy Cafe,Gasoline Stations,300.10327
2025-01-01,PA,Philadelphia,f2595131-cfff-40ff-bb74-3b7b29eb058f,BFS Foods,Gasoline Stations,300.10327
2025-01-01,PA,Philadelphia,8ba91c23-0ad1-4e30-b4d4-14309ec96665,Coen,Gasoline Stations,300.10327
2025-01-01,GA,Atlanta,8f97d4a2-2a0f-422d-803d-b0dbd131b5b0,Family Dollar Stores,"General Merchandise Stores, including Warehouse Clubs and Supercenters",299.4183
2025-01-01,GA,Atlanta,9ee82b82-dbca-4bd1-8642-c2a9884069d4,Family Dollar Stores,"General Merchandise Stores, including Warehouse Clubs and Supercenters",299.4183
2025-01-01,GA,Atlanta,868024ec-d708-4f4d-a6f3-c19637ea192b,Family Dollar Stores,"General Merchandise Stores, including Warehouse Clubs and Supercenters",299.4183
2025-01-01,GA,Atlanta,d3d59aa2-346c-4388-a211-c4b53d637003,Family Dollar Stores,"General Merchandise Stores, including Warehouse Clubs and Supercenters",299.4183
2025-01-01,GA,Atlanta,ba1f82fb-f73f-4154-a510-07e1cf76a25a,Family Dollar Stores,"General Merchandise Stores, including Warehouse Clubs and Supercenters",299.4183
2025-01-01,GA,Atlanta,c37d03b0-1ab9-4fb0-81d6-b4804b44c1f4,Family Dollar Stores,"General Merchandise Stores, including Warehouse Clubs and Supercenters",299.4183
2025-01-01,GA,Atlanta,93f896b7-546b-479b-8127-927a141c5f90,Family Dollar Stores,"General Merchandise Stores, including Warehouse Clubs and Supercenters",299.4183
2025-01-01,PA,Philadelphia,1d326c59-77aa-433b-b22b-c94042eba7ad,Gabe's,Department Stores,299.07513
2025-01-01,PA,Philadelphia,909f2c91-65a8-4e8c-a8c0-818d0dd8fbac,T.J. Maxx,Department Stores,299.07513
2025-01-01,PA,Philadelphia,a147869f-12f8-4e28-8897-06dd5e031ae7,Boscov's,Department Stores,299.07513
2025-01-01,PA,Philadelphia,5c790217-5c2e-47ae-b6ea-7a4abbc9a36e,Boscov's,Department Stores,299.07513
2025-01-01,NY,New York/New Jersey,9a9dd96b-c119-4f33-8135-92773e42a4a0,Barnes and Noble,Book Stores and News Dealers,298.9072
2025-01-01,NY,New York/New Jersey,9b1f19f1-6e24-463d-b4ea-19904642e277,Barnes and Noble,Book Stores and News Dealers,298.9072
2025-01-01,FL,Miami,a4dd5395-5eff-4ffc-a185-410dbcae8081,Kimpton Hotels & Restaurants,Traveler Accommodation,298.845
2025-01-01,FL,Miami,a79a43a3-af25-4b3c-a927-26b9be14ba4d,Home2 Suites,Traveler Accommodation,298.845
2025-01-01,FL,Miami,0a1bbc55-73b8-462f-b0d4-dacd96c36be0,Ascend Resort Collection,Traveler Accommodation,298.845
2025-01-01,FL,Miami,2034aaf6-752d-4407-811c-a16fca50ff1e,Home2 Suites,Traveler Accommodation,298.845
2025-01-01,FL,Miami,30aaa707-bf8c-4be2-90a0-10a5527a5bbb,Country Inn & Suites by Radisson Americas,Traveler Accommodation,298.845
2025-01-01,FL,Miami,374e6199-f9c7-41e7-a5e6-01891e54b359,Sleep Inn,Traveler Accommodation,298.845
2025-01-01,FL,Miami,3de17eb6-8917-4930-9fc7-e4da6fc9aacd,Hyatt Place,Traveler Accommodation,298.845
2025-01-01,FL,Miami,a8753319-2f7f-4b66-af20-766dcb40096f,avid hotels,Traveler Accommodation,298.845
2025-01-01,FL,Miami,3e9db25b-79cf-4aa8-918e-391257fcf90f,Residence Inn by Marriott,Traveler Accommodation,298.845
2025-01-01,FL,Miami,45c885d5-ff8d-4646-a32f-a071fe70cd6f,Hawthorn Suites by Wyndham,Traveler Accommodation,298.845
2025-01-01,FL,Miami,97069991-4b78-4beb-82e8-47953fe562f7,Residence Inn by Marriott,Traveler Accommodation,298.845
2025-01-01,FL,Miami,9b257cc5-a79b-4ee6-b889-9a23054a98cd,Hilton Grand Vacations,Traveler Accommodation,298.845
2025-01-01,FL,Miami,48e3d3c0-8b3d-4d70-b62f-bd509e8ac9e1,TownePlace Suites by Marriott,Traveler Accommodation,298.845
2025-01-01,FL,Miami,bc3c524a-5180-47ca-8171-93a8b234cec0,Residence Inn by Marriott,Traveler Accommodation,298.845
2025-01-01,FL,Miami,c27f7e19-f0ad-46ce-a311-ac433e56eb33,Extended Stay America,Traveler Accommodation,298.845
2025-01-01,FL,Miami,fc45b7ae-9c89-4706-a45a-61b0d554b5c2,Knights Inn,Traveler Accommodation,298.845
2025-01-01,NY,New York/New Jersey,5e94f060-d5ca-4034-b913-646618dc8b55,Auntie Anne's,Restaurants and Other Eating Places,297.73868
2025-01-01,NY,New York/New Jersey,bb72a793-6f3f-4903-b844-474df502df17,Auntie Anne's,Restaurants and Other Eating Places,297.73868
2025-01-01,NJ,New York/New Jersey,48fa097c-5974-4312-b194-22991ef264db,ULTA Beauty,Health and Personal Care Stores,296.17117
2025-01-01,NY,New York/New Jersey,d4ab8a01-600f-44a1-9ef0-e16851e59667,Dollar General,"General Merchandise Stores, including Warehouse Clubs and Supercenters",295.6298
2025-01-01,NY,New York/New Jersey,0abd4071-b866-4cac-90a4-3d64caba491b,Dollar General,"General Merchandise Stores, including Warehouse Clubs and Supercenters",295.6298
2025-01-01,NY,New York/New Jersey,2a8de325-598b-4933-a1d2-91dd201543ec,Dollar General,"General Merchandise Stores, including Warehouse Clubs and Supercenters",295.6298
2025-01-01,NY,New York/New Jersey,f94f394e-6173-4d65-aad5-e500873c2881,Dollar General,"General Merchandise Stores, including Warehouse Clubs and Supercenters",295.6298
2025-01-01,NY,New York/New Jersey,2be9d6d3-f888-400b-8ff0-efe553b43be2,Dollar General,"General Merchandise Stores, including Warehouse Clubs and Supercenters",295.6298
2025-01-01,NY,New York/New Jersey,fc20f9b6-d212-4b0d-8147-367a53dda295,Dollar General,"General Merchandise Stores, including Warehouse Clubs and Supercenters",295.6298
2025-01-01,NY,New York/New Jersey,a671b557-ec6b-4e74-8a3e-209fc7882193,Dollar General,"General Merchandise Stores, including Warehouse Clubs and Supercenters",295.6298
2025-01-01,NY,New York/New Jersey,69f5015e-630f-4475-a18c-deaa0016883a,Dollar General,"General Merchandise Stores, including Warehouse Clubs and Supercenters",295.6298
2025-01-01,NY,New York/New Jersey,a33094d7-e8df-401f-b058-34d45fc7c70d,Dollar General,"General Merchandise Stores, including Warehouse Clubs and Supercenters",295.6298
2025-01-01,CA,Los Angeles / SF Bay Area,400750f5-2d65-4139-ae8c-eb498615d124,Impark,Other Personal Services,294.35587
2025-01-01,CA,Los Angeles / SF Bay Area,1498fb1d-dcf1-49ad-9a5a-9eece5dbd0a2,Impark,Other Personal Services,294.35587
2025-01-01,FL,Miami,68955177-5527-4a28-b844-7bcb1166291f,Dollar Tree,"General Merchandise Stores, including Warehouse Clubs and Supercenters",294.16113
2025-01-01,FL,Miami,d5a76a1e-d03b-4358-9efa-83db3ba3a4cb,Dollar Tree,"General Merchandise Stores, including Warehouse Clubs and Supercenters",294.16113
2025-01-01,FL,Miami,296f59dd-6da6-4289-be24-e1345c2c087d,Dollar Tree,"General Merchandise Stores, including Warehouse Clubs and Supercenters",294.16113
2025-01-01,NY,New York/New Jersey,b66f06d1-16f3-444d-aa89-1cb61a9b1e36,ULTA Beauty,Health and Personal Care Stores,292.77542
2025-01-01,NY,New York/New Jersey,5efe9766-2cf8-4dac-8b1b-d7925731ac35,ULTA Beauty,Health and Personal Care Stores,292.77542
2025-01-01,NJ,New York/New Jersey,b2f5d4a8-77df-4564-97d8-00477cc492f1,BP,Gasoline Stations,292.50055
2025-01-01,NJ,New York/New Jersey,873f6fed-0487-429f-9c55-e851bf4286c2,BP,Gasoline Stations,292.50055
2025-01-01,FL,Miami,69fd64cb-9253-4098-b7e2-b6e747d62606,Goodwill Industries,Used Merchandise Stores,291.3223
2025-01-01,FL,Miami,62ece41f-7bae-45a0-8a65-8a085694a4c5,Goodwill Industries,Used Merchandise Stores,291.3223
2025-01-01,FL,Miami,150062f1-2f28-4799-9b18-726bc2fd14c9,Goodwill Industries,Used Merchandise Stores,291.3223
2025-01-01,FL,Miami,753dce78-7bf1-45c9-9561-2bc51a0680f8,7-Eleven,Grocery Stores,290.4727
2025-01-01,FL,Miami,e0b6fb3b-beea-4f39-800e-15daf8fff6d7,7-Eleven,Grocery Stores,290.4727
2025-01-01,FL,Miami,e585e78f-ce08-480d-8c0a-51aef0890f41,7-Eleven,Grocery Stores,290.4727
2025-01-01,FL,Miami,22ce742b-0935-4559-be36-db8a3bf13585,7-Eleven,Grocery Stores,290.4727
2025-01-01,FL,Miami,039457c8-0140-42e2-a6d2-2ef9659375fa,7-Eleven,Grocery Stores,290.4727
2025-01-01,FL,Miami,7fc994b7-88a8-4203-9c01-d4f4d1178463,7-Eleven,Grocery Stores,290.4727
2025-01-01,FL,Miami,100698f5-0195-46ec-b95b-e10c93cddde4,7-Eleven,Grocery Stores,290.4727
2025-01-01,FL,Miami,b7822835-9c85-4b7f-8371-e6481bfbff8a,7-Eleven,Grocery Stores,290.4727
2025-01-01,FL,Miami,ff4f0019-b8bd-4a4c-9e0b-bcdb52625964,7-Eleven,Grocery Stores,290.4727
2025-01-01,GA,Atlanta,f1c7bcdf-af01-48d2-9b07-67c80175ce4d,Hampton,Traveler Accommodation,290.33304
2025-01-01,CA,Los Angeles / SF Bay Area,4be35f62-30c5-4979-b6b0-665a44d721f3,Barnes and Noble,Book Stores and News Dealers,287.4387
2025-01-01,MO,Kansas City,cca53867-761a-4b91-bace-42f5c8ba8cb5,Pizza Hut,Restaurants and Other Eating Places,286.34378
2025-01-01,PA,Philadelphia,3b58bcfc-a1c1-48c9-8bce-4159f6f73fcb,Family Dollar Stores,"General Merchandise Stores, including Warehouse Clubs and Supercenters",285.8426
2025-01-01,PA,Philadelphia,f5aa02cd-0461-41a9-aa67-59adc0ffece2,Family Dollar Stores,"General Merchandise Stores, including Warehouse Clubs and Supercenters",285.8426
2025-01-01,PA,Philadelphia,cd1aeb6a-502b-4ee8-8252-97a73e9b8e66,Family Dollar Stores,"General Merchandise Stores, including Warehouse Clubs and Supercenters",285.8426
2025-01-01,NY,New York/New Jersey,afba215c-cf8f-4355-9641-0f85dbacb672,Relais & Chateaux,Traveler Accommodation,282.88403
2025-01-01,NY,New York/New Jersey,41c4ad5b-19e4-4ad9-a505-7be3878e2f77,Travelodge,Traveler Accommodation,282.88403
2025-01-01,NY,New York/New Jersey,d30ea965-eb58-48b9-a298-3d58d0015db5,Renaissance Hotels,Traveler Accommodation,282.88403
2025-01-01,NY,New York/New Jersey,772ca7ed-4c44-4b25-9f56-138d014ad3f0,Sonesta Hotels & Resorts,Traveler Accommodation,282.88403
2025-01-01,MO,Kansas City,bebe55e6-2bf6-40ce-99c7-ccff0f09417a,Rally House,"Sporting Goods, Hobby, and Musical Instrument Stores",280.8164
2025-01-01,MO,Kansas City,b9937214-61a7-42ca-a1ea-8b321d4e8021,Academy Sports + Outdoors,"Sporting Goods, Hobby, and Musical Instrument Stores",280.8164
2025-01-01,TX,Dallas / Houston,f97fa61a-84d2-4b32-b1be-432386eae009,Barnes and Noble,Book Stores and News Dealers,279.85977
2025-01-01,TX,Dallas / Houston,8fbfae21-879f-4882-beee-53d74f417e12,Mardel,Book Stores and News Dealers,279.85977
2025-01-01,TX,Dallas / Houston,a335b363-5a40-489f-8b41-16e65e489728,Barnes and Noble,Book Stores and News Dealers,279.85977
2025-01-01,TX,Dallas / Houston,4932016f-b5eb-48c6-b9c1-283fb2230ef6,Dollar General,"General Merchandise Stores, including Warehouse Clubs and Supercenters",279.02267
2025-01-01,TX,Dallas / Houston,c4035766-ab50-4a90-a4af-fb29c44ac2b5,Dollar General,"General Merchandise Stores, including Warehouse Clubs and Supercenters",279.02267
2025-01-01,TX,Dallas / Houston,9a266556-b1ed-44b3-a1e7-520cde1e47ec,Dollar General,"General Merchandise Stores, including Warehouse Clubs and Supercenters",279.02267
2025-01-01,TX,Dallas / Houston,d7459bc5-764a-437f-aa3e-ee3a25e8f8e2,Dollar General,"General Merchandise Stores, including Warehouse Clubs and Supercenters",279.02267
2025-01-01,TX,Dallas / Houston,de400dc9-1bab-4273-bb03-2a5358a8bd2b,Dollar General,"General Merchandise Stores, including Warehouse Clubs and Supercenters",279.02267
2025-01-01,TX,Dallas / Houston,cb51e446-c42e-4286-a75d-1482ea552eb8,Dollar General,"General Merchandise Stores, including Warehouse Clubs and Supercenters",279.02267
2025-01-01,TX,Dallas / Houston,4beed456-9d29-49d3-9869-724a87b7465e,Dollar General,"General Merchandise Stores, including Warehouse Clubs and Supercenters",279.02267
2025-01-01,TX,Dallas / Houston,21932c0e-448e-4317-ab65-6ef54357615f,Dollar General,"General Merchandise Stores, including Warehouse Clubs and Supercenters",279.02267
2025-01-01,TX,Dallas / Houston,2a938454-40ef-40ba-a972-351a5835b784,Dollar General,"General Merchandise Stores, including Warehouse Clubs and Supercenters",279.02267
2025-01-01,TX,Dallas / Houston,f9cccfba-91bc-48ec-a5c3-d733e43308ad,Dollar General,"General Merchandise Stores, including Warehouse Clubs and Supercenters",279.02267
2025-01-01,TX,Dallas / Houston,bbb9bb1f-e6a9-4da0-8be2-b90d3818027c,Dollar General,"General Merchandise Stores, including Warehouse Clubs and Supercenters",279.02267
2025-01-01,TX,Dallas / Houston,b18ba048-ff33-43ad-b947-48b0728ead91,Dollar General,"General Merchandise Stores, including Warehouse Clubs and Supercenters",279.02267
2025-01-01,TX,Dallas / Houston,2a10e4aa-7afd-4562-ba48-93aee63c4880,Dollar General,"General Merchandise Stores, including Warehouse Clubs and Supercenters",279.02267
2025-01-01,TX,Dallas / Houston,539c8f40-3bb2-49a6-a115-763b6d04c0b6,Dollar General,"General Merchandise Stores, including Warehouse Clubs and Supercenters",279.02267
2025-01-01,TX,Dallas / Houston,dfad77b7-fdc1-43cb-8cab-7c13dfd93b92,Dollar General,"General Merchandise Stores, including Warehouse Clubs and Supercenters",279.02267
2025-01-01,TX,Dallas / Houston,5379ca79-0dde-4cf7-b25c-24ee81db4cc3,Dollar General,"General Merchandise Stores, including Warehouse Clubs and Supercenters",279.02267
2025-01-01,TX,Dallas / Houston,778251ff-c32d-47db-ab2f-b95ec4789f58,Dollar General,"General Merchandise Stores, including Warehouse Clubs and Supercenters",279.02267
2025-01-01,TX,Dallas / Houston,3b79459d-ba3b-4cd9-ab22-918c20bae749,Dollar General,"General Merchandise Stores, including Warehouse Clubs and Supercenters",279.02267
2025-01-01,TX,Dallas / Houston,8d412a19-412a-4772-a0aa-7505d5143826,Dollar General,"General Merchandise Stores, including Warehouse Clubs and Supercenters",279.02267
2025-01-01,TX,Dallas / Houston,704251c0-3e8f-4589-aa9d-5ec63904652a,Dollar General,"General Merchandise Stores, including Warehouse Clubs and Supercenters",279.02267
2025-01-01,FL,Miami,eeea4f2d-c307-4608-a562-2ea9f488ffcf,Hunt Brothers Pizza,Restaurants and Other Eating Places,278.09805
2025-01-01,FL,Miami,89399132-ab97-4655-96ed-a2d2d1a21369,Hunt Brothers Pizza,Restaurants and Other Eating Places,278.09805
2025-01-01,GA,Atlanta,34633cb0-a52d-440c-9705-e3f542efdb3f,BP,Gasoline Stations,272.83154
2025-01-01,GA,Atlanta,731735d1-def1-4108-b10e-69e6402a686e,BP,Gasoline Stations,272.83154
2025-01-01,GA,Atlanta,8b52dd33-9a52-4ff3-b7b9-0e63ddb4b20f,BP,Gasoline Stations,272.83154
2025-01-01,TX,Dallas / Houston,6ea0b176-20cc-49b5-9293-f6b9e2af50b8,ULTA Beauty,Health and Personal Care Stores,271.45654
2025-01-01,TX,Dallas / Houston,dd3ff13a-e708-4f3f-89ac-057784d5a8c5,ULTA Beauty,Health and Personal Care Stores,271.45654
2025-01-01,TX,Dallas / Houston,510cd55b-1acf-4df0-a506-c68da61dc668,ULTA Beauty,Health and Personal Care Stores,271.45654
2025-01-01,TX,Dallas / Houston,ec241b8c-84ac-4b92-ab4c-0faa6164f9a6,ULTA Beauty,Health and Personal Care Stores,271.45654
2025-01-01,TX,Dallas / Houston,7b9bbd64-e5d0-41b7-83b8-b6be098a2cd8,ULTA Beauty,Health and Personal Care Stores,271.45654
2025-01-01,PA,Philadelphia,9b46bb97-d726-4def-9a5e-b7bfbdbebaf6,Tractor Supply Co.,Building Material and Supplies Dealers,271.38794
2025-01-01,PA,Philadelphia,6541305e-5d12-4ef4-bf52-c599ef6ba132,Tractor Supply Co.,Building Material and Supplies Dealers,271.38794
2025-01-01,NY,New York/New Jersey,55e9f468-9cc9-45bf-b896-0045ef85f7aa,7-Eleven,Grocery Stores,271.31885
2025-01-01,NY,New York/New Jersey,3ac96694-0c0a-4c76-82b7-a60c6d6f434d,7-Eleven,Grocery Stores,271.31885
2025-01-01,NY,New York/New Jersey,ff7c43df-cb02-4df0-89cd-1a73e86745a6,7-Eleven,Grocery Stores,271.31885
2025-01-01,NY,New York/New Jersey,eddd9177-e6f2-4bb0-b3f5-2d8a0a6b9527,7-Eleven,Grocery Stores,271.31885
2025-01-01,NY,New York/New Jersey,22b4e998-af7c-4521-860a-e0f913a64086,7-Eleven,Grocery Stores,271.31885
2025-01-01,NY,New York/New Jersey,a34d2f3d-c3af-4954-83eb-317c50973404,Quality Inn,Traveler Accommodation,269.7899
2025-01-01,NJ,New York/New Jersey,b7f22c17-800b-4511-b515-d198bd7d07d5,7-Eleven,Grocery Stores,268.0169
2025-01-01,NJ,New York/New Jersey,e1ff0502-f14e-4439-bcb7-e450a3ef0288,7-Eleven,Grocery Stores,268.0169
2025-01-01,NJ,New York/New Jersey,c28f4f2b-8d8e-41d6-affe-7b9f9377b29f,7-Eleven,Grocery Stores,268.0169
2025-01-01,NJ,New York/New Jersey,b72b7ada-76c9-4392-b373-637fd0fff023,7-Eleven,Grocery Stores,268.0169
2025-01-01,FL,Miami,a97f40db-e179-4818-a54f-e2b3814211f9,Champs Sports,"Sporting Goods, Hobby, and Musical Instrument Stores",267.62302
2025-01-01,FL,Miami,5a3ccdf5-ae08-42ce-b82a-551775fb1510,Music & Arts,"Sporting Goods, Hobby, and Musical Instrument Stores",267.62302
2025-01-01,NJ,New York/New Jersey,1d29d60b-0091-4963-bb06-7a32e144eb05,Once Upon a Child,Used Merchandise Stores,267.19028
2025-01-01,KS,Kansas City,fffa9d75-8720-47dc-811c-1123a0606284,Dollar Tree,"General Merchandise Stores, including Warehouse Clubs and Supercenters",266.55725
2025-01-01,NJ,New York/New Jersey,d0735736-6227-4499-9179-0b5aa5f7e657,Extended Stay America,Traveler Accommodation,263.96835
2025-01-01,NJ,New York/New Jersey,cad43d89-4f4e-46ce-bf7f-eda1bde71355,Residence Inn by Marriott,Traveler Accommodation,263.96835
2025-01-01,NJ,New York/New Jersey,fdb9e19f-fcb9-4f0c-8748-7331253d6b75,Hilton International,Traveler Accommodation,263.96835
2025-01-01,NJ,New York/New Jersey,b9f2d55b-1909-4dfc-8dd8-651457095ef6,Crowne Plaza Hotels and Resorts,Traveler Accommodation,263.96835
2025-01-01,NJ,New York/New Jersey,b3079a91-32d0-40d2-ad21-6ea2248ccb04,Knights Inn,Traveler Accommodation,263.96835
2025-01-01,NJ,New York/New Jersey,fdea72b4-01ad-406a-9592-0cf385f7b1f5,Extended Stay America,Traveler Accommodation,263.96835
2025-01-01,NJ,New York/New Jersey,2dfb1b21-b1a2-45e4-bff2-28933968f3db,Embassy Suites Hotels,Traveler Accommodation,263.96835
2025-01-01,NJ,New York/New Jersey,e39a1d68-798c-49dd-a3e2-fef0ea539ac1,Rodeway Inn,Traveler Accommodation,263.96835
2025-01-01,NJ,New York/New Jersey,1a0d7364-b9e7-4e22-8616-9cf6b7207381,Dollar Tree,"General Merchandise Stores, including Warehouse Clubs and Supercenters",263.75375
2025-01-01,WA,Seattle,b19aeb4a-b540-479c-9d28-7c9386f3354c,Dollar Tree,"General Merchandise Stores, including Warehouse Clubs and Supercenters",263.32437
2025-01-01,WA,Seattle,c44c89f6-b72f-4a77-98e7-cf047e7493b7,Dollar Tree,"General Merchandise Stores, including Warehouse Clubs and Supercenters",263.32437
2025-01-01,CA,Los Angeles / SF Bay Area,5e2bc119-4500-45a6-a71c-d3590c2e85c5,Shell Oil,Gasoline Stations,263.1378
2025-01-01,CA,Los Angeles / SF Bay Area,c77a1fd1-f103-4b79-8d28-b3dfe397efea,Shell Oil,Gasoline Stations,263.1378
2025-01-01,CA,Los Angeles / SF Bay Area,9d5e5340-cc4c-4cba-8504-a8698b50aef6,Shell Oil,Gasoline Stations,263.1378
2025-01-01,CA,Los Angeles / SF Bay Area,110ffbc1-f9c4-4e6d-a492-6fc81c9c138f,Shell Oil,Gasoline Stations,263.1378
2025-01-01,CA,Los Angeles / SF Bay Area,cc2a4346-5a11-4010-9813-4a885f51a83f,Shell Oil,Gasoline Stations,263.1378
2025-01-01,CA,Los Angeles / SF Bay Area,a6dcff70-7fdc-4b21-b119-81b4c990a0f1,Shell Oil,Gasoline Stations,263.1378
2025-01-01,CA,Los Angeles / SF Bay Area,d314bce1-bd84-46de-a81d-09a21bc86df6,Shell Oil,Gasoline Stations,263.1378
2025-01-01,CA,Los Angeles / SF Bay Area,403e6c92-11ca-410f-9254-0751a3c09b5d,Shell Oil,Gasoline Stations,263.1378
2025-01-01,CA,Los Angeles / SF Bay Area,d03b7996-f967-4368-b4ea-f5f9e9f56f23,Shell Oil,Gasoline Stations,263.1378
2025-01-01,CA,Los Angeles / SF Bay Area,5866e4f7-6b56-4d9c-9f38-5c256def0892,Shell Oil,Gasoline Stations,263.1378
2025-01-01,CA,Los Angeles / SF Bay Area,d859a6a3-8786-47bf-849c-5bab2194882a,Shell Oil,Gasoline Stations,263.1378
2025-01-01,CA,Los Angeles / SF Bay Area,0485af86-48c1-4e73-b69b-5b7299b346a6,Shell Oil,Gasoline Stations,263.1378
2025-01-01,CA,Los Angeles / SF Bay Area,eb32c415-14d3-4ded-8c69-595e510bc4d3,Shell Oil,Gasoline Stations,263.1378
2025-01-01,CA,Los Angeles / SF Bay Area,2994ccb5-4b6b-433e-aa5d-6179ff23f80d,Shell Oil,Gasoline Stations,263.1378
2025-01-01,CA,Los Angeles / SF Bay Area,7f1e4936-66c2-4587-a027-f368dc8bd822,Shell Oil,Gasoline Stations,263.1378
2025-01-01,CA,Los Angeles / SF Bay Area,fe40b3f5-3120-4353-8870-d079e664f049,Shell Oil,Gasoline Stations,263.1378
2025-01-01,CA,Los Angeles / SF Bay Area,6ae3a56b-6e76-4301-b5cf-371f5516c575,Shell Oil,Gasoline Stations,263.1378
2025-01-01,CA,Los Angeles / SF Bay Area,0ba28ff4-5438-4ff3-b8dc-0d613bb26056,Shell Oil,Gasoline Stations,263.1378
2025-01-01,PA,Philadelphia,790cb7b5-391e-4935-9b79-530ce4889a14,Sephora,Health and Personal Care Stores,260.99442
2025-01-01,PA,Philadelphia,2f4ebab2-712e-4c01-bd6a-317df3b3e4c2,Sephora,Health and Personal Care Stores,260.99442
2025-01-01,TX,Dallas / Houston,eec46c4f-caa2-4ac6-9255-2701ceab1e0a,Hampton,Traveler Accommodation,259.57196
2025-01-01,TX,Dallas / Houston,6ac1a9fb-1182-47f6-9a1b-a7dc447a7d76,Hampton,Traveler Accommodation,259.57196
2025-01-01,CA,Los Angeles / SF Bay Area,8841cedd-0782-4f1a-b72b-56af28fe8f6b,Clean Energy,Gasoline Stations,258.78418
2025-01-01,CA,Los Angeles / SF Bay Area,e06f28a8-b2a6-42d9-aea7-3567a851424f,Costco Gasoline,Gasoline Stations,258.78418
2025-01-01,CA,Los Angeles / SF Bay Area,db4cf8d8-6d5a-43a1-8943-d43e12bceff9,Rotten Robbie,Gasoline Stations,258.78418
2025-01-01,CA,Los Angeles / SF Bay Area,cd631867-602a-41ae-acff-45a6a5a38164,G&M,Gasoline Stations,258.78418
2025-01-01,CA,Los Angeles / SF Bay Area,8aa15a8a-d1bb-4ab6-b196-e9fdf13d0e84,Rotten Robbie,Gasoline Stations,258.78418
2025-01-01,CA,Los Angeles / SF Bay Area,9ca2eb02-b260-4346-b1eb-106006dad43c,Sinclair Oil,Gasoline Stations,258.78418
2025-01-01,CA,Los Angeles / SF Bay Area,8256f061-7d80-4a8c-9735-d95571b6c2a9,H&S Energy,Gasoline Stations,258.78418
2025-01-01,CA,Los Angeles / SF Bay Area,a40f0cb6-c927-40b8-a0e6-dcf2bf198246,VP Racing Fuels,Gasoline Stations,258.78418
2025-01-01,CA,Los Angeles / SF Bay Area,571eb92e-58ba-49a1-a17a-99650c3dce8d,H&S Energy,Gasoline Stations,258.78418
2025-01-01,CA,Los Angeles / SF Bay Area,99a48536-c2e0-486a-9f32-594f9f6b5a2e,H&S Energy,Gasoline Stations,258.78418
2025-01-01,CA,Los Angeles / SF Bay Area,2c207a77-b65e-432d-82e4-52cd07afe981,Rotten Robbie,Gasoline Stations,258.78418
2025-01-01,CA,Los Angeles / SF Bay Area,452fda90-0299-4d0b-9fa5-17ebb92a4276,Gulf Oil,Gasoline Stations,258.78418
2025-01-01,CA,Los Angeles / SF Bay Area,77cbe55e-1b2e-4edf-ac8c-793176e85d51,H&S Energy,Gasoline Stations,258.78418
2025-01-01,CA,Los Angeles / SF Bay Area,c87859f3-61ee-4b95-b3d9-20df0751748a,Fastrip,Gasoline Stations,258.78418
2025-01-01,CA,Los Angeles / SF Bay Area,9b5c46f9-8414-43fa-8cd1-451feb1442ff,Propel Fuels,Gasoline Stations,258.78418
2025-01-01,CA,Los Angeles / SF Bay Area,0941287a-6289-4b9a-a2f0-5d02bea37aeb,Safeway Fuel Station,Gasoline Stations,258.78418
2025-01-01,CA,Los Angeles / SF Bay Area,287ee498-1667-406d-a75e-b11f49d8b077,Costco Gasoline,Gasoline Stations,258.78418
2025-01-01,TX,Dallas / Houston,9417a60e-8d52-4de1-8cb4-1b816ef44213,Goodwill Industries,Used Merchandise Stores,258.28198
2025-01-01,TX,Dallas / Houston,bd9a95b9-556b-4fd0-bcc2-717928dbe198,Goodwill Industries,Used Merchandise Stores,258.28198
2025-01-01,TX,Dallas / Houston,5d46a463-9798-400c-803c-846c5eee94e4,Goodwill Industries,Used Merchandise Stores,258.28198
2025-01-01,TX,Dallas / Houston,a3b4d8ed-2bdb-4537-bc25-cac2418805c3,Goodwill Industries,Used Merchandise Stores,258.28198
2025-01-01,TX,Dallas / Houston,8c2487b6-a843-40ef-8e37-5c2e2509a848,Goodwill Industries,Used Merchandise Stores,258.28198
2025-01-01,TX,Dallas / Houston,f3fe7ae2-bb13-4e53-8114-188ef2b7c12f,Goodwill Industries,Used Merchandise Stores,258.28198
2025-01-01,MO,Kansas City,d022df09-9d31-4ed5-b714-b17f022ffc2d,Petco,Other Miscellaneous Store Retailers,258.09573
2025-01-01,NJ,New York/New Jersey,02e04d77-0f7e-4c24-80e8-1ec51acc94b0,Shell Oil,Gasoline Stations,257.65973
2025-01-01,NJ,New York/New Jersey,7ca3591b-039d-455e-bef8-8f7f26adec3f,Shell Oil,Gasoline Stations,257.65973
2025-01-01,NJ,New York/New Jersey,f5fdbd40-69c2-41ae-b8f7-daee1d9bc64f,Shell Oil,Gasoline Stations,257.65973
2025-01-01,NJ,New York/New Jersey,4eff4911-e11b-427a-9aea-a28c797e1328,Goodwill Industries,Used Merchandise Stores,257.2673
2025-01-01,NJ,New York/New Jersey,d8ed2d9c-8719-40fd-8ec2-ae7a2fb8124e,True Value Company,Building Material and Supplies Dealers,255.14043
2025-01-01,GA,Atlanta,450c6c73-2aff-4625-aef8-3459c8396f4b,Dollar General,"General Merchandise Stores, including Warehouse Clubs and Supercenters",253.62274
2025-01-01,GA,Atlanta,44745882-2216-4148-9dab-bb95061ed420,Dollar General,"General Merchandise Stores, including Warehouse Clubs and Supercenters",253.62274
2025-01-01,GA,Atlanta,d613b5c6-ebd5-4eae-abf4-189d25c39508,Dollar General,"General Merchandise Stores, including Warehouse Clubs and Supercenters",253.62274
2025-01-01,GA,Atlanta,51a6f40c-5cc7-4db6-a87c-b5c00b97debe,Dollar General,"General Merchandise Stores, including Warehouse Clubs and Supercenters",253.62274
2025-01-01,GA,Atlanta,6f92349c-30cd-4835-b3f6-ac0a0b70c8d1,Dollar General,"General Merchandise Stores, including Warehouse Clubs and Supercenters",253.62274
2025-01-01,GA,Atlanta,9c044d6c-3f06-4eae-a2c9-b094eb473141,Dollar General,"General Merchandise Stores, including Warehouse Clubs and Supercenters",253.62274
2025-01-01,KS,Kansas City,3f32be48-015a-461e-b18f-4bc0d23e6056,Five Below,"General Merchandise Stores, including Warehouse Clubs and Supercenters",252.73094
2025-01-01,WA,Seattle,fde38958-c5b8-4fa5-a0a0-9c5cbf5bb588,7-Eleven,Grocery Stores,252.50975
2025-01-01,TX,Dallas / Houston,4dcda32e-7364-44c5-9731-3359d195ab7f,Kroger Fuel Center,Gasoline Stations,252.3221
2025-01-01,TX,Dallas / Houston,21cec08f-fd33-418e-8eb5-f45eda77e957,Love's Travel Stops and Country Stores,Gasoline Stations,252.3221
2025-01-01,TX,Dallas / Houston,7d3271df-ffe9-4637-8a7b-0e501cd258df,Sam's Club Fuel Center,Gasoline Stations,252.3221
2025-01-01,TX,Dallas / Houston,f89c2572-3959-4138-a59c-d4927a2ab884,ALON,Gasoline Stations,252.3221
2025-01-01,TX,Dallas / Houston,2a6c9d6c-3ac4-4e4e-858b-c97fdd5a0530,ALON,Gasoline Stations,252.3221
2025-01-01,TX,Dallas / Houston,c6a63cf2-76cd-4d60-a8da-64f6b795a729,TravelCenters of America,Gasoline Stations,252.3221
2025-01-01,TX,Dallas / Houston,d881c2e0-cce2-4151-9768-5cfeb62ffd30,Sam's Club Fuel Center,Gasoline Stations,252.3221
2025-01-01,TX,Dallas / Houston,cfc511e1-0eb3-478a-acc9-f02bc3af85b4,ALON,Gasoline Stations,252.3221
2025-01-01,TX,Dallas / Houston,679da15f-2816-4be1-b549-92a07ab64342,Quarles Fleet Fueling,Gasoline Stations,252.3221
2025-01-01,TX,Dallas / Houston,6f51bbce-2b67-4415-946e-5dbc2980ae2c,Pilot Flying J,Gasoline Stations,252.3221
2025-01-01,TX,Dallas / Houston,87dbec42-b5cd-42e6-a77c-743bdad96206,Costco Gasoline,Gasoline Stations,252.3221
2025-01-01,TX,Dallas / Houston,45ad6b12-33bc-4ea0-8c38-0469788ee1d8,Gulf Oil,Gasoline Stations,252.3221
2025-01-01,TX,Dallas / Houston,79ebec32-01b9-4fc8-a6e7-914461fe20cd,Yesway Convenience,Gasoline Stations,252.3221
2025-01-01,TX,Dallas / Houston,691fd1a4-3111-4633-bf9f-e59a05414f4b,Quick Fuel,Gasoline Stations,252.3221
2025-01-01,TX,Dallas / Houston,215ddff0-ab3b-45cc-8b86-aaf85ff1368f,Kroger Fuel Center,Gasoline Stations,252.3221
2025-01-01,WA,Seattle,34a85f95-0f1c-4ae0-838c-9cd4c09169e3,Quality Inn,Traveler Accommodation,251.88966
2025-01-01,WA,Seattle,6d4fb652-c13b-4ce9-8ad5-c1a8c040b9bc,Quality Inn,Traveler Accommodation,251.88966
2025-01-01,NJ,New York/New Jersey,356e91c3-d4d5-43ae-a27b-6627691ff29e,ConocoPhillips,Gasoline Stations,251.87048
2025-01-01,NJ,New York/New Jersey,9552f5f3-aef4-44fa-befd-d5e2f5362c82,Foot Locker,Shoe Stores,250.88176
2025-01-01,NJ,New York/New Jersey,0c0ed266-fa1a-45c0-8f1e-d7d1afecadcf,Foot Locker,Shoe Stores,250.88176
2025-01-01,NJ,New York/New Jersey,f41d76d0-6e43-497a-830a-a60357823e35,Exxon Mobil,Gasoline Stations,250.88068
2025-01-01,NJ,New York/New Jersey,121c8357-a9ee-47c6-9651-1d75983bb1a4,GameStop,"Sporting Goods, Hobby, and Musical Instrument Stores",250.24695
2025-01-01,MO,Kansas City,2810f955-6b01-4448-88f8-c441001c3b59,Dollar General,"General Merchandise Stores, including Warehouse Clubs and Supercenters",249.16042
2025-01-01,MO,Kansas City,03d90ba1-0474-45d6-bb51-d9f2ea065f05,Dollar General,"General Merchandise Stores, including Warehouse Clubs and Supercenters",249.16042
2025-01-01,MO,Kansas City,451cc863-3859-4dab-9871-a878888c7130,Dollar General,"General Merchandise Stores, including Warehouse Clubs and Supercenters",249.16042
2025-01-01,MO,Kansas City,2d96ae68-6a72-4dda-b1e2-c37a54953b63,Dollar General,"General Merchandise Stores, including Warehouse Clubs and Supercenters",249.16042
2025-01-01,MO,Kansas City,3cfc7fdf-781f-41e0-b046-cb9943e2b050,Dollar General,"General Merchandise Stores, including Warehouse Clubs and Supercenters",249.16042
2025-01-01,MO,Kansas City,63d70acb-9c32-494b-b907-215c2d25c005,Dollar General,"General Merchandise Stores, including Warehouse Clubs and Supercenters",249.16042
2025-01-01,MO,Kansas City,a859d769-6617-48e9-88c5-239d4ab18a9f,Dollar General,"General Merchandise Stores, including Warehouse Clubs and Supercenters",249.16042
2025-01-01,NJ,New York/New Jersey,24dff0f3-7501-4479-983f-090f7510f8cd,Spencer's,"Office Supplies, Stationery, and Gift Stores",249.06488
2025-01-01,TX,Dallas / Houston,3dc4889c-dbdf-4ad3-8635-e5fe981f95b8,Dick's Sporting Goods,"Sporting Goods, Hobby, and Musical Instrument Stores",248.38339
2025-01-01,TX,Dallas / Houston,26ab53a7-2fd8-4e79-a988-8bf73f93739e,Champs Sports,"Sporting Goods, Hobby, and Musical Instrument Stores",248.38339
2025-01-01,TX,Dallas / Houston,a89f31c4-bd65-4ada-9b20-b1794d879ce1,Hibbett Sports,"Sporting Goods, Hobby, and Musical Instrument Stores",248.38339
2025-01-01,TX,Dallas / Houston,43f852ed-b7ac-4021-8979-a23ccc15f834,Music & Arts,"Sporting Goods, Hobby, and Musical Instrument Stores",248.38339
2025-01-01,TX,Dallas / Houston,1c9136c1-abe5-41ad-9766-a87be4c38cb2,Hibbett Sports,"Sporting Goods, Hobby, and Musical Instrument Stores",248.38339
2025-01-01,TX,Dallas / Houston,dd7145da-2265-4ec8-af41-a9088d8b4e44,JD Sports,"Sporting Goods, Hobby, and Musical Instrument Stores",248.38339
2025-01-01,TX,Dallas / Houston,6217cb18-9978-4143-99c0-46a75fda3676,Hibbett Sports,"Sporting Goods, Hobby, and Musical Instrument Stores",248.38339
2025-01-01,CA,Los Angeles / SF Bay Area,0f66b255-5369-4a74-b335-435cfcb6068d,Best Western,Traveler Accommodation,247.811
2025-01-01,CA,Los Angeles / SF Bay Area,ec9efc98-4ec9-44cb-b399-8c893e9115b8,Best Western,Traveler Accommodation,247.811
2025-01-01,CA,Los Angeles / SF Bay Area,db794d73-3fc6-4331-b79f-3ddc6dfd8475,Best Western,Traveler Accommodation,247.811
2025-01-01,FL,Miami,f8046695-b305-4cbd-9ae1-ce97ed8c2b9a,ALDO,Shoe Stores,247.08243
2025-01-01,FL,Miami,af9c8367-b09f-4ad8-be41-86344460de2e,Shoe Carnival,Shoe Stores,247.08243
2025-01-01,FL,Miami,259bd5b4-5c83-4b61-a6a3-be644beac8bb,Shoe Carnival,Shoe Stores,247.08243
2025-01-01,FL,Miami,dfc8cf76-2cf4-4f97-9805-506495fdc816,Shoe Dept Encore,Shoe Stores,247.08243
2025-01-01,FL,Miami,7453f0e2-180f-4d99-bed7-6f47278e48a3,MBT,Shoe Stores,247.08243
2025-01-01,FL,Miami,94728ee3-d52f-46b5-b1d3-41b56ea89d6a,MBT,Shoe Stores,247.08243
2025-01-01,PA,Philadelphia,37aa5a7b-d061-4094-bd86-87cf1533ade5,Auntie Anne's,Restaurants and Other Eating Places,245.95186
2025-01-01,PA,Philadelphia,e682f476-a9c2-4cb5-adc5-bd8c39694a29,Auntie Anne's,Restaurants and Other Eating Places,245.95186
2025-01-01,KS,Kansas City,d41ec297-f4f2-4f90-bfc4-e6d7ed927869,Ace Hardware,Building Material and Supplies Dealers,244.98651
2025-01-01,FL,Miami,683ff1bb-1c5a-49c4-94da-03f995054da2,Shell Oil,Gasoline Stations,244.39418
2025-01-01,FL,Miami,bf264c51-d4b7-49d9-b06d-afcdb1600135,Shell Oil,Gasoline Stations,244.39418
2025-01-01,FL,Miami,ff217575-8914-4ecd-90b1-4d41f325c419,Shell Oil,Gasoline Stations,244.39418
2025-01-01,FL,Miami,499a4e35-6498-43af-a10c-8c3fe0d01b3f,Shell Oil,Gasoline Stations,244.39418
2025-01-01,FL,Miami,ca6f0b7a-fa9f-4a41-aa67-987af2ff8b5f,Shell Oil,Gasoline Stations,244.39418
2025-01-01,FL,Miami,8c90bc8b-03b2-4139-b624-fc6a070cdbe1,Shell Oil,Gasoline Stations,244.39418
2025-01-01,CA,Los Angeles / SF Bay Area,a1b6c2e7-b012-4980-aa4a-180459f8a5f7,Extended Stay America,Traveler Accommodation,242.25844
2025-01-01,CA,Los Angeles / SF Bay Area,04355484-4f52-4282-9995-e58f94b405b4,Moxy Hotels,Traveler Accommodation,242.25844
2025-01-01,CA,Los Angeles / SF Bay Area,f2f25339-c831-4f60-8f61-312c72695a55,Park Hyatt,Traveler Accommodation,242.25844
2025-01-01,CA,Los Angeles / SF Bay Area,cb0eabeb-3e9e-40cd-9748-5b36a3f195d9,Moxy Hotels,Traveler Accommodation,242.25844
2025-01-01,CA,Los Angeles / SF Bay Area,b084a6e4-5946-4183-a4a7-ed7d3b3cb06d,Montage,Traveler Accommodation,242.25844
2025-01-01,CA,Los Angeles / SF Bay Area,72898cf4-93d6-4ec0-8ca7-24c5c726c2ce,DoubleTree by Hilton,Traveler Accommodation,242.25844
2025-01-01,CA,Los Angeles / SF Bay Area,43f8551f-a2dd-4c57-b1ce-577cf89a52d6,AC Hotel,Traveler Accommodation,242.25844
2025-01-01,CA,Los Angeles / SF Bay Area,2c326d8f-36f9-42b0-bd83-a7cbbf6bde1e,Embassy Suites Hotels,Traveler Accommodation,242.25844
2025-01-01,CA,Los Angeles / SF Bay Area,8c007eb4-ce5c-4dcf-befb-25941157b8a7,Travelodge,Traveler Accommodation,242.25844
2025-01-01,CA,Los Angeles / SF Bay Area,226ef152-c71b-48b6-a34b-8ea80ad574cf,Hostelling International,Traveler Accommodation,242.25844
2025-01-01,CA,Los Angeles / SF Bay Area,bcb3eb7a-dd9c-4d8b-b914-ed0094a77e01,Relais & Chateaux,Traveler Accommodation,242.25844
2025-01-01,CA,Los Angeles / SF Bay Area,ce21b3ba-4476-4f97-b42e-4d5322c6949a,SpringHill Suites by Marriott,Traveler Accommodation,242.25844
2025-01-01,CA,Los Angeles / SF Bay Area,454ef840-adfa-4852-8804-701c857f1b67,Travelodge,Traveler Accommodation,242.25844
2025-01-01,CA,Los Angeles / SF Bay Area,9f00f147-2038-48aa-b59a-3c3131534ff3,Rodeway Inn,Traveler Accommodation,242.25844
2025-01-01,CA,Los Angeles / SF Bay Area,85568b73-edaa-4371-a97a-8888cc60e8fe,Crowne Plaza Hotels and Resorts,Traveler Accommodation,242.25844
2025-01-01,CA,Los Angeles / SF Bay Area,76db9305-8be8-4215-b02d-eb36fb04de8c,Hyatt Centric,Traveler Accommodation,242.25844
2025-01-01,CA,Los Angeles / SF Bay Area,a0464bb5-1e9b-4c4e-9cee-5415b1a97cd1,Home2 Suites,Traveler Accommodation,242.25844
2025-01-01,WA,Seattle,f565988a-34f1-46f6-99f7-151ab79a7502,Vans,Shoe Stores,241.76851
2025-01-01,WA,Seattle,36283f4a-b74c-4115-8b10-5dcf53661fe1,MBT,Shoe Stores,241.76851
2025-01-01,MA,Boston,6345fc3f-2fc0-46a2-8427-1fd056c9cb04,Nouria Energy Corporation,Gasoline Stations,241.57133
2025-01-01,MA,Boston,baa852dd-ee3c-4f53-a5f0-e48381f64818,Gulf Oil,Gasoline Stations,241.57133
2025-01-01,MA,Boston,6f6a12f5-0945-493d-a3bf-8f0b22644b4a,AL Prime Energy,Gasoline Stations,241.57133
2025-01-01,MA,Boston,92804928-8a4a-4918-ac90-f9e1263aa215,Gulf Oil,Gasoline Stations,241.57133
2025-01-01,MA,Boston,92589d62-ce2e-4495-8af3-884e3d81404b,Nouria Energy Corporation,Gasoline Stations,241.57133
2025-01-01,MA,Boston,646fffb7-d3ee-4071-8e85-35f7fa70c486,Sephora,Health and Personal Care Stores,241.45604
2025-01-01,CA,Los Angeles / SF Bay Area,a8579d41-bbaa-40d2-bac0-a9b91ed0a291,Krispy Krunchy Chicken,Restaurants and Other Eating Places,241.06293
2025-01-01,CA,Los Angeles / SF Bay Area,894bf995-aa95-43c6-8f18-61cd5cf35d6e,Krispy Krunchy Chicken,Restaurants and Other Eating Places,241.06293
2025-01-01,CA,Los Angeles / SF Bay Area,4865bccf-6243-428f-849b-c4751276d981,Krispy Krunchy Chicken,Restaurants and Other Eating Places,241.06293
2025-01-01,NJ,New York/New Jersey,d768a381-3558-4347-aead-db8f3c882928,Good Neighbor Pharmacy,Health and Personal Care Stores,240.71391
2025-01-01,NJ,New York/New Jersey,c8f666be-a5c5-4642-9c88-78e69b84f43e,Good Neighbor Pharmacy,Health and Personal Care Stores,240.71391
2025-01-01,NJ,New York/New Jersey,3ffd52f8-f6db-40ff-9059-cef865422f34,Good Neighbor Pharmacy,Health and Personal Care Stores,240.71391
2025-01-01,NY,New York/New Jersey,75305af4-5821-479e-a687-b835e0d8f73a,Foot Locker,Shoe Stores,239.9413
2025-01-01,NY,New York/New Jersey,336c1945-d115-4ce5-b01e-93df590ff9ca,Famous Footwear,Shoe Stores,239.9413
2025-01-01,NY,New York/New Jersey,dd3de149-b935-4d86-84cb-6052b10d900d,Journeys,Shoe Stores,239.9413
2025-01-01,NY,New York/New Jersey,6980e766-6d8c-4fa5-ab13-d0ab340f77db,Foot Locker,Shoe Stores,239.9413
2025-01-01,NY,New York/New Jersey,0662bfcc-67d5-4894-9d2f-84e6e4f15c0d,Shoe Dept Encore,Shoe Stores,239.9413
2025-01-01,NY,New York/New Jersey,eb9cdb1e-4e1b-4633-a2e7-10b184c1fb7c,Famous Footwear,Shoe Stores,239.9413
2025-01-01,NY,New York/New Jersey,75da9869-22bb-46ba-9165-010572e9bf35,Kids Foot Locker,Shoe Stores,239.9413
2025-01-01,NY,New York/New Jersey,33477c80-b7e1-404a-ae10-46f9094d8aa9,Skechers,Shoe Stores,239.9413
2025-01-01,NY,New York/New Jersey,4735c54e-0c3e-4fd4-bd6f-9749015e9f26,Boot Barn,Shoe Stores,239.9413
2025-01-01,MA,Boston,7c64b695-c91f-4ca3-8d33-872a2157fd0c,Planet Fitness,Other Amusement and Recreation Industries,238.86159
2025-01-01,TX,Dallas / Houston,fcc55123-cf23-429a-b6e8-0b8082e8479e,Extended Stay America,Traveler Accommodation,235.84633
2025-01-01,TX,Dallas / Houston,939ff493-2c54-4228-b27c-df565ac30338,Aloft Hotels,Traveler Accommodation,235.84633
2025-01-01,TX,Dallas / Houston,6ae95d0c-6708-445e-9219-6421553b6371,Ramada,Traveler Accommodation,235.84633
2025-01-01,TX,Dallas / Houston,0b0873a3-ee54-47af-8365-2b3a6ff678ae,DoubleTree by Hilton,Traveler Accommodation,235.84633
2025-01-01,TX,Dallas / Houston,6c46d932-f6db-4313-a397-f0e8b38d312b,Studio 6,Traveler Accommodation,235.84633
2025-01-01,TX,Dallas / Houston,68847949-fb71-4a85-8822-8ecb386c21e4,Comfort Suites,Traveler Accommodation,235.84633
2025-01-01,TX,Dallas / Houston,2531312a-ec32-4b58-ab2f-fce2bdd86b8d,OYO,Traveler Accommodation,235.84633
2025-01-01,TX,Dallas / Houston,64d08f24-3adb-44f7-9bbd-e0907a7e3e29,Comfort Suites,Traveler Accommodation,235.84633
2025-01-01,TX,Dallas / Houston,118ce556-d92b-4481-93f4-d37c56048beb,Residence Inn by Marriott,Traveler Accommodation,235.84633
2025-01-01,TX,Dallas / Houston,f344d852-81f0-4104-aaf2-bb9edca96ffd,Staybridge Suites,Traveler Accommodation,235.84633
2025-01-01,TX,Dallas / Houston,8933e8d4-4403-45a5-905e-6d3818361708,tru by Hilton,Traveler Accommodation,235.84633
2025-01-01,TX,Dallas / Houston,fc995327-b78e-4345-8ac6-c6251bfd5968,Candlewood Suites,Traveler Accommodation,235.84633
2025-01-01,TX,Dallas / Houston,404e9922-4f82-4ba7-862f-e91ba39f6897,Hotel Indigo,Traveler Accommodation,235.84633
2025-01-01,TX,Dallas / Houston,1784b9d9-fd56-4e2e-b892-baa717749862,Microtel Inn and Suites,Traveler Accommodation,235.84633
2025-01-01,TX,Dallas / Houston,5b809866-8625-4a2d-ba94-4c7cef7ba7ee,Omni Hotels & Resorts,Traveler Accommodation,235.84633
2025-01-01,TX,Dallas / Houston,b7c009b1-8da2-42bb-b3c1-6bc5e858681b,Cambria Suites,Traveler Accommodation,235.84633
2025-01-01,TX,Dallas / Houston,513ccd23-ef9a-46a8-9ea5-b836cfe00d88,Comfort Suites,Traveler Accommodation,235.84633
2025-01-01,TX,Dallas / Houston,d19e8c68-b4cd-4854-b8a0-d2388e73ee3f,tru by Hilton,Traveler Accommodation,235.84633
2025-01-01,TX,Dallas / Houston,c7efafc8-3d65-49a8-9815-a6e367d40552,WoodSpring Hotels,Traveler Accommodation,235.84633
2025-01-01,TX,Dallas / Houston,d44019bc-aade-45a0-8840-a2736e41f515,Studio 6,Traveler Accommodation,235.84633
2025-01-01,TX,Dallas / Houston,751bcb4c-fca8-4c18-bee1-4bc4925fcd64,Residence Inn by Marriott,Traveler Accommodation,235.84633
2025-01-01,TX,Dallas / Houston,5738a1ae-7ece-4e49-b0d4-efb843961534,Staybridge Suites,Traveler Accommodation,235.84633
2025-01-01,TX,Dallas / Houston,d8ae5ce7-f3d0-430c-8a4d-289e6ce5d3d3,Home2 Suites,Traveler Accommodation,235.84633
2025-01-01,TX,Dallas / Houston,7501fceb-5c73-4470-9160-f91609404694,Comfort Suites,Traveler Accommodation,235.84633
2025-01-01,TX,Dallas / Houston,b9ce87fa-0e98-4e9a-9115-4e4ddbdc8e56,DoubleTree by Hilton,Traveler Accommodation,235.84633
2025-01-01,TX,Dallas / Houston,b95fb8f7-9667-4de2-809b-2af76705e286,Hilton Garden Inn,Traveler Accommodation,235.84633
2025-01-01,TX,Dallas / Houston,c60ad545-5612-4b17-8405-afe1c1b46f32,Marriott Hotels,Traveler Accommodation,235.84633
2025-01-01,TX,Dallas / Houston,eb0fbd0a-6973-4d68-8ed8-f492c722d6ef,Sleep Inn,Traveler Accommodation,235.84633
2025-01-01,TX,Dallas / Houston,4496dcbe-afb0-484f-9cc5-ebbf56d21819,Microtel Inn and Suites,Traveler Accommodation,235.84633
2025-01-01,TX,Dallas / Houston,ebaaa72c-07b8-4a89-a077-5b5ab34b1f1f,Comfort Suites,Traveler Accommodation,235.84633
2025-01-01,TX,Dallas / Houston,705aeb52-9f6f-4018-952c-9cf988ffd334,Sleep Inn,Traveler Accommodation,235.84633
2025-01-01,KS,Kansas City,295e2703-84b1-4246-971d-d90178b6fa81,Hampton,Traveler Accommodation,235.84079
2025-01-01,MA,Boston,f335cb50-dcef-4aa0-b3e9-9f1459929b0d,Hampton,Traveler Accommodation,235.34518
2025-01-01,PA,Philadelphia,a686fbb6-3ea0-4f0c-aa6f-8f60334c97f6,Dollar General,"General Merchandise Stores, including Warehouse Clubs and Supercenters",235.16382
2025-01-01,PA,Philadelphia,8f8d25aa-f1a8-4ab8-8bcf-1410a42334b4,Dollar General,"General Merchandise Stores, including Warehouse Clubs and Supercenters",235.16382
2025-01-01,PA,Philadelphia,b08b02fe-5a70-4695-990a-ae2342acdf30,Dollar General,"General Merchandise Stores, including Warehouse Clubs and Supercenters",235.16382
2025-01-01,PA,Philadelphia,43f3dbc5-9efa-4c6e-8ceb-fc345caeca63,Dollar General,"General Merchandise Stores, including Warehouse Clubs and Supercenters",235.16382
2025-01-01,PA,Philadelphia,38a50b65-182f-4fff-9da9-ad97410fd20b,Dollar General,"General Merchandise Stores, including Warehouse Clubs and Supercenters",235.16382
2025-01-01,PA,Philadelphia,ea0e9934-5a05-4a35-aa67-68600900ba59,Dollar General,"General Merchandise Stores, including Warehouse Clubs and Supercenters",235.16382
2025-01-01,PA,Philadelphia,64680485-f7d0-40a1-883c-7d50066d79bd,Dollar General,"General Merchandise Stores, including Warehouse Clubs and Supercenters",235.16382
2025-01-01,PA,Philadelphia,6a381e15-03b9-4f68-bfdb-7ba90571ac38,Dollar General,"General Merchandise Stores, including Warehouse Clubs and Supercenters",235.16382
2025-01-01,PA,Philadelphia,277ce3df-8e4a-47af-a73e-3d0edc70bbb7,Dollar General,"General Merchandise Stores, including Warehouse Clubs and Supercenters",235.16382
2025-01-01,PA,Philadelphia,7b2d6c2a-2428-4f88-a896-69345088414b,Dollar General,"General Merchandise Stores, including Warehouse Clubs and Supercenters",235.16382
2025-01-01,PA,Philadelphia,a523ea64-3dc2-4444-be9c-ea096c923c8d,Dollar General,"General Merchandise Stores, including Warehouse Clubs and Supercenters",235.16382
2025-01-01,NY,New York/New Jersey,9851347c-7a5f-4131-8d5c-1a753a1f3721,Dollar Tree,"General Merchandise Stores, including Warehouse Clubs and Supercenters",235.01173
2025-01-01,NY,New York/New Jersey,ad06d272-ffab-428f-8f65-fe0dff61d36b,Dollar Tree,"General Merchandise Stores, including Warehouse Clubs and Supercenters",235.01173
2025-01-01,NY,New York/New Jersey,c4143948-5d91-4697-bc09-cae428015171,Dollar Tree,"General Merchandise Stores, including Warehouse Clubs and Supercenters",235.01173
2025-01-01,NY,New York/New Jersey,6d5720e0-5b07-4667-9d75-13a3752ab6ac,Dollar Tree,"General Merchandise Stores, including Warehouse Clubs and Supercenters",235.01173
2025-01-01,NY,New York/New Jersey,092bbcf8-1dde-4864-b39a-5d9b6b01248a,Dollar Tree,"General Merchandise Stores, including Warehouse Clubs and Supercenters",235.01173
2025-01-01,MO,Kansas City,490efc56-1afb-4cca-be59-45cc3a44a840,ULTA Beauty,Health and Personal Care Stores,234.81981
2025-01-01,MO,Kansas City,ae1235f3-508b-4d43-9d8e-4735496eaa57,Sinclair Oil,Gasoline Stations,234.55424
2025-01-01,MO,Kansas City,1bf4fd6b-54e0-4d31-a1f0-7d4286e26097,Break Time,Gasoline Stations,234.55424
2025-01-01,MO,Kansas City,a0304e57-135c-4287-afb0-d19d02da4004,TravelCenters of America,Gasoline Stations,234.55424
2025-01-01,MO,Kansas City,e58697a6-3648-441a-bc59-e90c3c68dfba,MFA Oil,Gasoline Stations,234.55424
2025-01-01,MA,Boston,76b125eb-7959-4df6-9933-1d4f9576fb63,Dollar Tree,"General Merchandise Stores, including Warehouse Clubs and Supercenters",234.173
2025-01-01,MA,Boston,e6a20ed1-52de-4bcb-a4b3-2ecf24405845,Dollar Tree,"General Merchandise Stores, including Warehouse Clubs and Supercenters",234.173
2025-01-01,MA,Boston,da2f64d1-9e1e-41d2-a36b-c4d01419662c,7-Eleven,Grocery Stores,234.16426
2025-01-01,MA,Boston,f8b72444-c152-4e7c-9f6f-2c709b30852e,7-Eleven,Grocery Stores,234.16426
2025-01-01,MA,Boston,b18fc51e-9fe9-45bb-8d8b-108c5a5d64bc,7-Eleven,Grocery Stores,234.16426
2025-01-01,MA,Boston,23d5ec6a-c5ed-4471-b0d0-d465fecc6904,7-Eleven,Grocery Stores,234.16426
2025-01-01,GA,Atlanta,c22e48aa-a540-44fd-b8bb-9858a719cb4e,Champs Sports,"Sporting Goods, Hobby, and Musical Instrument Stores",233.42488
2025-01-01,GA,Atlanta,52ce8f71-8cd3-4528-960c-cb0c1fcbfa96,Hibbett Sports,"Sporting Goods, Hobby, and Musical Instrument Stores",233.42488
2025-01-01,WA,Seattle,f0d48b69-ec9f-4442-8873-4b942bc1ea42,Michaels Stores,"Sporting Goods, Hobby, and Musical Instrument Stores",231.39525
2025-01-01,WA,Seattle,bf181d62-955f-4689-8f5c-5c4ba0eca3dd,Dick's Sporting Goods,"Sporting Goods, Hobby, and Musical Instrument Stores",231.39525
2025-01-01,WA,Seattle,0aa7dd40-5be5-4988-a232-c5fb8f23f917,Play It Again Sports,"Sporting Goods, Hobby, and Musical Instrument Stores",231.39525
2025-01-01,WA,Seattle,e3bee158-948b-4528-b3a7-fc2050053c5d,Cycle Gear,"Sporting Goods, Hobby, and Musical Instrument Stores",231.39525
2025-01-01,GA,Atlanta,0d0b273a-a43a-43bd-ab07-186de2be3b23,Dollar Tree,"General Merchandise Stores, including Warehouse Clubs and Supercenters",231.04413
2025-01-01,GA,Atlanta,0ecd8490-a098-4a21-9a6e-c3b432b12999,Dollar Tree,"General Merchandise Stores, including Warehouse Clubs and Supercenters",231.04413
2025-01-01,GA,Atlanta,7a41ac81-f494-45b1-93ae-8513319f0d2c,Auntie Anne's,Restaurants and Other Eating Places,230.0143
2025-01-01,FL,Miami,dd4d8128-4fec-47e8-9553-d1848e219f01,Value Pawn and Jewelry,Used Merchandise Stores,229.92862
2025-01-01,FL,Miami,6be70eac-6cb0-4184-9d91-f11e242735a4,Value Pawn and Jewelry,Used Merchandise Stores,229.92862
2025-01-01,FL,Miami,26517cf9-5d72-45a3-97d6-9ec234a1da44,Value Pawn and Jewelry,Used Merchandise Stores,229.92862
2025-01-01,FL,Miami,fba4e867-8b2b-49b7-8a3e-c80c8c636a1d,Plato's Closet,Used Merchandise Stores,229.92862
2025-01-01,CA,Los Angeles / SF Bay Area,425ddc3f-64e3-42c8-b399-4e1a645c3636,Good Neighbor Pharmacy,Health and Personal Care Stores,228.89902
2025-01-01,TX,Dallas / Houston,8c555e41-2916-4ad4-bea8-0ba25b47f336,Dollar Tree,"General Merchandise Stores, including Warehouse Clubs and Supercenters",228.12616
2025-01-01,TX,Dallas / Houston,27a8cee7-2074-433b-b620-48e0fb14441c,Dollar Tree,"General Merchandise Stores, including Warehouse Clubs and Supercenters",228.12616
2025-01-01,TX,Dallas / Houston,afce5674-af75-442c-8df7-ee8ef007ee9c,Dollar Tree,"General Merchandise Stores, including Warehouse Clubs and Supercenters",228.12616
2025-01-01,TX,Dallas / Houston,4e2ac489-ea7d-4322-834f-b3079f14d38e,Dollar Tree,"General Merchandise Stores, including Warehouse Clubs and Supercenters",228.12616
2025-01-01,TX,Dallas / Houston,4c3e681b-0278-46a5-912f-5f3e8b882b5a,Dollar Tree,"General Merchandise Stores, including Warehouse Clubs and Supercenters",228.12616
2025-01-01,TX,Dallas / Houston,31e51fe1-bf48-4f7b-a6ec-a3deaae8c58a,Dollar Tree,"General Merchandise Stores, including Warehouse Clubs and Supercenters",228.12616
2025-01-01,TX,Dallas / Houston,5fecfe1f-d2bc-444d-ac09-05cd5249d4ba,Dollar Tree,"General Merchandise Stores, including Warehouse Clubs and Supercenters",228.12616
2025-01-01,TX,Dallas / Houston,0fd8d2e0-7450-49ca-8fd5-77cdc4fa933d,Dollar Tree,"General Merchandise Stores, including Warehouse Clubs and Supercenters",228.12616
2025-01-01,PA,Philadelphia,fc68b50f-416e-4d55-a9a7-27c23b864ca9,ULTA Beauty,Health and Personal Care Stores,227.39336
2025-01-01,MA,Boston,83d53042-75b5-44b6-b1f9-10c953f8007f,Michaels Stores,"Sporting Goods, Hobby, and Musical Instrument Stores",226.32368
2025-01-01,MA,Boston,67311385-7504-4cfa-9e32-1a9f27763b49,Sun & Ski Sports,"Sporting Goods, Hobby, and Musical Instrument Stores",226.32368
2025-01-01,MA,Boston,8949d216-4341-40d9-82ae-0b72bbb2c8fe,Michaels Stores,"Sporting Goods, Hobby, and Musical Instrument Stores",226.32368
2025-01-01,FL,Miami,efbbabb6-2925-4251-badd-7bd30c7cd482,Krispy Krunchy Chicken,Restaurants and Other Eating Places,226.31544
2025-01-01,FL,Miami,c45a7878-b3d8-4851-ac06-691ba4f46acc,Krispy Krunchy Chicken,Restaurants and Other Eating Places,226.31544
2025-01-01,TX,Dallas / Houston,a2ed74ab-751c-44cb-b3f3-3bad216f3efb,7-Eleven,Grocery Stores,225.95132
2025-01-01,TX,Dallas / Houston,1bdbf4c3-b6af-4f72-aa68-31cd213b7900,7-Eleven,Grocery Stores,225.95132
2025-01-01,TX,Dallas / Houston,641d9c28-b0ce-48ab-9e42-49f5fd27ea5c,7-Eleven,Grocery Stores,225.95132
2025-01-01,TX,Dallas / Houston,2037e44d-f58d-4f66-b46d-7c033286dbe8,7-Eleven,Grocery Stores,225.95132
2025-01-01,TX,Dallas / Houston,67bc1003-b08d-4abc-b45b-770cd68177fa,7-Eleven,Grocery Stores,225.95132
2025-01-01,TX,Dallas / Houston,9b25c4b3-6a1d-414a-a546-d9eb2d586c28,7-Eleven,Grocery Stores,225.95132
2025-01-01,TX,Dallas / Houston,2733417f-7979-4ed9-8d51-853665f9aa6b,7-Eleven,Grocery Stores,225.95132
2025-01-01,TX,Dallas / Houston,0541a1fe-539b-4fdd-a840-613ae6147412,7-Eleven,Grocery Stores,225.95132
2025-01-01,TX,Dallas / Houston,ab78911e-4ea7-4404-9688-e2d9c727a1cb,7-Eleven,Grocery Stores,225.95132
2025-01-01,TX,Dallas / Houston,cc3815a8-1049-4606-bae0-b2f4591d4927,7-Eleven,Grocery Stores,225.95132
2025-01-01,TX,Dallas / Houston,cab15db4-7ad1-46b2-bd21-befeee335f01,7-Eleven,Grocery Stores,225.95132
2025-01-01,TX,Dallas / Houston,248f714c-9b0f-43ba-bcba-4785be5ead91,7-Eleven,Grocery Stores,225.95132
2025-01-01,TX,Dallas / Houston,5d1f42c5-4098-4c3c-acca-3314efd4f8c2,7-Eleven,Grocery Stores,225.95132
2025-01-01,TX,Dallas / Houston,a22daa54-ddce-4111-b0dc-9e5d84b04d26,7-Eleven,Grocery Stores,225.95132
2025-01-01,TX,Dallas / Houston,5a65f629-53c6-410f-b4ee-d2362be694e0,7-Eleven,Grocery Stores,225.95132
2025-01-01,TX,Dallas / Houston,555b31cb-f924-444e-a961-a0bff91fdc55,7-Eleven,Grocery Stores,225.95132
2025-01-01,CA,Los Angeles / SF Bay Area,26bd8904-ecbc-443a-990d-a48f4bb23fad,The Burger Den,Restaurants and Other Eating Places,225.93379
2025-01-01,WA,Seattle,531f9896-63d4-46c6-a5a5-3559809b79d5,Residence Inn by Marriott,Traveler Accommodation,225.82614
2025-01-01,WA,Seattle,1e41bd42-4904-4981-8ca0-398d251bf783,avid hotels,Traveler Accommodation,225.82614
2025-01-01,GA,Atlanta,92b8f6aa-6768-4726-8b01-954d5766b3b8,Staples,"Office Supplies, Stationery, and Gift Stores",225.81241
2025-01-01,GA,Atlanta,6bca67b2-1506-45a7-8241-da422901cbb9,Staples,"Office Supplies, Stationery, and Gift Stores",225.81241
2025-01-01,NY,New York/New Jersey,c4a56a15-c046-4da2-9bb8-aa11d4c11468,ConocoPhillips,Gasoline Stations,224.97319
2025-01-01,NJ,New York/New Jersey,41d1f354-7ea9-43c9-ba47-939df02d49bd,Staples,"Office Supplies, Stationery, and Gift Stores",224.47119
2025-01-01,NJ,New York/New Jersey,c37a717c-2904-483f-8a51-fb996ba961ad,Staples,"Office Supplies, Stationery, and Gift Stores",224.47119
2025-01-01,CA,Los Angeles / SF Bay Area,6a7826c0-075c-4b1d-8d3a-1eef3bef7aa9,Baskin Robbins,Restaurants and Other Eating Places,222.52527
2025-01-01,CA,Los Angeles / SF Bay Area,f3924056-05fb-4bb6-8ebf-a45a45502e8c,Baskin Robbins,Restaurants and Other Eating Places,222.52527
2025-01-01,MA,Boston,ff40c4b1-8270-48e2-a0de-77889542c684,Famous Footwear,Shoe Stores,221.47426
2025-01-01,MA,Boston,3fb3e1b5-7841-435f-9ca1-f09de90217a6,SNIPES,Shoe Stores,221.47426
2025-01-01,GA,Atlanta,b53a6c2d-078d-4415-a17c-815e576a49b4,Value Pawn and Jewelry,Used Merchandise Stores,221.23029
2025-01-01,GA,Atlanta,c370f04b-a7a0-4117-a594-6e6aaad0890a,Uptown Cheapskate,Used Merchandise Stores,221.23029
2025-01-01,NY,New York/New Jersey,f77ddb52-b932-4b4a-a82d-7897a20cdcb2,Shell Oil,Gasoline Stations,220.84892
2025-01-01,NY,New York/New Jersey,563c0871-5cc9-4db9-8116-71d1793d1083,Shell Oil,Gasoline Stations,220.84892
2025-01-01,GA,Atlanta,12560a19-6430-4da5-bb67-f5720d2156f9,Exxon Mobil,Gasoline Stations,220.03807
2025-01-01,GA,Atlanta,40a9e285-657b-42df-a73f-af8c74e0c0b6,Exxon Mobil,Gasoline Stations,220.03807
2025-01-01,CA,Los Angeles / SF Bay Area,ebdbb439-3e71-42ac-bcd8-fb08609ad29b,Sears Home Services,Department Stores,219.61845
2025-01-01,CA,Los Angeles / SF Bay Area,a288fe45-a499-4de8-93fe-b79bdf88bed9,Sears Home Services,Department Stores,219.61845
2025-01-01,MO,Kansas City,06553189-78c4-4241-afe2-ffc1ca74b293,Dollar Tree,"General Merchandise Stores, including Warehouse Clubs and Supercenters",219.60426
2025-01-01,MO,Kansas City,e020b9dd-39b2-456d-9c2f-32923272b865,Dollar Tree,"General Merchandise Stores, including Warehouse Clubs and Supercenters",219.60426
2025-01-01,MA,Boston,3467f236-b385-4201-b431-5ff06652071d,Staples,"Office Supplies, Stationery, and Gift Stores",217.06752
2025-01-01,CA,Los Angeles / SF Bay Area,7d4add8c-45f5-402e-a2ec-4387f6607b43,Rite Aid Pharmacy,Health and Personal Care Stores,216.64452
2025-01-01,CA,Los Angeles / SF Bay Area,49a2ee0f-1437-4ce5-ae48-6d5ca2842ed2,Rite Aid Pharmacy,Health and Personal Care Stores,216.64452
2025-01-01,CA,Los Angeles / SF Bay Area,9e49ba1d-1544-49e0-80e1-f8be9d6cf410,Rite Aid Pharmacy,Health and Personal Care Stores,216.64452
2025-01-01,PA,Philadelphia,cb38fa3a-6cc0-479e-bde7-52c2cb1e7aea,Graduate Hotels,Traveler Accommodation,216.39703
2025-01-01,PA,Philadelphia,a5519a35-5742-4704-a5fe-9908d903f8d2,Sleep Inn,Traveler Accommodation,216.39703
2025-01-01,PA,Philadelphia,9133c77e-d0fa-4ef0-ac6b-0e8b2410d85f,Sleep Inn,Traveler Accommodation,216.39703
2025-01-01,PA,Philadelphia,53c12492-9903-4ba3-a979-aaca6d50979c,Holiday Inn,Traveler Accommodation,216.39703
2025-01-01,PA,Philadelphia,daf41746-5df9-442b-856a-6151a6972869,Residence Inn by Marriott,Traveler Accommodation,216.39703
2025-01-01,PA,Philadelphia,cba5e5b3-f764-40b2-b579-481638014ac1,Hilton International,Traveler Accommodation,216.39703
2025-01-01,PA,Philadelphia,2a2bff63-3334-4b30-839f-58e716fb0d04,Rodeway Inn,Traveler Accommodation,216.39703
2025-01-01,CA,Los Angeles / SF Bay Area,7f9b0155-2991-41ce-ad37-a8fb8f80e150,Chevron Extra Mile,Gasoline Stations,215.77438
2025-01-01,CA,Los Angeles / SF Bay Area,4bf26184-a3f3-4a74-be93-f348b7cc0d2f,Chevron Extra Mile,Gasoline Stations,215.77438
2025-01-01,CA,Los Angeles / SF Bay Area,b641b458-c4e9-4080-81e8-edc47d550648,Chevron Extra Mile,Gasoline Stations,215.77438
2025-01-01,CA,Los Angeles / SF Bay Area,57a611c1-14b0-4f0e-a381-6b68f5ec7a6f,Chevron Extra Mile,Gasoline Stations,215.77438
2025-01-01,CA,Los Angeles / SF Bay Area,a02a8da7-66a9-4770-96f8-d29c1845b634,Chevron Extra Mile,Gasoline Stations,215.77438
2025-01-01,CA,Los Angeles / SF Bay Area,eba6eac5-ac44-420d-95ef-a3bcd10b1c67,Chevron Extra Mile,Gasoline Stations,215.77438
2025-01-01,CA,Los Angeles / SF Bay Area,be39868e-17ec-40ba-9fbe-a6782056efb4,Chevron Extra Mile,Gasoline Stations,215.77438
2025-01-01,MO,Kansas City,addeb40e-63b1-46df-a36a-796d05ccc3e8,Plato's Closet,Used Merchandise Stores,215.24435
2025-01-01,MO,Kansas City,05e479f5-3da9-4ade-8157-b63524022883,Once Upon a Child,Used Merchandise Stores,215.24435
2025-01-01,TX,Dallas / Houston,d0e8792c-b0ad-48a6-badd-a0573304476b,Shoe Dept Encore,Shoe Stores,214.67284
2025-01-01,TX,Dallas / Houston,233f9d45-9ea6-4a2f-9ae3-8d3e2335aa8d,Journeys,Shoe Stores,214.67284
2025-01-01,TX,Dallas / Houston,da66307d-066f-4604-8fdc-b8724d27ce4f,Boot Barn,Shoe Stores,214.67284
2025-01-01,TX,Dallas / Houston,e2537ec5-ef72-4194-b9fb-e9ac2581b6d3,SAS San Antonio Shoemakers,Shoe Stores,214.67284
2025-01-01,TX,Dallas / Houston,7080f30d-8c49-4ed7-ad3d-a2d5c7e3cfeb,Skechers,Shoe Stores,214.67284
2025-01-01,TX,Dallas / Houston,a698d81e-1275-4d53-b425-e8a3a742b86d,SAS San Antonio Shoemakers,Shoe Stores,214.67284
2025-01-01,TX,Dallas / Houston,280fcec2-5e6e-4435-92fb-97e2b87e0078,Cavender's,Shoe Stores,214.67284
2025-01-01,TX,Dallas / Houston,f588543d-f4bd-47b0-b1cf-8faf7ab6d028,Finish Line,Shoe Stores,214.67284
2025-01-01,TX,Dallas / Houston,86d4064f-fb59-4b83-820e-13b8f7622ded,Finish Line,Shoe Stores,214.67284
2025-01-01,TX,Dallas / Houston,5350efa5-039b-4104-8947-629dc1bf1020,Hunt Brothers Pizza,Restaurants and Other Eating Places,212.98016
2025-01-01,TX,Dallas / Houston,cfbd2441-71a0-419f-b310-306dd8c94031,Hunt Brothers Pizza,Restaurants and Other Eating Places,212.98016
2025-01-01,TX,Dallas / Houston,54cd2078-658d-465e-ad19-0f4b0caaa99d,Hunt Brothers Pizza,Restaurants and Other Eating Places,212.98016
2025-01-01,TX,Dallas / Houston,173fa968-81e6-4b84-aff2-b5622ee56f37,Hunt Brothers Pizza,Restaurants and Other Eating Places,212.98016
2025-01-01,TX,Dallas / Houston,c52d985e-7dd8-462d-92e8-01d34091f9bb,Hunt Brothers Pizza,Restaurants and Other Eating Places,212.98016
2025-01-01,TX,Dallas / Houston,4c7ffea2-f54b-4a82-b92d-86ae74bf1847,Hunt Brothers Pizza,Restaurants and Other Eating Places,212.98016
2025-01-01,TX,Dallas / Houston,f128cb33-fee5-4c1d-b1e5-7eac6b3f43d1,Hunt Brothers Pizza,Restaurants and Other Eating Places,212.98016
2025-01-01,TX,Dallas / Houston,717d7d9c-93b4-43fc-9333-4063a2315761,Hunt Brothers Pizza,Restaurants and Other Eating Places,212.98016
2025-01-01,TX,Dallas / Houston,894ba8bb-6d16-4bcc-84cf-0ae509e68704,Hunt Brothers Pizza,Restaurants and Other Eating Places,212.98016
2025-01-01,TX,Dallas / Houston,9b12bd3b-f993-49bf-8d63-924076046a47,Hunt Brothers Pizza,Restaurants and Other Eating Places,212.98016
2025-01-01,TX,Dallas / Houston,7fd3c38c-1aa6-4264-a388-993a699f42e6,Hunt Brothers Pizza,Restaurants and Other Eating Places,212.98016
2025-01-01,TX,Dallas / Houston,8e3df423-0203-40b5-8710-cd54b84917a8,Hunt Brothers Pizza,Restaurants and Other Eating Places,212.98016
2025-01-01,GA,Atlanta,b42e8c38-74b6-40ca-bfda-36dbc17064b6,Econo Lodge,Traveler Accommodation,211.2425
2025-01-01,GA,Atlanta,166b7288-13fe-46d5-bd4f-f9c0a741d295,Studio 6,Traveler Accommodation,211.2425
2025-01-01,GA,Atlanta,b9969c75-ad33-437d-96f6-21b4fd9d3bd8,Hilton International,Traveler Accommodation,211.2425
2025-01-01,GA,Atlanta,d042c43b-2c6e-4e47-aed7-1780e4ea168b,Hyatt Place,Traveler Accommodation,211.2425
2025-01-01,GA,Atlanta,832b4476-1ed2-4e84-a1cc-43a71195de9c,Country Inn & Suites by Radisson Americas,Traveler Accommodation,211.2425
2025-01-01,FL,Miami,0d1aea4d-acb0-4e57-9439-ebe2597e24c5,Cobb Theatres,Motion Picture and Video Industries,211.14728
2025-01-01,PA,Philadelphia,425ea575-5c73-4199-8d79-2054df367428,Hampton,Traveler Accommodation,210.98457
2025-01-01,KS,Kansas City,797d7f57-b6f3-4880-84ae-64b97e6c2312,Plato's Closet,Used Merchandise Stores,210.6672
2025-01-01,FL,Miami,8d99270a-bed4-47bc-b90e-d3f21edd03a4,AutoZone,"Automotive Parts, Accessories, and Tire Stores",208.36258
2025-01-01,CA,Los Angeles / SF Bay Area,16f1a2ba-2c0e-4185-aa0b-9ff5447eb08f,Kahoots Pet Products,Other Miscellaneous Store Retailers,206.57161
2025-01-01,CA,Los Angeles / SF Bay Area,b77aa29d-3a88-4f86-bb9e-2af8cf42d106,Pet Food Express,Other Miscellaneous Store Retailers,206.57161
2025-01-01,CA,Los Angeles / SF Bay Area,c70c5d77-8100-40f5-b0ee-063adb715e80,Blick Art Materials,Other Miscellaneous Store Retailers,206.57161
2025-01-01,CA,Los Angeles / SF Bay Area,64c6a927-b441-4690-b1fc-fa80d1ed4c2c,Lovers,Other Miscellaneous Store Retailers,206.57161
2025-01-01,PA,Philadelphia,ed6ab601-132b-4c76-b1c9-665e9e677c99,Dollar Tree,"General Merchandise Stores, including Warehouse Clubs and Supercenters",205.11554
2025-01-01,WA,Seattle,d33b1264-f1e9-4179-a659-ccb26490080f,Shell Oil,Gasoline Stations,204.33017
2025-01-01,WA,Seattle,e0f696a5-d464-430c-994c-70936321a1db,Shell Oil,Gasoline Stations,204.33017
2025-01-01,WA,Seattle,44263105-0e08-4792-94b9-b940db9d86d5,Shell Oil,Gasoline Stations,204.33017
2025-01-01,WA,Seattle,3d6b5129-d42f-4e54-b547-0765a8c835e3,Shell Oil,Gasoline Stations,204.33017
2025-01-01,WA,Seattle,ee6287be-bf6d-4f3d-afeb-a62fff6867f8,Shell Oil,Gasoline Stations,204.33017
2025-01-01,WA,Seattle,644d4d74-42d7-4de9-86b2-d1c2f097bf9b,Shell Oil,Gasoline Stations,204.33017
2025-01-01,WA,Seattle,1aa71a94-5311-44b8-8170-7361573d093d,Shell Oil,Gasoline Stations,204.33017
2025-01-01,WA,Seattle,fac6a831-15f5-4c6b-9669-621f0292287d,Shell Oil,Gasoline Stations,204.33017
2025-01-01,TX,Dallas / Houston,d924668c-567d-4cbb-93b3-c2c56257a7fa,Shell Oil,Gasoline Stations,204.03734
2025-01-01,TX,Dallas / Houston,a251d9ce-0b0e-4e9a-95a1-0cb0b594e762,Shell Oil,Gasoline Stations,204.03734
2025-01-01,TX,Dallas / Houston,89b6bed2-42f4-467e-ad7f-3d91ddc09645,Shell Oil,Gasoline Stations,204.03734
2025-01-01,TX,Dallas / Houston,ab7503e0-d64a-4018-a2c3-0ae39252dc88,Shell Oil,Gasoline Stations,204.03734
2025-01-01,TX,Dallas / Houston,c7dbae52-96ad-40b3-a4d5-dd1e1ab482a9,Shell Oil,Gasoline Stations,204.03734
2025-01-01,TX,Dallas / Houston,2da05d16-e255-4025-b7a3-c83530f1e208,Shell Oil,Gasoline Stations,204.03734
2025-01-01,TX,Dallas / Houston,0f2c8bcc-f110-4d8b-93be-f73087eb7e4e,Shell Oil,Gasoline Stations,204.03734
2025-01-01,TX,Dallas / Houston,caeab3b9-f832-4319-94a1-930aacc9552d,Shell Oil,Gasoline Stations,204.03734
2025-01-01,TX,Dallas / Houston,6d22a812-0ff1-4b79-a6f9-ab65bd78d139,Shell Oil,Gasoline Stations,204.03734
2025-01-01,TX,Dallas / Houston,53cd10ec-870b-4957-8788-866eb3da3dd9,Shell Oil,Gasoline Stations,204.03734
2025-01-01,TX,Dallas / Houston,1d3accdc-94c2-4a52-818e-c94938b30027,Shell Oil,Gasoline Stations,204.03734
2025-01-01,TX,Dallas / Houston,b291938d-5a70-4eb3-b15f-c353323be33d,Shell Oil,Gasoline Stations,204.03734
2025-01-01,TX,Dallas / Houston,5869f358-b7f8-4b0c-9635-43483e119e6e,Shell Oil,Gasoline Stations,204.03734
2025-01-01,TX,Dallas / Houston,d0bf4cc7-665a-47d7-9d63-88adc1f785fc,Shell Oil,Gasoline Stations,204.03734
2025-01-01,TX,Dallas / Houston,7fc49ed8-6b49-41b2-922a-e1fb2f4e121f,Shell Oil,Gasoline Stations,204.03734
2025-01-01,PA,Philadelphia,379a00ff-3757-4baa-9603-1632319f2a8f,Ace Hardware,Building Material and Supplies Dealers,203.93921
2025-01-01,PA,Philadelphia,389f797b-2008-4a50-b531-d9378889e169,Ace Hardware,Building Material and Supplies Dealers,203.93921
2025-01-01,PA,Philadelphia,6b480474-237b-4b94-994d-2cf8f6c926be,Ace Hardware,Building Material and Supplies Dealers,203.93921
2025-01-01,WA,Seattle,3dd53c3f-3326-4daf-a42a-2c9cdf39eb04,ConocoPhillips,Gasoline Stations,202.88632
2025-01-01,PA,Philadelphia,fad649cd-dfac-4c8a-8ddc-a86dac596e96,Habitat for Humanity ReStore,Used Merchandise Stores,202.6306
2025-01-01,NY,New York/New Jersey,a81cf7c1-5325-4729-83ed-e73b0fddb8a1,Health Mart,Health and Personal Care Stores,201.38756
2025-01-01,NY,New York/New Jersey,55def0cb-dbfb-4f5a-9c39-004fc71a9251,Health Mart,Health and Personal Care Stores,201.38756
2025-01-01,NY,New York/New Jersey,fbda149c-7d08-4c28-af75-5c0c8c3134b3,Health Mart,Health and Personal Care Stores,201.38756
2025-01-01,TX,Dallas / Houston,024b5bf4-1271-4474-9c05-83f2ce5caf2e,Do It Best,Building Material and Supplies Dealers,201.22675
2025-01-01,MO,Kansas City,a1539c00-e133-4f7a-8557-57c156d56607,Homewood Suites by Hilton,Traveler Accommodation,200.85237
2025-01-01,MO,Kansas City,d2944a17-4c42-4ffc-bdbb-fb7043de66d1,Drury Hotels,Traveler Accommodation,200.85237
2025-01-01,MO,Kansas City,4244a919-7487-41ec-9962-e67b31017766,Marriott Hotels,Traveler Accommodation,200.85237
2025-01-01,MO,Kansas City,2a876df4-e698-4c19-810f-a0df7170ba91,Residence Inn by Marriott,Traveler Accommodation,200.85237
2025-01-01,MO,Kansas City,133f61fe-6351-4010-be9e-8d233eced514,Pear Tree Inn,Traveler Accommodation,200.85237
2025-01-01,MO,Kansas City,e71f0fad-38a6-41e5-9a21-e0f42754691c,Residence Inn by Marriott,Traveler Accommodation,200.85237
2025-01-01,MO,Kansas City,e25b6cfa-ea7e-4abe-b19e-b8225d76f6d1,Ascend Resort Collection,Traveler Accommodation,200.85237
2025-01-01,MO,Kansas City,54ae5b90-3414-4b20-80d0-91a93f67f416,Comfort Suites,Traveler Accommodation,200.85237
2025-01-01,FL,Miami,cc60bfe1-67b5-4124-8b8a-c762c437c520,Baskin Robbins,Restaurants and Other Eating Places,200.12698
2025-01-01,MO,Kansas City,c13890cf-3a0e-4385-a4cd-2fe3ec84383d,Hallmark Cards,"Office Supplies, Stationery, and Gift Stores",199.62096
2025-01-01,FL,Miami,e6ad7dce-d819-49ed-a547-dd98df294975,Sears Home Services,Department Stores,198.94118
2025-01-01,CA,Los Angeles / SF Bay Area,a847a4e3-8e8c-4d04-9a2c-804cc87d7455,Health Mart,Health and Personal Care Stores,198.05022
2025-01-01,CA,Los Angeles / SF Bay Area,81357bcc-5fbb-4381-b15f-06e1e0eef7d2,Health Mart,Health and Personal Care Stores,198.05022
2025-01-01,CA,Los Angeles / SF Bay Area,7763a70a-174f-4238-9264-af30a2d3aeed,Health Mart,Health and Personal Care Stores,198.05022
2025-01-01,CA,Los Angeles / SF Bay Area,4ac6d10a-5023-4905-b2f7-e9048289279c,Health Mart,Health and Personal Care Stores,198.05022
2025-01-01,CA,Los Angeles / SF Bay Area,49f65966-02b6-418f-b47d-dd4828a09de5,Health Mart,Health and Personal Care Stores,198.05022
2025-01-01,CA,Los Angeles / SF Bay Area,20a1606a-855e-4c33-8557-57e4cc42fad9,Health Mart,Health and Personal Care Stores,198.05022
2025-01-01,CA,Los Angeles / SF Bay Area,8597762d-b7a1-4398-b779-7c180d64d47e,Health Mart,Health and Personal Care Stores,198.05022
2025-01-01,CA,Los Angeles / SF Bay Area,3637a93d-a876-4222-9be7-6dfe12c561f2,Health Mart,Health and Personal Care Stores,198.05022
2025-01-01,CA,Los Angeles / SF Bay Area,f7ab9eb6-5d6f-4b22-9f87-9da030277431,Health Mart,Health and Personal Care Stores,198.05022
2025-01-01,NY,New York/New Jersey,3194b4be-13e4-461c-bc2b-43aa33eb9634,Party City,"Office Supplies, Stationery, and Gift Stores",197.42146
2025-01-01,NY,New York/New Jersey,70ac39ac-3a33-4a44-b16d-899ecc7ab853,Party City,"Office Supplies, Stationery, and Gift Stores",197.42146
2025-01-01,FL,Miami,001f8a30-594a-4360-87ba-02d14dd41b8b,Valero Energy,Gasoline Stations,196.76544
2025-01-01,MA,Boston,20d9447d-9c54-43b3-9c02-dbc3eefa4083,Shell Oil,Gasoline Stations,195.00928
2025-01-01,MA,Boston,6984ab61-c036-4052-9d46-4c03d559be46,Shell Oil,Gasoline Stations,195.00928
2025-01-01,CA,Los Angeles / SF Bay Area,63e280ef-2099-46ba-a3d1-cd8e1a2c3751,AutoZone,"Automotive Parts, Accessories, and Tire Stores",194.96013
2025-01-01,CA,Los Angeles / SF Bay Area,3fc85b8e-9987-408d-b942-b769ec95061b,AutoZone,"Automotive Parts, Accessories, and Tire Stores",194.96013
2025-01-01,CA,Los Angeles / SF Bay Area,8e5695b0-d478-42f0-86ca-7a5fd4592321,AutoZone,"Automotive Parts, Accessories, and Tire Stores",194.96013
2025-01-01,CA,Los Angeles / SF Bay Area,7ce98218-884d-4685-a9da-b701d9f70093,AutoZone,"Automotive Parts, Accessories, and Tire Stores",194.96013
2025-01-01,CA,Los Angeles / SF Bay Area,6fbb1470-976e-42d2-b5f8-87b50af3806c,AutoZone,"Automotive Parts, Accessories, and Tire Stores",194.96013
2025-01-01,CA,Los Angeles / SF Bay Area,b501369a-deea-4d70-9958-3ca20a1c7cb3,AutoZone,"Automotive Parts, Accessories, and Tire Stores",194.96013
2025-01-01,CA,Los Angeles / SF Bay Area,95c2b5a8-c72e-4543-9698-8ec811a8459c,AutoZone,"Automotive Parts, Accessories, and Tire Stores",194.96013
2025-01-01,TX,Dallas / Houston,9303108f-9cf9-4b61-ad5b-6be9d2d45033,Best Western,Traveler Accommodation,194.62282
2025-01-01,TX,Dallas / Houston,f266245f-dfb6-4587-8ed8-721b9b5c12ac,Best Western,Traveler Accommodation,194.62282
2025-01-01,TX,Dallas / Houston,e78a5f25-44b6-46c3-a14a-37fd37e1b5c6,Best Western,Traveler Accommodation,194.62282
2025-01-01,MO,Kansas City,82a05e7c-cfea-46fa-aabe-e7d237c00739,7-Eleven,Grocery Stores,192.97777
2025-01-01,MO,Kansas City,ce9e731c-c8fa-4995-a23e-3c3498bebb66,DSW (Designer Shoe Warehouse),Shoe Stores,192.8402
2025-01-01,PA,Philadelphia,ab784f08-5e46-40da-82f3-cd05fd347343,7-Eleven,Grocery Stores,192.65828
2025-01-01,PA,Philadelphia,ad8c3287-ee9e-4c9f-9fbb-816a888c0bae,7-Eleven,Grocery Stores,192.65828
2025-01-01,PA,Philadelphia,f543dbad-0278-4d72-bc29-295ea48f9ef6,7-Eleven,Grocery Stores,192.65828
2025-01-01,GA,Atlanta,06ac09ce-dee9-4c25-846e-4ac40e1ec63f,Quality Inn,Traveler Accommodation,192.4104
2025-01-01,GA,Atlanta,e9cdd4bb-c2f2-4e7c-83b8-dd3b3d5aa91d,Quality Inn,Traveler Accommodation,192.4104
2025-01-01,GA,Atlanta,d8683d0f-e49e-402c-a521-2c3110e964c7,Quality Inn,Traveler Accommodation,192.4104
2025-01-01,FL,Miami,99a3c10f-0b28-4521-b716-08d83af79d42,Audibel,Other Miscellaneous Store Retailers,192.04774
2025-01-01,FL,Miami,fb7b94c7-0c3f-4f13-9370-df08a08cb23b,Porsche Design,Other Miscellaneous Store Retailers,192.04774
2025-01-01,FL,Miami,6085cfa1-deee-4aab-be91-6f53fe49a280,Pinch A Penny,Other Miscellaneous Store Retailers,192.04774
2025-01-01,FL,Miami,9b3e9ac9-e4da-4033-a29c-66cf874ba43b,Pinch A Penny,Other Miscellaneous Store Retailers,192.04774
2025-01-01,NY,New York/New Jersey,6b6f5efc-9de2-4718-9533-693de64f6524,CITGO,Gasoline Stations,191.71959
2025-01-01,FL,Miami,ad4ec4f1-c8bd-42c4-84dd-e17e12ebbbb8,It's Just Wings,Restaurants and Other Eating Places,191.45116
2025-01-01,FL,Miami,112a0c1d-9493-4efa-84ac-91f04158d524,It's Just Wings,Restaurants and Other Eating Places,191.45116
2025-01-01,FL,Miami,92ddfb26-89ef-4957-bc20-9cb75d2473f1,It's Just Wings,Restaurants and Other Eating Places,191.45116
2025-01-01,WA,Seattle,8528fe78-3049-47b6-923c-7cea5c6ad076,Hallmark Cards,"Office Supplies, Stationery, and Gift Stores",190.93886
2025-01-01,GA,Atlanta,637bce92-b12b-41da-b814-cb44edb46cd4,Hunt Brothers Pizza,Restaurants and Other Eating Places,190.65077
2025-01-01,GA,Atlanta,c2a3a628-0632-4f94-9bab-b35a5533a8f8,Hunt Brothers Pizza,Restaurants and Other Eating Places,190.65077
2025-01-01,GA,Atlanta,65345635-feb2-4a19-b966-f2da3387e0e2,Hunt Brothers Pizza,Restaurants and Other Eating Places,190.65077
2025-01-01,GA,Atlanta,98e6a783-0851-480a-bf5a-07d6d895cc0c,Hunt Brothers Pizza,Restaurants and Other Eating Places,190.65077
2025-01-01,GA,Atlanta,5d0557fb-4288-4fe3-8a1b-f1fe322bec39,Hunt Brothers Pizza,Restaurants and Other Eating Places,190.65077
2025-01-01,CA,Los Angeles / SF Bay Area,0c49e7db-dbd9-4cde-bada-dc3f14b0e9b1,Shoe City,Shoe Stores,190.36923
2025-01-01,CA,Los Angeles / SF Bay Area,5b89daed-7f00-4889-a45a-cc2092099594,Shiekh Shoes,Shoe Stores,190.36923
2025-01-01,CA,Los Angeles / SF Bay Area,032259fe-4619-44eb-9a3a-116c02959ec9,Adidas,Shoe Stores,190.36923
2025-01-01,CA,Los Angeles / SF Bay Area,4cbd4139-2069-4486-b0a9-6515d9781f5b,Off Broadway Shoe Warehouse,Shoe Stores,190.36923
2025-01-01,CA,Los Angeles / SF Bay Area,bfa9da3d-6c39-4a73-9ca5-b2539f030804,Hoka One One,Shoe Stores,190.36923
2025-01-01,CA,Los Angeles / SF Bay Area,5823e442-d282-4be7-96ff-ba68ec00b084,Nike,Shoe Stores,190.36923
2025-01-01,CA,Los Angeles / SF Bay Area,4de0f7e7-82cd-4b9d-8bea-457e513bb8c4,Nike,Shoe Stores,190.36923
2025-01-01,CA,Los Angeles / SF Bay Area,4bb4b15b-24c9-4ed7-b221-7b8117dd6842,Red Wing Shoes,Shoe Stores,190.36923
2025-01-01,CA,Los Angeles / SF Bay Area,b1ebf300-8933-415c-b232-cdea883278db,Journeys,Shoe Stores,190.36923
2025-01-01,MA,Boston,3d244bcc-06b9-4a21-b150-ac27033cb040,Walgreens,Health and Personal Care Stores,189.04848
2025-01-01,MA,Boston,e1a90b4f-0011-4770-987c-0f2c9bfbc68c,Walgreens,Health and Personal Care Stores,189.04848
2025-01-01,MA,Boston,2f5105dc-360e-4717-9775-047a2860f31b,Walgreens,Health and Personal Care Stores,189.04848
2025-01-01,MA,Boston,aa1c37d2-1915-4590-a983-843df6af67fe,Walgreens,Health and Personal Care Stores,189.04848
2025-01-01,MA,Boston,72da4de6-57b9-4d13-96a0-aab2f7599111,Walgreens,Health and Personal Care Stores,189.04848
2025-01-01,MA,Boston,151ae7b8-2486-424b-838f-12226f0ce01f,Walgreens,Health and Personal Care Stores,189.04848
2025-01-01,FL,Miami,df00f2c2-e85b-4482-9750-427acb903d16,GameStop,"Sporting Goods, Hobby, and Musical Instrument Stores",188.8589
2025-01-01,FL,Miami,ea1f35ea-be40-4aa7-bf97-d6005288a073,GameStop,"Sporting Goods, Hobby, and Musical Instrument Stores",188.8589
2025-01-01,NJ,New York/New Jersey,1b83c9c0-1158-4df8-bcd6-ab5a6adf6366,Phillips 66,Gasoline Stations,188.20142
2025-01-01,PA,Philadelphia,3ddb0e0a-abaa-48cf-8694-230f241ccc9a,Best Western,Traveler Accommodation,186.84123
2025-01-01,GA,Atlanta,43384083-7bb3-422d-aee5-cd5aa70c3f3b,Best Western,Traveler Accommodation,185.69218
2025-01-01,NY,New York/New Jersey,60618a37-ab64-4b17-b517-389e81462d06,American Eagle Outfitters,Clothing Stores,185.62143
2025-01-01,NY,New York/New Jersey,38d4d468-ebab-42dc-94e8-3cc28aa1381c,Victoria's Secret,Clothing Stores,185.62143
2025-01-01,NY,New York/New Jersey,b5c1b1dc-f2ae-4aa6-a37a-136610a113c9,Ardene,Clothing Stores,185.62143
2025-01-01,NY,New York/New Jersey,5f8aa56d-acc5-4694-94e7-93dbcbd3d9d7,Hugo Boss,Clothing Stores,185.62143
2025-01-01,NY,New York/New Jersey,ba23d281-df78-40e7-98f4-54a1a8607138,J.Crew,Clothing Stores,185.62143
2025-01-01,NY,New York/New Jersey,cd04bf8e-2dd0-4d59-ad38-6ce904b1210d,U.S. Polo Assn.,Clothing Stores,185.62143
2025-01-01,NY,New York/New Jersey,233de656-8081-4978-b57f-a274b58da496,The Children's Place,Clothing Stores,185.62143
2025-01-01,NY,New York/New Jersey,23d7ebca-9c87-4baa-9acb-e82dee4ae9e7,Label Shopper,Clothing Stores,185.62143
2025-01-01,NY,New York/New Jersey,e060a479-62f9-4524-801d-ee97993af942,lululemon athletica,Clothing Stores,185.62143
2025-01-01,NY,New York/New Jersey,6cb08c31-7487-4b5d-995e-9df5a70ce9f5,Carter's,Clothing Stores,185.62143
2025-01-01,NY,New York/New Jersey,e43dcdb0-fcb3-48e0-8de7-a4dd3f4ddd97,Old Navy,Clothing Stores,185.62143
2025-01-01,NY,New York/New Jersey,21a9c8ef-a745-45b8-b79d-bf71b34d9693,Talbots,Clothing Stores,185.62143
2025-01-01,NY,New York/New Jersey,e17c8920-c9b4-45c6-ae00-79fe8936e575,Perry Ellis,Clothing Stores,185.62143
2025-01-01,NY,New York/New Jersey,2f966683-7f5c-40c4-a0aa-142a32ee62c8,Anne Fontaine,Clothing Stores,185.62143
2025-01-01,NY,New York/New Jersey,efdb19b5-1345-4d45-befb-e68e8bb7e225,Aéropostale,Clothing Stores,185.62143
2025-01-01,NY,New York/New Jersey,4153a839-2071-499b-9e3e-3a8be25ee09c,Old Navy,Clothing Stores,185.62143
2025-01-01,NY,New York/New Jersey,ee3a6fcb-9024-4629-aa08-9124fc36ec3b,Windsor,Clothing Stores,185.62143
2025-01-01,NY,New York/New Jersey,79b14856-04e5-4f3c-af06-1ef2b5eb6e1a,Mandee,Clothing Stores,185.62143
2025-01-01,NY,New York/New Jersey,0bd182d0-7b58-4dd3-bbf7-dac03fe90dca,Old Navy,Clothing Stores,185.62143
2025-01-01,NY,New York/New Jersey,152eff37-93d4-4ddf-95db-5fd0624b0f1f,Lucky Brand,Clothing Stores,185.62143
2025-01-01,NY,New York/New Jersey,856a71fe-6cb0-493b-8d69-fa515b81d142,Zumiez,Clothing Stores,185.62143
2025-01-01,NY,New York/New Jersey,e694a770-6d29-4273-89c2-12481f578f05,Hugo Boss,Clothing Stores,185.62143
2025-01-01,NY,New York/New Jersey,713519d4-77d6-4850-8d22-2be6667d771e,OshKosh B'gosh,Clothing Stores,185.62143
2025-01-01,MO,Kansas City,5a1ef332-b375-4136-a682-14e5aba4bfae,ConocoPhillips,Gasoline Stations,184.02614
2025-01-01,MO,Kansas City,4821060f-90c3-46cb-83cd-0ae09d015bbe,ConocoPhillips,Gasoline Stations,184.02614
2025-01-01,TX,Dallas / Houston,4198bfb1-f5cb-43b4-9914-8d63f682f448,Hollywood Feed,Other Miscellaneous Store Retailers,183.6504
2025-01-01,TX,Dallas / Houston,b0b3ad7d-880e-4eca-a96a-2682ff0bb367,Pet Supplies Plus,Other Miscellaneous Store Retailers,183.6504
2025-01-01,TX,Dallas / Houston,4fdce92f-d146-4082-9b07-60e8f5dd350c,Pet's Barn,Other Miscellaneous Store Retailers,183.6504
2025-01-01,TX,Dallas / Houston,cbeb79e9-770e-4e92-a5c5-358a8e8c7469,Red Star Vapor,Other Miscellaneous Store Retailers,183.6504
2025-01-01,TX,Dallas / Houston,3fe3cca8-8981-41b8-867c-2d4827817250,Wild Birds Unlimited,Other Miscellaneous Store Retailers,183.6504
2025-01-01,TX,Dallas / Houston,ffd44a5e-65fe-459e-aacd-473325f77cbc,Petland,Other Miscellaneous Store Retailers,183.6504
2025-01-01,TX,Dallas / Houston,9500c6ef-2589-440d-a8f9-124a54c72624,Pinch A Penny,Other Miscellaneous Store Retailers,183.6504
2025-01-01,TX,Dallas / Houston,cb78258a-032d-4ca8-8c88-87adb1bb4898,Wild Birds Unlimited,Other Miscellaneous Store Retailers,183.6504
2025-01-01,TX,Dallas / Houston,2485142b-98d5-4433-bed1-45f4b342b509,Painted Tree,Other Miscellaneous Store Retailers,183.6504
2025-01-01,TX,Dallas / Houston,c665180b-93dc-479a-aca1-72be71cd0232,Pet Supplies Plus,Other Miscellaneous Store Retailers,183.6504
2025-01-01,TX,Dallas / Houston,a0cf905b-890b-4d88-ac8e-44664461f6d9,Pet Supplies Plus,Other Miscellaneous Store Retailers,183.6504
2025-01-01,TX,Dallas / Houston,0ec0c96c-2ae3-49b1-8a6b-92ef90fe903d,Kirkland's,Other Miscellaneous Store Retailers,183.6504
2025-01-01,TX,Dallas / Houston,026433c3-db43-46fe-867a-dbe923b8452e,Woof Gang Bakery & Grooming,Other Miscellaneous Store Retailers,183.6504
2025-01-01,MO,Kansas City,b8240161-f33d-49b4-9319-cb840c593311,Shell Oil,Gasoline Stations,183.29776
2025-01-01,FL,Miami,d6532521-d603-4476-b18b-8c6122663b5d,Spencer's,"Office Supplies, Stationery, and Gift Stores",183.05783
2025-01-01,FL,Miami,8c312187-d50e-45c5-afd7-459ae6626179,Spencer's,"Office Supplies, Stationery, and Gift Stores",183.05783
2025-01-01,NJ,New York/New Jersey,0778e7cb-81d5-49b4-b078-5775aaf5cbf5,Courtyard by Marriott,Traveler Accommodation,182.94368
2025-01-01,PA,Philadelphia,185ebab1-d0e5-4582-8382-a35b87160dbb,JD Sports,"Sporting Goods, Hobby, and Musical Instrument Stores",181.59258
2025-01-01,NJ,New York/New Jersey,549a95e3-a1d0-4652-a8ba-5fd318190798,Camp Bow Wow,Other Personal Services,181.02135
2025-01-01,TX,Dallas / Houston,42e0aece-b215-4608-9406-d1e30a10052d,CITGO,Gasoline Stations,180.92009
2025-01-01,TX,Dallas / Houston,b9028050-197b-4dc3-aafc-5b37169c6a23,ConocoPhillips,Gasoline Stations,180.89745
2025-01-01,MO,Kansas City,922d28e5-7270-4db7-9f15-1ff276c5f6f9,Party City,"Office Supplies, Stationery, and Gift Stores",179.65092
2025-01-01,MA,Boston,9c911ee5-d70d-492b-b3eb-652176f1e837,Aloft Hotels,Traveler Accommodation,178.84283
2025-01-01,TX,Dallas / Houston,77e13a60-aaff-46fa-9b14-ec48eed9567b,Habitat for Humanity ReStore,Used Merchandise Stores,176.09077
2025-01-01,TX,Dallas / Houston,87821687-f19b-4a17-9ef6-f21f312a1293,Uptown Cheapskate,Used Merchandise Stores,176.09077
2025-01-01,GA,Atlanta,9f354899-7b08-4214-bcde-986b4464e193,Shell Oil,Gasoline Stations,175.53726
2025-01-01,GA,Atlanta,5146d882-5de0-4eb9-b307-d79d43f69dd9,Shell Oil,Gasoline Stations,175.53726
2025-01-01,GA,Atlanta,baf0185d-b4c2-4594-ae93-4ad3a187f49d,Shell Oil,Gasoline Stations,175.53726
2025-01-01,GA,Atlanta,715130e5-158a-411c-a887-c381686029f6,Shell Oil,Gasoline Stations,175.53726
2025-01-01,GA,Atlanta,39b49932-ecb6-4a63-8614-766d96bc2e56,Shell Oil,Gasoline Stations,175.53726
2025-01-01,GA,Atlanta,f6c52d7c-b5ff-44fb-af67-8571ebd5ab81,Party City,"Office Supplies, Stationery, and Gift Stores",174.37865
2025-01-01,KS,Kansas City,a21b3798-a028-4872-8d6d-82f464afbba8,Dollar General,"General Merchandise Stores, including Warehouse Clubs and Supercenters",174.00882
2025-01-01,KS,Kansas City,69652929-215d-4cd9-8c6e-79d2b2b17c69,Dollar General,"General Merchandise Stores, including Warehouse Clubs and Supercenters",174.00882
2025-01-01,KS,Kansas City,58597121-c6c9-44d2-b337-7a9095c47808,Dollar General,"General Merchandise Stores, including Warehouse Clubs and Supercenters",174.00882
2025-01-01,NJ,New York/New Jersey,57320ccd-0acd-486d-a4e7-e16a7c7c6f55,Hampton,Traveler Accommodation,173.86201
2025-01-01,CA,Los Angeles / SF Bay Area,0d20e3bf-91ce-49e3-bf3b-5e5bde47d23b,Valero Energy,Gasoline Stations,173.45534
2025-01-01,CA,Los Angeles / SF Bay Area,27cd14ec-6eba-412a-a362-c9aa55f70621,Valero Energy,Gasoline Stations,173.45534
2025-01-01,CA,Los Angeles / SF Bay Area,4263bf26-5b51-43c8-9de8-5b8d1209ef91,Valero Energy,Gasoline Stations,173.45534
2025-01-01,CA,Los Angeles / SF Bay Area,9c995055-f744-4c3d-87ae-c16ddd969b67,Valero Energy,Gasoline Stations,173.45534
2025-01-01,CA,Los Angeles / SF Bay Area,d4316f84-4e16-4675-b00b-78557ca7eb0e,Valero Energy,Gasoline Stations,173.45534
2025-01-01,CA,Los Angeles / SF Bay Area,35d0064f-a4a1-4f18-9fab-3e67a05ed33c,Valero Energy,Gasoline Stations,173.45534
2025-01-01,CA,Los Angeles / SF Bay Area,80172710-89db-4fb8-9159-e42075b5a11d,Valero Energy,Gasoline Stations,173.45534
2025-01-01,WA,Seattle,b3740c15-aea2-4909-bfdf-2a0b41233295,Petsense,Other Miscellaneous Store Retailers,172.81721
2025-01-01,WA,Seattle,3d5ee6bf-1c58-4e76-8370-87f01a71cb5d,Wild Birds Unlimited,Other Miscellaneous Store Retailers,172.81721
2025-01-01,KS,Kansas City,1a75a1a8-e517-4fdd-9fb5-3919e1faf5d8,Walgreens,Health and Personal Care Stores,171.47377
2025-01-01,KS,Kansas City,f553a060-72e4-4e0c-b1ce-9c4998050c1d,True Value Company,Building Material and Supplies Dealers,170.81094
2025-01-01,FL,Miami,a234a105-2e0d-44cb-a523-41885a4ca068,Fred Astaire Dance Studios,Other Amusement and Recreation Industries,169.34552
2025-01-01,FL,Miami,a87f12f1-9ddd-4cc1-ae08-d7ebbe7c5561,Victory Martial Arts,Other Amusement and Recreation Industries,169.34552
2025-01-01,FL,Miami,022865a5-92fa-4ece-991e-a04d26cd1154,iFly Indoor Skydiving,Other Amusement and Recreation Industries,169.34552
2025-01-01,FL,Miami,569662ef-8da8-47db-875a-6f73d9598235,Urban Air Trampoline Park,Other Amusement and Recreation Industries,169.34552
2025-01-01,FL,Miami,1d9f8cb8-23b5-40b9-a857-80e20ae3868a,Crunch,Other Amusement and Recreation Industries,169.34552
2025-01-01,FL,Miami,076a1d93-e191-494a-bf2e-50788b46a522,The Zoo Health Club,Other Amusement and Recreation Industries,169.34552
2025-01-01,FL,Miami,65724393-7d5d-46e7-b06b-cca014d6a4a4,Bowlero,Other Amusement and Recreation Industries,169.34552
2025-01-01,FL,Miami,2db3add9-6d1e-410f-ba32-8c600b03a5ae,Sky Zone,Other Amusement and Recreation Industries,169.34552
2025-01-01,FL,Miami,b223222a-49b3-43f9-9822-790c9349ed02,Youfit Health Clubs,Other Amusement and Recreation Industries,169.34552
2025-01-01,FL,Miami,5e7b6a9c-e529-44f4-8e44-75e36a283895,Pure Barre,Other Amusement and Recreation Industries,169.34552
2025-01-01,FL,Miami,79e4ada9-5c34-45b9-9b04-56eac1c68087,LA Fitness,Other Amusement and Recreation Industries,169.34552
2025-01-01,FL,Miami,1429068a-0e78-445a-8372-95dad371e7fc,LA Fitness,Other Amusement and Recreation Industries,169.34552
2025-01-01,FL,Miami,194db898-9c79-4327-9707-8e9b71595837,9Round,Other Amusement and Recreation Industries,169.34552
2025-01-01,FL,Miami,60e08d43-f7f6-40fd-910a-a0fb99f79091,Youfit Health Clubs,Other Amusement and Recreation Industries,169.34552
2025-01-01,TX,Dallas / Houston,8b297e68-e0de-4527-adb8-34153295ade7,The Burger Den,Restaurants and Other Eating Places,169.17455
2025-01-01,CA,Los Angeles / SF Bay Area,d8e3b253-48fe-496c-a475-427ebb2ed2b7,Plato's Closet,Used Merchandise Stores,168.91847
2025-01-01,CA,Los Angeles / SF Bay Area,d353a380-ac89-40ea-96db-4fe230cdfc84,Victra,Electronics and Appliance Stores,168.00497
2025-01-01,CA,Los Angeles / SF Bay Area,4e6bd75b-5a08-4f45-9f8d-ec83e1dc34e2,Cinemark Theatres,Motion Picture and Video Industries,167.77103
2025-01-01,CA,Los Angeles / SF Bay Area,ff3b0663-aeff-4757-81e3-8ddbf8b24cc1,Landmark Theaters,Motion Picture and Video Industries,167.77103
2025-01-01,CA,Los Angeles / SF Bay Area,a21e0550-467d-4eea-a350-8f2afd17d18d,Century Theatres,Motion Picture and Video Industries,167.77103
2025-01-01,CA,Los Angeles / SF Bay Area,803126ea-1dd9-4e62-87ae-725f4cc9da4b,AMC Entertainment,Motion Picture and Video Industries,167.77103
2025-01-01,WA,Seattle,4ce4c003-5d0d-43e6-af09-10cacda30f4d,Impark,Other Personal Services,167.64803
2025-01-01,WA,Seattle,d4f1f503-a4c0-46f9-a306-08979a1d4255,Impark,Other Personal Services,167.64803
2025-01-01,WA,Seattle,a675f7fb-0803-4599-90dc-b440d4750367,Impark,Other Personal Services,167.64803
2025-01-01,CA,Los Angeles / SF Bay Area,70702c7b-4c56-48a8-9308-2377be326009,Paper Source,"Office Supplies, Stationery, and Gift Stores",166.61574
2025-01-01,CA,Los Angeles / SF Bay Area,fc09ead2-b1de-461c-a9e9-4812af4ac0cc,Party City,"Office Supplies, Stationery, and Gift Stores",166.61574
2025-01-01,CA,Los Angeles / SF Bay Area,6d454f88-df28-45cc-9796-2500f97268dd,OfficeMax,"Office Supplies, Stationery, and Gift Stores",166.61574
2025-01-01,FL,Miami,620422eb-9ec0-4e74-942c-6425629f7bf1,Days Inn,Traveler Accommodation,166.05576
2025-01-01,CA,Los Angeles / SF Bay Area,8b5b347c-22bc-471b-8b17-4d9638847ce9,It's Just Wings,Restaurants and Other Eating Places,165.88387
2025-01-01,CA,Los Angeles / SF Bay Area,68814021-589b-40e7-9e3a-9d988d23a0db,It's Just Wings,Restaurants and Other Eating Places,165.88387
2025-01-01,TX,Dallas / Houston,2a0c31d4-e885-4dfe-ab78-39e43f0b89bc,Baskin Robbins,Restaurants and Other Eating Places,165.61972
2025-01-01,NJ,New York/New Jersey,58f51250-9542-43bd-9885-054016db2f0a,Bella Bridesmaids,Clothing Stores,165.52266
2025-01-01,NJ,New York/New Jersey,847d95b2-d51b-44ab-a952-af7559141a19,Ann Taylor,Clothing Stores,165.52266
2025-01-01,NJ,New York/New Jersey,7f75d5ac-4e59-41d7-9b10-abf3a2f940a2,Lucky Brand,Clothing Stores,165.52266
2025-01-01,NJ,New York/New Jersey,492e8b09-97e0-4a03-b7e5-816093329e40,LOFT,Clothing Stores,165.52266
2025-01-01,NJ,New York/New Jersey,d0a1f9e4-86d3-4c16-bbfe-e5332a5cb57f,Rainbow Shops,Clothing Stores,165.52266
2025-01-01,FL,Miami,d9a77839-ba72-46bb-8f3f-f13b3973cbda,The Salvation Army,Used Merchandise Stores,165.4212
2025-01-01,WA,Seattle,5ac9442d-0345-4846-9522-da5faccaeba4,Office Depot,"Office Supplies, Stationery, and Gift Stores",165.31593
2025-01-01,KS,Kansas City,28451fab-4f8b-494e-901e-c9f632327a6d,ConocoPhillips,Gasoline Stations,164.83334
2025-01-01,GA,Atlanta,316a2c41-e5b3-4464-bf26-d9a7e4a277af,Good Neighbor Pharmacy,Health and Personal Care Stores,163.75897
2025-01-01,GA,Atlanta,a9043c41-c843-42bc-8061-b961a6761017,Tradehome Shoes,Shoe Stores,163.31287
2025-01-01,GA,Atlanta,5816b0ae-c04b-4c5c-98a9-c728c59f3248,Steve Madden,Shoe Stores,163.31287
2025-01-01,GA,Atlanta,c9f923ab-6a5f-4d5e-9c28-90e5ac511ef1,New Balance,Shoe Stores,163.31287
2025-01-01,GA,Atlanta,69c2710f-deb1-4ea8-9200-10d8fa126506,SNIPES,Shoe Stores,163.31287
2025-01-01,GA,Atlanta,fa2fabe8-3d3c-4274-aa89-d81fb6a5057f,Shoe Dept Encore,Shoe Stores,163.31287
2025-01-01,TX,Dallas / Houston,ec130879-707d-4d7a-99c0-c7a5132958d2,Valero Energy,Gasoline Stations,163.2343
2025-01-01,TX,Dallas / Houston,24deb320-f161-4817-9b28-4bf42789695f,Valero Energy,Gasoline Stations,163.2343
2025-01-01,TX,Dallas / Houston,707f86bb-53fa-4dac-9742-d663203a1a4f,Valero Energy,Gasoline Stations,163.2343
2025-01-01,TX,Dallas / Houston,e82c441c-a379-43b0-9863-87d36ae612aa,Valero Energy,Gasoline Stations,163.2343
2025-01-01,TX,Dallas / Houston,3dfd11d9-c240-4ea0-9922-ebad05f6affe,Valero Energy,Gasoline Stations,163.2343
2025-01-01,TX,Dallas / Houston,64791e43-44c6-4fbc-ac9c-8bc820647afb,Valero Energy,Gasoline Stations,163.2343
2025-01-01,TX,Dallas / Houston,5fe0e2b8-5fe5-4f00-a8cc-1b0f2a81d423,Valero Energy,Gasoline Stations,163.2343
2025-01-01,TX,Dallas / Houston,658beb3d-b86f-47b0-90ea-0d875063cd9c,Valero Energy,Gasoline Stations,163.2343
2025-01-01,TX,Dallas / Houston,95387809-6368-4dc6-829a-9f1b353b3cc2,Valero Energy,Gasoline Stations,163.2343
2025-01-01,TX,Dallas / Houston,1d25e8ca-8bb4-4798-82ab-08ef1dd17f84,Valero Energy,Gasoline Stations,163.2343
2025-01-01,TX,Dallas / Houston,0ddda5a4-1983-4a9a-954b-284420544c0f,Valero Energy,Gasoline Stations,163.2343
2025-01-01,TX,Dallas / Houston,9b7380b8-544a-4dab-befb-38a5bc08420c,Valero Energy,Gasoline Stations,163.2343
2025-01-01,TX,Dallas / Houston,a7eac29d-c2f3-442f-bbdb-20e37e60f6f9,Valero Energy,Gasoline Stations,163.2343
2025-01-01,TX,Dallas / Houston,151e83aa-1825-43ba-81fc-5fb46e95c663,Valero Energy,Gasoline Stations,163.2343
2025-01-01,TX,Dallas / Houston,c4145913-50a4-4769-ad01-839b4ee03651,Valero Energy,Gasoline Stations,163.2343
2025-01-01,TX,Dallas / Houston,a7e4cd60-d21e-4fa3-bb88-1c679ff53f4a,Valero Energy,Gasoline Stations,163.2343
2025-01-01,TX,Dallas / Houston,7de89a12-51dd-4a0d-8ca2-ab56af1bedf8,Valero Energy,Gasoline Stations,163.2343
2025-01-01,TX,Dallas / Houston,7c58a9a5-ad1b-4e95-b8b6-f0f867e05541,Valero Energy,Gasoline Stations,163.2343
2025-01-01,TX,Dallas / Houston,9d27c2ff-24bc-4445-b938-9152541cbb70,Valero Energy,Gasoline Stations,163.2343
2025-01-01,TX,Dallas / Houston,a4e1d725-23e0-42d8-a133-141bd18926ad,Valero Energy,Gasoline Stations,163.2343
2025-01-01,TX,Dallas / Houston,9d96c1cf-915c-4981-aaaa-c529322cddf8,Valero Energy,Gasoline Stations,163.2343
2025-01-01,TX,Dallas / Houston,b6271f31-0942-4404-a217-5b6a7e1505c4,Valero Energy,Gasoline Stations,163.2343
2025-01-01,TX,Dallas / Houston,00ab90af-3279-4b35-8071-acf083080ba0,Valero Energy,Gasoline Stations,163.2343
2025-01-01,TX,Dallas / Houston,a3a8c3eb-8b71-429b-9f8e-b77543629684,Valero Energy,Gasoline Stations,163.2343
2025-01-01,TX,Dallas / Houston,b88076c4-1c76-49e8-b5a2-7a97be6a5220,Valero Energy,Gasoline Stations,163.2343
2025-01-01,TX,Dallas / Houston,a28ed176-26ca-4d2f-9601-349ce7609fe4,Valero Energy,Gasoline Stations,163.2343
2025-01-01,TX,Dallas / Houston,d23499ca-5d1f-4b91-818d-cb8271376daa,Valero Energy,Gasoline Stations,163.2343
2025-01-01,TX,Dallas / Houston,89a530eb-345d-4f32-8354-20ecd824d027,Valero Energy,Gasoline Stations,163.2343
2025-01-01,TX,Dallas / Houston,96be0464-7fd8-4bd6-89c7-fa423c9b973f,Valero Energy,Gasoline Stations,163.2343
2025-01-01,TX,Dallas / Houston,0c7b0f90-448d-434f-953e-2658fae81f3f,Valero Energy,Gasoline Stations,163.2343
2025-01-01,WA,Seattle,b7cf8863-3aaa-4727-8e0f-e9bcbc2f1035,Lane Bryant,Clothing Stores,162.98592
2025-01-01,WA,Seattle,74f66417-9196-4d99-ab5b-faafc0710c7b,maurices,Clothing Stores,162.98592
2025-01-01,WA,Seattle,9e47b86e-825e-4494-9666-d7ffd48ae6b2,Gucci,Clothing Stores,162.98592
2025-01-01,WA,Seattle,606b0c44-0f6d-4393-855f-fd21545f3388,Title Nine,Clothing Stores,162.98592
2025-01-01,WA,Seattle,0939532b-bc92-42cf-ac2a-0336eb369df2,PacSun,Clothing Stores,162.98592
2025-01-01,WA,Seattle,e1feb0bd-780a-4276-b9fb-c71970729070,Claire's,Clothing Stores,162.98592
2025-01-01,WA,Seattle,57f04b1e-107f-410e-b4ca-b0c5e4c859dd,Chico's,Clothing Stores,162.98592
2025-01-01,WA,Seattle,a2a9cf97-91c7-4396-85ee-4c5478e0b754,H&M,Clothing Stores,162.98592
2025-01-01,WA,Seattle,7cc601fb-fb1e-46e6-ba8f-32dd6aae12bd,Chico's,Clothing Stores,162.98592
2025-01-01,FL,Miami,d63c1c34-55cc-4a87-b92f-ccad4c6ecf78,Hanesbrands,Clothing Stores,162.77907
2025-01-01,FL,Miami,ddc68121-6808-4dad-8542-c3d35659a7a4,All Uniform Wear,Clothing Stores,162.77907
2025-01-01,FL,Miami,e118ea6d-5aa6-487f-ae4e-eb4b394e80b5,J Mclaughlin,Clothing Stores,162.77907
2025-01-01,FL,Miami,e895d704-3043-44b7-8bef-a09e28a02654,Soma Intimates,Clothing Stores,162.77907
2025-01-01,FL,Miami,a5de2ec1-3eac-4b74-9159-3b7e68f9279c,Rainbow Shops,Clothing Stores,162.77907
2025-01-01,FL,Miami,e7120942-2b45-458c-b6e9-72e659f1377f,Tod's,Clothing Stores,162.77907
2025-01-01,FL,Miami,b718e8fc-0438-421d-8a64-823881f17230,Anthropologie,Clothing Stores,162.77907
2025-01-01,FL,Miami,0264d60c-60ed-45b1-b33b-00e86c0d387a,David's Bridal,Clothing Stores,162.77907
2025-01-01,FL,Miami,70139a53-26b0-4042-94bf-80985c902010,Lilly Pulitzer,Clothing Stores,162.77907
2025-01-01,FL,Miami,a53bdf80-3a8b-4992-bb5f-03305b22a90a,Tori Richard,Clothing Stores,162.77907
2025-01-01,FL,Miami,8d5ff0b8-98df-4d7e-973e-7ae7396dc229,Lane Bryant,Clothing Stores,162.77907
2025-01-01,FL,Miami,f05c9ac6-053b-471a-bd51-ef22e96a586f,Zadig & Voltaire,Clothing Stores,162.77907
2025-01-01,FL,Miami,196eb020-2d54-402b-8b47-ffebe4d695dd,Ann Taylor,Clothing Stores,162.77907
2025-01-01,FL,Miami,429ab0da-0f53-4e1f-ab86-93524476cefc,AllSaints,Clothing Stores,162.77907
2025-01-01,FL,Miami,2d2139c2-3f73-48ac-a743-e8970b3b7d36,GUESS Factory,Clothing Stores,162.77907
2025-01-01,FL,Miami,f0a82c9b-f3f9-4812-a27b-2ed553200f53,OshKosh B'gosh,Clothing Stores,162.77907
2025-01-01,FL,Miami,941071aa-397e-41e4-bab0-efc20cf2b7e4,LOFT Outlet,Clothing Stores,162.77907
2025-01-01,FL,Miami,623de926-3c08-4337-873d-2fd585f8fc75,Zara,Clothing Stores,162.77907
2025-01-01,FL,Miami,46f7b748-0bda-48ba-9c74-f4b39d43a767,Hurley,Clothing Stores,162.77907
2025-01-01,FL,Miami,f3d07b67-5890-482f-8ca2-0611b3d51c32,G By GUESS,Clothing Stores,162.77907
2025-01-01,FL,Miami,56e59762-6767-4f9f-9c86-f9955ed356c2,Hot Topic,Clothing Stores,162.77907
2025-01-01,FL,Miami,6b246a1a-8286-4597-9ef5-867bbf912591,Forever 21,Clothing Stores,162.77907
2025-01-01,FL,Miami,263871a3-86a2-4b44-bcec-aba637bc15d8,Free People,Clothing Stores,162.77907
2025-01-01,FL,Miami,d23d3566-dd36-438f-a9d4-01d321b0ae42,Victoria's Secret,Clothing Stores,162.77907
2025-01-01,CA,Los Angeles / SF Bay Area,b6b8c496-92b4-4288-9157-3398236d2023,The Salvation Army,Used Merchandise Stores,162.54987
2025-01-01,CA,Los Angeles / SF Bay Area,e00ab01a-888a-4336-82cf-44bd6cb0f187,The Salvation Army,Used Merchandise Stores,162.54987
2025-01-01,MO,Kansas City,94eb2248-1f32-4ef6-a738-47ee66a05dc1,Hunt Brothers Pizza,Restaurants and Other Eating Places,162.10617
2025-01-01,NY,New York/New Jersey,f79f980a-bb16-4018-8007-cf1c6c0bfda6,AutoZone,"Automotive Parts, Accessories, and Tire Stores",162.09941
2025-01-01,NJ,New York/New Jersey,1d1efe3b-14b1-4cde-8616-3e353354319e,Sears Home Services,Department Stores,161.85454
2025-01-01,CA,Los Angeles / SF Bay Area,3a9b7b5a-3a45-4fbd-bf1e-0943a05b9b42,F45 Training,Other Amusement and Recreation Industries,161.29962
2025-01-01,CA,Los Angeles / SF Bay Area,0dcac3f4-5c63-410d-b36b-6fe682bb70f6,Dennis Uniform,Clothing Stores,160.47688
2025-01-01,CA,Los Angeles / SF Bay Area,68e3ed64-a7ea-402d-8581-37845687ed36,Forever 21,Clothing Stores,160.47688
2025-01-01,CA,Los Angeles / SF Bay Area,0b3c873a-5fc9-459d-9bb3-3ad867fbfe07,dd's DISCOUNTS,Clothing Stores,160.47688
2025-01-01,CA,Los Angeles / SF Bay Area,b1a5f6b0-4fe8-4e77-908c-328a0a11dcc3,White House Black Market,Clothing Stores,160.47688
2025-01-01,CA,Los Angeles / SF Bay Area,0597d707-997f-43ed-89a2-4a73191330f6,Reformation,Clothing Stores,160.47688
2025-01-01,CA,Los Angeles / SF Bay Area,a5e7b3f3-2a8f-4af5-b9ed-2a5ac02bbc10,Francesca's,Clothing Stores,160.47688
2025-01-01,CA,Los Angeles / SF Bay Area,a6b4bbd0-bac2-4244-a960-4343d032722d,Tilly's,Clothing Stores,160.47688
2025-01-01,CA,Los Angeles / SF Bay Area,9d525ced-af91-46c4-9f3d-bbac0e33463b,LIDS,Clothing Stores,160.47688
2025-01-01,CA,Los Angeles / SF Bay Area,7c36c291-274d-4dd9-a415-6237b5023998,Burlington,Clothing Stores,160.47688
2025-01-01,CA,Los Angeles / SF Bay Area,6155444a-5995-49fa-b489-97dda6df2e95,The Men's Wearhouse,Clothing Stores,160.47688
2025-01-01,CA,Los Angeles / SF Bay Area,957c8880-4db5-4ede-8086-367a4fe688b2,LANVIN,Clothing Stores,160.47688
2025-01-01,CA,Los Angeles / SF Bay Area,e1537e99-6595-44c8-8102-8302b24e4e4f,dd's DISCOUNTS,Clothing Stores,160.47688
2025-01-01,CA,Los Angeles / SF Bay Area,2afe3e0b-a76c-4433-b10c-43dd83961f10,Jenni Kayne,Clothing Stores,160.47688
2025-01-01,CA,Los Angeles / SF Bay Area,519a8689-4f28-4619-819e-acde7892dc27,Brooks Brothers,Clothing Stores,160.47688
2025-01-01,CA,Los Angeles / SF Bay Area,3050c01e-a515-4bd3-9a64-b81a86e86dd2,Madewell,Clothing Stores,160.47688
2025-01-01,CA,Los Angeles / SF Bay Area,dcfaf60f-c54b-46a0-8223-5c180ce3673f,Burlington,Clothing Stores,160.47688
2025-01-01,CA,Los Angeles / SF Bay Area,57f92e31-9c23-41bb-a8ef-d3156b3b572e,American Eagle Outfitters,Clothing Stores,160.47688
2025-01-01,CA,Los Angeles / SF Bay Area,f763e949-e552-4b34-ba1b-a4e2b81655ec,Dsquared2,Clothing Stores,160.47688
2025-01-01,CA,Los Angeles / SF Bay Area,5ace5470-4a78-4865-bf24-2f8c0f3f71d2,Aéropostale,Clothing Stores,160.47688
2025-01-01,CA,Los Angeles / SF Bay Area,857ebead-8189-4e09-a1e9-79f3f50dd1e1,dd's DISCOUNTS,Clothing Stores,160.47688
2025-01-01,CA,Los Angeles / SF Bay Area,c2fea9c5-95f3-47c2-8c1e-da6a74e9de15,Chanel,Clothing Stores,160.47688
2025-01-01,CA,Los Angeles / SF Bay Area,4f3e13a5-79ad-4826-ab0c-e798f9634914,Victoria's Secret,Clothing Stores,160.47688
2025-01-01,CA,Los Angeles / SF Bay Area,86882f90-1039-424a-8ac5-9f9283c16836,dd's DISCOUNTS,Clothing Stores,160.47688
2025-01-01,CA,Los Angeles / SF Bay Area,901ba042-07db-4315-9ea6-d5c215c0d712,Penguin,Clothing Stores,160.47688
2025-01-01,CA,Los Angeles / SF Bay Area,7fd2690f-1b20-4f9f-a8cf-3e9821d476de,Chico's,Clothing Stores,160.47688
2025-01-01,CA,Los Angeles / SF Bay Area,8728f85c-d243-4ceb-85e3-33898f8118a5,Banana Republic,Clothing Stores,160.47688
2025-01-01,CA,Los Angeles / SF Bay Area,4cbadb32-a46f-4f24-8660-c35977d85fa9,Levi Strauss & Co.,Clothing Stores,160.47688
2025-01-01,CA,Los Angeles / SF Bay Area,3c017e88-4788-4575-b2b9-1a84c4f7727a,American Eagle Outfitters,Clothing Stores,160.47688
2025-01-01,CA,Los Angeles / SF Bay Area,1b0cdb5a-22cd-49e4-bdf2-68d2d7d38068,Express Factory Outlet,Clothing Stores,160.47688
2025-01-01,CA,Los Angeles / SF Bay Area,48bf4e1b-a223-4896-8ae0-dc673b51217d,PacSun,Clothing Stores,160.47688
2025-01-01,CA,Los Angeles / SF Bay Area,1aa934ca-e9ab-4699-8022-c2db6343dfcf,Everything but Water,Clothing Stores,160.47688
2025-01-01,CA,Los Angeles / SF Bay Area,aac367ec-2feb-4486-8660-8297f6329eb6,Anthropologie,Clothing Stores,160.47688
2025-01-01,CA,Los Angeles / SF Bay Area,ec258aa0-bab3-410c-82c0-073e9ec9ca9b,Claire's,Clothing Stores,160.47688
2025-01-01,CA,Los Angeles / SF Bay Area,546cb182-9010-4ce2-b5de-a4d46821f906,Zumiez,Clothing Stores,160.47688
2025-01-01,GA,Atlanta,8bb50b23-0354-49fc-a9d2-bbeb7dc7a325,Sears Home Services,Department Stores,160.436
2025-01-01,TX,Dallas / Houston,432a3dc4-7c0a-4b4e-afd0-a6c0014a1407,Good Neighbor Pharmacy,Health and Personal Care Stores,160.41206
2025-01-01,TX,Dallas / Houston,49a5c8af-020c-42da-9298-5539827728c2,OfficeMax,"Office Supplies, Stationery, and Gift Stores",160.07361
2025-01-01,TX,Dallas / Houston,145cc874-8525-4425-99e4-9c3ca6416438,Office Depot,"Office Supplies, Stationery, and Gift Stores",160.07361
2025-01-01,TX,Dallas / Houston,bbf834c1-27dc-49a1-8c56-bc84171d6df6,Earthbound Trading Co.,"Office Supplies, Stationery, and Gift Stores",160.07361
2025-01-01,NJ,New York/New Jersey,08621d3a-dea0-4f54-b9a5-13eba68bcfea,Powerhouse Gym,Other Amusement and Recreation Industries,158.98375
2025-01-01,NJ,New York/New Jersey,e982d146-2aa7-48e3-b1f3-fc5810ce4912,The Perfect Workout,Other Amusement and Recreation Industries,158.98375
2025-01-01,NJ,New York/New Jersey,2ff95ee8-fa27-4c1a-82a0-8ce0c0a413e7,GolfTec,Other Amusement and Recreation Industries,158.98375
2025-01-01,NJ,New York/New Jersey,a5401d0f-6296-48ea-a08d-4cd3dfdf93d1,Retro Fitness,Other Amusement and Recreation Industries,158.98375
2025-01-01,NJ,New York/New Jersey,458d9214-1407-44ab-9de8-768693da5012,CKO Kickboxing,Other Amusement and Recreation Industries,158.98375
2025-01-01,NJ,New York/New Jersey,a69319e5-4f44-4533-a137-15740fe55269,Jersey Strong,Other Amusement and Recreation Industries,158.98375
2025-01-01,NJ,New York/New Jersey,42098cdb-e323-448c-ad59-d020f52ae325,CKO Kickboxing,Other Amusement and Recreation Industries,158.98375
2025-01-01,NJ,New York/New Jersey,07d88efe-bd8d-4625-97b4-43cca4f1ee91,Sky Zone,Other Amusement and Recreation Industries,158.98375
2025-01-01,KS,Kansas City,6989a86d-e0dd-4a5f-ad5f-3ab77cbc8a96,Knights Inn,Traveler Accommodation,158.93097
2025-01-01,KS,Kansas City,5e781cd9-e76f-47da-81e0-c987816fc353,Americas Best Value Inn,Traveler Accommodation,158.93097
2025-01-01,FL,Miami,2a9f83f6-37e8-4b90-b09e-53437619c709,Staples,"Office Supplies, Stationery, and Gift Stores",158.39241
2025-01-01,NY,New York/New Jersey,56e8bd3c-ece9-4d30-a97c-f9948ccc65af,Motel 6,Traveler Accommodation,156.94476
2025-01-01,NJ,New York/New Jersey,c6b06f92-5caa-4656-bd26-752ebf568519,Valero Energy,Gasoline Stations,154.63396
2025-01-01,NJ,New York/New Jersey,eafe09a3-f0b9-41c2-981b-4fb30bdb6f6f,Valero Energy,Gasoline Stations,154.63396
2025-01-01,NJ,New York/New Jersey,a452ddf6-070e-4009-a605-6d32d1bca9ab,Valero Energy,Gasoline Stations,154.63396
2025-01-01,TX,Dallas / Houston,0a428995-5c0c-4df9-8cbe-8d1ba7c277e7,LIDS,Clothing Stores,154.52379
2025-01-01,TX,Dallas / Houston,433d0004-f6d9-4194-8afb-6a89aa711ab1,Cato Fashions,Clothing Stores,154.52379
2025-01-01,TX,Dallas / Houston,07c992cd-cbbf-4b5b-80a6-f161a37e7430,American Eagle Outfitters,Clothing Stores,154.52379
2025-01-01,TX,Dallas / Houston,d268d78f-1431-4f10-b5b6-e5032f7e9509,Cotton On,Clothing Stores,154.52379
2025-01-01,TX,Dallas / Houston,304b00ea-7d1e-4236-bc64-9568b503b8df,Abercrombie,Clothing Stores,154.52379
2025-01-01,TX,Dallas / Houston,9123e9c0-1d88-4707-9ec4-f4662c7bf9e5,LIDS,Clothing Stores,154.52379
2025-01-01,TX,Dallas / Houston,06201172-f0d8-476a-9311-90138dad63e5,Buckle,Clothing Stores,154.52379
2025-01-01,TX,Dallas / Houston,2b106add-cb4a-410e-b97a-c9c62f3fe7bc,Saint Laurent,Clothing Stores,154.52379
2025-01-01,TX,Dallas / Houston,d518dba3-3bfb-422c-8daf-22756f512c6d,Talbots,Clothing Stores,154.52379
2025-01-01,TX,Dallas / Houston,b9c6606f-5fae-4c30-90b2-19c273476395,Zumiez,Clothing Stores,154.52379
2025-01-01,TX,Dallas / Houston,17b5c636-9d23-4316-a64e-c07e09bf15bb,Third Love,Clothing Stores,154.52379
2025-01-01,TX,Dallas / Houston,9692fb6b-5125-4d98-b733-a0abd88f72c2,American Eagle Outfitters,Clothing Stores,154.52379
2025-01-01,TX,Dallas / Houston,eb5a0dc0-3ddd-4537-b46a-6eba13dc85ab,White House Black Market,Clothing Stores,154.52379
2025-01-01,TX,Dallas / Houston,e7110b6c-f1e9-49c9-b34d-20f1fabe4d55,Zumiez,Clothing Stores,154.52379
2025-01-01,TX,Dallas / Houston,cce6820c-ffd8-4d1a-9729-8b68673ff2d1,Untuck It,Clothing Stores,154.52379
2025-01-01,TX,Dallas / Houston,74c79e1b-b0b8-472d-bfa3-7615fd6b8072,Factory Connection,Clothing Stores,154.52379
2025-01-01,TX,Dallas / Houston,dcd88b37-e5ee-4401-a9a4-cef6dbb9b101,lululemon athletica,Clothing Stores,154.52379
2025-01-01,TX,Dallas / Houston,62468c9b-55d9-4b0d-b7f9-31d86f7aae1c,Rainbow Shops,Clothing Stores,154.52379
2025-01-01,TX,Dallas / Houston,8b9af7d3-8d59-4cff-ab98-b8d095b124fb,Cinemark Theatres,Motion Picture and Video Industries,152.45636
2025-01-01,TX,Dallas / Houston,0956f9ad-530d-45d8-845b-a96e4f355174,Cinemark Theatres,Motion Picture and Video Industries,152.45636
2025-01-01,MO,Kansas City,d4336853-d995-4834-916f-994391f6b45d,Phillips 66,Gasoline Stations,152.26134
2025-01-01,MO,Kansas City,46f7fcd5-aca8-4445-9475-4f0b47637e98,Phillips 66,Gasoline Stations,152.26134
2025-01-01,MO,Kansas City,ee60352b-a225-4381-8227-d3a9deb867b2,Phillips 66,Gasoline Stations,152.26134
2025-01-01,MO,Kansas City,323e7fff-943b-420a-bac2-d70ede0ca4b6,Phillips 66,Gasoline Stations,152.26134
2025-01-01,MO,Kansas City,853526e8-5331-4dea-a5ea-239a783d8544,Phillips 66,Gasoline Stations,152.26134
2025-01-01,FL,Miami,1112d778-58e1-49e6-a4f6-b947ffef3e0c,Anytime Fitness,Other Amusement and Recreation Industries,150.74876
2025-01-01,FL,Miami,54009d6f-14ec-4dc3-b9e0-35f6b8b02d5f,Anytime Fitness,Other Amusement and Recreation Industries,150.74876
2025-01-01,TX,Dallas / Houston,a8693a25-2b32-478f-913f-d1ea5c4f5174,Staples,"Office Supplies, Stationery, and Gift Stores",149.57762
2025-01-01,KS,Kansas City,ad82d303-2e98-489e-aa80-fd7d314ede4e,Krispy Krunchy Chicken,Restaurants and Other Eating Places,149.51201
2025-01-01,CA,Los Angeles / SF Bay Area,c353bfb6-94b2-44d1-9f1a-8733a9c5940d,Lifetime Fitness,Other Amusement and Recreation Industries,147.78162
2025-01-01,CA,Los Angeles / SF Bay Area,044b2227-0961-43de-aec2-f4df0b2b37be,Gracie Barra,Other Amusement and Recreation Industries,147.78162
2025-01-01,CA,Los Angeles / SF Bay Area,3d5b759e-e98d-47b0-bd8f-a2a962c42390,The Little Gym,Other Amusement and Recreation Industries,147.78162
2025-01-01,CA,Los Angeles / SF Bay Area,e8873416-d17d-4d01-9fd3-6c1f45e68d18,Crunch,Other Amusement and Recreation Industries,147.78162
2025-01-01,CA,Los Angeles / SF Bay Area,8025d7f6-89b3-4b62-a576-96ff02009c94,Studio Barr,Other Amusement and Recreation Industries,147.78162
2025-01-01,CA,Los Angeles / SF Bay Area,a7cb4e74-d955-4f4b-9f41-ad75aa10d026,Burn Boot Camp,Other Amusement and Recreation Industries,147.78162
2025-01-01,CA,Los Angeles / SF Bay Area,db9de945-75f3-4239-8a9b-a57eac2304c3,LA Fitness,Other Amusement and Recreation Industries,147.78162
2025-01-01,CA,Los Angeles / SF Bay Area,c9fd3359-7bca-4eac-8959-6dffe127957b,Mayweather Boxing + Fitness,Other Amusement and Recreation Industries,147.78162
2025-01-01,CA,Los Angeles / SF Bay Area,c7d649a9-393e-412e-8174-49972ceb71c3,My Gym Children's Fitness Centers,Other Amusement and Recreation Industries,147.78162
2025-01-01,CA,Los Angeles / SF Bay Area,614613ad-d995-40e9-8e03-52e310f996e5,Crunch,Other Amusement and Recreation Industries,147.78162
2025-01-01,CA,Los Angeles / SF Bay Area,b3a45530-894a-465d-abbd-4cd7208e87bf,The Perfect Workout,Other Amusement and Recreation Industries,147.78162
2025-01-01,CA,Los Angeles / SF Bay Area,6fcb5361-d19a-4c37-ae16-3b0d824e92f3,Fitness 19,Other Amusement and Recreation Industries,147.78162
2025-01-01,CA,Los Angeles / SF Bay Area,6e4ec015-c8f7-4d29-8775-9bc4a77dce47,[solidcore],Other Amusement and Recreation Industries,147.78162
2025-01-01,CA,Los Angeles / SF Bay Area,ccf17108-64fd-420f-b154-1dfe3214c00b,The Little Gym,Other Amusement and Recreation Industries,147.78162
2025-01-01,CA,Los Angeles / SF Bay Area,662023eb-1e7f-4bf4-b11d-fd786b7701e7,Get Air,Other Amusement and Recreation Industries,147.78162
2025-01-01,CA,Los Angeles / SF Bay Area,eb4a7530-9c28-441c-bbd3-b3082f590e8a,In-Shape Family Fitness,Other Amusement and Recreation Industries,147.78162
2025-01-01,CA,Los Angeles / SF Bay Area,c14eaf02-82f7-4363-8c68-16222d9019f4,GolfTec,Other Amusement and Recreation Industries,147.78162
2025-01-01,FL,Miami,eb615f73-9704-4e4d-9685-8797300ba4ab,Supercuts,Personal Care Services,147.59274
2025-01-01,FL,Miami,e1541276-dbf5-4e15-b80e-5a6bd5c67a0a,Supercuts,Personal Care Services,147.59274
2025-01-01,CA,Los Angeles / SF Bay Area,58dacd8a-5a6a-4d91-9e16-6e5c8980e7ca,O'Reilly Auto Parts,"Automotive Parts, Accessories, and Tire Stores",147.45882
2025-01-01,PA,Philadelphia,5b7b3c04-5d0d-49ae-9b77-4e7a35935560,Motel 6,Traveler Accommodation,147.15578
2025-01-01,TX,Dallas / Houston,df61b911-a838-49df-b40c-8a21f6a0fcda,Phillips 66,Gasoline Stations,146.63231
2025-01-01,TX,Dallas / Houston,728c808f-508b-45e9-b60f-fb659325b984,Phillips 66,Gasoline Stations,146.63231
2025-01-01,TX,Dallas / Houston,fa9a27f5-49aa-46fe-b0be-751014525f91,Krispy Krunchy Chicken,Restaurants and Other Eating Places,146.27457
2025-01-01,NY,New York/New Jersey,7311de43-6ed3-4bae-8bf8-151bc2bfd732,Rite Aid Pharmacy,Health and Personal Care Stores,146.11404
2025-01-01,NY,New York/New Jersey,0212079c-21c6-4243-b9fc-bc0b22ccc8e3,Rite Aid Pharmacy,Health and Personal Care Stores,146.11404
2025-01-01,NY,New York/New Jersey,88652eb2-95bf-45bc-880b-e8e577ef8aab,Rite Aid Pharmacy,Health and Personal Care Stores,146.11404
2025-01-01,NY,New York/New Jersey,6626ad5c-a909-4e5a-b25e-9f74b34098c7,Rite Aid Pharmacy,Health and Personal Care Stores,146.11404
2025-01-01,NY,New York/New Jersey,65828c23-781d-485c-b99f-6078041c1d3d,Rite Aid Pharmacy,Health and Personal Care Stores,146.11404
2025-01-01,NY,New York/New Jersey,1fefa57f-2e57-48af-a1b9-f122e4bc1373,Pure Barre,Other Amusement and Recreation Industries,145.73257
2025-01-01,NY,New York/New Jersey,51ac8db4-249c-4cae-a18b-38dc8825e57c,Crunch,Other Amusement and Recreation Industries,145.73257
2025-01-01,NY,New York/New Jersey,ad7e9ac8-330b-45f5-a195-62116d264d23,24 Hour Fitness,Other Amusement and Recreation Industries,145.73257
2025-01-01,NY,New York/New Jersey,6e8eb6f4-cc23-41da-a590-cd5992450b3a,AMF,Other Amusement and Recreation Industries,145.73257
2025-01-01,NY,New York/New Jersey,a7152c11-b518-4715-8969-0d630b43fab2,Bowlero,Other Amusement and Recreation Industries,145.73257
2025-01-01,TX,Dallas / Houston,3d5792a2-ddb7-44d3-a73e-899bf59a3ba8,GameStop,"Sporting Goods, Hobby, and Musical Instrument Stores",145.48726
2025-01-01,KS,Kansas City,26cd928a-e411-476a-a34c-c4f1ad0cf22b,Valero Energy,Gasoline Stations,145.13104
2025-01-01,CA,Los Angeles / SF Bay Area,fea784ec-9ee9-4510-9b74-c5f931a2f16a,Supercuts,Personal Care Services,143.46107
2025-01-01,CA,Los Angeles / SF Bay Area,c24e5de6-b4d6-49da-a1fa-934dbb1ee314,Supercuts,Personal Care Services,143.46107
2025-01-01,CA,Los Angeles / SF Bay Area,d4c189c9-7f7b-4a8b-b291-5b22cf500d3d,BevMo,"Beer, Wine, and Liquor Stores",143.17294
2025-01-01,CA,Los Angeles / SF Bay Area,5c8d7b5f-5b03-4d28-beb6-fd552c117094,BevMo,"Beer, Wine, and Liquor Stores",143.17294
2025-01-01,TX,Dallas / Houston,ad7065a3-b2f6-4967-8037-b7a95fe94a8b,It's Just Wings,Restaurants and Other Eating Places,142.75255
2025-01-01,TX,Dallas / Houston,cba45a64-5962-41d3-beb3-a21050083e3c,It's Just Wings,Restaurants and Other Eating Places,142.75255
2025-01-01,NY,New York/New Jersey,ec740618-5a54-4f06-aa9d-1edb1cab7de7,Aboff's Paints,Building Material and Supplies Dealers,142.08003
2025-01-01,NY,New York/New Jersey,4a9666dd-12f6-4799-ac26-235ef23b0ffd,Renewal By Anderson,Building Material and Supplies Dealers,142.08003
2025-01-01,NY,New York/New Jersey,78cfc97c-fa03-4e28-be3b-9762abcc97b7,Curtis Lumber Co,Building Material and Supplies Dealers,142.08003
2025-01-01,MO,Kansas City,3b820bec-94bc-475c-b695-6563b326bb55,Krispy Krunchy Chicken,Restaurants and Other Eating Places,141.14845
2025-01-01,MO,Kansas City,8bb540a2-31af-4075-94ac-a408ec2e2ffe,Krispy Krunchy Chicken,Restaurants and Other Eating Places,141.14845
2025-01-01,PA,Philadelphia,82080929-a658-4c79-bd2b-d9c4461c4dd4,Spencer's,"Office Supplies, Stationery, and Gift Stores",140.73174
2025-01-01,PA,Philadelphia,c9407e78-d4f1-4950-8352-9f578be45ca3,Simon Pearce,"Office Supplies, Stationery, and Gift Stores",140.73174
2025-01-01,PA,Philadelphia,b579ffe2-9da2-40b6-a8c5-5acbc53b9811,Yankee Candle,"Office Supplies, Stationery, and Gift Stores",140.73174
2025-01-01,PA,Philadelphia,cb292101-f481-4af9-aaef-278a9e8a09dc,Cartridge World,"Office Supplies, Stationery, and Gift Stores",140.73174
2025-01-01,PA,Philadelphia,8e14964a-bc28-4e57-b808-c4e5e39cd46f,Spencer's,"Office Supplies, Stationery, and Gift Stores",140.73174
2025-01-01,KS,Kansas City,c41e64e1-95b5-46c2-98ab-17ac23e2e366,Sears Home Services,Department Stores,140.67674
2025-01-01,WA,Seattle,06440b9d-b455-4245-aa5f-cec489dd51e6,Victra,Electronics and Appliance Stores,140.52339
2025-01-01,PA,Philadelphia,89f64378-6163-4e15-8ae9-96c05b644d89,Doggie Style,Other Miscellaneous Store Retailers,140.43124
2025-01-01,PA,Philadelphia,281b8ed6-d54c-4e5e-8fb8-a1ee4af44f23,Trulieve,Other Miscellaneous Store Retailers,140.43124
2025-01-01,PA,Philadelphia,0d639a9a-aab2-4537-8e05-7662897f7442,Adult Mart,Other Miscellaneous Store Retailers,140.43124
2025-01-01,PA,Philadelphia,f65c3fb8-23a9-4817-8dd8-e9927afc22d5,Trulieve,Other Miscellaneous Store Retailers,140.43124
2025-01-01,PA,Philadelphia,68f86ee5-805d-4dfb-86cf-b7c154d00055,Pet Supplies Plus,Other Miscellaneous Store Retailers,140.43124
2025-01-01,KS,Kansas City,9195cf9b-dac4-42fb-954a-aa94bd904ec4,Phillips 66,Gasoline Stations,140.30424
2025-01-01,KS,Kansas City,81859c89-55c5-4805-892a-71343379366f,Phillips 66,Gasoline Stations,140.30424
2025-01-01,NY,New York/New Jersey,e9358b6d-75d2-47a7-84c4-31c6ad963733,Kay Jewelers,"Jewelry, Luggage, and Leather Goods Stores",139.59712
2025-01-01,GA,Atlanta,d7bbe677-f543-4cec-b84c-d064841bf3d1,GameStop,"Sporting Goods, Hobby, and Musical Instrument Stores",139.56146
2025-01-01,MO,Kansas City,6616fb93-9496-40fb-9733-7f52ba256091,Ace Hardware,Building Material and Supplies Dealers,139.07898
2025-01-01,MO,Kansas City,b6e51fa1-9c5f-4aed-937c-bbd3b2c907fc,Ace Hardware,Building Material and Supplies Dealers,139.07898
2025-01-01,NJ,New York/New Jersey,0bcf556f-3c2e-4eac-a6f0-0239ad1c46e5,Bob's Discount Furniture,Furniture Stores,138.57771
2025-01-01,NJ,New York/New Jersey,4d39a4ed-48be-42a6-8eab-e4f39af0d5c0,Sleep Number,Furniture Stores,138.57771
2025-01-01,NJ,New York/New Jersey,e3a7eb05-1ce2-46a8-af97-876969da147e,Raymour and Flanigan Furniture,Furniture Stores,138.57771
2025-01-01,FL,Miami,7c5c2ebd-a499-4f6e-ada6-bad7a7e8ed42,Scan Design,Furniture Stores,138.41487
2025-01-01,FL,Miami,2e317c91-78c4-422c-a378-c7fea5850d26,Mattress by Appointment,Furniture Stores,138.41487
2025-01-01,FL,Miami,48fc080d-b4b6-498d-a1f6-672b08c48732,Sleep Number,Furniture Stores,138.41487
2025-01-01,FL,Miami,3ae6a6bf-f917-45ea-abaa-b7dfc22ec295,American Mattress,Furniture Stores,138.41487
2025-01-01,FL,Miami,e489e153-1e1e-4dff-8f4b-5430055c836a,Home Centric,Furniture Stores,138.41487
2025-01-01,WA,Seattle,dbd02f65-f04f-4383-9a3f-5c891942c12b,Baskin Robbins,Restaurants and Other Eating Places,138.33386
2025-01-01,NY,New York/New Jersey,5389acde-2ee5-4312-9557-0363c0d43f0d,Neuhaus,Specialty Food Stores,137.82872
2025-01-01,NY,New York/New Jersey,4995c401-ee05-42e6-835b-0cb21d728f47,Beef Jerky Outlet,Specialty Food Stores,137.82872
2025-01-01,NY,New York/New Jersey,b95ae37a-53f2-4bbc-92bb-380823fe74d3,Byrne Dairy,Specialty Food Stores,137.82872
2025-01-01,NY,New York/New Jersey,fe9afe3e-864f-4737-93c4-7daa5006fa76,Byrne Dairy,Specialty Food Stores,137.82872
2025-01-01,NY,New York/New Jersey,10f547a8-cf53-4e6e-b0d1-57a9e50c1358,Valero Energy,Gasoline Stations,137.66946
2025-01-01,CA,Los Angeles / SF Bay Area,1e79837e-5fd5-498b-8c8b-5c2a30957cef,Anytime Fitness,Other Amusement and Recreation Industries,137.52454
2025-01-01,NJ,New York/New Jersey,464f46fc-51b6-48d0-9962-15c860345cee,Victra,Electronics and Appliance Stores,136.33331
2025-01-01,PA,Philadelphia,6e2a659e-d7a5-44f6-8140-fc14fc3b79dd,Sears Home Services,Department Stores,135.91707
2025-01-01,GA,Atlanta,f6f28930-eddc-44c5-8a0d-952b163996c2,Onelife Fitness,Other Amusement and Recreation Industries,135.5668
2025-01-01,GA,Atlanta,0ea63b9f-2ee9-47d9-97e3-941e88291ea4,Gold's Gym,Other Amusement and Recreation Industries,135.5668
2025-01-01,GA,Atlanta,f560acec-ef14-4842-9a20-5d7170397539,Aqua Tots,Other Amusement and Recreation Industries,135.5668
2025-01-01,GA,Atlanta,2b512357-a4b9-43a7-bd34-d3ea51c53776,Alloy Personal Training,Other Amusement and Recreation Industries,135.5668
2025-01-01,CA,Los Angeles / SF Bay Area,adfb9e15-c81d-4be8-9775-8f172d5a03df,CVS Pharmacy,Health and Personal Care Stores,135.13313
2025-01-01,CA,Los Angeles / SF Bay Area,9948d5ce-3a95-4220-b973-4fd2e92bd798,CVS Pharmacy,Health and Personal Care Stores,135.13313
2025-01-01,CA,Los Angeles / SF Bay Area,92f6cd59-c5ef-4dd6-8e98-9e25b085176b,CVS Pharmacy,Health and Personal Care Stores,135.13313
2025-01-01,CA,Los Angeles / SF Bay Area,3b17db8c-d46c-4c8f-b693-c802c5ec42ce,CVS Pharmacy,Health and Personal Care Stores,135.13313
2025-01-01,CA,Los Angeles / SF Bay Area,f18912b3-0eef-43f0-a9c4-2a2be3e6784e,CVS Pharmacy,Health and Personal Care Stores,135.13313
2025-01-01,GA,Atlanta,4d74e20f-c1ea-438a-81fe-ae84334b318e,J.Crew,Clothing Stores,134.33917
2025-01-01,GA,Atlanta,66359594-ef87-4d0e-91ca-a1835d3f7704,DTLR,Clothing Stores,134.33917
2025-01-01,GA,Atlanta,16dfb630-8d06-4560-9304-e621c095d2b0,H&M,Clothing Stores,134.33917
2025-01-01,GA,Atlanta,7c76b05d-20e1-4e97-8c4e-aba9ba18ba18,Factory Connection,Clothing Stores,134.33917
2025-01-01,GA,Atlanta,1e17ce93-09f1-4b21-8f55-8dd44f39c553,LIDS,Clothing Stores,134.33917
2025-01-01,GA,Atlanta,1fedc442-82cf-4e50-8587-04ec92019e33,Old Navy,Clothing Stores,134.33917
2025-01-01,GA,Atlanta,b59302b3-2842-4c1a-9b41-cd0ee934dc5b,Lizard Thicket,Clothing Stores,134.33917
2025-01-01,GA,Atlanta,bd5ea515-734e-403b-a88a-3b23fade353e,Rainbow Shops,Clothing Stores,134.33917
2025-01-01,GA,Atlanta,3639a1b6-2c6a-4947-ab3d-d08b460d8221,GUESS Factory,Clothing Stores,134.33917
2025-01-01,GA,Atlanta,9afbd448-0dc2-4c67-900f-fcd083b36dd4,Marshalls,Clothing Stores,134.33917
2025-01-01,GA,Atlanta,d58b6013-986c-43f8-9c10-ff4a8657bb78,Hot Topic,Clothing Stores,134.33917
2025-01-01,WA,Seattle,279a5fe3-79a0-4ef9-ac13-fc7794002d61,Health Mart,Health and Personal Care Stores,132.5004
2025-01-01,MA,Boston,23ab8ab1-61f2-4e5b-97b8-464738f0551c,AutoZone,"Automotive Parts, Accessories, and Tire Stores",132.49263
2025-01-01,KS,Kansas City,646b2fb5-b368-456d-a2fa-12db20a93459,Three Dog Bakery,Other Miscellaneous Store Retailers,131.83284
2025-01-01,KS,Kansas City,e62fc263-44ef-4016-a8e4-9199b74ca02f,Woof Gang Bakery & Grooming,Other Miscellaneous Store Retailers,131.83284
2025-01-01,PA,Philadelphia,a79ae509-d286-48e5-a440-8b64e01bd97a,Valero Energy,Gasoline Stations,131.55823
2025-01-01,FL,Miami,2172b007-d74b-4924-8016-d40cba6db333,O'Reilly Auto Parts,"Automotive Parts, Accessories, and Tire Stores",131.3897
2025-01-01,FL,Miami,eced7aaf-c95b-4155-9b2a-b0292b397ed3,O'Reilly Auto Parts,"Automotive Parts, Accessories, and Tire Stores",131.3897
2025-01-01,FL,Miami,d0f6323d-fc9d-4a0c-898a-a8e033fb2d7c,O'Reilly Auto Parts,"Automotive Parts, Accessories, and Tire Stores",131.3897
2025-01-01,FL,Miami,c31bfc04-e7d7-4bcf-8a90-903464a6b6dd,O'Reilly Auto Parts,"Automotive Parts, Accessories, and Tire Stores",131.3897
2025-01-01,FL,Miami,49005c25-6745-4497-8ec8-54656905f92d,Great Clips,Personal Care Services,131.12999
2025-01-01,FL,Miami,55d4664c-51bc-4a43-ae2a-7821a70b4582,Great Clips,Personal Care Services,131.12999
2025-01-01,FL,Miami,73a70b34-0187-4738-a895-f867b03b2e40,Great Clips,Personal Care Services,131.12999
2025-01-01,MO,Kansas City,b7fbd0f8-8ac2-43d8-8871-44c3f3bc2ac2,maurices,Clothing Stores,131.05403
2025-01-01,MO,Kansas City,01b42405-3a54-4d00-979a-0ae45c095d94,Evereve,Clothing Stores,131.05403
2025-01-01,MO,Kansas City,09c5a8f7-61ab-47f0-bd41-628232c7b08c,Evereve,Clothing Stores,131.05403
2025-01-01,MO,Kansas City,a9893d18-5d97-4864-9c9a-28f45a0ca4bb,Old Navy,Clothing Stores,131.05403
2025-01-01,NJ,New York/New Jersey,b580ee76-b840-4b89-9fbd-2c89f93fa0e7,Movado Company Store,"Jewelry, Luggage, and Leather Goods Stores",130.96294
2025-01-01,WA,Seattle,f2c7edcc-bfce-41db-8798-a20ab2590c47,LA Fitness,Other Amusement and Recreation Industries,130.63626
2025-01-01,WA,Seattle,c5921d53-d118-43d5-afe4-c599fca67f15,Pure Barre,Other Amusement and Recreation Industries,130.63626
2025-01-01,CA,Los Angeles / SF Bay Area,31e79b28-ceb6-4e4f-8afa-b80c199fc9f8,Walgreens Pharmacy,Health and Personal Care Stores,130.36168
2025-01-01,CA,Los Angeles / SF Bay Area,27a4c228-b1fc-426e-be9a-54ccb6f21457,Walgreens Pharmacy,Health and Personal Care Stores,130.36168
2025-01-01,CA,Los Angeles / SF Bay Area,d291b4e6-0889-48b9-a620-bc20a5422c48,Walgreens Pharmacy,Health and Personal Care Stores,130.36168
2025-01-01,CA,Los Angeles / SF Bay Area,ff75e4bb-5701-4712-a630-f5c51d11f457,Walgreens Pharmacy,Health and Personal Care Stores,130.36168
2025-01-01,CA,Los Angeles / SF Bay Area,f5aac319-63cd-41ed-9413-2c1536945fc8,76.0,Gasoline Stations,129.8966
2025-01-01,CA,Los Angeles / SF Bay Area,f2e71afd-c47e-4068-b504-17dc072f3877,76.0,Gasoline Stations,129.8966
2025-01-01,CA,Los Angeles / SF Bay Area,187d7168-bd99-4a6e-8562-5b330c15e574,76.0,Gasoline Stations,129.8966
2025-01-01,CA,Los Angeles / SF Bay Area,56c94b55-0dc5-4520-8dff-7ff54fac64d8,76.0,Gasoline Stations,129.8966
2025-01-01,GA,Atlanta,412e9cd3-e046-42fd-ac83-f0b025d9a179,AutoZone,"Automotive Parts, Accessories, and Tire Stores",129.81169
2025-01-01,GA,Atlanta,08af76e3-27c2-43a8-9985-4e2cc2d67d7f,AutoZone,"Automotive Parts, Accessories, and Tire Stores",129.81169
2025-01-01,WA,Seattle,89652817-e8d7-45eb-8cfe-2cd146523260,F45 Training,Other Amusement and Recreation Industries,129.49881
2025-01-01,NY,New York/New Jersey,34af9fd7-daa0-4c2a-a29d-8b6786b5cd91,F45 Training,Other Amusement and Recreation Industries,129.41153
2025-01-01,TX,Dallas / Houston,ccf52ef6-aabe-4045-8feb-978177ce3dc2,Health Mart,Health and Personal Care Stores,128.9207
2025-01-01,CA,Los Angeles / SF Bay Area,81bdff9c-3839-4bad-a4d4-2579919b5455,Valvoline,Automotive Repair and Maintenance,127.9506
2025-01-01,CA,Los Angeles / SF Bay Area,8a03382f-4516-4371-8a42-dbaf9aa2c0d9,Valvoline,Automotive Repair and Maintenance,127.9506
2025-01-01,CA,Los Angeles / SF Bay Area,75ea02b2-e782-4d45-baaf-eac89f7f1331,Valvoline,Automotive Repair and Maintenance,127.9506
2025-01-01,TX,Dallas / Houston,77174137-86ce-4dd6-92c3-a93c818652a8,Supercuts,Personal Care Services,127.59832
2025-01-01,NY,New York/New Jersey,ef0c180f-03e5-4f23-ac46-fa95e34bbb9b,Raymour and Flanigan Furniture,Furniture Stores,127.56944
2025-01-01,NY,New York/New Jersey,60f9eeee-37a0-49ab-b637-99ddcbbf98dc,La-Z-Boy,Furniture Stores,127.56944
2025-01-01,NY,New York/New Jersey,958ba37d-6113-40a8-a48b-3e73e0d8d6d2,IKEA,Furniture Stores,127.56944
2025-01-01,NJ,New York/New Jersey,4903e782-1cf2-40c1-959a-6d6c869e83dc,CVS Pharmacy,Health and Personal Care Stores,127.4099
2025-01-01,NJ,New York/New Jersey,a5ce005a-5986-4990-9819-2776134b61ff,CVS Pharmacy,Health and Personal Care Stores,127.4099
2025-01-01,NJ,New York/New Jersey,b2f796a6-3309-41a9-ba76-02f4def3333b,CVS Pharmacy,Health and Personal Care Stores,127.4099
2025-01-01,NJ,New York/New Jersey,1d2a5d14-e467-434a-86db-9af943939e35,CVS Pharmacy,Health and Personal Care Stores,127.4099
2025-01-01,GA,Atlanta,dbe3bc20-f936-45b2-83f6-294111003a90,Health Mart,Health and Personal Care Stores,126.95356
2025-01-01,GA,Atlanta,450c02ab-8672-4fe7-a89b-10487c02c716,Health Mart,Health and Personal Care Stores,126.95356
2025-01-01,GA,Atlanta,bfe8c1f8-d593-4c1c-9149-bb5972ae04a5,Health Mart,Health and Personal Care Stores,126.95356
2025-01-01,CA,Los Angeles / SF Bay Area,ca84be5a-be3d-4ac4-bde1-2a3a84480b74,CrossFit,Other Amusement and Recreation Industries,126.53667
2025-01-01,CA,Los Angeles / SF Bay Area,916be622-70cd-46ef-9c5e-9a20f5c7bd6b,CrossFit,Other Amusement and Recreation Industries,126.53667
2025-01-01,CA,Los Angeles / SF Bay Area,9e721b27-e25a-4e55-95b2-9c72bbc593a0,CrossFit,Other Amusement and Recreation Industries,126.53667
2025-01-01,CA,Los Angeles / SF Bay Area,abeb4a50-8d97-4f71-8bbf-4398662f9331,CrossFit,Other Amusement and Recreation Industries,126.53667
2025-01-01,CA,Los Angeles / SF Bay Area,b3afcce9-a9ab-4128-a6dd-4f56d9b48f08,CrossFit,Other Amusement and Recreation Industries,126.53667
2025-01-01,NJ,New York/New Jersey,1cfd9c21-169d-454b-be98-520a83b74a07,Supercuts,Personal Care Services,126.19202
2025-01-01,CA,Los Angeles / SF Bay Area,3e4b102b-ed9f-437c-b200-151bbee40959,U-Haul,Automotive Equipment Rental and Leasing,125.99361
2025-01-01,FL,Miami,6046484f-498a-4b08-8b90-6db50195a7eb,Floors To Go,Home Furnishings Stores,125.48385
2025-01-01,NY,New York/New Jersey,853f38b1-3b57-4edd-9de1-348b64d0dd6c,CVS Pharmacy,Health and Personal Care Stores,125.39058
2025-01-01,NY,New York/New Jersey,3924d0ad-e753-4d94-ad68-81dd6a282326,CVS Pharmacy,Health and Personal Care Stores,125.39058
2025-01-01,NY,New York/New Jersey,99bd310e-3fde-4cde-a301-93edc9f8ffed,CVS Pharmacy,Health and Personal Care Stores,125.39058
2025-01-01,NY,New York/New Jersey,52b247b0-42c6-4f3b-8c66-5962e7c25e85,CVS Pharmacy,Health and Personal Care Stores,125.39058
2025-01-01,NY,New York/New Jersey,89362c7b-0bde-44b7-a636-5c5abd75b4d3,CVS Pharmacy,Health and Personal Care Stores,125.39058
2025-01-01,NY,New York/New Jersey,610bf819-5219-4882-b6b5-b57d26c5763e,CVS Pharmacy,Health and Personal Care Stores,125.39058
2025-01-01,MO,Kansas City,6fe52e1b-aa23-4686-83d1-ede1207c391a,It's Just Wings,Restaurants and Other Eating Places,125.35707
2025-01-01,PA,Philadelphia,2aa828a4-1b8f-4abe-af9c-27a584791d43,Staples,"Office Supplies, Stationery, and Gift Stores",123.9238
2025-01-01,PA,Philadelphia,e9489f4f-91a0-4bf8-9c67-3e5b9738b754,Staples,"Office Supplies, Stationery, and Gift Stores",123.9238
2025-01-01,TX,Dallas / Houston,fa79cc56-794e-48aa-83af-d9ddcbf9fc2b,Altitude Trampoline Parks,Other Amusement and Recreation Industries,123.80246
2025-01-01,TX,Dallas / Houston,ba46b360-3186-499c-a0fb-75386642afee,Pure Barre,Other Amusement and Recreation Industries,123.80246
2025-01-01,TX,Dallas / Houston,c585d52a-e9a0-43b0-8b28-bb9d466e0926,Club4Fitness,Other Amusement and Recreation Industries,123.80246
2025-01-01,TX,Dallas / Houston,32ad0551-1f75-477a-b066-9a6a2a18fd06,Gold's Gym,Other Amusement and Recreation Industries,123.80246
2025-01-01,TX,Dallas / Houston,10ac4a26-7874-4cbe-96ed-53ff95f14f27,Chicken N Pickle,Other Amusement and Recreation Industries,123.80246
2025-01-01,TX,Dallas / Houston,ab35c05f-b91b-46cc-bdcc-72fb323ca977,9Round,Other Amusement and Recreation Industries,123.80246
2025-01-01,TX,Dallas / Houston,e3dd28c6-d457-4581-8dda-c49d62b513a0,World Gym,Other Amusement and Recreation Industries,123.80246
2025-01-01,TX,Dallas / Houston,b61859d0-5f3f-4bb1-8b88-0a9fcd3c4c96,EoS Fitness,Other Amusement and Recreation Industries,123.80246
2025-01-01,TX,Dallas / Houston,2557c53e-64c4-4f7b-89e9-4eabc3eec11f,The Perfect Workout,Other Amusement and Recreation Industries,123.80246
2025-01-01,TX,Dallas / Houston,2d71b386-04d6-4a47-aa33-6a5cd028d8ee,The Exercise Coach,Other Amusement and Recreation Industries,123.80246
2025-01-01,TX,Dallas / Houston,700cd3ec-2f6e-4261-bf8b-731a067fb95e,9Round,Other Amusement and Recreation Industries,123.80246
2025-01-01,MA,Boston,c26f63b1-f6bb-45af-b956-6b1fd71d95e6,LOFT,Clothing Stores,123.391975
2025-01-01,MA,Boston,0d9afbcd-df29-4b54-8b22-6dadb3b8922c,J Mclaughlin,Clothing Stores,123.391975
2025-01-01,MA,Boston,0a94ad57-4fe2-4dfa-9b3d-2f2410ed1a4a,Saint Laurent,Clothing Stores,123.391975
2025-01-01,MA,Boston,229c3060-09e1-484b-b259-73134654903a,LIDS,Clothing Stores,123.391975
2025-01-01,MA,Boston,0957120b-3cb8-46ff-9fc5-6983da40fb1d,Brandy Melville,Clothing Stores,123.391975
2025-01-01,MA,Boston,2e1d013a-4406-4fee-b007-d70e51fd9ba8,Zumiez,Clothing Stores,123.391975
2025-01-01,MA,Boston,fca06510-2bb8-4a17-af53-e91f9ec82fb5,Athleta,Clothing Stores,123.391975
2025-01-01,MA,Boston,4757a890-f8c3-4a67-a228-511ba40bb2bc,lululemon athletica,Clothing Stores,123.391975
2025-01-01,MA,Boston,cbba7bff-7e5e-4235-bf22-ca22d230c85d,LIDS,Clothing Stores,123.391975
2025-01-01,MA,Boston,c3eff47e-b4a8-48f3-85f2-48e49056c24a,Express Factory Outlet,Clothing Stores,123.391975
2025-01-01,MA,Boston,0ffe7aa7-1bb4-4826-a592-3abcad915fe3,Ardene,Clothing Stores,123.391975
2025-01-01,FL,Miami,d2ddc934-0170-4e92-a37b-ea1b4addf87a,Pelican's SnoBalls,Specialty Food Stores,123.22441
2025-01-01,MO,Kansas City,39124f7f-f212-425a-b959-db60bf522100,Pure Barre,Other Amusement and Recreation Industries,123.045586
2025-01-01,MO,Kansas City,622526a9-c3e2-480b-9a56-ed0e2b33fd72,Club Fitness,Other Amusement and Recreation Industries,123.045586
2025-01-01,GA,Atlanta,947c8084-731f-44e3-a574-4f8caf15092c,Days Inn,Traveler Accommodation,122.85705
2025-01-01,CA,Los Angeles / SF Bay Area,80e7f508-3547-4490-86d1-f0eda1686c46,Consumer Cellular,Wired and Wireless Telecommunications Carriers,122.72836
2025-01-01,CA,Los Angeles / SF Bay Area,293a4e64-0a91-471c-bfe8-5338eea5a878,Consumer Cellular,Wired and Wireless Telecommunications Carriers,122.72836
2025-01-01,PA,Philadelphia,8f880f6b-ca44-4e93-b891-4f89d8e2ecf5,AutoZone,"Automotive Parts, Accessories, and Tire Stores",122.386055
2025-01-01,FL,Miami,3e1f40a6-2599-4a8c-ba33-36eaffd48760,Club Pilates,Other Amusement and Recreation Industries,121.768135
2025-01-01,FL,Miami,e02d317b-709d-4be2-8f57-a83565cbfdae,Club Pilates,Other Amusement and Recreation Industries,121.768135
2025-01-01,CA,Los Angeles / SF Bay Area,e1792125-055b-440b-bd3f-2494d553808e,Tempur,Furniture Stores,120.658394
2025-01-01,CA,Los Angeles / SF Bay Area,0e407740-2416-4c92-afe5-9f918e2480c4,Purple,Furniture Stores,120.658394
2025-01-01,CA,Los Angeles / SF Bay Area,b3242327-b37f-4bea-a74f-985f04d0ea17,Sleep Number,Furniture Stores,120.658394
2025-01-01,CA,Los Angeles / SF Bay Area,0b5fd186-da22-4759-8507-a144596dd2c2,Sit 'n Sleep,Furniture Stores,120.658394
2025-01-01,CA,Los Angeles / SF Bay Area,ea06109e-af03-4da9-b112-af502fdcb4d8,Mancini's Sleepworld,Furniture Stores,120.658394
2025-01-01,CA,Los Angeles / SF Bay Area,2178b361-5c06-4ca6-898f-1475440d894a,Living Spaces,Furniture Stores,120.658394
2025-01-01,CA,Los Angeles / SF Bay Area,c2078556-3c1b-4c07-88bf-40acbc6d70ca,Sleep Number,Furniture Stores,120.658394
2025-01-01,KS,Kansas City,75d9115b-f559-4a3f-bc21-4ced9c12af7a,Do It Best,Building Material and Supplies Dealers,120.489525
2025-01-01,PA,Philadelphia,9921982e-238c-4501-a62b-c2ff171d1b93,Pure Barre,Other Amusement and Recreation Industries,120.46925
2025-01-01,PA,Philadelphia,290255e5-6cd7-49a8-9d50-61297f4d94d9,My Gym Children's Fitness Centers,Other Amusement and Recreation Industries,120.46925
2025-01-01,PA,Philadelphia,a5ba3960-5729-4bfd-bd07-0d50d110f65d,StretchLab,Other Amusement and Recreation Industries,120.46925
2025-01-01,PA,Philadelphia,e67ac0f9-cc5d-47e6-803f-900f4df42451,Hallmark Cards,"Office Supplies, Stationery, and Gift Stores",119.87384
2025-01-01,NJ,New York/New Jersey,f4e22952-c5c2-443c-85ca-8bd5f04d240c,The Salvation Army,Used Merchandise Stores,119.604744
2025-01-01,TX,Dallas / Houston,bb53cfa6-ee98-4235-866f-c59ce5b1d82d,Anytime Fitness,Other Amusement and Recreation Industries,119.47806
2025-01-01,TX,Dallas / Houston,4e9d7a8a-890d-40c5-8bbe-406b68c2e226,Anytime Fitness,Other Amusement and Recreation Industries,119.47806
2025-01-01,TX,Dallas / Houston,28715cc9-f5bb-494b-95ce-86fdd014e9e7,F45 Training,Other Amusement and Recreation Industries,118.57544
2025-01-01,TX,Dallas / Houston,e10652d2-e966-4897-b622-033ea36e051f,F45 Training,Other Amusement and Recreation Industries,118.57544
2025-01-01,KS,Kansas City,7fa58853-f47d-48b7-820c-08c160d7b115,Claire's,Clothing Stores,118.40007
2025-01-01,KS,Kansas City,7a194bae-7301-4f83-be48-6aad59ee1956,Rainbow Shops,Clothing Stores,118.40007
2025-01-01,KS,Kansas City,6650e09b-03bc-4326-931a-192d64eeb089,Fabletics,Clothing Stores,118.40007
2025-01-01,GA,Atlanta,8c37ed0e-d375-4e02-a81f-edfc8e5c1785,Valero Energy,Gasoline Stations,117.60603
2025-01-01,GA,Atlanta,7cdf1e59-2add-4c95-a375-06546deb6fbb,Valero Energy,Gasoline Stations,117.60603
2025-01-01,GA,Atlanta,af47016b-6721-4161-b9d5-a8ac43de8196,Valero Energy,Gasoline Stations,117.60603
2025-01-01,WA,Seattle,89fbbe9d-bce8-4ad2-a30d-8d164b99cbb5,Oil & Vinegar,Specialty Food Stores,117.30904
2025-01-01,MO,Kansas City,62701687-774d-40be-97a4-eca1c7f41518,Baskin Robbins,Restaurants and Other Eating Places,116.95118
2025-01-01,FL,Miami,a5e81db0-07bb-46f1-8f3d-7ad5a2bbc4fd,Pandora,"Jewelry, Luggage, and Leather Goods Stores",115.9882
2025-01-01,FL,Miami,bd6c841a-8710-4d1d-be19-814fc9fab63f,Banter by Piercing Pagoda,"Jewelry, Luggage, and Leather Goods Stores",115.9882
2025-01-01,FL,Miami,993b3af2-13a0-4985-b060-cc55dc22bab9,CrossFit,Other Amusement and Recreation Industries,115.63522
2025-01-01,FL,Miami,14a61b99-3fdf-415d-add6-edba8716646f,CrossFit,Other Amusement and Recreation Industries,115.63522
2025-01-01,KS,Kansas City,15272230-aacf-4549-a060-d77ed0f7ba99,QuikTrip,Gasoline Stations,114.78938
2025-01-01,KS,Kansas City,6d124e00-32d0-4a09-bdf9-66a01610551a,QuikTrip,Gasoline Stations,114.78938
2025-01-01,NY,New York/New Jersey,39da4b07-a3e3-4dbf-ac7a-2f691e3691d7,Anytime Fitness,Other Amusement and Recreation Industries,114.1128
2025-01-01,PA,Philadelphia,1324acd7-c257-4a36-985d-9f207db97ed9,GameStop,"Sporting Goods, Hobby, and Musical Instrument Stores",113.21508
2025-01-01,PA,Philadelphia,96311da1-3e10-4328-bd74-92a55c73f216,Health Mart,Health and Personal Care Stores,113.08042
2025-01-01,PA,Philadelphia,ad740772-512e-40e4-8dfc-a64b6ebb43cc,Health Mart,Health and Personal Care Stores,113.08042
2025-01-01,PA,Philadelphia,5701f436-3d12-48e4-8f04-353a0c1fa0ec,Carter's,Clothing Stores,112.21148
2025-01-01,PA,Philadelphia,f26fff4c-4300-4d2a-b508-805a18239cc5,Ann Taylor,Clothing Stores,112.21148
2025-01-01,PA,Philadelphia,98c58540-eaff-431f-aeb4-7562e7dbee21,Hollister,Clothing Stores,112.21148
2025-01-01,PA,Philadelphia,2b97cecc-2223-4377-98cf-6a334d2d28a0,Apricot Lane,Clothing Stores,112.21148
2025-01-01,PA,Philadelphia,5fae3230-e320-4b54-9dad-faaa32788f94,Forever 21,Clothing Stores,112.21148
2025-01-01,PA,Philadelphia,5f49d0e6-b372-431c-beb1-49961ea08bf7,Eddie Bauer,Clothing Stores,112.21148
2025-01-01,PA,Philadelphia,d124046b-8b15-47b8-92e1-736369150dad,Under Armour,Clothing Stores,112.21148
2025-01-01,WA,Seattle,a6d90682-42ac-4c65-a90d-dcd73c048589,Denver Mattress,Furniture Stores,111.6168
2025-01-01,WA,Seattle,4952c3a1-7644-4aec-a651-baca12c66019,Fred Meyer Jewelers,"Jewelry, Luggage, and Leather Goods Stores",111.043785
2025-01-01,TX,Dallas / Houston,612fa3ec-8416-4e43-bab7-928f46bac4cb,Great Clips,Personal Care Services,110.650665
2025-01-01,TX,Dallas / Houston,8961b3e5-e74f-456e-be1d-1f653b6d738b,Great Clips,Personal Care Services,110.650665
2025-01-01,TX,Dallas / Houston,6a8800c6-224c-4a72-9a3a-0fb71c99ef6d,Great Clips,Personal Care Services,110.650665
2025-01-01,TX,Dallas / Houston,48091a2a-9b0d-4a47-8a7a-44881d883167,Great Clips,Personal Care Services,110.650665
2025-01-01,TX,Dallas / Houston,8302a1c8-860f-423c-a22f-00d9285e78cd,Super 8,Traveler Accommodation,110.4487
2025-01-01,PA,Philadelphia,57bbd06d-0291-4f7d-9cc7-ed0668f0e11f,Rite Aid Pharmacy,Health and Personal Care Stores,110.3138
2025-01-01,PA,Philadelphia,8b79df04-bf7b-4362-92ff-e01713ef413a,Rite Aid Pharmacy,Health and Personal Care Stores,110.3138
2025-01-01,PA,Philadelphia,d0db244e-379a-44cd-abf2-2708e747bca9,Rite Aid Pharmacy,Health and Personal Care Stores,110.3138
2025-01-01,FL,Miami,e3b0a514-62b4-4298-8c79-4d1b8cb4049c,CVS Pharmacy,Health and Personal Care Stores,109.65187
2025-01-01,FL,Miami,42818bae-29e3-42e8-8b1a-e950c0df6472,CVS Pharmacy,Health and Personal Care Stores,109.65187
2025-01-01,FL,Miami,5288d34d-d07a-4684-83b8-bfd64ecfdf03,CVS Pharmacy,Health and Personal Care Stores,109.65187
2025-01-01,FL,Miami,1e0176b8-0428-4768-ba2d-9c4326bc780b,CVS Pharmacy,Health and Personal Care Stores,109.65187
2025-01-01,CA,Los Angeles / SF Bay Area,83935a75-1037-4eaa-9f91-2af81f679f3b,Pandora,"Jewelry, Luggage, and Leather Goods Stores",109.074936
2025-01-01,CA,Los Angeles / SF Bay Area,c7f66cb5-a16f-4294-8968-1c42b04d3868,Pandora,"Jewelry, Luggage, and Leather Goods Stores",109.074936
2025-01-01,CA,Los Angeles / SF Bay Area,3a104067-c0e1-426e-bbbf-cf9d1cedb35f,Mejuri,"Jewelry, Luggage, and Leather Goods Stores",109.074936
2025-01-01,CA,Los Angeles / SF Bay Area,cec43e26-3650-463b-a196-d5a93e5bdc56,Kevin Jewelers,"Jewelry, Luggage, and Leather Goods Stores",109.074936
2025-01-01,CA,Los Angeles / SF Bay Area,e30e6752-88af-4161-b420-832a858c838e,Coach,"Jewelry, Luggage, and Leather Goods Stores",109.074936
2025-01-01,CA,Los Angeles / SF Bay Area,f51898f5-835f-4c51-a53f-28c6fa25d153,Harry Winston,"Jewelry, Luggage, and Leather Goods Stores",109.074936
2025-01-01,CA,Los Angeles / SF Bay Area,b0ecd901-82df-41a5-8271-7242b73cee3f,Zales,"Jewelry, Luggage, and Leather Goods Stores",109.074936
2025-01-01,TX,Dallas / Houston,df1bfd0c-1b85-4381-8d7d-6e2f78e0902b,Verlo,Furniture Stores,107.91388
2025-01-01,TX,Dallas / Houston,07d8c001-076c-4af0-8bd3-0788944807ac,Mattress by Appointment,Furniture Stores,107.91388
2025-01-01,TX,Dallas / Houston,83152398-173d-40c2-a060-2c5f97c7dfd1,Purple,Furniture Stores,107.91388
2025-01-01,TX,Dallas / Houston,0fc4f581-10c1-4a01-b314-6879abcc7cea,Sleep Number,Furniture Stores,107.91388
2025-01-01,TX,Dallas / Houston,fff0fef4-bd36-4142-9f65-7bf36213d87d,Sleep Experts,Furniture Stores,107.91388
2025-01-01,TX,Dallas / Houston,7939e07f-ccd7-496d-ab5a-6d52918ba56b,Mattress by Appointment,Furniture Stores,107.91388
2025-01-01,TX,Dallas / Houston,35226d0b-ae80-40d3-92e5-875854655f5b,Living Spaces,Furniture Stores,107.91388
2025-01-01,TX,Dallas / Houston,921880b0-80db-44db-93dd-0f0f2583bccd,Mega Furniture,Furniture Stores,107.91388
2025-01-01,TX,Dallas / Houston,c5db751d-5eb7-4f63-aacc-b546aec0b197,Havertys,Furniture Stores,107.91388
2025-01-01,TX,Dallas / Houston,37c7e581-e664-4453-b9ce-3fc7de23deb5,Home Zone Furniture,Furniture Stores,107.91388
2025-01-01,TX,Dallas / Houston,d2115dcb-566a-4e08-9d79-cf8491ab2500,Sleep Number,Furniture Stores,107.91388
2025-01-01,GA,Atlanta,658c1e27-d9a2-4d3e-b6f7-37d301d0eca6,CVS Pharmacy,Health and Personal Care Stores,107.76685
2025-01-01,GA,Atlanta,8ed2bc34-fcf7-430d-b566-094918cc2a3a,CVS Pharmacy,Health and Personal Care Stores,107.76685
2025-01-01,CA,Los Angeles / SF Bay Area,84a0aa1d-782d-46ca-bd70-6b14295bbce2,Club Pilates,Other Amusement and Recreation Industries,107.217705
2025-01-01,NY,New York/New Jersey,08b8b2aa-5a01-48f7-91fe-d4e337c6f67a,Walgreens Pharmacy,Health and Personal Care Stores,106.98023
2025-01-01,NY,New York/New Jersey,403b307d-87c5-4b00-bfe6-63776b74dd6b,Walgreens Pharmacy,Health and Personal Care Stores,106.98023
2025-01-01,GA,Atlanta,f11755a9-0427-4c50-8b14-8c59e94a075f,Super 8,Traveler Accommodation,105.009674
2025-01-01,FL,Miami,62b53831-1276-43ae-a46c-e3f420928071,Circle K Gas,Gasoline Stations,104.17542
2025-01-01,FL,Miami,3afa11c8-3e32-4be7-a9ee-a66bc98c1186,Circle K Gas,Gasoline Stations,104.17542
2025-01-01,FL,Miami,03a3afa7-6b3f-4583-a5a6-2199c980a356,Circle K Gas,Gasoline Stations,104.17542
2025-01-01,MO,Kansas City,075a1c9b-3c54-4afb-b7ea-996381757740,Daylight Donuts,Specialty Food Stores,103.245834
2025-01-01,MO,Kansas City,bffba4f6-0b74-48ae-9a5c-5ae77a3d9cb8,CVS Pharmacy,Health and Personal Care Stores,103.13549
2025-01-01,MO,Kansas City,6bdef04e-cf02-4fb2-baf1-39b6a17623a2,CVS Pharmacy,Health and Personal Care Stores,103.13549
2025-01-01,GA,Atlanta,e6d4d0b2-1a18-48f2-9ed7-aff9c0a6c1d2,Supercuts,Personal Care Services,102.91792
2025-01-01,KS,Kansas City,85fd6723-23ec-4a97-90f4-f74ba4976e33,Riddle's Jewelry,"Jewelry, Luggage, and Leather Goods Stores",102.801346
2025-01-01,FL,Miami,509b922f-35f6-472b-9562-f38460fc1f29,Walgreens Pharmacy,Health and Personal Care Stores,101.93891
2025-01-01,FL,Miami,769238bf-30b6-45de-b014-88ada23e7b29,Walgreens Pharmacy,Health and Personal Care Stores,101.93891
2025-01-01,FL,Miami,b50b9fe3-db8b-4e28-bf86-73f4575aa518,Walgreens Pharmacy,Health and Personal Care Stores,101.93891
2025-01-01,FL,Miami,2b3c53c9-bf3d-4cc2-a86d-60ae850afa84,Walgreens Pharmacy,Health and Personal Care Stores,101.93891
2025-01-01,FL,Miami,bea33286-81d6-43d1-b6fc-2aa5c7520465,Walgreens Pharmacy,Health and Personal Care Stores,101.93891
2025-01-01,FL,Miami,5c46e756-1d1a-4c56-bbf8-4f1f935eb3c1,Walgreens Pharmacy,Health and Personal Care Stores,101.93891
2025-01-01,WA,Seattle,903fd627-b21c-4857-80ef-79dc1743b1c9,Anytime Fitness,Other Amusement and Recreation Industries,101.2388
2025-01-01,PA,Philadelphia,fb4ae1cb-596f-4ae5-b07c-f9f9417eac5c,CVS Pharmacy,Health and Personal Care Stores,100.60016
2025-01-01,PA,Philadelphia,ca22aed7-525b-4d1f-99ee-352295f0d0f2,CVS Pharmacy,Health and Personal Care Stores,100.60016
2025-01-01,PA,Philadelphia,c98dbc35-270e-470c-ad7f-6d5862ac2eea,CVS Pharmacy,Health and Personal Care Stores,100.60016
2025-01-01,PA,Philadelphia,bb0003c4-632b-4fb7-83b1-fbe2660a924d,CVS Pharmacy,Health and Personal Care Stores,100.60016
2025-01-01,FL,Miami,dd99497a-dedd-45cb-a9ac-2d7b5e641813,Health Mart,Health and Personal Care Stores,100.58708
2025-01-01,WA,Seattle,a67b89ad-ad23-48f6-838f-48bf877657f6,Walgreens Pharmacy,Health and Personal Care Stores,100.37784
2025-01-01,WA,Seattle,436e91cf-05f2-4da5-a27d-9e7808ac2841,Walgreens Pharmacy,Health and Personal Care Stores,100.37784
2025-01-01,WA,Seattle,d228a261-acb6-4717-ad3b-44c809769b59,Walgreens Pharmacy,Health and Personal Care Stores,100.37784
2025-01-01,MO,Kansas City,fd19d7bb-1fd9-4b16-bc22-08970323f9ac,Great Clips,Personal Care Services,100.06271
2025-01-01,TX,Dallas / Houston,d58ce05a-5c47-4ced-adbf-fba711e45478,Rowan,"Jewelry, Luggage, and Leather Goods Stores",99.568146
2025-01-01,TX,Dallas / Houston,bab0d119-c2e2-47de-8df1-f589431b9508,James Avery Craftsman,"Jewelry, Luggage, and Leather Goods Stores",99.568146
2025-01-01,TX,Dallas / Houston,471bef18-98ed-42f1-a8c0-d01064124417,Helzberg Diamonds,"Jewelry, Luggage, and Leather Goods Stores",99.568146
2025-01-01,TX,Dallas / Houston,cb9f0329-1cfe-48ae-9f1e-ee9ee2a85f1f,James Avery Craftsman,"Jewelry, Luggage, and Leather Goods Stores",99.568146
2025-01-01,TX,Dallas / Houston,b39dc1db-1369-4727-a876-b056da9509ed,Kendra Scott,"Jewelry, Luggage, and Leather Goods Stores",99.568146
2025-01-01,KS,Kansas City,57475bfd-7fd9-49c4-ba00-de9345599c08,Supercuts,Personal Care Services,99.3622
2025-01-01,NY,New York/New Jersey,38c08da6-b03a-474a-83c0-19123f7a1b3f,The Salvation Army,Used Merchandise Stores,99.19957
2025-01-01,NY,New York/New Jersey,d230ed97-9e7c-4ab9-a893-2f3a1004cf02,The Salvation Army,Used Merchandise Stores,99.19957
2025-01-01,NY,New York/New Jersey,2062af3a-a89c-498a-9c78-34befd0042e0,Great Clips,Personal Care Services,98.982315
2025-01-01,CA,Los Angeles / SF Bay Area,182b2457-f57a-4b64-b08d-fece1dbe7922,Graze Craze,Specialty Food Stores,98.05696
2025-01-01,CA,Los Angeles / SF Bay Area,0c6df621-dd87-4a60-be98-9e69f5bcbcb1,See's Candies,Specialty Food Stores,98.05696
2025-01-01,CA,Los Angeles / SF Bay Area,6fb1cf08-3877-4724-9498-6ab4ff46fc0c,Mrs. Fields,Specialty Food Stores,98.05696
2025-01-01,TX,Dallas / Houston,becea7c6-c063-4e06-8623-a1ddb8eb1d88,Circle K Gas,Gasoline Stations,97.56374
2025-01-01,TX,Dallas / Houston,1b6d568b-6bce-4057-8f7b-c79fa35ca085,Circle K Gas,Gasoline Stations,97.56374
2025-01-01,KS,Kansas City,73aa55e0-7447-475a-9d6b-b9339d067d53,Health Mart,Health and Personal Care Stores,97.40272
2025-01-01,GA,Atlanta,33e2b8df-226c-4a59-9126-2714089cda99,Rooms To Go,Furniture Stores,97.01002
2025-01-01,GA,Atlanta,0a0ae690-b1bc-4851-869b-72615e6f3236,Havertys,Furniture Stores,97.01002
2025-01-01,GA,Atlanta,7a3634a6-52f8-45c3-a6d4-c35f4373994d,Farmers Home Furniture,Furniture Stores,97.01002
2025-01-01,GA,Atlanta,5d22f15b-5e47-41fb-a12f-bd82208a1dca,Lovesac,Furniture Stores,97.01002
2025-01-01,GA,Atlanta,c0c1ed57-4922-4993-98b8-65a6dd7c2817,Lovesac,Furniture Stores,97.01002
2025-01-01,GA,Atlanta,60ffb555-4181-4a48-81fc-8011ff53737a,Farmers Home Furniture,Furniture Stores,97.01002
2025-01-01,TX,Dallas / Houston,73320d7b-c8d4-4dc5-bfd6-b20160521d10,Walgreens Pharmacy,Health and Personal Care Stores,96.759415
2025-01-01,TX,Dallas / Houston,e0d2b859-d8a9-461a-bfaa-a5b15e6667c0,Walgreens Pharmacy,Health and Personal Care Stores,96.759415
2025-01-01,TX,Dallas / Houston,9005615c-4b58-46fc-96ff-66450cae52c8,Walgreens Pharmacy,Health and Personal Care Stores,96.759415
2025-01-01,TX,Dallas / Houston,de306923-f0e1-466e-a746-34fd9c3abfaf,U-Haul,Automotive Equipment Rental and Leasing,96.242516
2025-01-01,FL,Miami,5480811f-9448-4cc7-b0db-228e4de1ffe7,Cox Communications,Cable and Other Subscription Programming,96.16914
2025-01-01,FL,Miami,06094071-5906-49a3-b5cc-5868499ddd25,Publix Pharmacy,Health and Personal Care Stores,96.15668
2025-01-01,FL,Miami,9487bf8a-2559-4b77-b92f-bcd1a2af07a3,Publix Pharmacy,Health and Personal Care Stores,96.15668
2025-01-01,FL,Miami,67651482-697d-4074-8bed-1bf15c587b28,Publix Pharmacy,Health and Personal Care Stores,96.15668
2025-01-01,FL,Miami,40de99e2-52f3-42c6-8f77-e331fde95544,Publix Pharmacy,Health and Personal Care Stores,96.15668
2025-01-01,FL,Miami,0c6d302d-4f29-4c42-9f94-b0af75d9c099,Publix Pharmacy,Health and Personal Care Stores,96.15668
2025-01-01,FL,Miami,2819caca-d3e1-4ddf-9b44-c1d38393cfa3,Publix Pharmacy,Health and Personal Care Stores,96.15668
2025-01-01,FL,Miami,ec9707ae-3258-4401-89c8-2572f5e98d21,Publix Pharmacy,Health and Personal Care Stores,96.15668
2025-01-01,FL,Miami,110c054d-f3bf-4533-926b-f28a792cc215,Publix Pharmacy,Health and Personal Care Stores,96.15668
2025-01-01,FL,Miami,81ce5a83-0ebd-4fb7-8c52-e648732b04ba,Publix Pharmacy,Health and Personal Care Stores,96.15668
2025-01-01,FL,Miami,71305edf-1ef3-44b4-a9a0-dad2809b0c34,Publix Pharmacy,Health and Personal Care Stores,96.15668
2025-01-01,FL,Miami,6e6daacc-a284-4f4c-9dea-c718aebe4e36,Publix Pharmacy,Health and Personal Care Stores,96.15668
2025-01-01,CA,Los Angeles / SF Bay Area,1c3542d3-4906-482a-b6b9-c41413a3f5be,Sally Beauty Supply,Health and Personal Care Stores,96.14408
2025-01-01,CA,Los Angeles / SF Bay Area,edb56969-5b19-4b87-b352-cad43bdc5849,Sally Beauty Supply,Health and Personal Care Stores,96.14408
2025-01-01,CA,Los Angeles / SF Bay Area,32c61bcd-04dd-4b82-af3b-d9fcb7490bf1,Sally Beauty Supply,Health and Personal Care Stores,96.14408
2025-01-01,TX,Dallas / Houston,98bb8db6-fc8a-47ce-ac55-4e828190e081,Consumer Cellular,Wired and Wireless Telecommunications Carriers,95.80246
2025-01-01,TX,Dallas / Houston,dc648665-48e5-4439-aed7-ff362481b130,Consumer Cellular,Wired and Wireless Telecommunications Carriers,95.80246
2025-01-01,MA,Boston,44a35a3c-61ce-4a9d-888f-c5d32abceca2,Walgreens Pharmacy,Health and Personal Care Stores,95.74339
2025-01-01,FL,Miami,e4a8fa29-39bb-4988-951a-0b9e04d96b54,Fortline Waterworks,Building Material and Supplies Dealers,95.01222
2025-01-01,FL,Miami,6c67ed3d-6b50-470c-8b7a-187407d33c0d,Northern Tool + Equipment,Building Material and Supplies Dealers,95.01222
2025-01-01,FL,Miami,f2733d51-53fc-4a54-9e42-ec40f9f5cbab,Home Outlet,Building Material and Supplies Dealers,95.01222
2025-01-01,NJ,New York/New Jersey,0ce515e7-5043-48fa-b522-6fefdf25604c,ShopRite Wine & Spirits,"Beer, Wine, and Liquor Stores",93.46372
2025-01-01,NJ,New York/New Jersey,128f5ec8-ee0c-4076-bd3a-0f2fdd3e385e,Bottle King,"Beer, Wine, and Liquor Stores",93.46372
2025-01-01,NJ,New York/New Jersey,7d236060-6f86-418f-807c-7f8f53b030e3,Spirits Unlimited,"Beer, Wine, and Liquor Stores",93.46372
2025-01-01,GA,Atlanta,0611033f-651b-4bde-a1a5-ebdf13812af3,Anytime Fitness,Other Amusement and Recreation Industries,93.33737
2025-01-01,MO,Kansas City,4675b4c0-faad-4962-a1ae-5a8538bf8965,Super 8,Traveler Accommodation,92.5943
2025-01-01,PA,Philadelphia,43005c6d-e643-425c-b77c-b23600462936,Supercuts,Personal Care Services,92.11732
2025-01-01,KS,Kansas City,54f91751-365f-43a9-81b8-310c964c84da,Hunt Brothers Pizza,Restaurants and Other Eating Places,91.55552
2025-01-01,GA,Atlanta,067c10f4-08b7-40b4-8bb4-3e8578e89562,O'Reilly Auto Parts,"Automotive Parts, Accessories, and Tire Stores",91.48312
2025-01-01,FL,Miami,a920554a-a80c-4ab1-ac0e-4e6de613eed4,U-Haul,Automotive Equipment Rental and Leasing,91.25374
2025-01-01,FL,Miami,ca9fb204-42f7-45d9-8215-dd55c3887536,U-Haul,Automotive Equipment Rental and Leasing,91.25374
2025-01-01,FL,Miami,1df6d040-e6fd-4f6d-a4c0-2043660e6889,Consumer Cellular,Wired and Wireless Telecommunications Carriers,90.968994
2025-01-01,FL,Miami,2c92d5cd-6202-4814-a210-d9e0f33da15f,Consumer Cellular,Wired and Wireless Telecommunications Carriers,90.968994
2025-01-01,NY,New York/New Jersey,2da45aa6-7ad2-436b-b55d-5748cec3a265,Club Pilates,Other Amusement and Recreation Industries,90.2844
2025-01-01,PA,Philadelphia,5057e00d-0eff-4075-9405-569091796324,Super 8,Traveler Accommodation,90.20643
2025-01-01,CA,Los Angeles / SF Bay Area,b426cabe-a529-424d-9c71-e4a21ad5809e,Arizona Tile,Home Furnishings Stores,89.77979
2025-01-01,CA,Los Angeles / SF Bay Area,0fd06e75-af22-42b4-aefd-51d3ac2415fe,HomeGoods,Home Furnishings Stores,89.77979
2025-01-01,CA,Los Angeles / SF Bay Area,574fddff-a078-4264-bdb2-b88545b2fa88,Bedrosians Tile & Stone,Home Furnishings Stores,89.77979
2025-01-01,CA,Los Angeles / SF Bay Area,d60c355d-3819-49be-8e38-3e614b4c1d27,ProSource Wholesale Flooring,Home Furnishings Stores,89.77979
2025-01-01,CA,Los Angeles / SF Bay Area,e717b0fd-7a8d-44a6-bac6-8382fb125baa,Serena & Lily,Home Furnishings Stores,89.77979
2025-01-01,CA,Los Angeles / SF Bay Area,7a1f0945-307a-4225-b873-9e81646157b5,Parachute,Home Furnishings Stores,89.77979
2025-01-01,CA,Los Angeles / SF Bay Area,e9b449bd-ad3c-4b73-a84d-b5e48b40f182,SimpleFLOORS,Home Furnishings Stores,89.77979
2025-01-01,CA,Los Angeles / SF Bay Area,e41aa51e-21f3-46f1-83dd-65a9d7ded534,LL Flooring,Home Furnishings Stores,89.77979
2025-01-01,TX,Dallas / Houston,77ba94e0-7b9d-4abe-a428-7ca4ecb92fa0,CVS Pharmacy,Health and Personal Care Stores,89.61605
2025-01-01,TX,Dallas / Houston,8a5cd504-ec05-4560-af87-fda9f86375a4,CVS Pharmacy,Health and Personal Care Stores,89.61605
2025-01-01,TX,Dallas / Houston,0881c77d-20e0-4c9a-a0d7-b8c419ac117d,CVS Pharmacy,Health and Personal Care Stores,89.61605
2025-01-01,TX,Dallas / Houston,d4edbd8b-4f74-421a-83b9-77cc2e4be8c4,CVS Pharmacy,Health and Personal Care Stores,89.61605
2025-01-01,TX,Dallas / Houston,021bbd74-14e4-4ebe-8df6-887e5e83d30c,Club Pilates,Other Amusement and Recreation Industries,88.77858
2025-01-01,TX,Dallas / Houston,e68eb831-9ae1-4062-84bb-e091e5e6a42d,Club Pilates,Other Amusement and Recreation Industries,88.77858
2025-01-01,WA,Seattle,ed79c0fd-455a-4343-af3a-65e8b210c7d2,Fastenal,Building Material and Supplies Dealers,88.46836
2025-01-01,NY,New York/New Jersey,4e6571d6-cc4b-4707-8503-652e585e9ff3,Tops Pharmacy,Health and Personal Care Stores,88.371445
2025-01-01,NY,New York/New Jersey,729088eb-5369-4a92-b9f9-5ea232460122,Oliver Peoples,Health and Personal Care Stores,88.371445
2025-01-01,NY,New York/New Jersey,311968ad-3324-443f-9133-b1c794c3917c,Aesop,Health and Personal Care Stores,88.371445
2025-01-01,NY,New York/New Jersey,dd4eb96b-822f-40e6-a35c-da2fa23aad29,Beltone,Health and Personal Care Stores,88.371445
2025-01-01,NY,New York/New Jersey,d4fa0307-6259-4855-863d-ce74fbed1fd7,A&A Beauty Supply,Health and Personal Care Stores,88.371445
2025-01-01,NY,New York/New Jersey,c5344c82-eb7d-42c7-819e-199a61c8e00d,Lavelier's,Health and Personal Care Stores,88.371445
2025-01-01,NJ,New York/New Jersey,94890046-dce8-49b5-b99c-dc1dc9bec5b2,ShopRite Pharmacy,Health and Personal Care Stores,88.331985
2025-01-01,NJ,New York/New Jersey,26530b02-538b-48b3-87db-57a137bc3f75,Costco Pharmacy,Health and Personal Care Stores,88.331985
2025-01-01,NJ,New York/New Jersey,5b8ec693-7ba7-46af-a3f0-06dd0bbcdcf6,The Vitamin Shoppe,Health and Personal Care Stores,88.331985
2025-01-01,NJ,New York/New Jersey,335bba08-c10b-4cf1-84b7-99ff1e514040,Miracle-Ear,Health and Personal Care Stores,88.331985
2025-01-01,NJ,New York/New Jersey,780d9733-5d76-45a1-8161-70ae757ffafe,Medicap Pharmacy,Health and Personal Care Stores,88.331985
2025-01-01,FL,Miami,4caa7290-7085-498d-8a8a-e9c4dff90d5b,Advance Auto Parts,"Automotive Parts, Accessories, and Tire Stores",87.85902
2025-01-01,FL,Miami,9817bd70-2391-4730-8b47-dad709c85912,Advance Auto Parts,"Automotive Parts, Accessories, and Tire Stores",87.85902
2025-01-01,FL,Miami,a22c4a87-abe4-4ca5-a0a9-9a6d71e1dc63,Advance Auto Parts,"Automotive Parts, Accessories, and Tire Stores",87.85902
2025-01-01,FL,Miami,aaad5047-004b-4034-994c-7635b7fb3d25,Advance Auto Parts,"Automotive Parts, Accessories, and Tire Stores",87.85902
2025-01-01,CA,Los Angeles / SF Bay Area,802fc12a-a546-4888-9a52-47e6de37a18b,Extra Space Storage,Lessors of Real Estate,87.12014
2025-01-01,CA,Los Angeles / SF Bay Area,54b84187-bcd6-4a64-ad4b-48b360f3f544,Extra Space Storage,Lessors of Real Estate,87.12014
2025-01-01,CA,Los Angeles / SF Bay Area,fc1e274d-934b-41e9-8007-cad2f1ea9d76,Extra Space Storage,Lessors of Real Estate,87.12014
2025-01-01,CA,Los Angeles / SF Bay Area,e1dc61b7-a964-413f-a778-78f55ccea510,Extra Space Storage,Lessors of Real Estate,87.12014
2025-01-01,NJ,New York/New Jersey,152f3734-6226-4f03-ad33-5d51572ce4f6,Circle K Gas,Gasoline Stations,86.95436
2025-01-01,PA,Philadelphia,119e0511-382a-4356-9c0a-8d5a3aaba7ee,Walgreens Pharmacy,Health and Personal Care Stores,86.813896
2025-01-01,TX,Dallas / Houston,c6e9365e-4ac5-4442-b476-cf9734b4987b,AutoZone,"Automotive Parts, Accessories, and Tire Stores",86.02829
2025-01-01,TX,Dallas / Houston,197cf8fa-c270-4801-80ad-8e4bf1fbb0a8,AutoZone,"Automotive Parts, Accessories, and Tire Stores",86.02829
2025-01-01,TX,Dallas / Houston,834f878f-806c-4df9-af79-57021d2135d5,AutoZone,"Automotive Parts, Accessories, and Tire Stores",86.02829
2025-01-01,TX,Dallas / Houston,5ddcc8ca-f7dd-4c1a-9fb6-b5dcf760a3f0,AutoZone,"Automotive Parts, Accessories, and Tire Stores",86.02829
2025-01-01,TX,Dallas / Houston,76fd8372-1805-4580-967e-b1284d3493f8,AutoZone,"Automotive Parts, Accessories, and Tire Stores",86.02829
2025-01-01,PA,Philadelphia,25b8021e-d1d1-4005-8e6a-91616a5cc143,Great Clips,Personal Care Services,85.97573
2025-01-01,PA,Philadelphia,3d744777-3931-4f99-9c1f-bf090ba25b06,Great Clips,Personal Care Services,85.97573
2025-01-01,MO,Kansas City,1e0ea358-f162-475d-a3bc-06a475073ea3,Days Inn,Traveler Accommodation,85.95172
2025-01-01,NJ,New York/New Jersey,a350c309-ec29-404b-a32b-1fecea2c1d17,R Wireless,Wired and Wireless Telecommunications Carriers,85.74478
2025-01-01,MO,Kansas City,59eeb6f0-647e-4ff1-ab69-c14e4ae3251f,Valvoline,Automotive Repair and Maintenance,85.39823
2025-01-01,MA,Boston,22ec7142-c683-436f-a724-6c77848d2cde,Kay Jewelers,"Jewelry, Luggage, and Leather Goods Stores",85.35853
2025-01-01,MA,Boston,1c353ad8-1307-4831-8d29-83892803075a,Jared Jewelers,"Jewelry, Luggage, and Leather Goods Stores",85.35853
2025-01-01,FL,Miami,53a2d52e-7fd0-44b8-91a9-82efc2804833,Sally Beauty Supply,Health and Personal Care Stores,85.016106
2025-01-01,TX,Dallas / Houston,c5a69c3c-14c3-41b9-a4f4-71e62c7dc34a,Pretzelmaker,Specialty Food Stores,84.705154
2025-01-01,TX,Dallas / Houston,a5316534-7af9-470e-82e0-1100ee15bb65,Daylight Donuts,Specialty Food Stores,84.705154
2025-01-01,TX,Dallas / Houston,cf763e1f-a057-438a-b4da-7f655ad980ec,Rocket Fizz,Specialty Food Stores,84.705154
2025-01-01,TX,Dallas / Houston,b84738bd-e3e1-4b76-b2c0-d6072142cfcd,Valvoline,Automotive Repair and Maintenance,84.11401
2025-01-01,CA,Los Angeles / SF Bay Area,487df825-851a-497d-820e-664488286374,Jiffy Lube,Automotive Repair and Maintenance,82.97208
2025-01-01,CA,Los Angeles / SF Bay Area,59434056-0287-4041-a593-f8a6e304c9f4,Jiffy Lube,Automotive Repair and Maintenance,82.97208
2025-01-01,CA,Los Angeles / SF Bay Area,dc9fd8fa-17c0-4abd-ac51-21578a569c2f,Jiffy Lube,Automotive Repair and Maintenance,82.97208
2025-01-01,NJ,New York/New Jersey,c6f1d29d-02e2-46f0-b689-21318bbc8ab7,XFINITY by Comcast,Cable and Other Subscription Programming,82.774666
2025-01-01,WA,Seattle,48d1e2aa-05d6-4817-b11c-baf52bf58541,Great Clips,Personal Care Services,82.708694
2025-01-01,FL,Miami,8386f9f6-44d3-4614-b1e3-0b9a06cdaf8a,SmartStyle Family Hair Salons,Personal Care Services,82.36553
2025-01-01,FL,Miami,a8351430-d617-45e1-b4f4-e939ae1b2920,SmartStyle Family Hair Salons,Personal Care Services,82.36553
2025-01-01,CA,Los Angeles / SF Bay Area,acad5c91-ac00-4b3e-9d95-534900fa0783,Verizon Wireless,Wired and Wireless Telecommunications Carriers,82.30958
2025-01-01,GA,Atlanta,c3d6f264-7a9f-461c-91f9-1c687432f0f6,CrossFit,Other Amusement and Recreation Industries,82.28491
2025-01-01,GA,Atlanta,519d1c5f-6941-4198-bf53-6fec3d8a5692,CrossFit,Other Amusement and Recreation Industries,82.28491
2025-01-01,CA,Los Angeles / SF Bay Area,81409ce3-4a04-47f2-9832-1869810c6bda,Public Storage,Lessors of Real Estate,82.212746
2025-01-01,PA,Philadelphia,d5085507-a359-45c9-960f-560b6d60bff1,Pandora,"Jewelry, Luggage, and Leather Goods Stores",81.47928
2025-01-01,PA,Philadelphia,1bda19fa-e272-427d-98e0-c239cf50ceaa,The Jewelry Exchange,"Jewelry, Luggage, and Leather Goods Stores",81.47928
2025-01-01,PA,Philadelphia,33e79882-c5c3-4aaa-a659-dae36476839e,Kay Jewelers,"Jewelry, Luggage, and Leather Goods Stores",81.47928
2025-01-01,PA,Philadelphia,5805b938-ddb0-41f2-a5b8-4234f082971a,Raymour and Flanigan Furniture,Furniture Stores,80.907814
2025-01-01,PA,Philadelphia,b0f24140-3a09-41fa-8391-5dd111cb3baa,Furniture Row,Furniture Stores,80.907814
2025-01-01,KS,Kansas City,112034c6-16a1-4a36-99f7-4dbb01aba025,Days Inn,Traveler Accommodation,80.819435
2025-01-01,NJ,New York/New Jersey,923fdc8b-ecd2-40a0-8bfe-9bc839e7b7f9,U-Haul,Automotive Equipment Rental and Leasing,80.32618
2025-01-01,TX,Dallas / Houston,4a7077a9-6e6f-40e4-9bae-b862da0e2ff5,Best Friends Pet Care,Other Personal Services,79.45896
2025-01-01,TX,Dallas / Houston,7ef10ab8-7525-44e9-86c4-f9928a2301da,Scenthound,Other Personal Services,79.45896
2025-01-01,MA,Boston,8943fa9e-e414-46db-ad58-7d7c97203264,Supercuts,Personal Care Services,79.34927
2025-01-01,WA,Seattle,56b9fd52-aa6b-4c47-9fb0-585ec63feef2,Safeway Pharmacy,Health and Personal Care Stores,78.998856
2025-01-01,WA,Seattle,fd1436e2-3606-4799-87cb-686f98648c49,Beltone,Health and Personal Care Stores,78.998856
2025-01-01,WA,Seattle,02d3a120-a704-44f2-b972-df1c0e66205f,Fred Meyer Pharmacy,Health and Personal Care Stores,78.998856
2025-01-01,WA,Seattle,6c0de58f-398f-4e01-bf2b-1837e97e4e13,Beltone,Health and Personal Care Stores,78.998856
2025-01-01,WA,Seattle,f9dc41a4-4af7-453e-9dd4-86c27bbbd72b,Safeway Pharmacy,Health and Personal Care Stores,78.998856
2025-01-01,WA,Seattle,37ffc4fd-40ea-4e9f-958e-55e6a52c5f75,LensCrafters,Health and Personal Care Stores,78.998856
2025-01-01,WA,Seattle,c6aa3f04-0351-4845-8694-38be445d8fc1,Valvoline,Automotive Repair and Maintenance,78.77095
2025-01-01,WA,Seattle,fdf95a8a-0b95-4c9e-8346-36b1ecb03ea6,Valvoline,Automotive Repair and Maintenance,78.77095
2025-01-01,WA,Seattle,22187ebc-c899-42be-b129-0931eaac0ab7,Consumer Cellular,Wired and Wireless Telecommunications Carriers,78.72456
2025-01-01,NY,New York/New Jersey,26a791aa-ce25-4d61-8a8d-751850d2e000,Sally Beauty Supply,Health and Personal Care Stores,78.63338
2025-01-01,NJ,New York/New Jersey,a57d65ef-3aac-42ae-a4a5-1d3692b0d6e8,Consumer Cellular,Wired and Wireless Telecommunications Carriers,78.18007
2025-01-01,WA,Seattle,736fbc45-ac56-45f2-afa7-3a63735d3ce3,Total Wine & More,"Beer, Wine, and Liquor Stores",78.06375
2025-01-01,TX,Dallas / Houston,1dafd29a-0756-4c5d-a4b4-9d02e431ac84,CrossFit,Other Amusement and Recreation Industries,77.57531
2025-01-01,TX,Dallas / Houston,24a68fc7-39b3-4a2e-807f-cb4be61314ea,CrossFit,Other Amusement and Recreation Industries,77.57531
2025-01-01,NY,New York/New Jersey,a4925279-cb16-4ac0-bb60-f1c267472872,total by Verizon,Wired and Wireless Telecommunications Carriers,77.14368
2025-01-01,NY,New York/New Jersey,e37fdb32-6be2-4e16-a239-49bf5a6ed62c,Optimum,Wired and Wireless Telecommunications Carriers,77.14368
2025-01-01,NY,New York/New Jersey,2d1a8040-fc94-444e-b9a6-21fabca970e7,Wireless Zone,Wired and Wireless Telecommunications Carriers,77.14368
2025-01-01,NY,New York/New Jersey,d5962652-8a3e-4d4d-a15a-7a7b392225d2,Optimum,Wired and Wireless Telecommunications Carriers,77.14368
2025-01-01,NY,New York/New Jersey,a150bcc7-ac35-43c3-aa89-d29a90b67c33,Wireless Zone,Wired and Wireless Telecommunications Carriers,77.14368
2025-01-01,GA,Atlanta,e396db3d-bf07-4fe4-a928-35aebd578f12,Circle K Gas,Gasoline Stations,76.64522
2025-01-01,GA,Atlanta,e41c9950-72bb-42a6-ac9f-c2edc8128a1a,Circle K Gas,Gasoline Stations,76.64522
2025-01-01,NY,New York/New Jersey,22a08d62-247f-4283-8795-9e24f2e55432,Consumer Cellular,Wired and Wireless Telecommunications Carriers,76.31585
2025-01-01,NY,New York/New Jersey,09932bab-47ec-4b42-ae88-ec1c4cc9b033,Consumer Cellular,Wired and Wireless Telecommunications Carriers,76.31585
2025-01-01,GA,Atlanta,01a953f3-fd53-4510-9511-ac75b45bdecb,Walgreens Pharmacy,Health and Personal Care Stores,74.45136
2025-01-01,FL,Miami,4a0933f2-5950-4a29-96bb-7d4f3cf4359f,Sunglass World,Health and Personal Care Stores,74.343
2025-01-01,FL,Miami,36fcad9f-97b8-40ee-b864-ce961b760106,The Vitamin Shoppe,Health and Personal Care Stores,74.343
2025-01-01,FL,Miami,dbdc806b-0272-4d18-9198-e86ca4687f06,Beltone,Health and Personal Care Stores,74.343
2025-01-01,TX,Dallas / Houston,91abbed5-2ea5-4cc9-b1eb-76cb6e5cbd27,Verizon Wireless,Wired and Wireless Telecommunications Carriers,74.0556
2025-01-01,TX,Dallas / Houston,5abfa3a0-7b70-47b4-a292-7db2106ba914,Verizon Wireless,Wired and Wireless Telecommunications Carriers,74.0556
2025-01-01,TX,Dallas / Houston,c6917542-d50c-4052-936b-fc8c71488331,Verizon Wireless,Wired and Wireless Telecommunications Carriers,74.0556
2025-01-01,TX,Dallas / Houston,209aa5bb-d72f-4413-847d-e1fe00f5d7d5,Verizon Wireless,Wired and Wireless Telecommunications Carriers,74.0556
2025-01-01,TX,Dallas / Houston,1ee3d913-492f-4e36-872e-3b399e4ae80e,Verizon Wireless,Wired and Wireless Telecommunications Carriers,74.0556
2025-01-01,KS,Kansas City,17979e4b-a2d3-406e-acd8-23f41de8c8ec,O'Reilly Auto Parts,"Automotive Parts, Accessories, and Tire Stores",74.04443
2025-01-01,CA,Los Angeles / SF Bay Area,a296dbff-34de-4eba-8b64-000fb9244105,LensCrafters,Health and Personal Care Stores,73.98749
2025-01-01,CA,Los Angeles / SF Bay Area,1eb337b0-6d7c-4f89-ac9d-09584a4bf605,Albertson’s Pharmacy,Health and Personal Care Stores,73.98749
2025-01-01,CA,Los Angeles / SF Bay Area,fe6675c5-43a4-4946-90cd-15d415dc0836,Max Muscle,Health and Personal Care Stores,73.98749
2025-01-01,CA,Los Angeles / SF Bay Area,9621ca03-5109-4a81-b1ef-80db11b3e0f6,Fragrance Outlet,Health and Personal Care Stores,73.98749
2025-01-01,CA,Los Angeles / SF Bay Area,4c1ba44c-824e-4a87-8276-a81e509bd518,Albertson’s Pharmacy,Health and Personal Care Stores,73.98749
2025-01-01,CA,Los Angeles / SF Bay Area,c04e0fbe-eb2e-4aa4-805f-a755ec6033e5,Miracle-Ear,Health and Personal Care Stores,73.98749
2025-01-01,CA,Los Angeles / SF Bay Area,54c47de3-7569-4738-9e6b-64bec2889ba9,Beltone,Health and Personal Care Stores,73.98749
2025-01-01,CA,Los Angeles / SF Bay Area,dbab56fe-d546-4cdc-9567-b51f1534264f,Albertson’s Pharmacy,Health and Personal Care Stores,73.98749
2025-01-01,CA,Los Angeles / SF Bay Area,74145e5b-3e28-490a-bbf3-a1f3ab1ab43c,Max Muscle,Health and Personal Care Stores,73.98749
2025-01-01,CA,Los Angeles / SF Bay Area,69b66a92-8cd6-4c8c-9402-54df64bea023,Albertson’s Pharmacy,Health and Personal Care Stores,73.98749
2025-01-01,CA,Los Angeles / SF Bay Area,63a89493-b851-46e5-8636-f201138f7e8a,Connect Hearing,Health and Personal Care Stores,73.98749
2025-01-01,CA,Los Angeles / SF Bay Area,5b2b3fab-bc77-4cf0-93c1-1e023988bdee,The UPS Store,Couriers and Express Delivery Services,73.93116
2025-01-01,CA,Los Angeles / SF Bay Area,f5789274-d9c2-4c90-828e-47706083f744,The UPS Store,Couriers and Express Delivery Services,73.93116
2025-01-01,CA,Los Angeles / SF Bay Area,e6e73a20-b473-4b23-893d-89b147057d22,The UPS Store,Couriers and Express Delivery Services,73.93116
2025-01-01,CA,Los Angeles / SF Bay Area,4d04c9d5-1dad-4ecf-a5f7-752847f225d3,The UPS Store,Couriers and Express Delivery Services,73.93116
2025-01-01,CA,Los Angeles / SF Bay Area,9e37d111-e19e-4e1b-93a0-bcb3665fc0a3,The UPS Store,Couriers and Express Delivery Services,73.93116
2025-01-01,MA,Boston,54c8dc12-acb7-4652-890f-f6da800bfc21,Get in Shape for Women,Other Amusement and Recreation Industries,73.629814
2025-01-01,MA,Boston,5d7cab2a-7fe3-4e40-9138-25302d532620,StretchLab,Other Amusement and Recreation Industries,73.629814
2025-01-01,MA,Boston,e48f2eee-1fdb-4adb-bce8-35fc6630b28d,Powerhouse Gym,Other Amusement and Recreation Industries,73.629814
2025-01-01,KS,Kansas City,05e4def1-2f0c-4bcb-8c5a-fde34c9291fa,iFly Indoor Skydiving,Other Amusement and Recreation Industries,73.62263
2025-01-01,KS,Kansas City,331645e4-b39a-43f6-a7e0-6dddfce161c1,Fit Body Boot Camp,Other Amusement and Recreation Industries,73.62263
2025-01-01,KS,Kansas City,25c42f87-e71e-4522-8fc5-9874e561b158,StretchLab,Other Amusement and Recreation Industries,73.62263
2025-01-01,WA,Seattle,0b655629-8b10-40f0-95e2-20bd39f3dfdc,U-Haul,Automotive Equipment Rental and Leasing,73.50412
2025-01-01,FL,Miami,c225d4a2-18cc-4fcd-af22-838e919e14f1,Publix Liquor Stores,"Beer, Wine, and Liquor Stores",73.1099
2025-01-01,FL,Miami,ce0b2859-822d-47ec-95f4-2b4321174a8b,Duty Free Americas,"Beer, Wine, and Liquor Stores",73.1099
2025-01-01,KS,Kansas City,0b55d784-ae6e-42ab-a100-a643b8a65fbc,Binswanger Glass,Building Material and Supplies Dealers,72.97401
2025-01-01,KS,Kansas City,ccb8f2f1-f781-45c9-ae94-48c150d8e49c,Walgreens Pharmacy,Health and Personal Care Stores,72.93074
2025-01-01,PA,Philadelphia,36ad2e20-e300-477a-b14c-10ef94d29dba,Flooring America,Home Furnishings Stores,72.37542
2025-01-01,PA,Philadelphia,3eba6429-7fbb-4b4a-8457-4c6a1a12424a,HomeGoods,Home Furnishings Stores,72.37542
2025-01-01,MO,Kansas City,f2a8073d-c8aa-4fc9-a951-49b45a304b6c,CrossFit,Other Amusement and Recreation Industries,72.01599
2025-01-01,MO,Kansas City,b5a635b2-1420-4796-b25c-c5e93578a341,CrossFit,Other Amusement and Recreation Industries,72.01599
2025-01-01,CA,Los Angeles / SF Bay Area,8a8c6881-47bf-4433-bfb6-41a2b2528598,Vista Paint,Building Material and Supplies Dealers,71.844406
2025-01-01,CA,Los Angeles / SF Bay Area,bee48245-165e-4a3d-8672-4112cfa209c9,The Shade Store,Building Material and Supplies Dealers,71.844406
2025-01-01,TX,Dallas / Houston,f8ad3448-4a46-480b-871e-bf55a0f0c6f9,SmartStyle Family Hair Salons,Personal Care Services,71.607414
2025-01-01,PA,Philadelphia,5760301d-f623-4f6c-8a92-f588a835bec9,Consumer Cellular,Wired and Wireless Telecommunications Carriers,71.54516
2025-01-01,MA,Boston,9d72f967-6f60-4d8c-b883-f0377f686ea5,Victra,Electronics and Appliance Stores,70.573425
2025-01-01,FL,Miami,f31a28a1-fce4-40d7-a332-9bdec420ab10,Extra Space Storage,Lessors of Real Estate,70.35353
2025-01-01,FL,Miami,0e81e556-974b-4084-bd11-f7a130bf2acf,Extra Space Storage,Lessors of Real Estate,70.35353
2025-01-01,CA,Los Angeles / SF Bay Area,8be8a18e-0c25-4970-b9b8-3227ebf82c4b,ampm,Grocery Stores,70.31016
2025-01-01,CA,Los Angeles / SF Bay Area,946ec747-2b77-46ea-9cc8-ed9986fbda4f,ampm,Grocery Stores,70.31016
2025-01-01,CA,Los Angeles / SF Bay Area,f6dcbaef-7a11-4c4e-a000-a0d5c5b4170e,ampm,Grocery Stores,70.31016
2025-01-01,CA,Los Angeles / SF Bay Area,bdda01b5-0732-453c-8189-9fcf5b1cf8d4,ampm,Grocery Stores,70.31016
2025-01-01,CA,Los Angeles / SF Bay Area,f2f4d014-e032-459a-9065-370164323b49,ampm,Grocery Stores,70.31016
2025-01-01,CA,Los Angeles / SF Bay Area,b0300307-a3b0-4aed-9ed6-aca49cd1e0d7,ampm,Grocery Stores,70.31016
2025-01-01,CA,Los Angeles / SF Bay Area,aa39b7ec-1df2-47a7-a450-7172dfa9d9b1,ampm,Grocery Stores,70.31016
2025-01-01,FL,Miami,a4db1a81-5e66-4a2a-a23e-ce356e32e997,TalkTime,Wired and Wireless Telecommunications Carriers,69.93849
2025-01-01,MA,Boston,ecd63c0a-5bb6-446d-9cf6-d3153f03dba5,CVS Pharmacy,Health and Personal Care Stores,69.82172
2025-01-01,MA,Boston,5a6386d0-3f3f-4069-82b4-15f49ceaf187,CVS Pharmacy,Health and Personal Care Stores,69.82172
2025-01-01,MA,Boston,7cdf8720-43f6-4b2e-8ffd-79dd889535fe,CVS Pharmacy,Health and Personal Care Stores,69.82172
2025-01-01,MA,Boston,72717ecb-ab47-4acf-bd31-dcc5b96da536,CVS Pharmacy,Health and Personal Care Stores,69.82172
2025-01-01,TX,Dallas / Houston,8adc67ff-ec73-47ff-b26b-175ec8a49393,Sally Beauty Supply,Health and Personal Care Stores,69.4985
2025-01-01,TX,Dallas / Houston,41ef0f39-ea3c-4fc1-8e54-be017aa16c06,Sally Beauty Supply,Health and Personal Care Stores,69.4985
2025-01-01,PA,Philadelphia,41b31fd5-3036-4abf-9a37-345b0359cfcc,CrossFit,Other Amusement and Recreation Industries,68.9833
2025-01-01,PA,Philadelphia,05933068-642e-4994-9188-5caf0da8d7d8,CrossFit,Other Amusement and Recreation Industries,68.9833
2025-01-01,PA,Philadelphia,5b07290c-a4ca-4dd7-bba6-5fd5cf8ad172,CrossFit,Other Amusement and Recreation Industries,68.9833
2025-01-01,WA,Seattle,ad3a1b81-8d7e-4fcf-98a0-bfa5bdb58ebd,Public Storage,Lessors of Real Estate,68.61818
2025-01-01,NY,New York/New Jersey,eeebd2b2-65d1-40c2-b826-636880b8a193,Spectrum,Cable and Other Subscription Programming,68.31523
2025-01-01,NY,New York/New Jersey,c0f109dd-11d2-4707-bf8f-922a6c859186,Spectrum,Cable and Other Subscription Programming,68.31523
2025-01-01,KS,Kansas City,a2a61963-9143-49e1-82f2-ea2213848dce,Daylight Donuts,Specialty Food Stores,67.92753
2025-01-01,KS,Kansas City,a9e92fe7-9b98-4e70-b86d-163ee9b8ec6a,Daylight Donuts,Specialty Food Stores,67.92753
2025-01-01,KS,Kansas City,7bb314e2-5eaa-4822-8812-6c379a05a275,Daylight Donuts,Specialty Food Stores,67.92753
2025-01-01,TX,Dallas / Houston,76130fc8-cc0a-48bf-8d92-b75cd53c22fb,Extra Space Storage,Lessors of Real Estate,67.79598
2025-01-01,TX,Dallas / Houston,b15299c4-137f-49e5-9c57-01b0abdd48cf,Extra Space Storage,Lessors of Real Estate,67.79598
2025-01-01,WA,Seattle,5abcc877-f541-44ca-b8e1-447fe651d6df,The UPS Store,Couriers and Express Delivery Services,67.52552
2025-01-01,WA,Seattle,36f89c4b-05e2-4db2-9cea-ed3a9faaf0dc,The UPS Store,Couriers and Express Delivery Services,67.52552
2025-01-01,GA,Atlanta,44965138-e19c-4516-9679-838387ac1408,Kroger Pharmacy,Health and Personal Care Stores,67.4667
2025-01-01,GA,Atlanta,b52682c7-0456-4441-9d54-803e3806dfe1,Kroger Pharmacy,Health and Personal Care Stores,67.4667
2025-01-01,GA,Atlanta,f26ca6e3-215c-43f6-855a-75a1797e0044,Kroger Pharmacy,Health and Personal Care Stores,67.4667
2025-01-01,GA,Atlanta,7c1a130c-b370-4646-8463-f2be6bb1a751,Beltone,Health and Personal Care Stores,67.4667
2025-01-01,GA,Atlanta,e4fafac7-a746-4d35-aba0-069ea8c21769,Stanton Optical,Health and Personal Care Stores,67.4667
2025-01-01,NY,New York/New Jersey,897561f9-04e1-4cd9-acf9-84622332d068,Cellular Sales,Electronics and Appliance Stores,67.39132
2025-01-01,NY,New York/New Jersey,08089877-66b7-4bfc-a9b3-c4641b54ab8c,Apple Retail Store,Electronics and Appliance Stores,67.39132
2025-01-01,NY,New York/New Jersey,a6ec0841-0f0c-45e3-95bc-10cda48db39a,uBreakiFix,Electronics and Appliance Stores,67.39132
2025-01-01,NJ,New York/New Jersey,cf3cfb64-284c-4d23-93f9-4f34d6ae1b58,The UPS Store,Couriers and Express Delivery Services,67.2819
2025-01-01,NJ,New York/New Jersey,31cc0f53-97ab-4aba-a23d-3d2ead39f435,The UPS Store,Couriers and Express Delivery Services,67.2819
2025-01-01,PA,Philadelphia,d9b06730-ee5b-4477-91e2-344aada15924,Fastenal,Building Material and Supplies Dealers,67.08312
2025-01-01,PA,Philadelphia,78e253b1-3e1f-4f0a-aaeb-f833bdafe5df,Carter Lumber,Building Material and Supplies Dealers,67.08312
2025-01-01,PA,Philadelphia,995cbc7e-c16b-4e91-b47c-e4870e08c92f,Pella,Building Material and Supplies Dealers,67.08312
2025-01-01,TX,Dallas / Houston,401e3a1b-3e6c-4821-b342-6ec09ae8ed11,Kroger Pharmacy,Health and Personal Care Stores,66.83334
2025-01-01,TX,Dallas / Houston,8da1d0a5-febf-45c5-835f-92bead665cf4,Buff City Soap,Health and Personal Care Stores,66.83334
2025-01-01,TX,Dallas / Houston,9643be12-ed30-4788-b819-016095bcd915,Market Street Pharmacy,Health and Personal Care Stores,66.83334
2025-01-01,TX,Dallas / Houston,0cf29dc7-b350-4243-bbec-4f118207820a,The Vitamin Shoppe,Health and Personal Care Stores,66.83334
2025-01-01,TX,Dallas / Houston,d432537a-fc1a-4919-82b8-aa363be6764b,Miracle-Ear,Health and Personal Care Stores,66.83334
2025-01-01,TX,Dallas / Houston,ceb56e9c-80d4-43d7-b0ac-2109a205e2e2,Costco Pharmacy,Health and Personal Care Stores,66.83334
2025-01-01,TX,Dallas / Houston,8ee03c38-9300-4314-ac14-d44d437d26a2,Miracle-Ear,Health and Personal Care Stores,66.83334
2025-01-01,TX,Dallas / Houston,cf0f0f02-cf31-4335-8d68-edda2b652422,Kroger Pharmacy,Health and Personal Care Stores,66.83334
2025-01-01,TX,Dallas / Houston,3ed277f6-c325-4687-9d8f-b3166835bb9f,Tom Thumb Pharmacy,Health and Personal Care Stores,66.83334
2025-01-01,TX,Dallas / Houston,dc700401-ae73-45b8-a134-e70b2ff75f46,The Vitamin Shoppe,Health and Personal Care Stores,66.83334
2025-01-01,TX,Dallas / Houston,ef55df61-9466-4fc0-834d-1c6b3b800d7d,Costco Pharmacy,Health and Personal Care Stores,66.83334
2025-01-01,TX,Dallas / Houston,ef1ceee9-c0ae-471b-bb46-6964275600ce,H-E-B Pharmacy,Health and Personal Care Stores,66.83334
2025-01-01,TX,Dallas / Houston,af9ad7f9-b557-4426-930e-fcae5f4b06aa,Costco Optical,Health and Personal Care Stores,66.83334
2025-01-01,TX,Dallas / Houston,e90e7273-6c3b-4041-b2c0-206f6959a175,Tom Thumb Pharmacy,Health and Personal Care Stores,66.83334
2025-01-01,TX,Dallas / Houston,02b54740-caf8-4fca-b9b7-e60e3544fa77,Kroger Pharmacy,Health and Personal Care Stores,66.83334
2025-01-01,TX,Dallas / Houston,8ba3994e-809b-4eec-92c0-11a22a6001c2,Chanel Fragrance and Beaute Boutique,Health and Personal Care Stores,66.83334
2025-01-01,TX,Dallas / Houston,4d06220f-2ef4-4c01-9316-de5cf4280e03,Perfumes 4 U,Health and Personal Care Stores,66.83334
2025-01-01,CA,Los Angeles / SF Bay Area,372891ec-bbbf-4053-a7e7-7c2465d16f92,Best Buy,Electronics and Appliance Stores,66.82125
2025-01-01,CA,Los Angeles / SF Bay Area,44f82cb8-4ab3-4156-ade6-d3a1c62a0cb5,Best Buy,Electronics and Appliance Stores,66.82125
2025-01-01,CA,Los Angeles / SF Bay Area,41407d7f-1b71-4593-aff2-9f2907448e93,Best Buy,Electronics and Appliance Stores,66.82125
2025-01-01,CA,Los Angeles / SF Bay Area,81b6cfd9-6578-45f1-a022-1c0c6d5e0692,Best Buy,Electronics and Appliance Stores,66.82125
2025-01-01,CA,Los Angeles / SF Bay Area,32c9c6c7-1aca-41aa-bc1b-c711e6cacf14,Bank of America,Depository Credit Intermediation,66.64071
2025-01-01,CA,Los Angeles / SF Bay Area,65c05ec8-c7b1-47a2-845b-0d95e46ca9b0,Bank of America,Depository Credit Intermediation,66.64071
2025-01-01,CA,Los Angeles / SF Bay Area,2171823d-bbdd-49df-9685-25fbe858bcca,Bank of America,Depository Credit Intermediation,66.64071
2025-01-01,CA,Los Angeles / SF Bay Area,b6b85232-0618-461c-ba49-2e699202701f,Bank of America,Depository Credit Intermediation,66.64071
2025-01-01,PA,Philadelphia,80e8f850-a5b7-4921-9522-bd3a6d38f7de,U-Haul,Automotive Equipment Rental and Leasing,66.57984
2025-01-01,FL,Miami,96449261-3c28-407d-801f-53c893eeb20f,T-Mobile,Wired and Wireless Telecommunications Carriers,66.44508
2025-01-01,FL,Miami,de1070b2-2dc7-44ad-a0c0-6a3fa09f94c1,T-Mobile,Wired and Wireless Telecommunications Carriers,66.44508
2025-01-01,FL,Miami,eeaf2cb9-f39f-4654-889a-0602f3d6539e,T-Mobile,Wired and Wireless Telecommunications Carriers,66.44508
2025-01-01,FL,Miami,3770b9e5-b633-4e8f-99b7-8b44690c7e93,T-Mobile,Wired and Wireless Telecommunications Carriers,66.44508
2025-01-01,MO,Kansas City,cff8c8dc-13b5-407b-9995-565badf5b80f,Walgreens Pharmacy,Health and Personal Care Stores,66.30723
2025-01-01,MO,Kansas City,684078f2-c0f7-44c6-84d4-22a400b8a9f0,Walgreens Pharmacy,Health and Personal Care Stores,66.30723
2025-01-01,PA,Philadelphia,5a10a4b3-8d31-4459-9c26-b5d856cc2f1b,GIANT Pharmacy,Health and Personal Care Stores,66.29645
2025-01-01,PA,Philadelphia,ce9a1921-1a12-4759-b501-d5c6e568007c,LensCrafters,Health and Personal Care Stores,66.29645
2025-01-01,PA,Philadelphia,7dcf7ea9-5a29-4b4c-a479-76ba01bff111,Miracle-Ear,Health and Personal Care Stores,66.29645
2025-01-01,PA,Philadelphia,5426dc6c-51ca-40b3-bb8d-3cd6969acc32,Hearing Life,Health and Personal Care Stores,66.29645
2025-01-01,PA,Philadelphia,e3e1c31a-594b-4f89-9a5a-62af1dc32653,Hearing Life,Health and Personal Care Stores,66.29645
2025-01-01,PA,Philadelphia,754675f0-7145-483a-84b7-173e8e99405b,GIANT Pharmacy,Health and Personal Care Stores,66.29645
2025-01-01,GA,Atlanta,14bba567-7a81-4d8b-a920-147272939eb1,Advance Auto Parts,"Automotive Parts, Accessories, and Tire Stores",66.13574
2025-01-01,GA,Atlanta,719fab18-fc38-4c6f-a471-c41179e8472c,Advance Auto Parts,"Automotive Parts, Accessories, and Tire Stores",66.13574
2025-01-01,WA,Seattle,ecfa4919-196f-4802-9d00-a9a1a9685e9d,Comfort Inn,Traveler Accommodation,65.74409
2025-01-01,CA,Los Angeles / SF Bay Area,be340607-9cfd-42be-9b3c-bb036359af4b,total by Verizon,Wired and Wireless Telecommunications Carriers,65.54684
2025-01-01,GA,Atlanta,3e022fdf-7592-40b0-8493-666e34886187,Public Storage,Lessors of Real Estate,64.73314
2025-01-01,TX,Dallas / Houston,c8305a73-67d3-4f70-81f3-99719c415eb9,Public Storage,Lessors of Real Estate,64.705154
2025-01-01,TX,Dallas / Houston,5d55ee3d-b0d8-4cea-825e-a111f22db7da,Public Storage,Lessors of Real Estate,64.705154
2025-01-01,TX,Dallas / Houston,af9d0a76-5f28-4b52-99f3-56e18b761dc2,Public Storage,Lessors of Real Estate,64.705154
2025-01-01,TX,Dallas / Houston,a87dc65f-6e6a-456d-93a3-867a6cd7d7a0,Public Storage,Lessors of Real Estate,64.705154
2025-01-01,TX,Dallas / Houston,a1751cdd-38b2-4122-b24a-5a12b803cf83,Public Storage,Lessors of Real Estate,64.705154
2025-01-01,TX,Dallas / Houston,0dbc5025-ed4c-4417-81f5-899a4da7cada,Public Storage,Lessors of Real Estate,64.705154
2025-01-01,MO,Kansas City,729c75d1-0205-4a7e-b44d-87772729bd33,Hy-Vee Pharmacy,Health and Personal Care Stores,63.978256
2025-01-01,MO,Kansas City,ed52713b-c1dc-4672-9764-0c5c19b8c998,Costco Pharmacy,Health and Personal Care Stores,63.978256
2025-01-01,MO,Kansas City,72b2f2e4-a80b-4690-a986-8b4c21209c0d,The Vitamin Shoppe,Health and Personal Care Stores,63.978256
2025-01-01,NY,New York/New Jersey,95ade01a-2bbc-4aa6-aaca-ef4569c8ca6a,TD Bank,Depository Credit Intermediation,63.7722
2025-01-01,NY,New York/New Jersey,8ba7158e-40ca-4627-bc22-a89dd4a113bb,TD Bank,Depository Credit Intermediation,63.7722
2025-01-01,PA,Philadelphia,605d61d6-6e72-4e8b-a92e-5b2eccc7c0a3,Valvoline,Automotive Repair and Maintenance,63.65488
2025-01-01,PA,Philadelphia,aed5ddab-5de2-4b55-be14-9e30b98f5173,Valvoline,Automotive Repair and Maintenance,63.65488
2025-01-01,CA,Los Angeles / SF Bay Area,446c5158-c858-4012-924e-e26063651f22,Holiday Inn Express,Traveler Accommodation,63.609142
2025-01-01,MA,Boston,33661021-86d0-4496-b6ed-b8028df8b7ed,CrossFit,Other Amusement and Recreation Industries,63.183308
2025-01-01,FL,Miami,483427d0-69e7-48d7-9d01-408bb9f8c1ad,The UPS Store,Couriers and Express Delivery Services,63.037457
2025-01-01,FL,Miami,1a29cbbd-734c-47b0-9093-7a7206667739,The UPS Store,Couriers and Express Delivery Services,63.037457
2025-01-01,FL,Miami,38355455-1954-4e97-ada5-13afed1d2a97,The UPS Store,Couriers and Express Delivery Services,63.037457
2025-01-01,FL,Miami,49402bd0-063f-41e8-89e3-010ed999997d,The UPS Store,Couriers and Express Delivery Services,63.037457
2025-01-01,NJ,New York/New Jersey,c4ec65c2-f6a9-4518-99e2-0d095afb8640,Hair Cuttery,Personal Care Services,62.97748
2025-01-01,NJ,New York/New Jersey,c86deed6-69e2-443c-9363-af79dbfdea94,Holiday Hair,Personal Care Services,62.97748
2025-01-01,GA,Atlanta,5005db86-ec6a-4b05-b60a-84b1be88526a,The UPS Store,Couriers and Express Delivery Services,62.9611
2025-01-01,GA,Atlanta,4994cbf2-1c7e-4e65-881c-7d3da8d9b3ee,The UPS Store,Couriers and Express Delivery Services,62.9611
2025-01-01,GA,Atlanta,38533885-a55a-4a98-a753-ef2962863d0a,The UPS Store,Couriers and Express Delivery Services,62.9611
2025-01-01,GA,Atlanta,1599d1dc-a40e-4332-9535-2312ff1eb79c,Spectrum,Cable and Other Subscription Programming,62.83137
2025-01-01,CA,Los Angeles / SF Bay Area,87643430-0d8f-4608-8fd9-9b5ce8c25f6c,T-Mobile,Wired and Wireless Telecommunications Carriers,62.679214
2025-01-01,CA,Los Angeles / SF Bay Area,3059d48d-2af8-4c97-b703-7961cc91c53a,T-Mobile,Wired and Wireless Telecommunications Carriers,62.679214
2025-01-01,CA,Los Angeles / SF Bay Area,e0f61437-c1e8-48e0-8141-4652bf598636,T-Mobile,Wired and Wireless Telecommunications Carriers,62.679214
2025-01-01,CA,Los Angeles / SF Bay Area,365fe0a7-56a7-4e4b-becb-573afdfa4cd5,T-Mobile,Wired and Wireless Telecommunications Carriers,62.679214
2025-01-01,TX,Dallas / Houston,7341e1bc-92f7-48e5-93b9-c84c271da090,Jiffy Lube,Automotive Repair and Maintenance,62.387775
2025-01-01,TX,Dallas / Houston,a5893a9c-3910-4861-b972-ce6a32323728,Jiffy Lube,Automotive Repair and Maintenance,62.387775
2025-01-01,CA,Los Angeles / SF Bay Area,d73cd961-72cb-4445-af1f-5934adc5cb17,VIP Petcare,"Other Professional, Scientific, and Technical Services",62.131737
2025-01-01,CA,Los Angeles / SF Bay Area,d1e82d32-4ade-4d0c-ae1f-e867014b1a7b,VIP Petcare,"Other Professional, Scientific, and Technical Services",62.131737
2025-01-01,CA,Los Angeles / SF Bay Area,ca41d35f-625a-4504-88eb-895010440e5d,VIP Petcare,"Other Professional, Scientific, and Technical Services",62.131737
2025-01-01,NJ,New York/New Jersey,d9a41037-eb45-460a-9e0e-b54f2922fe84,P.C. Richard & Son,Electronics and Appliance Stores,62.056675
2025-01-01,NJ,New York/New Jersey,1c009b11-9551-4be0-9cad-2b156ac288d5,uBreakiFix,Electronics and Appliance Stores,62.056675
2025-01-01,TX,Dallas / Houston,04079745-5606-4c13-9d94-5da3b92f791d,PPG Pittsburgh Paints,Building Material and Supplies Dealers,61.100742
2025-01-01,TX,Dallas / Houston,72a92b41-f9ed-4665-90a0-d48d9cfd181c,84 Lumber,Building Material and Supplies Dealers,61.100742
2025-01-01,NY,New York/New Jersey,d6c074d3-8ab1-453f-aee8-d42392dfd1b7,European Wax Center (EWC),Personal Care Services,60.912697
2025-01-01,NY,New York/New Jersey,3ef57cc2-61dd-4782-8d4e-f7017f10fdf5,Lemon Tree Family Salons,Personal Care Services,60.912697
2025-01-01,TX,Dallas / Houston,e905b86d-dd80-42ea-bc56-cbcb04fb63db,Visionworks,Offices of Other Health Practitioners,60.841793
2025-01-01,NJ,New York/New Jersey,c16d727a-2aaf-476d-8df2-410ff652333b,T-Mobile,Wired and Wireless Telecommunications Carriers,60.671204
2025-01-01,NY,New York/New Jersey,335948b0-80f7-4282-a310-b100c06e6a41,Kaplan Test Prep,Other Schools and Instruction,60.633896
2025-01-01,NY,New York/New Jersey,e564b2a7-f021-4fae-900f-4c092a228b35,Huntington Learning Centers,Other Schools and Instruction,60.633896
2025-01-01,FL,Miami,d56c30f1-c92c-4f4b-94bf-df7931bb81de,Holiday Inn Express,Traveler Accommodation,60.498062
2025-01-01,FL,Miami,c834eb23-349b-4af1-b79f-ed71ce4f707d,TCC,Electronics and Appliance Stores,60.48921
2025-01-01,FL,Miami,9813341e-94db-4c77-ab9b-ae95926a3b8e,Cellular Sales,Electronics and Appliance Stores,60.48921
2025-01-01,FL,Miami,1459bf13-cea9-4e6e-86d7-30e4375ffe78,CubeSmart,Lessors of Real Estate,60.05732
2025-01-01,TX,Dallas / Houston,522ac049-a4bc-45bb-bb54-29313d12e7a5,The UPS Store,Couriers and Express Delivery Services,60.04349
2025-01-01,TX,Dallas / Houston,d273ff2b-9be7-4406-a950-9d674415389c,The UPS Store,Couriers and Express Delivery Services,60.04349
2025-01-01,TX,Dallas / Houston,66be9a98-b90e-482e-9617-1f9bc7bba54f,The UPS Store,Couriers and Express Delivery Services,60.04349
2025-01-01,WA,Seattle,fb084d82-f570-495b-a5ac-786a11413f8d,uBreakiFix,Electronics and Appliance Stores,59.335304
2025-01-01,WA,Seattle,806d77bd-e839-4ffe-8051-be83e6046270,Apple Retail Store,Electronics and Appliance Stores,59.335304
2025-01-01,TX,Dallas / Houston,0674fda7-ad08-4697-bb65-f74cc24dd3f9,Comfort Inn,Traveler Accommodation,59.14162
2025-01-01,TX,Dallas / Houston,abebff37-f050-4c31-bafe-44064e8b98d7,Comfort Inn,Traveler Accommodation,59.14162
2025-01-01,CA,Los Angeles / SF Bay Area,1cc45b81-f2a0-4409-9d45-a08d7b475bab,Chase,Depository Credit Intermediation,58.77934
2025-01-01,CA,Los Angeles / SF Bay Area,93202f57-b956-4f2b-8f33-0abed1321a88,Chase,Depository Credit Intermediation,58.77934
2025-01-01,PA,Philadelphia,4ddc10db-15ba-4183-9244-66aaf39d3748,Sally Beauty Supply,Health and Personal Care Stores,58.761753
2025-01-01,PA,Philadelphia,0d5ee749-1f57-47bd-a3cc-3d87d0441a04,Sally Beauty Supply,Health and Personal Care Stores,58.761753
2025-01-01,GA,Atlanta,dee8d5e7-f6e6-4816-bca6-5c873298ed9a,Jiffy Lube,Automotive Repair and Maintenance,58.678005
2025-01-01,FL,Miami,c2738af2-7876-4460-a981-743c2c75e378,Massage Envy,Personal Care Services,58.61381
2025-01-01,FL,Miami,83615d77-8c27-4ad9-bc13-a6800885bcec,Deka Lash,Personal Care Services,58.61381
2025-01-01,FL,Miami,5a399265-6fbf-45f8-9120-dc0d8c94020c,South Beach Tanning Company,Personal Care Services,58.61381
2025-01-01,FL,Miami,206301e4-f385-4b22-9816-0b2069164d38,Sharkey's Cuts for Kids,Personal Care Services,58.61381
2025-01-01,FL,Miami,055bb671-3172-4e13-ade6-7e4e8e395e54,Restore Hyper Wellness,Personal Care Services,58.61381
2025-01-01,FL,Miami,98eb48aa-a50d-4750-8c84-c26d74f1505c,Massage Envy,Personal Care Services,58.61381
2025-01-01,FL,Miami,6ca91396-0b7c-4887-ad38-e5a6b2fb4901,Sharkey's Cuts for Kids,Personal Care Services,58.61381
2025-01-01,FL,Miami,75f6e919-bb45-458a-926b-03542be51f9e,Hand and Stone,Personal Care Services,58.61381
2025-01-01,FL,Miami,2abfcced-43fd-4cda-bcd2-258e11382ab9,Massage Envy,Personal Care Services,58.61381
2025-01-01,FL,Miami,37a0577c-a2b3-4f9c-8f52-dfd2d1fb63e0,Phenix Salon Suites,Personal Care Services,58.61381
2025-01-01,FL,Miami,2da19feb-1a6f-439b-9a63-636dfa31715c,European Wax Center (EWC),Personal Care Services,58.61381
2025-01-01,FL,Miami,ff265ca9-f73f-4b5f-b764-9d2725a7e9d8,Drybar,Personal Care Services,58.61381
2025-01-01,FL,Miami,ef78aaf4-8fb3-460b-a49e-eab87e5eb8d1,Massage Green,Personal Care Services,58.61381
2025-01-01,FL,Miami,40fe23c7-e974-4679-aa28-3935d43c7bd5,Metabolic Research Center,Personal Care Services,58.61381
2025-01-01,FL,Miami,7d158c48-b65b-4da8-aedd-b6108328b2a9,Mattison Avenue Salon Suites & Spa,Personal Care Services,58.61381
2025-01-01,NY,New York/New Jersey,2bf2448f-c6d2-476d-83d7-b162f1d6fda8,Wells Fargo,Depository Credit Intermediation,58.530807
2025-01-01,NY,New York/New Jersey,ad2b3f5f-62e2-434e-bde8-cdc532720741,Wells Fargo,Depository Credit Intermediation,58.530807
2025-01-01,NJ,New York/New Jersey,886575e9-39d2-4bd8-8802-32f6e90b5fcc,Extra Space Storage,Lessors of Real Estate,58.113773
2025-01-01,NJ,New York/New Jersey,1213b178-f7a2-46db-b236-fab17c6fab58,Extra Space Storage,Lessors of Real Estate,58.113773
2025-01-01,FL,Miami,3cfc777e-d2c6-412e-a86c-05a1b6fee4bf,Bank of America,Depository Credit Intermediation,58.034084
2025-01-01,FL,Miami,89b56f8a-54ab-4b8b-8f04-2484f0ce00ec,Bank of America,Depository Credit Intermediation,58.034084
2025-01-01,NY,New York/New Jersey,f90b422d-889e-46b2-b1a8-2fe81654dfe4,Comfort Inn,Traveler Accommodation,57.695408
2025-01-01,WA,Seattle,a5ebad91-569f-4348-aed8-88c7de0cd0b1,Jiffy Lube,Automotive Repair and Maintenance,57.503944
2025-01-01,WA,Seattle,28b049f1-ffac-4096-a7c2-e63b83e01bd7,Jiffy Lube,Automotive Repair and Maintenance,57.503944
2025-01-01,CA,Los Angeles / SF Bay Area,05ba3286-4b43-4ccd-861d-2f060f35a9f0,Penske Truck Rental,Automotive Equipment Rental and Leasing,56.93592
2025-01-01,CA,Los Angeles / SF Bay Area,e9a088a4-f919-4ab4-af8c-6419e8cd8afe,Penske Truck Rental,Automotive Equipment Rental and Leasing,56.93592
2025-01-01,TX,Dallas / Houston,8249e24f-bc86-4fd4-98eb-47fa61a7433a,Your Wireless,Electronics and Appliance Stores,56.711235
2025-01-01,TX,Dallas / Houston,157749cf-c9c7-43da-847b-d834b6f8af30,Cellular Sales,Electronics and Appliance Stores,56.711235
2025-01-01,TX,Dallas / Houston,8986b1c8-7509-48a7-9d38-074f83eda7d5,GNC (General Nutrition Centers),Health and Personal Care Stores,56.61486
2025-01-01,TX,Dallas / Houston,72e3538f-1ba1-4387-87c7-ca19c797dea8,GNC (General Nutrition Centers),Health and Personal Care Stores,56.61486
2025-01-01,TX,Dallas / Houston,b101010d-3f6d-4ea5-9c58-f8c836a70648,GNC (General Nutrition Centers),Health and Personal Care Stores,56.61486
2025-01-01,TX,Dallas / Houston,da482240-dd24-4c92-94ff-de1b6703f9bf,GNC (General Nutrition Centers),Health and Personal Care Stores,56.61486
2025-01-01,TX,Dallas / Houston,56bb32e2-49af-4c5d-94f9-c7beb76acb7e,GNC (General Nutrition Centers),Health and Personal Care Stores,56.61486
2025-01-01,FL,Miami,b664fbd4-659c-4615-864a-1ed5537553a1,GNC (General Nutrition Centers),Health and Personal Care Stores,56.27471
2025-01-01,FL,Miami,97968837-58af-40ed-a4b7-8a6845fdc50b,GNC (General Nutrition Centers),Health and Personal Care Stores,56.27471
2025-01-01,NY,New York/New Jersey,d661027d-34d9-4ae4-ab35-3125963aae58,Public Storage,Lessors of Real Estate,56.005898
2025-01-01,WA,Seattle,1194aaad-7822-437b-9140-d3ab86a0aec2,Holiday Inn Express,Traveler Accommodation,55.754635
2025-01-01,GA,Atlanta,ec6468ed-b7c4-4dbf-ab59-7acb53b11d31,Holiday Inn Express,Traveler Accommodation,55.731472
2025-01-01,NY,New York/New Jersey,bb26a3ae-2b3e-4329-bc0e-194e5e9ace89,Holiday Inn Express,Traveler Accommodation,55.43498
2025-01-01,TX,Dallas / Houston,3caf312b-9c73-467c-a384-c5bafdb78d67,T-Mobile,Wired and Wireless Telecommunications Carriers,55.413536
2025-01-01,TX,Dallas / Houston,29f33385-6334-42fc-a39b-461abb556a86,T-Mobile,Wired and Wireless Telecommunications Carriers,55.413536
2025-01-01,TX,Dallas / Houston,c30e253f-8f56-4710-aa7b-919c30d9b8d4,T-Mobile,Wired and Wireless Telecommunications Carriers,55.413536
2025-01-01,TX,Dallas / Houston,84d8505a-fbc3-445e-b508-fcb99cd61ed9,T-Mobile,Wired and Wireless Telecommunications Carriers,55.413536
2025-01-01,TX,Dallas / Houston,f9c299b2-a246-45de-901b-e2c2b74b0f87,T-Mobile,Wired and Wireless Telecommunications Carriers,55.413536
2025-01-01,TX,Dallas / Houston,59b8ab1a-6da4-44fb-8fb2-c696036498dd,T-Mobile,Wired and Wireless Telecommunications Carriers,55.413536
2025-01-01,FL,Miami,836f6c10-b5c3-46f1-84bd-9e6119ac5866,VIP Petcare,"Other Professional, Scientific, and Technical Services",55.17632
2025-01-01,TX,Dallas / Houston,f7baf50c-7831-4cfd-bd59-a35a90c86c78,Holiday Inn Express,Traveler Accommodation,54.685093
2025-01-01,TX,Dallas / Houston,adb2b26b-5373-4ac3-8cdc-a56f2f423cd1,Holiday Inn Express,Traveler Accommodation,54.685093
2025-01-01,TX,Dallas / Houston,12ab24c0-b49c-4be6-857f-e93d7c887b3e,Holiday Inn Express,Traveler Accommodation,54.685093
2025-01-01,TX,Dallas / Houston,bfefc908-b0f5-46f9-9d53-55828ec1b499,Holiday Inn Express,Traveler Accommodation,54.685093
2025-01-01,NY,New York/New Jersey,7761cbde-b6a5-4f5e-9120-7c1044605c24,CubeSmart,Lessors of Real Estate,54.450012
2025-01-01,NY,New York/New Jersey,c4f5560a-532e-460b-ad81-4dda3ec4987b,CubeSmart,Lessors of Real Estate,54.450012
2025-01-01,NJ,New York/New Jersey,db8a414a-b68c-4ef2-9d63-fadf3b36e871,JEI Learning Center,Other Schools and Instruction,54.4156
2025-01-01,NJ,New York/New Jersey,ce4153dd-92ce-47bb-8dbf-118846af6367,Tiger Schilmann's Martial Arts,Other Schools and Instruction,54.4156
2025-01-01,MO,Kansas City,1b7cd640-8bd3-4304-951c-95c9248df5af,T-Mobile,Wired and Wireless Telecommunications Carriers,54.11058
2025-01-01,MO,Kansas City,25a55099-0716-4281-a878-8aadb9980b98,T-Mobile,Wired and Wireless Telecommunications Carriers,54.11058
2025-01-01,NY,New York/New Jersey,bb5c65a7-dbaf-4626-84ce-86b37821e440,Bank of America,Depository Credit Intermediation,53.89536
2025-01-01,NY,New York/New Jersey,efbf847e-c574-442d-91d0-dffd77134833,Bank of America,Depository Credit Intermediation,53.89536
2025-01-01,NY,New York/New Jersey,b06ef36c-b760-4928-bf95-d45217608ed6,Banfield Pet Hospital,"Other Professional, Scientific, and Technical Services",53.72777
2025-01-01,NY,New York/New Jersey,3c623805-c7d1-44e3-892a-002fc0ad6f10,Visionworks,Offices of Other Health Practitioners,53.54833
2025-01-01,NY,New York/New Jersey,6e532e3a-a679-47b2-ad07-ee91d278baa1,Visionworks,Offices of Other Health Practitioners,53.54833
2025-01-01,NY,New York/New Jersey,47322f08-0d5a-475f-85cf-0b91bf2170dd,Visionworks,Offices of Other Health Practitioners,53.54833
2025-01-01,TX,Dallas / Houston,22692ca2-7990-4ec6-9645-b84465bc34b6,Penske Truck Rental,Automotive Equipment Rental and Leasing,53.18697
2025-01-01,TX,Dallas / Houston,92fc1b71-4c38-408d-9602-ac6c2c209d4c,Penske Truck Rental,Automotive Equipment Rental and Leasing,53.18697
2025-01-01,NY,New York/New Jersey,fc6b9431-2974-4f6c-9535-fdb7f5aef6cc,T-Mobile,Wired and Wireless Telecommunications Carriers,53.084244
2025-01-01,NY,New York/New Jersey,365e6774-6c05-476e-8b59-e72086e32d40,T-Mobile,Wired and Wireless Telecommunications Carriers,53.084244
2025-01-01,NY,New York/New Jersey,ba72be77-ae4e-4ee2-bb1d-662a868f08f7,T-Mobile,Wired and Wireless Telecommunications Carriers,53.084244
2025-01-01,FL,Miami,bc8c3b85-4497-4b2b-802d-7bc906eefc73,Penske Truck Rental,Automotive Equipment Rental and Leasing,53.041245
2025-01-01,FL,Miami,30079bf5-afea-4243-9802-a0847c053fc0,Penske Truck Rental,Automotive Equipment Rental and Leasing,53.041245
2025-01-01,TX,Dallas / Houston,b9d7cc8a-c0bd-42bf-99b5-a5f1e199f39e,Total Wine & More,"Beer, Wine, and Liquor Stores",52.9721
2025-01-01,TX,Dallas / Houston,983bbcc4-7005-4955-a11b-67d162cb6497,Duty Free Americas,"Beer, Wine, and Liquor Stores",52.9721
2025-01-01,TX,Dallas / Houston,08bbef49-d8a1-4a0d-8cd6-5a242cc72dfc,Goody Goody Liquor,"Beer, Wine, and Liquor Stores",52.9721
2025-01-01,TX,Dallas / Houston,565a40ae-58ef-4108-87d9-471c91854abc,Liquor Depot USA,"Beer, Wine, and Liquor Stores",52.9721
2025-01-01,TX,Dallas / Houston,aaef50dc-92e1-4d2d-a7b2-d3bca467fbb2,WB Liquors & Wine,"Beer, Wine, and Liquor Stores",52.9721
2025-01-01,TX,Dallas / Houston,25a5e998-2816-46a1-b38b-0d7f15df6f54,total by Verizon,Wired and Wireless Telecommunications Carriers,52.911564
2025-01-01,NY,New York/New Jersey,f50774ed-744f-442e-8145-80211d79d12e,Chase,Depository Credit Intermediation,52.856667
2025-01-01,NY,New York/New Jersey,8fa37787-9036-4f20-b946-25bbed788e3d,Chase,Depository Credit Intermediation,52.856667
2025-01-01,FL,Miami,bd1a81ab-f91d-41bb-897b-e63639b10173,Chase,Depository Credit Intermediation,52.69904
2025-01-01,FL,Miami,0e4c65cc-0351-441a-849f-5b9c9fe0c681,Chase,Depository Credit Intermediation,52.69904
2025-01-01,FL,Miami,9559dea1-8c2c-47bb-8ce6-98b8bbcd9d32,Chase,Depository Credit Intermediation,52.69904
2025-01-01,FL,Miami,29c04efa-963c-4a14-93ce-d982bc08dbe4,Chase,Depository Credit Intermediation,52.69904
2025-01-01,FL,Miami,05878a65-858a-44f3-8e27-3f326bb6c2c3,Chase,Depository Credit Intermediation,52.69904
2025-01-01,FL,Miami,4d390660-03a0-454c-9bbf-caaba2149e60,Chase,Depository Credit Intermediation,52.69904
2025-01-01,WA,Seattle,9cf196cb-fb53-4c4d-b14a-a3d004d49024,Bank of America,Depository Credit Intermediation,52.618263
2025-01-01,FL,Miami,7dd99699-c65a-41bd-9271-f5ff660969b8,Tire Kingdom,"Automotive Parts, Accessories, and Tire Stores",52.450996
2025-01-01,FL,Miami,b51cc75b-9d9b-427b-94c7-7e62f80a0ca0,The Tire Choice & Total Car Care,"Automotive Parts, Accessories, and Tire Stores",52.450996
2025-01-01,FL,Miami,464faffe-bfa8-478b-ab02-ac273d2847c4,MK Battery Distribution Center,"Automotive Parts, Accessories, and Tire Stores",52.450996
2025-01-01,FL,Miami,a3081c75-056c-4ba6-8dc8-cba6763ed8dd,Boulevard Tire Center,"Automotive Parts, Accessories, and Tire Stores",52.450996
2025-01-01,FL,Miami,3e469e90-6b08-4baa-9ac4-05efbf5620f4,Tires Plus,"Automotive Parts, Accessories, and Tire Stores",52.450996
2025-01-01,FL,Miami,42ad4230-ad26-4408-994e-de9b3be3ffef,The Tire Choice & Total Car Care,"Automotive Parts, Accessories, and Tire Stores",52.450996
2025-01-01,WA,Seattle,8c362f88-7c6d-482c-9202-54925bc7c20d,ampm,Grocery Stores,52.40794
2025-01-01,WA,Seattle,57cf5448-68a3-4869-98ee-0172ecd0cdbc,ampm,Grocery Stores,52.40794
2025-01-01,FL,Miami,5069173f-55fc-4d4b-9ffb-78d9b93d52fb,Wells Fargo,Depository Credit Intermediation,52.27255
2025-01-01,FL,Miami,45a22e3b-4e62-434f-88da-41a779467c34,Wells Fargo,Depository Credit Intermediation,52.27255
2025-01-01,FL,Miami,0cb40af6-aa97-4ed1-baf6-1b196c5f791a,Wells Fargo,Depository Credit Intermediation,52.27255
2025-01-01,CA,Los Angeles / SF Bay Area,96baa155-a994-4f57-88bd-75d4044290cd,Sunglass Hut,Health and Personal Care Stores,52.19901
2025-01-01,CA,Los Angeles / SF Bay Area,f50e8e5c-9087-493a-a5d6-8977653937f6,Sunglass Hut,Health and Personal Care Stores,52.19901
2025-01-01,CA,Los Angeles / SF Bay Area,068fae01-a001-469d-a613-0ad940760c71,Sunglass Hut,Health and Personal Care Stores,52.19901
2025-01-01,FL,Miami,04de7093-e14c-4290-8f89-a0496caa73d3,Mathnasium,Other Schools and Instruction,51.961838
2025-01-01,CA,Los Angeles / SF Bay Area,1379bd4c-52b6-49a7-9528-0d785e5fc93e,Mobil,Gasoline Stations,51.89344
2025-01-01,CA,Los Angeles / SF Bay Area,d71b5dbb-de97-4a75-a273-7fd36a317d79,Mobil,Gasoline Stations,51.89344
2025-01-01,CA,Los Angeles / SF Bay Area,e5c68ba2-37de-474e-83d5-adf0019a826b,Metro by T-Mobile,Wired and Wireless Telecommunications Carriers,51.84591
2025-01-01,CA,Los Angeles / SF Bay Area,199d74cf-c5fa-441c-a317-72abf74a3e67,Metro by T-Mobile,Wired and Wireless Telecommunications Carriers,51.84591
2025-01-01,CA,Los Angeles / SF Bay Area,5521f735-a7e3-4aab-9aff-4e10ae63f774,Metro by T-Mobile,Wired and Wireless Telecommunications Carriers,51.84591
2025-01-01,CA,Los Angeles / SF Bay Area,295c7c2b-07e7-44e3-8663-f7105dcba755,Metro by T-Mobile,Wired and Wireless Telecommunications Carriers,51.84591
2025-01-01,CA,Los Angeles / SF Bay Area,95c75acf-7cbc-402f-9a87-5d2770d28105,Metro by T-Mobile,Wired and Wireless Telecommunications Carriers,51.84591
2025-01-01,GA,Atlanta,8b4eb473-d6c0-46cc-9745-5914210a0f45,Kaplan Test Prep,Other Schools and Instruction,51.644726
2025-01-01,GA,Atlanta,c885b879-2ab5-40ba-b89e-d601563cda58,Arthur Murray Dance Centers,Other Schools and Instruction,51.644726
2025-01-01,WA,Seattle,8a420a4c-1214-41dc-83bd-d34ea03b2e0e,Penske Truck Rental,Automotive Equipment Rental and Leasing,51.581642
2025-01-01,PA,Philadelphia,03a223d6-64cd-4a7d-86b8-8328cf27d3e0,Banfield Pet Hospital,"Other Professional, Scientific, and Technical Services",51.25176
2025-01-01,NJ,New York/New Jersey,93900b0f-7ab7-45b7-9ae8-47fd7e3212d2,TD Bank,Depository Credit Intermediation,51.035774
2025-01-01,NJ,New York/New Jersey,6037e2c6-46ac-4ef9-9ad1-9c0909f8ea8e,TD Bank,Depository Credit Intermediation,51.035774
2025-01-01,NJ,New York/New Jersey,5a18eaed-6538-4779-a1e6-d31c5a4294b8,TD Bank,Depository Credit Intermediation,51.035774
2025-01-01,NJ,New York/New Jersey,dcc10186-8057-43d1-9da3-0a5c2c8e425f,TD Bank,Depository Credit Intermediation,51.035774
2025-01-01,NJ,New York/New Jersey,d3f69677-840f-4e63-a932-49fe5efb71ba,TD Bank,Depository Credit Intermediation,51.035774
2025-01-01,MO,Kansas City,5a9e7013-fc6d-4a31-b968-2abadacc5423,Massage Heights,Personal Care Services,50.971836
2025-01-01,MO,Kansas City,b92a8b94-cd0a-471b-9a84-c4b9fa9f975b,Regal Nails Salon & Spa,Personal Care Services,50.971836
2025-01-01,TX,Dallas / Houston,74338790-25ef-4974-a2cf-a4b656737e05,CubeSmart,Lessors of Real Estate,50.516254
2025-01-01,TX,Dallas / Houston,b5e1f468-f622-43eb-88d1-68a291a57294,CubeSmart,Lessors of Real Estate,50.516254
2025-01-01,GA,Atlanta,6591e30e-ef76-4e18-b4aa-92b96bf53070,T-Mobile,Wired and Wireless Telecommunications Carriers,50.2246
2025-01-01,CA,Los Angeles / SF Bay Area,ceea3b29-89a0-4a0a-9d3a-1aa9a71a4d63,Visionworks,Offices of Other Health Practitioners,49.86333
2025-01-01,FL,Miami,753ee239-6dce-42ea-aa7c-19b13d84f990,Sherwin-Williams,Building Material and Supplies Dealers,49.476788
2025-01-01,FL,Miami,4748a847-a476-4fb4-8950-49d4062f3fe6,Sherwin-Williams,Building Material and Supplies Dealers,49.476788
2025-01-01,CA,Los Angeles / SF Bay Area,d4a71ef6-5538-4486-84b1-460df230e1f5,Wells Fargo,Depository Credit Intermediation,49.32346
2025-01-01,CA,Los Angeles / SF Bay Area,e720b614-4b42-4989-aabe-a86ee6f997f9,Wells Fargo,Depository Credit Intermediation,49.32346
2025-01-01,CA,Los Angeles / SF Bay Area,d190ef54-9e7c-4031-9876-6b491031edd5,Wells Fargo,Depository Credit Intermediation,49.32346
2025-01-01,CA,Los Angeles / SF Bay Area,b96a50e9-29db-4641-92b6-eca7875d3e77,Wells Fargo,Depository Credit Intermediation,49.32346
2025-01-01,CA,Los Angeles / SF Bay Area,1846dca0-caa2-423a-b84e-788b3823ab5d,Wells Fargo,Depository Credit Intermediation,49.32346
2025-01-01,CA,Los Angeles / SF Bay Area,472fb67d-e3df-4483-be2b-f19f62080e42,Wells Fargo,Depository Credit Intermediation,49.32346
2025-01-01,CA,Los Angeles / SF Bay Area,5bbe11e6-2c84-444e-9c08-5bdd852a15ab,Wells Fargo,Depository Credit Intermediation,49.32346
2025-01-01,CA,Los Angeles / SF Bay Area,50718edc-37a1-49c7-8bc1-13ce1258e32f,Wells Fargo,Depository Credit Intermediation,49.32346
2025-01-01,GA,Atlanta,9c6f56d7-2437-4be6-96be-21d145d6b9fa,Cellular Sales,Electronics and Appliance Stores,49.25037
2025-01-01,GA,Atlanta,7147ab20-34b1-42cf-9231-452df48b8e04,Cellular Sales,Electronics and Appliance Stores,49.25037
2025-01-01,WA,Seattle,de1567a6-3e2d-4fc5-95a0-ac2a1b0f3249,Sylvan Learning,Other Schools and Instruction,49.225697
2025-01-01,FL,Miami,305554eb-1345-4379-ab7a-bf655f323af1,Kaplan Test Prep,Other Schools and Instruction,48.38313
2025-01-01,FL,Miami,91067ef9-85e4-49c0-a202-41b844de860c,NAPA Auto Parts,"Automotive Parts, Accessories, and Tire Stores",48.373688
2025-01-01,FL,Miami,f0b0d96d-b734-470e-b3a4-c4d85155772b,TD Bank,Depository Credit Intermediation,48.360798
2025-01-01,GA,Atlanta,303a27c7-7234-48f0-9642-7649d9f3bc64,Penske Truck Rental,Automotive Equipment Rental and Leasing,48.329445
2025-01-01,WA,Seattle,6b974339-76f8-4c3b-82ef-1eb2026f97b9,Chase,Depository Credit Intermediation,48.248478
2025-01-01,WA,Seattle,f62425da-2caf-4d20-ad7e-40b18663b5f0,Chase,Depository Credit Intermediation,48.248478
2025-01-01,WA,Seattle,8a3ff637-a728-4bcc-96f4-dece0dfb66c4,Chase,Depository Credit Intermediation,48.248478
2025-01-01,CA,Los Angeles / SF Bay Area,c999d944-00c4-473b-aee5-cca67095e12f,Sport Clips,Personal Care Services,47.85984
2025-01-01,CA,Los Angeles / SF Bay Area,6b774491-b4c4-4793-933e-84bea1e608c7,Sport Clips,Personal Care Services,47.85984
2025-01-01,TX,Dallas / Houston,c3287226-f1b3-49f7-b04e-d871b95714b3,Chase,Depository Credit Intermediation,47.780296
2025-01-01,TX,Dallas / Houston,66bacff3-b913-4268-87cb-1d96ad0f9073,Chase,Depository Credit Intermediation,47.780296
2025-01-01,TX,Dallas / Houston,b71482f7-d9ce-4672-9cc5-37b07841ac16,Chase,Depository Credit Intermediation,47.780296
2025-01-01,MO,Kansas City,c0669ba9-d2c3-4574-9a55-47b5713012bb,Holiday Inn Express,Traveler Accommodation,47.74084
2025-01-01,MO,Kansas City,aa38cee7-be90-4aae-9397-31433da758c9,Holiday Inn Express,Traveler Accommodation,47.74084
2025-01-01,FL,Miami,063366e9-61a2-42fa-b36f-5ea92e44afab,Mobil,Gasoline Stations,47.59887
2025-01-01,FL,Miami,cab839be-b4d8-4624-a73b-f8bf4385e886,Mobil,Gasoline Stations,47.59887
2025-01-01,FL,Miami,b8fa5462-24e0-49c2-bc05-3fe200e5a176,Mobil,Gasoline Stations,47.59887
2025-01-01,FL,Miami,6d4a0c8e-da9b-4812-b23c-6e892c6d7e36,Mobil,Gasoline Stations,47.59887
2025-01-01,FL,Miami,50220f9c-ba04-46db-8bf8-b9b47a478630,Mobil,Gasoline Stations,47.59887
2025-01-01,FL,Miami,affaf416-8d5e-4870-84ab-852cb40ddeb3,Mobil,Gasoline Stations,47.59887
2025-01-01,CA,Los Angeles / SF Bay Area,de3e4de2-22bd-47ea-9fab-2894b2b9c776,Color Me Mine,Other Schools and Instruction,47.532417
2025-01-01,CA,Los Angeles / SF Bay Area,31188aaf-7186-4280-9481-2e5e600ad840,Sylvan Learning,Other Schools and Instruction,47.532417
2025-01-01,CA,Los Angeles / SF Bay Area,cb58fa54-b79d-4725-858f-23d82341698a,Sylvan Learning,Other Schools and Instruction,47.532417
2025-01-01,NY,New York/New Jersey,ef02e375-751e-4b0b-81fd-b35b95387aae,Penske Truck Rental,Automotive Equipment Rental and Leasing,47.483555
2025-01-01,TX,Dallas / Houston,f211620f-0e8d-4dbf-b604-8aebdcb7c54c,Wells Fargo,Depository Credit Intermediation,47.42421
2025-01-01,TX,Dallas / Houston,7d54d52c-8928-4c6e-a237-2d36ddf77d84,Wells Fargo,Depository Credit Intermediation,47.42421
2025-01-01,TX,Dallas / Houston,5c7e0f3f-a7cf-4c54-af12-eb65fab7d4f8,Wells Fargo,Depository Credit Intermediation,47.42421
2025-01-01,TX,Dallas / Houston,42b48dc1-40c8-42b6-a69e-6075b0582899,Wells Fargo,Depository Credit Intermediation,47.42421
2025-01-01,TX,Dallas / Houston,831c0653-bb91-4429-bccd-4d61529f1d78,Sherwin-Williams,Building Material and Supplies Dealers,47.391407
2025-01-01,TX,Dallas / Houston,f653d686-9bf4-4f75-9254-1174276122cd,Sherwin-Williams,Building Material and Supplies Dealers,47.391407
2025-01-01,TX,Dallas / Houston,89cce1ff-f35c-44de-bcca-999927284c6c,Sherwin-Williams,Building Material and Supplies Dealers,47.391407
2025-01-01,WA,Seattle,948e86b8-6359-4274-857a-dcee0b68d598,Gene Juarez Salons & Spas,Personal Care Services,47.33892
2025-01-01,WA,Seattle,a0ddbcd5-8554-47be-bd1c-8b42f3a07f70,Desert Sun Tanning Salons,Personal Care Services,47.33892
2025-01-01,WA,Seattle,9ca0589e-ff83-4648-9547-56ddfecf35f8,Blo Blow Dry Bar,Personal Care Services,47.33892
2025-01-01,WA,Seattle,665490d4-d819-43ba-b4bd-a1425a626265,Hairmasters,Personal Care Services,47.33892
2025-01-01,WA,Seattle,1220899a-f5d7-4c0a-b668-43652e85c7dc,Hairmasters,Personal Care Services,47.33892
2025-01-01,WA,Seattle,41489db9-1882-4ff8-85ef-92550e0197e3,Tan Republic,Personal Care Services,47.33892
2025-01-01,WA,Seattle,7574bb84-ce96-4986-b165-3b94618d16f7,Sharkey's Cuts for Kids,Personal Care Services,47.33892
2025-01-01,WA,Seattle,7779e8e6-fb63-4f0d-b42e-9c8f758e52d1,Weight Watchers,Personal Care Services,47.33892
2025-01-01,CA,Los Angeles / SF Bay Area,a261f805-1fa5-40cd-bac6-8199f4fefb2b,Mathnasium,Other Schools and Instruction,47.226257
2025-01-01,CA,Los Angeles / SF Bay Area,057b4b7c-1f8c-4f61-b81c-5a8600a332c6,Mathnasium,Other Schools and Instruction,47.226257
2025-01-01,PA,Philadelphia,80a9a1ae-0aca-4534-8c8a-c1c91989c5ff,GNC (General Nutrition Centers),Health and Personal Care Stores,47.172245
2025-01-01,WA,Seattle,0ac29ae9-6449-4701-a583-c5cb9f7c6a55,Mathnasium,Other Schools and Instruction,47.01416
2025-01-01,NY,New York/New Jersey,36a32f85-1a71-43d5-a3d0-39b10c17a116,Sport Clips,Personal Care Services,46.962284
2025-01-01,PA,Philadelphia,802fe8fd-1a43-4233-8075-b3f8260c3248,Extra Space Storage,Lessors of Real Estate,46.880104
2025-01-01,PA,Philadelphia,7ed2c4d0-6a41-4a2b-9038-f3f143582428,Extra Space Storage,Lessors of Real Estate,46.880104
2025-01-01,PA,Philadelphia,f7d98988-7be9-48a3-830e-ff0be511062e,Extra Space Storage,Lessors of Real Estate,46.880104
2025-01-01,TX,Dallas / Houston,62327671-0486-40dc-8bdd-54668f239b88,O'Reilly Auto Parts,"Automotive Parts, Accessories, and Tire Stores",46.82867
2025-01-01,TX,Dallas / Houston,848df1a7-ad50-4b0c-8ec7-2296e6daf59f,O'Reilly Auto Parts,"Automotive Parts, Accessories, and Tire Stores",46.82867
2025-01-01,TX,Dallas / Houston,c4202ca7-5613-439a-9738-c6aa8bdf5453,O'Reilly Auto Parts,"Automotive Parts, Accessories, and Tire Stores",46.82867
2025-01-01,WA,Seattle,643e85d6-7ae1-4fda-83ba-c45db9c0b465,Tesla Motors,Automobile Dealers,46.7006
2025-01-01,WA,Seattle,cfe0afcb-4b2c-4b87-b5ab-47a270fb5587,Mazda,Automobile Dealers,46.7006
2025-01-01,MO,Kansas City,606adc36-0595-4bf0-bdfa-ffae64cdbfd2,Advance Auto Parts,"Automotive Parts, Accessories, and Tire Stores",46.47568
2025-01-01,GA,Atlanta,f94b1caf-419d-4ff6-bd33-943f575257cc,Regal Nails Salon & Spa,Personal Care Services,46.462902
2025-01-01,GA,Atlanta,b416ea2c-fcff-4107-a4ef-a634e3b8e896,Heyday,Personal Care Services,46.462902
2025-01-01,GA,Atlanta,734946b7-1837-401f-b4eb-2037bdabe567,Phenix Salon Suites,Personal Care Services,46.462902
2025-01-01,CA,Los Angeles / SF Bay Area,d7b1866b-f3e6-4db4-9559-41622785a653,Cricket Wireless,Wired and Wireless Telecommunications Carriers,46.33297
2025-01-01,CA,Los Angeles / SF Bay Area,93150caa-75f9-4ac5-97a5-8370d549a47b,Cricket Wireless,Wired and Wireless Telecommunications Carriers,46.33297
2025-01-01,CA,Los Angeles / SF Bay Area,711c7e54-8e3e-4f2a-84c2-0a377d0c1a4a,Cricket Wireless,Wired and Wireless Telecommunications Carriers,46.33297
2025-01-01,CA,Los Angeles / SF Bay Area,4a8db770-b90b-4660-8096-fb036944bb20,Cricket Wireless,Wired and Wireless Telecommunications Carriers,46.33297
2025-01-01,CA,Los Angeles / SF Bay Area,18b97355-f776-4fd0-8a0f-353bca8dc8b2,Cricket Wireless,Wired and Wireless Telecommunications Carriers,46.33297
2025-01-01,CA,Los Angeles / SF Bay Area,57595d4a-1011-4de8-8cb7-e8b8beea2ddb,Cricket Wireless,Wired and Wireless Telecommunications Carriers,46.33297
2025-01-01,NJ,New York/New Jersey,3b856ba5-e48f-4544-bb2a-de1c6c3d0c11,Chase,Depository Credit Intermediation,46.257835
2025-01-01,NJ,New York/New Jersey,3bae2647-d223-4b6b-a5a6-adaa0a9eefc6,Chase,Depository Credit Intermediation,46.257835
2025-01-01,NJ,New York/New Jersey,5f7f90c2-cd2c-4604-99d4-2a05fc4e76b3,Chase,Depository Credit Intermediation,46.257835
2025-01-01,NJ,New York/New Jersey,7a225ae7-0e80-46c0-8991-ebb24e1bd837,Chase,Depository Credit Intermediation,46.257835
2025-01-01,NY,New York/New Jersey,2e45386e-33a1-473b-a8ed-f5b98fb27fb3,Citizens Bank,Depository Credit Intermediation,46.08106
2025-01-01,NY,New York/New Jersey,1315507d-4a24-4665-8b9c-63d929b0490b,Adirondack Trust Company,Depository Credit Intermediation,46.08106
2025-01-01,NY,New York/New Jersey,b1337609-895a-4b2d-a1aa-1957ada9ddee,Citizens Bank,Depository Credit Intermediation,46.08106
2025-01-01,NY,New York/New Jersey,41066907-fe9f-44ed-9d3f-e806c157ac4a,M&T Bank,Depository Credit Intermediation,46.08106
2025-01-01,NY,New York/New Jersey,6af5a8a8-9071-495c-8d4f-2b77ff323fac,Trustco Bank,Depository Credit Intermediation,46.08106
2025-01-01,NY,New York/New Jersey,476d5f84-bea2-4e4b-a101-4921863c26ce,Flagstar Bank,Depository Credit Intermediation,46.08106
2025-01-01,NY,New York/New Jersey,2b53035d-5be7-4721-bfc8-edd9ec6a6267,Trustco Bank,Depository Credit Intermediation,46.08106
2025-01-01,NY,New York/New Jersey,67fe24c1-d021-4e3e-a9f2-14e39fc91bae,Capital One,Depository Credit Intermediation,46.08106
2025-01-01,NY,New York/New Jersey,48989740-a9cb-4bd7-b239-b4e420e476fe,Webster Bank,Depository Credit Intermediation,46.08106
2025-01-01,NY,New York/New Jersey,be4739b6-2396-459b-88d3-27a0cec12aee,Tioga State Bank,Depository Credit Intermediation,46.08106
2025-01-01,NY,New York/New Jersey,9e4d0feb-f7f9-41eb-a6bf-0e390998ab51,NBT Bank,Depository Credit Intermediation,46.08106
2025-01-01,NY,New York/New Jersey,49fb4bf0-e6ef-47ea-98f2-16bd824ef6c1,Citizens Bank,Depository Credit Intermediation,46.08106
2025-01-01,NY,New York/New Jersey,b49acaf6-6eaa-4d5e-920e-80b4e9c6602b,Flagstar Bank,Depository Credit Intermediation,46.08106
2025-01-01,NY,New York/New Jersey,b4fe99d7-cd66-458b-ae77-e6369399877b,Tioga State Bank,Depository Credit Intermediation,46.08106
2025-01-01,NY,New York/New Jersey,5a2db819-8a70-464e-bb7c-46b4d1f3427a,Webster Bank,Depository Credit Intermediation,46.08106
2025-01-01,NY,New York/New Jersey,5c14093b-0743-4812-90c9-085f3985c86e,Tioga State Bank,Depository Credit Intermediation,46.08106
2025-01-01,MA,Boston,4f54aaaf-8005-4f35-a6e4-16b09e270203,The Salvation Army,Used Merchandise Stores,46.053867
2025-01-01,TX,Dallas / Houston,38ef8637-08a7-4033-bafb-4538dfd84995,John Deere,"Machinery, Equipment, and Supplies Merchant Wholesalers",45.679512
2025-01-01,TX,Dallas / Houston,47953d75-49cd-4a1c-ac02-b037d9cc33c4,Case IH,"Machinery, Equipment, and Supplies Merchant Wholesalers",45.679512
2025-01-01,TX,Dallas / Houston,41ee8840-cf0d-4946-8bf2-61a7769c3c7e,Armstrong McCall,"Machinery, Equipment, and Supplies Merchant Wholesalers",45.679512
2025-01-01,TX,Dallas / Houston,fdf2ea9e-d20f-4e9d-a838-88d828e23c19,Motion Industries,"Machinery, Equipment, and Supplies Merchant Wholesalers",45.679512
2025-01-01,TX,Dallas / Houston,77cd7e10-d292-4f2a-80a0-3be04107a0fc,White Cap,"Machinery, Equipment, and Supplies Merchant Wholesalers",45.679512
2025-01-01,FL,Miami,49bf7405-c0f9-471c-bfb5-399228a4e6c1,Banfield Pet Hospital,"Other Professional, Scientific, and Technical Services",45.33404
2025-01-01,FL,Miami,cd1037a9-2f71-4c6a-bee6-ecb0ec9dd8af,Banfield Pet Hospital,"Other Professional, Scientific, and Technical Services",45.33404
2025-01-01,PA,Philadelphia,b935d929-3797-4652-aba4-06eb609a305b,Wells Fargo,Depository Credit Intermediation,44.798374
2025-01-01,PA,Philadelphia,6d424fb1-1709-4231-a374-18f8d314d5f9,Wells Fargo,Depository Credit Intermediation,44.798374
2025-01-01,CA,Los Angeles / SF Bay Area,fc11e515-bbf3-4076-b837-1486122aacf5,SalonCentric,"Machinery, Equipment, and Supplies Merchant Wholesalers",44.79512
2025-01-01,CA,Los Angeles / SF Bay Area,d6db5407-e7e2-41dc-9b63-32750c6c39f4,Case IH,"Machinery, Equipment, and Supplies Merchant Wholesalers",44.79512
2025-01-01,CA,Los Angeles / SF Bay Area,f169d5e4-94c8-4774-9c66-35822e5d9764,SalonCentric,"Machinery, Equipment, and Supplies Merchant Wholesalers",44.79512
2025-01-01,CA,Los Angeles / SF Bay Area,f4054a0d-5778-4f90-ab97-780019c8afb3,CosmoProf,"Machinery, Equipment, and Supplies Merchant Wholesalers",44.79512
2025-01-01,CA,Los Angeles / SF Bay Area,1f7dc2d4-5fb2-41b1-933f-2d5e8a22db3a,CosmoProf,"Machinery, Equipment, and Supplies Merchant Wholesalers",44.79512
2025-01-01,CA,Los Angeles / SF Bay Area,dcbb569d-c3f5-4ed3-ad49-81f5bead6a15,SalonCentric,"Machinery, Equipment, and Supplies Merchant Wholesalers",44.79512
2025-01-01,CA,Los Angeles / SF Bay Area,2f41d285-52bc-405f-a5d1-519e36a845a4,SalonCentric,"Machinery, Equipment, and Supplies Merchant Wholesalers",44.79512
2025-01-01,CA,Los Angeles / SF Bay Area,e2339ca1-ce51-4594-9c3a-7f918f402fc5,SalonCentric,"Machinery, Equipment, and Supplies Merchant Wholesalers",44.79512
2025-01-01,CA,Los Angeles / SF Bay Area,05a0d568-5318-4830-80c7-80e5b7725a42,L&W Supply,"Machinery, Equipment, and Supplies Merchant Wholesalers",44.79512
2025-01-01,CA,Los Angeles / SF Bay Area,8455fd78-3b45-41a7-b77e-9fa15efebaa7,White Cap,"Machinery, Equipment, and Supplies Merchant Wholesalers",44.79512
2025-01-01,CA,Los Angeles / SF Bay Area,341b6119-e792-4171-9764-293eed0dc7c4,Vermeer,"Machinery, Equipment, and Supplies Merchant Wholesalers",44.79512
2025-01-01,CA,Los Angeles / SF Bay Area,a5c74ffa-cee0-44e5-b3c7-c8f13ba064f0,SiteOne Landscape Supply,"Machinery, Equipment, and Supplies Merchant Wholesalers",44.79512
2025-01-01,CA,Los Angeles / SF Bay Area,b8441885-5429-4155-8871-0108862770ff,CosmoProf,"Machinery, Equipment, and Supplies Merchant Wholesalers",44.79512
2025-01-01,MA,Boston,938dff7e-9afc-4b79-8b51-1f5c74c7ae82,Salem Five Cents Savings Bank,Depository Credit Intermediation,44.779976
2025-01-01,MA,Boston,b62ad6c8-222d-4387-90a4-a152bae4062b,South Shore Bank,Depository Credit Intermediation,44.779976
2025-01-01,MA,Boston,c610386f-40bc-48a8-9b98-d0d2e3126657,Citizens Bank,Depository Credit Intermediation,44.779976
2025-01-01,MA,Boston,4ba560f4-7a80-4c31-860a-a681a124f747,BankFive,Depository Credit Intermediation,44.779976
2025-01-01,MA,Boston,a26f2e42-8519-4944-8811-0c55d425a0e4,Citizens Bank,Depository Credit Intermediation,44.779976
2025-01-01,MA,Boston,fa6205c2-045e-43db-9c5b-d2e61a3c7d77,Berkshire Bank,Depository Credit Intermediation,44.779976
2025-01-01,MA,Boston,e0634e6f-d2de-4db4-9b4a-6fcf673c832b,Berkshire Bank,Depository Credit Intermediation,44.779976
2025-01-01,MA,Boston,119f3016-7e23-4919-98a9-74c704d4fe15,Eastern Bank,Depository Credit Intermediation,44.779976
2025-01-01,MA,Boston,58332fb5-f3c0-485a-ae1b-5147a5665099,Rockland Trust,Depository Credit Intermediation,44.779976
2025-01-01,CA,Los Angeles / SF Bay Area,72ba7cba-600b-4940-a956-3e37c296d511,DriveTime,Automobile Dealers,44.73272
2025-01-01,CA,Los Angeles / SF Bay Area,ed29a235-ccc1-44b4-9bc8-4f12738341ff,Honda,Automobile Dealers,44.73272
2025-01-01,CA,Los Angeles / SF Bay Area,8ab1dc4a-d12f-40da-911c-9e62577daa66,Toyota,Automobile Dealers,44.73272
2025-01-01,CA,Los Angeles / SF Bay Area,96e405c3-7832-453c-b127-54ebbc322b4f,NAPA Auto Parts,"Automotive Parts, Accessories, and Tire Stores",44.601368
2025-01-01,CA,Los Angeles / SF Bay Area,2fe379ea-c397-4ab8-84e5-bb591f6bac96,U.S. Bank,Depository Credit Intermediation,44.565655
2025-01-01,CA,Los Angeles / SF Bay Area,b20aae79-6795-4452-a4c9-821ab441146f,U.S. Bank,Depository Credit Intermediation,44.565655
2025-01-01,CA,Los Angeles / SF Bay Area,7dc8cb57-4b60-4a04-a00f-2fb2a157dae8,U.S. Bank,Depository Credit Intermediation,44.565655
2025-01-01,NY,New York/New Jersey,9ae07bf6-fa43-4c4b-af48-d326c40dfed5,Volkswagen,Automobile Dealers,44.310974
2025-01-01,NY,New York/New Jersey,74883acc-4785-491f-af31-c6d5d5977fe4,Peterbilt,Automobile Dealers,44.310974
2025-01-01,MO,Kansas City,fe330ee0-261a-4cb3-99cf-67ee4de6ee12,Sunglass Hut,Health and Personal Care Stores,44.301113
2025-01-01,MA,Boston,4160e849-eee0-4877-b1f6-7e8b3cdb9884,CubeSmart,Lessors of Real Estate,44.186306
2025-01-01,CA,Los Angeles / SF Bay Area,5921c863-7f3e-4210-91d7-052be232ce65,Banfield Pet Hospital,"Other Professional, Scientific, and Technical Services",44.152363
2025-01-01,CA,Los Angeles / SF Bay Area,9605688c-fd91-44a1-a843-79e02740ed0f,Banfield Pet Hospital,"Other Professional, Scientific, and Technical Services",44.152363
2025-01-01,CA,Los Angeles / SF Bay Area,489b9a88-1da0-4e4f-a92c-a2cd3605ac73,Banfield Pet Hospital,"Other Professional, Scientific, and Technical Services",44.152363
2025-01-01,FL,Miami,7559d049-d104-4a79-a437-d6daaf3c5c9e,Nissan,Automobile Dealers,44.14528
2025-01-01,FL,Miami,db610ad3-578b-4204-8fa0-1df8ad63d70c,Hyundai Motor,Automobile Dealers,44.14528
2025-01-01,WA,Seattle,6cb34e0a-3d27-4189-af8f-92e6ea296878,NAPA Auto Parts,"Automotive Parts, Accessories, and Tire Stores",43.93858
2025-01-01,TX,Dallas / Houston,ce5c9435-5ca3-4d5c-ab47-ef3903fc0c44,Kaplan Test Prep,Other Schools and Instruction,43.86515
2025-01-01,CA,Los Angeles / SF Bay Area,2a486014-4cc1-44ee-8830-5a282e56fcf6,AT&T,Wired and Wireless Telecommunications Carriers,43.856594
2025-01-01,CA,Los Angeles / SF Bay Area,5f0cd78e-c606-4d21-acc2-61cf8ccd89b0,AT&T,Wired and Wireless Telecommunications Carriers,43.856594
2025-01-01,CA,Los Angeles / SF Bay Area,ba791944-8d32-4bf2-a22a-eac3aba4bf2c,Salon Republic,Personal Care Services,43.82076
2025-01-01,CA,Los Angeles / SF Bay Area,aaa5e48d-dbe2-4d86-8aba-bd47ef7605d2,Deka Lash,Personal Care Services,43.82076
2025-01-01,CA,Los Angeles / SF Bay Area,31a17cc6-0652-4625-b76d-92e2215f9e81,Davi Nails,Personal Care Services,43.82076
2025-01-01,CA,Los Angeles / SF Bay Area,acf7e41a-60cf-4ddd-9fdf-20b838238808,Sola Salon Studios,Personal Care Services,43.82076
2025-01-01,CA,Los Angeles / SF Bay Area,2a00a247-9df1-4ce8-bc42-f43c0651b408,Amazing Lash Studio,Personal Care Services,43.82076
2025-01-01,CA,Los Angeles / SF Bay Area,1bc6de75-05a8-47cf-9594-6d8c801c5f9d,Davi Nails,Personal Care Services,43.82076
2025-01-01,GA,Atlanta,ddf01284-bcc3-4323-95dc-eb773f20cbbc,Chase,Depository Credit Intermediation,43.78865
2025-01-01,GA,Atlanta,d8365f18-1247-42b8-96ad-3aa91fa513c2,Bank of America,Depository Credit Intermediation,43.767883
2025-01-01,TX,Dallas / Houston,6e5ee2bd-9281-4bc8-8572-b102c8a4a8aa,Bank of America,Depository Credit Intermediation,43.734116
2025-01-01,TX,Dallas / Houston,864d37d0-6e49-4c91-ac16-711e4e0ed70a,Bank of America,Depository Credit Intermediation,43.734116
2025-01-01,FL,Miami,4edeb6a7-74bf-4b25-abe5-8a21bf0ee1b5,United States Postal Service (USPS),Postal Service,43.644894
2025-01-01,FL,Miami,36a5724b-9559-4b29-804c-f779ac0ad4ed,United States Postal Service (USPS),Postal Service,43.644894
2025-01-01,FL,Miami,766067d7-03bb-49e7-ad04-ec6fbd41b52b,United States Postal Service (USPS),Postal Service,43.644894
2025-01-01,FL,Miami,ee4928ec-b71e-4797-a24e-2ebf53d634cc,United States Postal Service (USPS),Postal Service,43.644894
2025-01-01,FL,Miami,6e286b5a-6191-4e5b-8ab3-4e0651008f8a,United States Postal Service (USPS),Postal Service,43.644894
2025-01-01,FL,Miami,c65a4e81-65ae-43e3-8a11-5755c0a27e1e,United States Postal Service (USPS),Postal Service,43.644894
2025-01-01,TX,Dallas / Houston,dab0f72e-7fb6-4d99-baa8-866b864c2a71,Hand and Stone,Personal Care Services,43.546776
2025-01-01,TX,Dallas / Houston,4eaad251-b625-4d93-88c4-80907162c2dd,VIO Med Spa,Personal Care Services,43.546776
2025-01-01,TX,Dallas / Houston,6f433975-d266-43f0-b58f-0ff3f30e6172,The Lash Lounge,Personal Care Services,43.546776
2025-01-01,TX,Dallas / Houston,ec4f97ce-5c63-44eb-8f8b-08b663ace81d,Salons by JC,Personal Care Services,43.546776
2025-01-01,TX,Dallas / Houston,6b9ce5b4-d1c6-4379-8a13-9fd5544d1a30,Palm Beach Tan,Personal Care Services,43.546776
2025-01-01,TX,Dallas / Houston,03f88b7c-d7a1-44d4-810b-5a5a02d83e64,Relax and Wax,Personal Care Services,43.546776
2025-01-01,TX,Dallas / Houston,df1bc7dc-12ac-4420-8575-521e8adb50d0,European Wax Center (EWC),Personal Care Services,43.546776
2025-01-01,TX,Dallas / Houston,638d25be-ff1d-4ec6-9c8f-e2727c1ea4f0,Palm Beach Tan,Personal Care Services,43.546776
2025-01-01,TX,Dallas / Houston,c86f5a74-7a17-49ec-9642-febe7dfc2fb0,European Wax Center (EWC),Personal Care Services,43.546776
2025-01-01,TX,Dallas / Houston,0d10240b-aaba-4653-b650-2ec681a30f38,Edible Arrangements,"Office Supplies, Stationery, and Gift Stores",43.53432
2025-01-01,TX,Dallas / Houston,740bfc8c-14fb-487f-9c92-9b0d5aededed,Edible Arrangements,"Office Supplies, Stationery, and Gift Stores",43.53432
2025-01-01,TX,Dallas / Houston,694cfa94-9533-4229-a1fc-1e29270a27ef,Edible Arrangements,"Office Supplies, Stationery, and Gift Stores",43.53432
2025-01-01,NJ,New York/New Jersey,2a408cc3-9e6d-4424-99d6-46676b0c6dd5,Fulton Bank,Depository Credit Intermediation,43.530064
2025-01-01,PA,Philadelphia,48ec9943-4d94-4631-80a4-0f9cb4c02f78,2nd and Charles,Electronics and Appliance Stores,43.212463
2025-01-01,CA,Los Angeles / SF Bay Area,642467ec-9220-4353-84b4-4d127835ede2,Lennar Homes,Residential Building Construction,43.081432
2025-01-01,FL,Miami,8ea33859-3feb-4610-b901-aa15f2d27407,Metro by T-Mobile,Wired and Wireless Telecommunications Carriers,42.937138
2025-01-01,FL,Miami,312e164c-ae55-4a10-9e3b-a913db124345,Metro by T-Mobile,Wired and Wireless Telecommunications Carriers,42.937138
2025-01-01,FL,Miami,59e13fc7-2ede-443e-b895-910885b7d3f5,Metro by T-Mobile,Wired and Wireless Telecommunications Carriers,42.937138
2025-01-01,FL,Miami,c586f48b-fe8d-4889-a7d2-1498f43ec891,Metro by T-Mobile,Wired and Wireless Telecommunications Carriers,42.937138
2025-01-01,FL,Miami,a4e5c839-ab83-4aa4-b9cd-76ae40adc3fe,Metro by T-Mobile,Wired and Wireless Telecommunications Carriers,42.937138
2025-01-01,FL,Miami,dadb7a03-ae3a-4f51-b7d2-e93dcaa2669a,Metro by T-Mobile,Wired and Wireless Telecommunications Carriers,42.937138
2025-01-01,FL,Miami,e412b57e-bace-4db6-8e24-a3f3506a3f23,Metro by T-Mobile,Wired and Wireless Telecommunications Carriers,42.937138
2025-01-01,NJ,New York/New Jersey,a21aaee1-d2dd-4f13-b2f5-e9bf820c8f81,Bank of America,Depository Credit Intermediation,42.481956
2025-01-01,NJ,New York/New Jersey,906ae046-cf55-43a9-b263-372e5984a555,Bank of America,Depository Credit Intermediation,42.481956
2025-01-01,CA,Los Angeles / SF Bay Area,3009cce7-7c0a-4c13-92a3-41f2f3abe09e,Pep Boys,"Automotive Parts, Accessories, and Tire Stores",42.35469
2025-01-01,CA,Los Angeles / SF Bay Area,08e39c38-0d2f-47ae-8405-c1a72b4e6b5f,Parts Authority,"Automotive Parts, Accessories, and Tire Stores",42.35469
2025-01-01,WA,Seattle,f2548ea0-2411-456f-bc1a-8b105f251041,Discount Tire,"Automotive Parts, Accessories, and Tire Stores",42.281094
2025-01-01,NJ,New York/New Jersey,6261e701-c72a-44b3-a87e-f6c175ae739b,Wells Fargo,Depository Credit Intermediation,42.026215
2025-01-01,NJ,New York/New Jersey,fc1ec5c0-eb06-417f-9ae7-3df4701ce9a7,Wells Fargo,Depository Credit Intermediation,42.026215
2025-01-01,NY,New York/New Jersey,40fec6b4-4964-4e8a-bd72-41f7816e819a,Firestone Complete Auto Care,"Automotive Parts, Accessories, and Tire Stores",41.96428
2025-01-01,CA,Los Angeles / SF Bay Area,69fb5e97-f2cb-4d93-8b9a-e75778ffbcba,United States Postal Service (USPS),Postal Service,41.014698
2025-01-01,CA,Los Angeles / SF Bay Area,043b9edb-dc38-484f-97be-ab7ff5313dc0,United States Postal Service (USPS),Postal Service,41.014698
2025-01-01,CA,Los Angeles / SF Bay Area,95a83baf-40ef-4e1f-90e5-80e554cd6316,United States Postal Service (USPS),Postal Service,41.014698
2025-01-01,CA,Los Angeles / SF Bay Area,c58382f7-ea97-45ba-8ed1-af50434b48ed,United States Postal Service (USPS),Postal Service,41.014698
2025-01-01,CA,Los Angeles / SF Bay Area,3ab03277-6f94-44b8-9471-e07952b0efb6,United States Postal Service (USPS),Postal Service,41.014698
2025-01-01,CA,Los Angeles / SF Bay Area,b316d30d-ce5f-49be-88d5-069ef2f43f34,United States Postal Service (USPS),Postal Service,41.014698
2025-01-01,CA,Los Angeles / SF Bay Area,581c6374-b2a3-4cae-b32c-e3aa38ffc03c,United States Postal Service (USPS),Postal Service,41.014698
2025-01-01,CA,Los Angeles / SF Bay Area,5b94353a-2b52-4b35-9aaa-29647a58d51a,United States Postal Service (USPS),Postal Service,41.014698
2025-01-01,CA,Los Angeles / SF Bay Area,ad5e07bc-4b62-4288-8899-7041aaf020f2,United States Postal Service (USPS),Postal Service,41.014698
2025-01-01,CA,Los Angeles / SF Bay Area,72166fc2-93a6-4fb8-af6c-44d273cb2865,United States Postal Service (USPS),Postal Service,41.014698
2025-01-01,CA,Los Angeles / SF Bay Area,81d99aff-a656-460a-8ee1-c11485490d33,United States Postal Service (USPS),Postal Service,41.014698
2025-01-01,CA,Los Angeles / SF Bay Area,540c402a-4faf-44da-bd1c-d9576fe8717e,United States Postal Service (USPS),Postal Service,41.014698
2025-01-01,CA,Los Angeles / SF Bay Area,7685c368-a9b6-446c-bc62-8896788e5424,Edible Arrangements,"Office Supplies, Stationery, and Gift Stores",40.479675
2025-01-01,PA,Philadelphia,1ff46d85-24de-4a50-858b-c90c94fb51d1,T-Mobile,Wired and Wireless Telecommunications Carriers,40.085365
2025-01-01,NY,New York/New Jersey,4bd75f61-63b2-4cf4-b7f7-66bbfd1e4958,Prime Storage,Lessors of Real Estate,39.976448
2025-01-01,NY,New York/New Jersey,cf025c16-6ef0-4571-bfc5-6c54fb5a93bd,Industrious Office,Lessors of Real Estate,39.976448
2025-01-01,NY,New York/New Jersey,713f39ed-f4f6-47e0-a891-f6e90c4063ec,Safeguard Self Storage,Lessors of Real Estate,39.976448
2025-01-01,PA,Philadelphia,e43f694f-9031-485f-b83b-94e0f629df26,Bluemercury,Personal Care Services,39.85285
2025-01-01,PA,Philadelphia,dbac1b45-2422-4d16-8b10-410894d77948,Holiday Hair,Personal Care Services,39.85285
2025-01-01,PA,Philadelphia,5fc39ee9-5508-449c-8778-06a2b29b2fbc,European Wax Center (EWC),Personal Care Services,39.85285
2025-01-01,PA,Philadelphia,834f5fcb-558d-42bb-8164-07256fa77c67,My Salon Suite,Personal Care Services,39.85285
2025-01-01,GA,Atlanta,b545039c-e266-4e36-9d27-3c47b9fe6042,Cricket Wireless,Wired and Wireless Telecommunications Carriers,39.674553
2025-01-01,PA,Philadelphia,ce5ec98c-a950-445f-ba3d-aee9c5d60a84,Penske Truck Rental,Automotive Equipment Rental and Leasing,39.615788
2025-01-01,CA,Los Angeles / SF Bay Area,07553702-fda6-4eb6-9ed4-a525c7dc4de2,Caliber Collision,Automotive Repair and Maintenance,39.592556
2025-01-01,CA,Los Angeles / SF Bay Area,c68d9b1f-ed5d-48fd-9bc6-28867bdf4bfe,Caliber Collision,Automotive Repair and Maintenance,39.592556
2025-01-01,CA,Los Angeles / SF Bay Area,3105fba4-4b4b-47f7-bf06-ce8e8a10221a,Caliber Collision,Automotive Repair and Maintenance,39.592556
2025-01-01,FL,Miami,332c5370-d05a-4bcc-b6ee-523c07e6c8d7,Cricket Wireless,Wired and Wireless Telecommunications Carriers,39.55918
2025-01-01,TX,Dallas / Houston,74d321ad-2f99-4a54-8f99-e882b958db1d,Sport Clips,Personal Care Services,39.266743
2025-01-01,KS,Kansas City,80f3a643-2677-41ea-93f3-a6090984791f,Capitol Federal,Depository Credit Intermediation,38.9839
2025-01-01,MO,Kansas City,e1d52423-4fa3-47c5-bc7f-d14b2865fe52,WinWholesale,Miscellaneous Durable Goods Merchant Wholesalers,38.868603
2025-01-01,NJ,New York/New Jersey,a9d9dde2-b53e-41da-a8db-50d1199b4994,Kia Motors,Automobile Dealers,38.809048
2025-01-01,NJ,New York/New Jersey,ff819846-ccb1-4f7b-abf6-9ed1e8e3dd04,Nissan,Automobile Dealers,38.809048
2025-01-01,NJ,New York/New Jersey,d5d1d7a2-d9c3-4058-b2c8-5c24499fb622,Freightliner Trucks,Automobile Dealers,38.809048
2025-01-01,NJ,New York/New Jersey,2961a814-2179-4dc6-b1f9-e49cfdd9e1e3,Isuzu,Automobile Dealers,38.809048
2025-01-01,NJ,New York/New Jersey,6bc46ec9-6b96-4fd9-b1ad-c1e5a5322afd,PODS,Lessors of Real Estate,38.734306
2025-01-01,PA,Philadelphia,be9619f7-7fc3-41f3-b454-704bba79b0ef,TD Bank,Depository Credit Intermediation,38.70121
2025-01-01,NJ,New York/New Jersey,24e52c8b-4d80-4008-95c9-f35cd5398e53,Metro by T-Mobile,Wired and Wireless Telecommunications Carriers,38.617805
2025-01-01,NJ,New York/New Jersey,67be6752-5c73-4e5a-9d51-42d0ca301b36,Metro by T-Mobile,Wired and Wireless Telecommunications Carriers,38.617805
2025-01-01,NJ,New York/New Jersey,a40e7515-00d5-4a4d-bbff-cb32c0057afb,Metro by T-Mobile,Wired and Wireless Telecommunications Carriers,38.617805
2025-01-01,NJ,New York/New Jersey,fb6daed4-3d08-4d31-964e-c4d18ddab68b,LaserShip,Couriers and Express Delivery Services,38.603714
2025-01-01,NJ,New York/New Jersey,99708ed3-a236-469c-ba2d-26b098cc4bb2,Comfort Inn,Traveler Accommodation,38.482555
2025-01-01,FL,Miami,a5c405e5-7caf-403b-bfd2-7d2197f167e3,Edible Arrangements,"Office Supplies, Stationery, and Gift Stores",38.391758
2025-01-01,TX,Dallas / Houston,c656e910-7b73-4479-b7f6-5359f179366a,Mobil,Gasoline Stations,38.380524
2025-01-01,TX,Dallas / Houston,113c6ba1-c88d-4c8a-99d6-ad97db039314,Mobil,Gasoline Stations,38.380524
2025-01-01,TX,Dallas / Houston,1867b07c-5233-45c5-b0a5-b41dddf5ae8e,Mobil,Gasoline Stations,38.380524
2025-01-01,MA,Boston,4562c4a2-a464-4cd8-a248-0e40252c2811,Newbury Comics,Electronics and Appliance Stores,38.20019
2025-01-01,MA,Boston,d37e4fae-3283-43b0-bd3d-168fe527de8e,TCC,Electronics and Appliance Stores,38.20019
2025-01-01,FL,Miami,b41e7c6f-bf67-48c1-84e0-f9ef48a3368f,Go Store It,Lessors of Real Estate,38.113174
2025-01-01,WA,Seattle,56c04aa7-16ff-4e2e-9c89-3c0729277f99,United States Postal Service (USPS),Postal Service,38.0827
2025-01-01,WA,Seattle,6012ffc2-0224-4c87-ae55-358e14161eb8,United States Postal Service (USPS),Postal Service,38.0827
2025-01-01,WA,Seattle,9206180f-9c87-465e-8bc0-8b99eab865ef,United States Postal Service (USPS),Postal Service,38.0827
2025-01-01,WA,Seattle,1e00a7e5-2515-44dc-9a40-4971bfd26b9e,United States Postal Service (USPS),Postal Service,38.0827
2025-01-01,MA,Boston,3b2c329e-7ca6-4ad5-b952-28e1e4691bb8,The UPS Store,Couriers and Express Delivery Services,38.019527
2025-01-01,FL,Miami,d10e7456-e0d1-484d-a48b-4c98391c2108,Progressive,"Agencies, Brokerages, and Other Insurance Related Activities",37.748447
2025-01-01,FL,Miami,017ead53-03b9-43ac-bc16-dd5cfac6455d,Progressive,"Agencies, Brokerages, and Other Insurance Related Activities",37.748447
2025-01-01,FL,Miami,e72e44a7-2d0d-4175-9274-c2cfd90bc010,Progressive,"Agencies, Brokerages, and Other Insurance Related Activities",37.748447
2025-01-01,FL,Miami,2306f67c-ef8b-4e05-bc29-8505673d171f,Progressive,"Agencies, Brokerages, and Other Insurance Related Activities",37.748447
2025-01-01,FL,Miami,f1b71fe6-59b8-4dbe-8cbc-eb299dfb68dd,Progressive,"Agencies, Brokerages, and Other Insurance Related Activities",37.748447
2025-01-01,FL,Miami,777370a4-4a69-415e-a535-ba691ba3d1a9,Progressive,"Agencies, Brokerages, and Other Insurance Related Activities",37.748447
2025-01-01,FL,Miami,6f9870b6-923f-4c28-ace8-bb26a01d3f54,Progressive,"Agencies, Brokerages, and Other Insurance Related Activities",37.748447
2025-01-01,FL,Miami,4b7bceb0-ee61-4e64-af06-a6479f3fb61f,Progressive,"Agencies, Brokerages, and Other Insurance Related Activities",37.748447
2025-01-01,FL,Miami,a852f489-5d29-4593-a1ba-00284610e104,Progressive,"Agencies, Brokerages, and Other Insurance Related Activities",37.748447
2025-01-01,FL,Miami,81c74ce0-212f-4e2e-8087-3f6af6ceea87,Progressive,"Agencies, Brokerages, and Other Insurance Related Activities",37.748447
2025-01-01,FL,Miami,249aa60c-f6e1-443f-88b6-004113414b0c,Progressive,"Agencies, Brokerages, and Other Insurance Related Activities",37.748447
2025-01-01,FL,Miami,f1ec1b69-180d-40d2-b221-9b7bc5491a2e,Progressive,"Agencies, Brokerages, and Other Insurance Related Activities",37.748447
2025-01-01,FL,Miami,809539f8-fafe-470e-baeb-acb1831a476e,Progressive,"Agencies, Brokerages, and Other Insurance Related Activities",37.748447
2025-01-01,FL,Miami,09cfff5d-d3f1-4e4a-b38b-48734ae8935e,Progressive,"Agencies, Brokerages, and Other Insurance Related Activities",37.748447
2025-01-01,FL,Miami,e4832449-5a8f-410e-887b-5da767ecc8fc,Progressive,"Agencies, Brokerages, and Other Insurance Related Activities",37.748447
2025-01-01,FL,Miami,7af2299a-b0ec-4512-86f1-9679b3d3d6cc,Cadence Bank,Depository Credit Intermediation,37.62883
2025-01-01,FL,Miami,8b40ea4b-6531-44dd-a68d-8435fca1ff5e,BankUnited,Depository Credit Intermediation,37.62883
2025-01-01,FL,Miami,cc5bd72d-ba7d-4516-a721-da36abce6127,First Horizon Bank,Depository Credit Intermediation,37.62883
2025-01-01,FL,Miami,61f24b87-93c1-4bda-a183-a62e8dc094df,Citizens Bank & Trust,Depository Credit Intermediation,37.62883
2025-01-01,FL,Miami,efe77c09-2909-44bf-9c88-904aeee70d4a,BankUnited,Depository Credit Intermediation,37.62883
2025-01-01,FL,Miami,01459020-e09a-4bc8-9a0f-edd3b74c7587,Trustco Bank,Depository Credit Intermediation,37.62883
2025-01-01,FL,Miami,6f933fc8-3fe6-405d-97a2-fdd245859d8f,BankUnited,Depository Credit Intermediation,37.62883
2025-01-01,FL,Miami,fc779606-2484-46c6-9e6e-616b9c15fb8d,Synovus,Depository Credit Intermediation,37.62883
2025-01-01,FL,Miami,7d0f7262-37d5-4790-9264-fa6347a0072f,BankUnited,Depository Credit Intermediation,37.62883
2025-01-01,FL,Miami,b49018d3-aa7c-48a8-9c8c-063185181d6f,Suncoast Credit Union,Depository Credit Intermediation,37.62883
2025-01-01,FL,Miami,f7ae11d7-60d7-4bc4-acfe-1583c773939d,Synovus,Depository Credit Intermediation,37.62883
2025-01-01,PA,Philadelphia,b53f813e-f673-4c33-b4fe-eaee03bbc4b5,Chase,Depository Credit Intermediation,37.603924
2025-01-01,WA,Seattle,be84c910-0b27-424b-b58c-ff91c23da58b,KeyBank,Depository Credit Intermediation,37.53243
2025-01-01,WA,Seattle,f7ccd91c-25e3-4002-b8cc-75a456130250,KeyBank,Depository Credit Intermediation,37.53243
2025-01-01,GA,Atlanta,1cc1378b-86b3-4df9-a5e9-2f3d22726f0e,Sherwin-Williams,Building Material and Supplies Dealers,37.45733
2025-01-01,GA,Atlanta,20caa99a-2b39-4a4c-b8b3-82515b59d8dd,Sherwin-Williams,Building Material and Supplies Dealers,37.45733
2025-01-01,GA,Atlanta,c95dd896-b16d-4fbe-b838-cfc9c43a661c,Sherwin-Williams,Building Material and Supplies Dealers,37.45733
2025-01-01,TX,Dallas / Houston,cf781b10-196d-4947-93cf-fd3701b78dca,AT&T,Wired and Wireless Telecommunications Carriers,37.28028
2025-01-01,TX,Dallas / Houston,d67d9728-bd87-456c-963f-16f73e57f896,AT&T,Wired and Wireless Telecommunications Carriers,37.28028
2025-01-01,FL,Miami,1b4adbc7-c976-4121-bbad-da9abb19a5ce,WinWholesale,Miscellaneous Durable Goods Merchant Wholesalers,37.26661
2025-01-01,FL,Miami,06cfe147-6f57-42cc-9ed7-e1eef2f694ad,WinWholesale,Miscellaneous Durable Goods Merchant Wholesalers,37.26661
2025-01-01,MO,Kansas City,8d496f5b-5507-4395-a3e8-7950db7cd8f3,Sport Clips,Personal Care Services,37.051594
2025-01-01,NJ,New York/New Jersey,a956d417-bda3-4d23-9122-6fafcfb18cf2,United States Postal Service (USPS),Postal Service,36.82611
2025-01-01,NJ,New York/New Jersey,76a7b2cc-e14e-425b-833e-2ec77b775399,United States Postal Service (USPS),Postal Service,36.82611
2025-01-01,NJ,New York/New Jersey,63ca4adf-1282-4eb5-a09a-1288584ffcf3,United States Postal Service (USPS),Postal Service,36.82611
2025-01-01,NJ,New York/New Jersey,a6dc00a8-78df-4e7e-8bfd-66df12eec0b4,United States Postal Service (USPS),Postal Service,36.82611
2025-01-01,NJ,New York/New Jersey,db21bbb3-e68f-4375-a988-fee1d56dc15e,United States Postal Service (USPS),Postal Service,36.82611
2025-01-01,NJ,New York/New Jersey,01c6f854-035b-4357-89da-adf5ccff03d1,United States Postal Service (USPS),Postal Service,36.82611
2025-01-01,NJ,New York/New Jersey,e279508a-b8a5-4237-a681-a3feb47fec04,United States Postal Service (USPS),Postal Service,36.82611
2025-01-01,WA,Seattle,cef6f886-9418-4107-8e37-d5ad49888e08,SalonCentric,"Machinery, Equipment, and Supplies Merchant Wholesalers",36.749153
2025-01-01,WA,Seattle,e2b1081f-2717-448b-8b2a-e8b3c5b861b4,Mahindra Dealer,"Machinery, Equipment, and Supplies Merchant Wholesalers",36.749153
2025-01-01,CA,Los Angeles / SF Bay Area,c9ca7969-e221-4b9a-90f0-b4194a33d79f,Tri Counties Bank,Depository Credit Intermediation,36.698822
2025-01-01,CA,Los Angeles / SF Bay Area,f15eade8-c7da-4a53-9f5d-a96dee6bb251,Shanghai Commercial Bank,Depository Credit Intermediation,36.698822
2025-01-01,CA,Los Angeles / SF Bay Area,66990807-b4bf-4d12-96a7-f67a115b9e92,West America,Depository Credit Intermediation,36.698822
2025-01-01,CA,Los Angeles / SF Bay Area,ea0d94ba-9a53-4350-81de-4449389f3d15,Bank of the Sierra,Depository Credit Intermediation,36.698822
2025-01-01,CA,Los Angeles / SF Bay Area,d1c8cd50-a8fa-4b48-a2cf-80301217f202,Navy Federal Credit Union,Depository Credit Intermediation,36.698822
2025-01-01,CA,Los Angeles / SF Bay Area,229567c7-3332-497b-b739-05625dceb1a6,First Citizens Bancshares,Depository Credit Intermediation,36.698822
2025-01-01,CA,Los Angeles / SF Bay Area,fe3190e3-9b3f-4200-a984-405594d28672,Capital One,Depository Credit Intermediation,36.698822
2025-01-01,CA,Los Angeles / SF Bay Area,0488f652-cd88-4947-8ccf-24baca996b4a,Navy Federal Credit Union,Depository Credit Intermediation,36.698822
2025-01-01,CA,Los Angeles / SF Bay Area,fe3560de-6e4f-4c2d-940e-dd982d4d94ec,City National Bank,Depository Credit Intermediation,36.698822
2025-01-01,PA,Philadelphia,c36ce503-c53e-4284-9228-ff6b94abbcd0,BMW,Automobile Dealers,36.58337
2025-01-01,PA,Philadelphia,44d22069-84fe-419b-b1aa-ccb38feb96a2,Chevrolet,Automobile Dealers,36.58337
2025-01-01,PA,Philadelphia,0d7188f4-a4d3-488a-b838-058ded42128d,Honda,Automobile Dealers,36.58337
2025-01-01,CA,Los Angeles / SF Bay Area,afddfd13-3539-4dff-ad5d-27857b232739,LKQ,Miscellaneous Durable Goods Merchant Wholesalers,36.473343
2025-01-01,CA,Los Angeles / SF Bay Area,4668fc12-61e7-47ad-8292-48d3b1e91659,Mayors,Miscellaneous Durable Goods Merchant Wholesalers,36.473343
2025-01-01,MA,Boston,18eb4198-15f6-41f7-9d8a-3bf9bc76c56b,Cost Cutters,Personal Care Services,36.440174
2025-01-01,GA,Atlanta,a8519e30-8aec-41f6-a746-7f154e166eed,United States Postal Service (USPS),Postal Service,36.17213
2025-01-01,GA,Atlanta,0fa00068-78c5-440d-a2c8-05806fe4ad83,United States Postal Service (USPS),Postal Service,36.17213
2025-01-01,GA,Atlanta,3355ddb2-1616-474d-958b-919e4b004c24,United States Postal Service (USPS),Postal Service,36.17213
2025-01-01,GA,Atlanta,d074ce65-8017-47a9-acff-4df8d7d24efc,United States Postal Service (USPS),Postal Service,36.17213
2025-01-01,GA,Atlanta,4f9bb9d9-10fe-4a88-80d9-1674e6dce9ff,United States Postal Service (USPS),Postal Service,36.17213
2025-01-01,GA,Atlanta,2e39f392-b2ce-497c-b374-e1fedcdc3970,United States Postal Service (USPS),Postal Service,36.17213
2025-01-01,GA,Atlanta,e3145a8c-a042-4dad-a4e8-5d995ea49b9c,United States Postal Service (USPS),Postal Service,36.17213
2025-01-01,GA,Atlanta,5d76aa5d-eca4-4002-8eea-cc9079e19a87,Mr. Tire,"Automotive Parts, Accessories, and Tire Stores",36.041542
2025-01-01,GA,Atlanta,a273a2d0-f442-42f6-8aa7-d1f782d7641f,Parts Authority,"Automotive Parts, Accessories, and Tire Stores",36.041542
2025-01-01,GA,Atlanta,276cc4c4-7be0-4569-9afc-4ff51107bfa0,Batteries Plus Bulbs,"Automotive Parts, Accessories, and Tire Stores",36.041542
2025-01-01,GA,Atlanta,dcb14744-44ed-4a78-bb41-abade916322d,Tires Plus,"Automotive Parts, Accessories, and Tire Stores",36.041542
2025-01-01,FL,Miami,fddf5d19-0868-409f-8ede-edb301eb013a,Advance America,Nondepository Credit Intermediation,35.9834
2025-01-01,FL,Miami,2e944342-2f0d-4555-969c-8fbfa6d68972,Advance America,Nondepository Credit Intermediation,35.9834
2025-01-01,FL,Miami,ed174740-ddaa-41e6-a7d8-465e54f0e7a3,Advance America,Nondepository Credit Intermediation,35.9834
2025-01-01,MA,Boston,6b253a3d-377b-490a-8605-7e27c9c35d6d,Advance Auto Parts,"Automotive Parts, Accessories, and Tire Stores",35.772232
2025-01-01,MO,Kansas City,b27fcae6-eed1-4fba-90ec-8ccd8861d9b7,Central Bank,Depository Credit Intermediation,35.762486
2025-01-01,MO,Kansas City,448d0d6b-87f8-41c6-8ffc-385459d6a18f,UMB Bank,Depository Credit Intermediation,35.762486
2025-01-01,MO,Kansas City,d3904f81-1fe2-4292-8ee4-29525004655b,First Bank,Depository Credit Intermediation,35.762486
2025-01-01,MO,Kansas City,338087c5-d335-49d7-a136-ca010515562a,Central Bank,Depository Credit Intermediation,35.762486
2025-01-01,FL,Miami,3e3ce918-e7a8-4d99-b1c0-903dca0805f3,Motion Industries,"Machinery, Equipment, and Supplies Merchant Wholesalers",35.603363
2025-01-01,FL,Miami,70f155f7-bb30-4c5e-afd3-de177763ecef,John Deere,"Machinery, Equipment, and Supplies Merchant Wholesalers",35.603363
2025-01-01,WA,Seattle,3119dbb6-dfca-4b39-9b35-f281a913e459,Northwest Self Storage,Lessors of Real Estate,35.474327
2025-01-01,WA,Seattle,21255afa-71c8-4133-a808-b8e268f9ad10,WillScot,Lessors of Real Estate,35.474327
2025-01-01,MO,Kansas City,b95aa166-0ccd-4d64-99cd-c462c43799aa,Kaplan Test Prep,Other Schools and Instruction,35.452065
2025-01-01,NY,New York/New Jersey,3bf65267-9b83-4ccd-bc5e-7a79886958aa,United States Postal Service (USPS),Postal Service,35.44241
2025-01-01,NY,New York/New Jersey,f43c352e-ba33-4dfc-a559-fa3f5a97e5c6,United States Postal Service (USPS),Postal Service,35.44241
2025-01-01,NY,New York/New Jersey,cd2cb3ab-79e5-4383-afd2-4a0cf1d8d692,United States Postal Service (USPS),Postal Service,35.44241
2025-01-01,NY,New York/New Jersey,ec2c7981-25dd-4f2b-8386-05d08dcadf14,United States Postal Service (USPS),Postal Service,35.44241
2025-01-01,NY,New York/New Jersey,e9cecfe5-40d3-4d71-b0d8-7f1bb76da2af,United States Postal Service (USPS),Postal Service,35.44241
2025-01-01,NY,New York/New Jersey,42bd83cd-0d27-4b45-a3d8-f64d7aaffe01,United States Postal Service (USPS),Postal Service,35.44241
2025-01-01,NY,New York/New Jersey,57b5ed17-913e-4746-b70a-ba15aa33dcc2,United States Postal Service (USPS),Postal Service,35.44241
2025-01-01,NY,New York/New Jersey,cefbb1e4-ebc5-44f4-be2b-1cb7e2701232,United States Postal Service (USPS),Postal Service,35.44241
2025-01-01,NY,New York/New Jersey,8a516279-7984-4d09-b2e7-8936fe2af626,United States Postal Service (USPS),Postal Service,35.44241
2025-01-01,NY,New York/New Jersey,78ed24dc-2934-4b59-9b71-b0f7e9356f5b,United States Postal Service (USPS),Postal Service,35.44241
2025-01-01,NY,New York/New Jersey,70bb4964-9188-4c42-b3ca-9130fb2cc7f3,United States Postal Service (USPS),Postal Service,35.44241
2025-01-01,NY,New York/New Jersey,0f892bfd-20e2-4c6b-8212-07a3b9234451,United States Postal Service (USPS),Postal Service,35.44241
2025-01-01,NY,New York/New Jersey,9fb06974-19e0-4c7e-892d-a526a3437d50,United States Postal Service (USPS),Postal Service,35.44241
2025-01-01,NY,New York/New Jersey,82228721-d352-4673-89e3-299025afe95c,United States Postal Service (USPS),Postal Service,35.44241
2025-01-01,NY,New York/New Jersey,3329a953-3707-4615-b26e-f754bb13d532,United States Postal Service (USPS),Postal Service,35.44241
2025-01-01,NY,New York/New Jersey,9d21ec78-492a-4aef-8282-7d46861ab47c,United States Postal Service (USPS),Postal Service,35.44241
2025-01-01,PA,Philadelphia,b710290a-8222-419b-a529-17c98819ee43,The UPS Store,Couriers and Express Delivery Services,35.335117
2025-01-01,TX,Dallas / Houston,8e8c7f08-8d1a-4d53-88ae-8df8e1091130,WinWholesale,Miscellaneous Durable Goods Merchant Wholesalers,35.12804
2025-01-01,NY,New York/New Jersey,cb900e8c-c459-4d50-a94a-e3490b8a568d,UPS Customer Center,Couriers and Express Delivery Services,35.032494
2025-01-01,NY,New York/New Jersey,58659dcd-6216-47b1-a125-c6b43e0cbeef,UPS Customer Center,Couriers and Express Delivery Services,35.032494
2025-01-01,NY,New York/New Jersey,b2cf05a7-71a4-4c47-bccc-8f0911e45b80,DHL Express,Couriers and Express Delivery Services,35.032494
2025-01-01,MA,Boston,58b97b19-8060-49a1-b1be-6c1d5340a828,Edible Arrangements,"Office Supplies, Stationery, and Gift Stores",35.009693
2025-01-01,MA,Boston,98b270ba-6fa5-4f5a-abc1-45367984b5b2,Edible Arrangements,"Office Supplies, Stationery, and Gift Stores",35.009693
2025-01-01,GA,Atlanta,a090c101-a820-47ec-938c-127126240db2,Kia Motors,Automobile Dealers,34.733067
2025-01-01,GA,Atlanta,0481314a-d648-435c-8fb1-64d07bedfa25,Chevrolet,Automobile Dealers,34.733067
2025-01-01,GA,Atlanta,93acaeb8-86eb-4095-aa0d-09db2f228530,Car Mart,Automobile Dealers,34.733067
2025-01-01,NY,New York/New Jersey,26764a49-103e-482a-8f7a-6cd1c51337e1,CosmoProf,"Machinery, Equipment, and Supplies Merchant Wholesalers",34.729786
2025-01-01,NY,New York/New Jersey,7948c60f-86ed-4fbf-9577-363ebcfa46b7,Mahindra Dealer,"Machinery, Equipment, and Supplies Merchant Wholesalers",34.729786
2025-01-01,NY,New York/New Jersey,bb72641e-8022-4cc9-993c-5d11b2e17298,SiteOne Landscape Supply,"Machinery, Equipment, and Supplies Merchant Wholesalers",34.729786
2025-01-01,MO,Kansas City,0571c2bd-e115-426f-9072-b5f9730e16e7,Cricket Wireless,Wired and Wireless Telecommunications Carriers,34.71486
2025-01-01,MO,Kansas City,27fbc12b-29ae-4051-aa3b-09187ab0b273,Cricket Wireless,Wired and Wireless Telecommunications Carriers,34.71486
2025-01-01,MO,Kansas City,bb18597f-c836-46e6-8e5d-9d6ac8e24bf4,Mercedes Benz,Automobile Dealers,34.711197
2025-01-01,MO,Kansas City,26f36395-e549-41a3-a230-aab395e0e588,J.D. Byrider,Automobile Dealers,34.711197
2025-01-01,GA,Atlanta,226ae5a1-aa91-4cc8-814e-dfbda98c7ca4,South State Bank,Depository Credit Intermediation,34.687458
2025-01-01,GA,Atlanta,b5e530c8-3842-4e33-bea3-a8eb75719571,1st Franklin Financial,Depository Credit Intermediation,34.687458
2025-01-01,GA,Atlanta,ccc794da-2c24-4d36-aabd-679ef48e6680,Regions Bank,Depository Credit Intermediation,34.687458
2025-01-01,GA,Atlanta,8fdcbdbd-54a2-4a8c-b8ee-f05664615a44,Ameris Bank,Depository Credit Intermediation,34.687458
2025-01-01,GA,Atlanta,75eeab9d-6479-4dd2-b18b-10c786b7a07c,Regions Bank,Depository Credit Intermediation,34.687458
2025-01-01,GA,Atlanta,944a36a2-095d-4fdc-9655-4e1b79cbf5b6,Ameris Bank,Depository Credit Intermediation,34.687458
2025-01-01,GA,Atlanta,3a84f155-4c18-43f9-b879-f9c1e89cd0bc,First Citizens Bancshares,Depository Credit Intermediation,34.687458
2025-01-01,GA,Atlanta,d5c8da80-1950-46f4-ac6b-8b39e2139a39,Synovus,Depository Credit Intermediation,34.687458
2025-01-01,CA,Los Angeles / SF Bay Area,c9e1dfa5-dc64-4823-9139-cb3a166a2d86,Advance America,Nondepository Credit Intermediation,34.565517
2025-01-01,CA,Los Angeles / SF Bay Area,3bd4028f-bd0d-4c40-9a29-19fa8898a701,Check Into Cash,Nondepository Credit Intermediation,34.565517
2025-01-01,CA,Los Angeles / SF Bay Area,2d49a75f-8a0a-4d54-a3dc-3733b7729cfb,Storage Pros,Lessors of Real Estate,34.540867
2025-01-01,CA,Los Angeles / SF Bay Area,09b5dc9c-a5e5-43e0-869f-7917967f50ce,WeWork,Lessors of Real Estate,34.540867
2025-01-01,CA,Los Angeles / SF Bay Area,1f5e7f2e-c6cb-4886-b572-b6ba963bb2e6,Storage Pros,Lessors of Real Estate,34.540867
2025-01-01,CA,Los Angeles / SF Bay Area,9cc1c451-7f79-478b-88d8-bfd7948028ed,Security Public Storage,Lessors of Real Estate,34.540867
2025-01-01,FL,Miami,21444d33-5925-40e8-9bc4-19a35545f070,AT&T,Wired and Wireless Telecommunications Carriers,34.274628
2025-01-01,FL,Miami,d91094a7-bff9-449e-b270-9a323dc2290d,AT&T,Wired and Wireless Telecommunications Carriers,34.274628
2025-01-01,FL,Miami,aacc58f9-1bab-4eb1-9fe0-193173d7b68d,AT&T,Wired and Wireless Telecommunications Carriers,34.274628
2025-01-01,FL,Miami,b224c98d-6d1d-476c-99db-60b7c0a7752a,AT&T,Wired and Wireless Telecommunications Carriers,34.274628
2025-01-01,NY,New York/New Jersey,a808019e-6c07-4547-b6cc-e3521bd12d41,AT&T,Wired and Wireless Telecommunications Carriers,34.21925
2025-01-01,NY,New York/New Jersey,d717159a-e483-4171-919d-87c8cecfbef2,AT&T,Wired and Wireless Telecommunications Carriers,34.21925
2025-01-01,NY,New York/New Jersey,c3e559f2-81b2-4c1f-9081-02fb31f37d57,AT&T,Wired and Wireless Telecommunications Carriers,34.21925
2025-01-01,CA,Los Angeles / SF Bay Area,866a804f-7fc4-4df8-a3fd-76d0b8941138,PetVet,"Other Professional, Scientific, and Technical Services",34.21725
2025-01-01,CA,Los Angeles / SF Bay Area,1bd33088-857a-4660-8b68-ba3bbd0284c4,PetVet,"Other Professional, Scientific, and Technical Services",34.21725
2025-01-01,PA,Philadelphia,cd8a516d-becd-4983-b00b-55090fbd3d5a,First Commonwealth Bank,Depository Credit Intermediation,34.136562
2025-01-01,PA,Philadelphia,bedaa4bb-a159-4e0f-bc2e-8f49916dcb14,Northwest Bank,Depository Credit Intermediation,34.136562
2025-01-01,PA,Philadelphia,a507586a-e3eb-48f8-943f-fd1507800978,M&T Bank,Depository Credit Intermediation,34.136562
2025-01-01,PA,Philadelphia,a004fcb5-4a5e-4a1c-a19d-ff5906b472f7,"PeoplesBank, A Codorus Valley Company",Depository Credit Intermediation,34.136562
2025-01-01,PA,Philadelphia,7db63a35-db4e-49b5-8945-d3fe21d5f3b6,NBT Bank,Depository Credit Intermediation,34.136562
2025-01-01,PA,Philadelphia,ae530690-56aa-4fac-8c15-6df3212d2fbb,The Ephrata National Bank,Depository Credit Intermediation,34.136562
2025-01-01,PA,Philadelphia,9aa297d4-e5d6-46b9-8c1f-bdef5799201e,First National Bank (FNB),Depository Credit Intermediation,34.136562
2025-01-01,PA,Philadelphia,bc384772-0dd1-46a2-9b19-c8992ef01d9f,Fulton Bank,Depository Credit Intermediation,34.136562
2025-01-01,PA,Philadelphia,e22bdc75-c224-4083-b47a-6c0936ae113d,Dollar Bank,Depository Credit Intermediation,34.136562
2025-01-01,PA,Philadelphia,a8bd2a0e-b64e-4910-a250-bbf8c1ae7179,NBT Bank,Depository Credit Intermediation,34.136562
2025-01-01,PA,Philadelphia,9e24401c-b80d-4991-bf2c-0d8067854c13,Fulton Bank,Depository Credit Intermediation,34.136562
2025-01-01,PA,Philadelphia,fdf8041c-06cc-404b-a730-14029ca88007,First National Bank (FNB),Depository Credit Intermediation,34.136562
2025-01-01,PA,Philadelphia,176546a2-a3c3-472d-bba0-7779918626bd,Citizens Bank,Depository Credit Intermediation,34.136562
2025-01-01,MA,Boston,349bbee7-074e-412c-8422-0afd8163a6c7,NAPA Auto Parts,"Automotive Parts, Accessories, and Tire Stores",34.0596
2025-01-01,CA,Los Angeles / SF Bay Area,02831534-014e-4ec8-9098-ea19b71125ad,Allstate Insurance,"Agencies, Brokerages, and Other Insurance Related Activities",33.88133
2025-01-01,CA,Los Angeles / SF Bay Area,2302f585-4382-4aba-8eb0-6f298cdd5649,Allstate Insurance,"Agencies, Brokerages, and Other Insurance Related Activities",33.88133
2025-01-01,GA,Atlanta,e2f4ba38-a3a8-4f19-af03-7885c29f0a93,NAPA Auto Parts,"Automotive Parts, Accessories, and Tire Stores",33.570763
2025-01-01,GA,Atlanta,be38abc9-0d58-44fc-b6a4-4db2e9dc3fd2,Metro by T-Mobile,Wired and Wireless Telecommunications Carriers,33.454502
2025-01-01,GA,Atlanta,03085f11-2912-4728-99d5-abd1fea8a0e5,Metro by T-Mobile,Wired and Wireless Telecommunications Carriers,33.454502
2025-01-01,PA,Philadelphia,6ef3237a-408b-4516-a013-9190a83f13af,Fine Wine and Good Spirits,"Beer, Wine, and Liquor Stores",33.20128
2025-01-01,PA,Philadelphia,693624f2-9cab-494f-a8dc-3e4b18c4d6d6,Fine Wine and Good Spirits,"Beer, Wine, and Liquor Stores",33.20128
2025-01-01,PA,Philadelphia,474c8d82-01bc-451e-bb0b-da0c4ccff454,Fine Wine and Good Spirits,"Beer, Wine, and Liquor Stores",33.20128
2025-01-01,PA,Philadelphia,9d27ebb1-e132-4636-be71-245300eeb3de,Fine Wine and Good Spirits,"Beer, Wine, and Liquor Stores",33.20128
2025-01-01,PA,Philadelphia,88f9e7f2-b675-4fe7-807b-413a892badce,Fine Wine and Good Spirits,"Beer, Wine, and Liquor Stores",33.20128
2025-01-01,TX,Dallas / Houston,77afbc92-266d-403d-8f0d-187b30ecc84c,Kia Motors,Automobile Dealers,33.135807
2025-01-01,TX,Dallas / Houston,d8448ba8-6ab7-4837-91c5-5d587061963f,Enterprise Car Sales,Automobile Dealers,33.135807
2025-01-01,TX,Dallas / Houston,7c629a39-8529-4f11-bdf3-b1b6fd515edf,Cadillac,Automobile Dealers,33.135807
2025-01-01,TX,Dallas / Houston,dd958cb7-1967-4b0b-8cc8-81ff762b3d68,Lexus,Automobile Dealers,33.135807
2025-01-01,NY,New York/New Jersey,eb05734a-3326-4bfd-a635-8e4436824217,Sherwin-Williams,Building Material and Supplies Dealers,33.077015
2025-01-01,NY,New York/New Jersey,7cce9c08-40c1-40a3-937e-ca60391d68fd,Veterinary Emergency Group,"Other Professional, Scientific, and Technical Services",33.050213
2025-01-01,NY,New York/New Jersey,43ca41fb-f37e-4890-bbe0-91765b7f6700,Bond Vet,"Other Professional, Scientific, and Technical Services",33.050213
2025-01-01,TX,Dallas / Houston,f6496b80-b439-4353-8a9b-78907b423fde,Progressive,"Agencies, Brokerages, and Other Insurance Related Activities",32.9826
2025-01-01,TX,Dallas / Houston,a60fce90-62ce-4c2d-b60e-c332a862dc8a,Progressive,"Agencies, Brokerages, and Other Insurance Related Activities",32.9826
2025-01-01,TX,Dallas / Houston,95570c63-0028-469d-8038-8047e6f8e6be,Progressive,"Agencies, Brokerages, and Other Insurance Related Activities",32.9826
2025-01-01,TX,Dallas / Houston,1a434655-eda9-45b6-be8d-ad2826588d4b,Progressive,"Agencies, Brokerages, and Other Insurance Related Activities",32.9826
2025-01-01,TX,Dallas / Houston,f6462d60-a1dd-49dd-8aa4-cfff273d521d,Progressive,"Agencies, Brokerages, and Other Insurance Related Activities",32.9826
2025-01-01,TX,Dallas / Houston,78ae0b5f-7533-4b5a-9b6a-da1e7ab92026,Progressive,"Agencies, Brokerages, and Other Insurance Related Activities",32.9826
2025-01-01,TX,Dallas / Houston,fc06eef4-2835-412c-a315-3587bf65391b,Progressive,"Agencies, Brokerages, and Other Insurance Related Activities",32.9826
2025-01-01,TX,Dallas / Houston,3711386b-a692-4285-921b-2a89bfead13a,Progressive,"Agencies, Brokerages, and Other Insurance Related Activities",32.9826
2025-01-01,TX,Dallas / Houston,23d9e149-ceee-46b8-b251-9419dff544f5,Progressive,"Agencies, Brokerages, and Other Insurance Related Activities",32.9826
2025-01-01,TX,Dallas / Houston,52fabd24-c661-45f9-9fa7-3e7988227a3f,Progressive,"Agencies, Brokerages, and Other Insurance Related Activities",32.9826
2025-01-01,TX,Dallas / Houston,282be4ed-a87b-4290-a6e2-c7357f5aedbd,Progressive,"Agencies, Brokerages, and Other Insurance Related Activities",32.9826
2025-01-01,TX,Dallas / Houston,e9ac5da3-5578-404e-9437-207a0b06acc9,Progressive,"Agencies, Brokerages, and Other Insurance Related Activities",32.9826
2025-01-01,TX,Dallas / Houston,4d3a6d9c-b4a1-4a8c-a80c-fe8a073a8d38,Progressive,"Agencies, Brokerages, and Other Insurance Related Activities",32.9826
2025-01-01,TX,Dallas / Houston,d5b305b0-8aa4-478a-8b02-9d788e14c889,Progressive,"Agencies, Brokerages, and Other Insurance Related Activities",32.9826
2025-01-01,TX,Dallas / Houston,df5de7c7-d578-435b-89a1-3962cb18b92e,Progressive,"Agencies, Brokerages, and Other Insurance Related Activities",32.9826
2025-01-01,TX,Dallas / Houston,9f29151a-8df0-45df-8772-3dcce189436d,Progressive,"Agencies, Brokerages, and Other Insurance Related Activities",32.9826
2025-01-01,TX,Dallas / Houston,3e03aaba-7ea5-4a96-a8bb-42171a097a85,Progressive,"Agencies, Brokerages, and Other Insurance Related Activities",32.9826
2025-01-01,TX,Dallas / Houston,41987a87-35a7-4e06-b2b3-dcf95c937db1,Progressive,"Agencies, Brokerages, and Other Insurance Related Activities",32.9826
2025-01-01,MA,Boston,aa1010a0-d3f0-4bda-840b-5498548042ce,Comfort Inn,Traveler Accommodation,32.92645
2025-01-01,MO,Kansas City,643f2ebe-807d-4fe7-a9ae-cfdee22d3531,Sun Loan,Nondepository Credit Intermediation,32.852303
2025-01-01,MO,Kansas City,6e216da7-f531-4812-a64a-595f3702639d,Sun Loan,Nondepository Credit Intermediation,32.852303
2025-01-01,MO,Kansas City,e733452a-a6a8-4bad-bac6-3ecc093987d2,Advance America,Nondepository Credit Intermediation,32.852303
2025-01-01,TX,Dallas / Houston,fb57a64a-2a65-4ade-bc4f-1bc09b26f5bd,Lone Star Title Loans,Nondepository Credit Intermediation,32.82337
2025-01-01,TX,Dallas / Houston,c179d113-ce39-4898-8146-003890e65b92,TitleMax,Nondepository Credit Intermediation,32.82337
2025-01-01,TX,Dallas / Houston,bd834dab-a466-402f-8a01-65f2929b02c1,Check 'n Go,Nondepository Credit Intermediation,32.82337
2025-01-01,TX,Dallas / Houston,413454ca-8d3e-4524-96dc-5217084a3ca0,Cash America,Nondepository Credit Intermediation,32.82337
2025-01-01,TX,Dallas / Houston,c5429873-f7aa-447e-a215-93925da86508,LoanMax,Nondepository Credit Intermediation,32.82337
2025-01-01,TX,Dallas / Houston,0227456b-3b07-4817-a59d-b6922e4d2969,Advance America,Nondepository Credit Intermediation,32.82337
2025-01-01,TX,Dallas / Houston,f91fd850-17ea-4833-af7c-020a836a852c,World Finance,Nondepository Credit Intermediation,32.82337
2025-01-01,TX,Dallas / Houston,db70e7bb-36c7-412b-b067-2e6604aaff0f,Texas Car Title & Payday Loan Services,Nondepository Credit Intermediation,32.82337
2025-01-01,TX,Dallas / Houston,f370cc32-02c6-4bb0-bcd3-c6d4e5e18166,TitleMax,Nondepository Credit Intermediation,32.82337
2025-01-01,TX,Dallas / Houston,9557af5c-5dbf-4854-a7de-91a39011cc8c,Texas Car Title & Payday Loan Services,Nondepository Credit Intermediation,32.82337
2025-01-01,TX,Dallas / Houston,d4450093-8345-4700-88ec-b92cebfe7241,Sun Loan,Nondepository Credit Intermediation,32.82337
2025-01-01,TX,Dallas / Houston,b8f20822-cc20-4473-bfda-c15fe8ba706a,Cash America,Nondepository Credit Intermediation,32.82337
2025-01-01,TX,Dallas / Houston,8e4cc938-5cc5-41bd-9515-4ba887505b53,Mariner Finance,Nondepository Credit Intermediation,32.82337
2025-01-01,TX,Dallas / Houston,b1a27bb4-0f2e-4191-9366-6c7f64373bf6,Regional Finance,Nondepository Credit Intermediation,32.82337
2025-01-01,TX,Dallas / Houston,abc3197b-19dd-4b2f-9560-d7c0eec1fb1a,EZPAWN,Nondepository Credit Intermediation,32.82337
2025-01-01,TX,Dallas / Houston,61aa6b98-9fcb-4411-9957-308923742cfd,Cash America,Nondepository Credit Intermediation,32.82337
2025-01-01,TX,Dallas / Houston,a3fbe530-316b-4d0d-b478-541133bb4747,TitleMax,Nondepository Credit Intermediation,32.82337
2025-01-01,TX,Dallas / Houston,3c33032d-e2e5-4070-9715-f97c08aae09d,TitleMax,Nondepository Credit Intermediation,32.82337
2025-01-01,TX,Dallas / Houston,58aa2674-19c9-4093-ac52-14e4675020c6,Cash America,Nondepository Credit Intermediation,32.82337
2025-01-01,TX,Dallas / Houston,111e765b-d8bb-4691-8c10-e889355cb6ec,EZPAWN,Nondepository Credit Intermediation,32.82337
2025-01-01,WA,Seattle,1e63b45a-cf3d-42b2-9f6a-95e958b43ae7,FedEx,Couriers and Express Delivery Services,32.760185
2025-01-01,TX,Dallas / Houston,87705d2d-2fba-4b79-a71a-a80e20e334a8,PetVet,"Other Professional, Scientific, and Technical Services",32.708187
2025-01-01,TX,Dallas / Houston,bd169e61-9902-4565-889d-ac836f060830,PetVet,"Other Professional, Scientific, and Technical Services",32.708187
2025-01-01,TX,Dallas / Houston,ffccca8d-40d9-469a-aa83-8af0eac8c8cc,PetVet,"Other Professional, Scientific, and Technical Services",32.708187
2025-01-01,FL,Miami,d364ab9a-a325-4464-9541-aaa4aca9a7f1,PetVet,"Other Professional, Scientific, and Technical Services",32.647587
2025-01-01,GA,Atlanta,19e9dc13-94de-44fa-b196-805f312c4952,Truist,Depository Credit Intermediation,32.592987
2025-01-01,GA,Atlanta,003a8fbc-1a3b-495b-adc4-b77986ad25c4,Truist,Depository Credit Intermediation,32.592987
2025-01-01,GA,Atlanta,ff9a15bb-d57f-4c3f-8e65-25a2b788bec6,Truist,Depository Credit Intermediation,32.592987
2025-01-01,GA,Atlanta,e375a4fc-d70a-4609-8a3f-c43e9fcee805,Truist,Depository Credit Intermediation,32.592987
2025-01-01,TX,Dallas / Houston,34ece561-c69e-4500-aa6f-39f3c577933e,SecurCare Self Storage,Lessors of Real Estate,32.423668
2025-01-01,TX,Dallas / Houston,87999502-6017-40f9-88e7-59d050438fc4,WeWork,Lessors of Real Estate,32.423668
2025-01-01,TX,Dallas / Houston,4e36a9e0-c0ce-43b6-96dc-961b6a525ea9,SecurCare Self Storage,Lessors of Real Estate,32.423668
2025-01-01,MA,Boston,2dd94aef-e1bd-4479-8c25-61cb89f0b0f6,Bank of America,Depository Credit Intermediation,32.280186
2025-01-01,PA,Philadelphia,03c3167d-a762-487e-892c-ebad9b3d4967,Comfort Inn,Traveler Accommodation,32.20548
2025-01-01,TX,Dallas / Houston,2ec8d23c-9ead-4428-a88a-4bc6135732e6,Cricket Wireless,Wired and Wireless Telecommunications Carriers,32.073624
2025-01-01,TX,Dallas / Houston,74fda69b-ab86-437b-906e-60adb8e675b6,Cricket Wireless,Wired and Wireless Telecommunications Carriers,32.073624
2025-01-01,NJ,New York/New Jersey,6a7aad80-f68e-4a54-a48a-b61bd4d4d5fd,Truist,Depository Credit Intermediation,32.010075
2025-01-01,TX,Dallas / Houston,51aaf499-03fd-4ba5-93f8-948d63f303a5,Great Expressions,Offices of Dentists,31.76739
2025-01-01,TX,Dallas / Houston,0e714e91-eec2-4381-9afd-ec283c1793c4,ideal dental,Offices of Dentists,31.76739
2025-01-01,TX,Dallas / Houston,5ef5bec2-6f45-420e-8e79-37807b49ce12,ideal dental,Offices of Dentists,31.76739
2025-01-01,TX,Dallas / Houston,501dec5f-3661-40a5-a30d-4bc0b154b97a,Aspen Dental,Offices of Dentists,31.76739
2025-01-01,TX,Dallas / Houston,e9689a48-b8b2-441c-90aa-994921dcea18,Aspen Dental,Offices of Dentists,31.76739
2025-01-01,TX,Dallas / Houston,e4399f03-cca5-4677-881d-70f9ea47c0bc,Affordable Dentures,Offices of Dentists,31.76739
2025-01-01,TX,Dallas / Houston,b5a1da8a-4d05-43e9-af68-30d2c0476d67,DentalWorks,Offices of Dentists,31.76739
2025-01-01,TX,Dallas / Houston,e40724d5-5aa9-4b58-bc66-03b851c10cda,ideal dental,Offices of Dentists,31.76739
2025-01-01,TX,Dallas / Houston,346375ac-5f7f-4fbf-9100-e714a379a654,ideal dental,Offices of Dentists,31.76739
2025-01-01,CA,Los Angeles / SF Bay Area,244e9536-c918-4e22-a55d-dc5003d2f1d5,Target Optical,Offices of Other Health Practitioners,31.756516
2025-01-01,NY,New York/New Jersey,e4a3bf24-3486-4cb9-9ef9-1c71a1257dc9,Metro by T-Mobile,Wired and Wireless Telecommunications Carriers,31.719673
2025-01-01,NY,New York/New Jersey,55a5413c-1e74-4cc2-8eb2-f7dbac160a16,Metro by T-Mobile,Wired and Wireless Telecommunications Carriers,31.719673
2025-01-01,NY,New York/New Jersey,a6f0c22f-d1b4-4cbe-801d-725d0d5ecd9e,Metro by T-Mobile,Wired and Wireless Telecommunications Carriers,31.719673
2025-01-01,NJ,New York/New Jersey,04b057b7-54b0-4d22-92be-72ba2d74483e,Auto Value,"Automotive Parts, Accessories, and Tire Stores",31.611948
2025-01-01,NJ,New York/New Jersey,e7470336-bd1d-4f07-8d95-5d9c796928ae,PNC Financial Services,Depository Credit Intermediation,31.429207
2025-01-01,CA,Los Angeles / SF Bay Area,80cab1ed-0e48-4f1c-b084-85bc79ad33e1,OnTrac,Couriers and Express Delivery Services,31.317667
2025-01-01,NY,New York/New Jersey,7ebe32d0-5613-4f88-87b4-c781f11e9812,NAPA Auto Parts,"Automotive Parts, Accessories, and Tire Stores",31.269993
2025-01-01,WA,Seattle,bbba1cd7-ab19-4f03-a125-86db53eb1e1d,Progressive,"Agencies, Brokerages, and Other Insurance Related Activities",31.195272
2025-01-01,WA,Seattle,5d3f7a46-b3dd-49fe-8026-248cb794fdf9,Progressive,"Agencies, Brokerages, and Other Insurance Related Activities",31.195272
2025-01-01,WA,Seattle,4c01670f-f2ce-4e8c-a027-ac26d29cb5af,Progressive,"Agencies, Brokerages, and Other Insurance Related Activities",31.195272
2025-01-01,PA,Philadelphia,7c71edef-f54a-4831-9e27-78a1a8947618,PNC Financial Services,Depository Credit Intermediation,31.109638
2025-01-01,CA,Los Angeles / SF Bay Area,3ce9d5d7-9b62-4fa5-b4a4-44bf36c851ea,Crane Worldwide Logistics,Warehousing and Storage,31.060184
2025-01-01,CA,Los Angeles / SF Bay Area,ed919305-0ac3-4f3c-a027-f64e953c45db,Geodis,Warehousing and Storage,31.060184
2025-01-01,CA,Los Angeles / SF Bay Area,248fc9af-5f23-4f9a-a5f4-58bd0126067f,US Storage Centers,Warehousing and Storage,31.060184
2025-01-01,CA,Los Angeles / SF Bay Area,d5d0a974-a7d1-409b-9c1a-97d73db9d308,WinCo Foods Distribution,Warehousing and Storage,31.060184
2025-01-01,CA,Los Angeles / SF Bay Area,661ff573-139d-46a3-a353-baebf7e320ec,Wagner Logistics,Warehousing and Storage,31.060184
2025-01-01,CA,Los Angeles / SF Bay Area,d6dfefa6-7590-41db-981b-38c5e65eed75,Danaher Manufacturing,Warehousing and Storage,31.060184
2025-01-01,CA,Los Angeles / SF Bay Area,a43efdd4-38b7-4867-80b2-b0954d748838,US Storage Centers,Warehousing and Storage,31.060184
2025-01-01,CA,Los Angeles / SF Bay Area,5a8c8d4a-f425-4a43-8000-3b33c9418613,Home Depot Warehouse & Distribution Centers,Warehousing and Storage,31.060184
2025-01-01,CA,Los Angeles / SF Bay Area,994a50a9-2b83-4168-be73-24c9fe851cbc,Smart Stop Self Storage,Warehousing and Storage,31.060184
2025-01-01,NY,New York/New Jersey,d8893f63-0e2e-45b2-a9cb-68d18b33fd51,Progressive,"Agencies, Brokerages, and Other Insurance Related Activities",30.77098
2025-01-01,NY,New York/New Jersey,5900aecf-818c-40cc-ab92-8060ae1abb2d,Progressive,"Agencies, Brokerages, and Other Insurance Related Activities",30.77098
2025-01-01,NY,New York/New Jersey,91577921-0743-4709-894b-16afb2d980a8,Progressive,"Agencies, Brokerages, and Other Insurance Related Activities",30.77098
2025-01-01,NY,New York/New Jersey,18942396-fb72-421c-9e7f-9dce25400a24,Progressive,"Agencies, Brokerages, and Other Insurance Related Activities",30.77098
2025-01-01,NY,New York/New Jersey,88161eee-34b8-4eb7-9353-aec93eb512ab,Progressive,"Agencies, Brokerages, and Other Insurance Related Activities",30.77098
2025-01-01,NY,New York/New Jersey,64da0c47-e5aa-4c5b-ac99-12ce4a7c79d1,Progressive,"Agencies, Brokerages, and Other Insurance Related Activities",30.77098
2025-01-01,NY,New York/New Jersey,3d76b309-4bdd-4ad9-b072-3762afca51c4,Progressive,"Agencies, Brokerages, and Other Insurance Related Activities",30.77098
2025-01-01,NY,New York/New Jersey,2e4b6bfe-2b7b-4939-9374-264f43eb160b,Progressive,"Agencies, Brokerages, and Other Insurance Related Activities",30.77098
2025-01-01,NY,New York/New Jersey,b28e7e41-a311-496d-815d-8e29856bc75b,Progressive,"Agencies, Brokerages, and Other Insurance Related Activities",30.77098
2025-01-01,MO,Kansas City,d89272c9-ccf8-419e-99e8-fc8c0efbaddb,United States Postal Service (USPS),Postal Service,30.453249
2025-01-01,MO,Kansas City,45edeb32-7b3d-42a4-887e-531c8869a619,United States Postal Service (USPS),Postal Service,30.453249
2025-01-01,MO,Kansas City,5560941a-9edd-4fc6-b941-75c7c929cbc8,United States Postal Service (USPS),Postal Service,30.453249
2025-01-01,MO,Kansas City,a6f96176-b51c-4825-af1b-85b47cf80d24,United States Postal Service (USPS),Postal Service,30.453249
2025-01-01,MO,Kansas City,a08b152b-1f73-46e6-9b8e-0ec7f44af652,United States Postal Service (USPS),Postal Service,30.453249
2025-01-01,MO,Kansas City,3fee34fd-88bb-4c32-b238-a042420be728,United States Postal Service (USPS),Postal Service,30.453249
2025-01-01,MO,Kansas City,2e28f4db-5d7b-44ca-9eb8-9640587bdbcd,United States Postal Service (USPS),Postal Service,30.453249
2025-01-01,MO,Kansas City,2c8cb0e0-43fb-4792-94f3-8236e383ce3a,United States Postal Service (USPS),Postal Service,30.453249
2025-01-01,MO,Kansas City,8c2fba34-110e-4acf-bf6a-905854ee915a,United States Postal Service (USPS),Postal Service,30.453249
2025-01-01,FL,Miami,f5d495ec-c056-4076-8d2e-9332249befc8,UPS Customer Center,Couriers and Express Delivery Services,30.31189
2025-01-01,FL,Miami,e589529c-31ca-487a-8dbe-c1973bdf9a15,XPO,Couriers and Express Delivery Services,30.31189
2025-01-01,GA,Atlanta,517f2e26-2c11-47a3-a4c1-31c25adbded8,Mobil,Gasoline Stations,30.309036
2025-01-01,GA,Atlanta,57d9f666-88c6-4b98-85e7-d1754995a34a,Mobil,Gasoline Stations,30.309036
2025-01-01,TX,Dallas / Houston,1415581e-766e-42f4-9fe6-79a380426ecc,Metro by T-Mobile,Wired and Wireless Telecommunications Carriers,30.284645
2025-01-01,TX,Dallas / Houston,91771cf1-2074-4919-b26d-aae7675e7810,Metro by T-Mobile,Wired and Wireless Telecommunications Carriers,30.284645
2025-01-01,TX,Dallas / Houston,cbe81199-edb0-4914-a74b-7042d4c941c1,Metro by T-Mobile,Wired and Wireless Telecommunications Carriers,30.284645
2025-01-01,TX,Dallas / Houston,ed64494a-ffba-47ba-aa6e-2038c8d8cde2,Metro by T-Mobile,Wired and Wireless Telecommunications Carriers,30.284645
2025-01-01,TX,Dallas / Houston,626c2e7a-04d3-4bba-87c1-7c64cba08a76,Metro by T-Mobile,Wired and Wireless Telecommunications Carriers,30.284645
2025-01-01,TX,Dallas / Houston,aa97c76b-dcbe-4efb-b3a6-bd31945f2b98,Metro by T-Mobile,Wired and Wireless Telecommunications Carriers,30.284645
2025-01-01,TX,Dallas / Houston,ae377c48-2afa-4733-b5bb-a6b9287ffc0d,Metro by T-Mobile,Wired and Wireless Telecommunications Carriers,30.284645
2025-01-01,TX,Dallas / Houston,07b6ae36-369c-4b58-81c7-34f36afc3790,Metro by T-Mobile,Wired and Wireless Telecommunications Carriers,30.284645
2025-01-01,NJ,New York/New Jersey,a1f737f2-cadc-46ed-a0a0-5db6f35e2fe2,Progressive,"Agencies, Brokerages, and Other Insurance Related Activities",30.211842
2025-01-01,TX,Dallas / Houston,fd9f9bd6-c986-4fde-987d-bb2b7a1f7bcf,Target Optical,Offices of Other Health Practitioners,30.19758
2025-01-01,TX,Dallas / Houston,c5560d2f-7912-43b3-8d55-82dda3a0ed9e,Target Optical,Offices of Other Health Practitioners,30.19758
2025-01-01,TX,Dallas / Houston,6541cf01-aaed-485a-8df1-7353b4ba228c,TSO - Texas State Optical,Offices of Other Health Practitioners,30.19758
2025-01-01,TX,Dallas / Houston,17f3f4ae-2c4b-4b2d-bab9-fa80bad6141b,Amegy Bank,Depository Credit Intermediation,30.127266
2025-01-01,TX,Dallas / Houston,26f3a6d7-b64c-48c9-b940-1359e8e88819,American First National Bank,Depository Credit Intermediation,30.127266
2025-01-01,TX,Dallas / Houston,9698c002-8696-4691-ad30-7cec8039aec3,Bank of Texas,Depository Credit Intermediation,30.127266
2025-01-01,TX,Dallas / Houston,945bcbad-0b14-489f-b733-531e91b2ddff,PlainsCapital Bank,Depository Credit Intermediation,30.127266
2025-01-01,TX,Dallas / Houston,3492170b-1a02-4e78-bea7-5801f4894995,Citizens National Bank of Texas,Depository Credit Intermediation,30.127266
2025-01-01,TX,Dallas / Houston,2b32b5c3-196e-4aa4-8213-778ce583a73b,First Convenience Bank (FCB),Depository Credit Intermediation,30.127266
2025-01-01,TX,Dallas / Houston,a1207613-4d0d-4268-9ecd-e937e2bf7c93,Cadence Bank,Depository Credit Intermediation,30.127266
2025-01-01,TX,Dallas / Houston,1282cf0f-7a3f-4d7d-a078-bc8959cf159f,Amarillo National Bank,Depository Credit Intermediation,30.127266
2025-01-01,TX,Dallas / Houston,bb4004a7-5716-43ef-a089-fe1f9cbdc5cb,First Convenience Bank (FCB),Depository Credit Intermediation,30.127266
2025-01-01,TX,Dallas / Houston,8e0e58c7-a83c-4947-9457-cdca58ef16ca,First Convenience Bank (FCB),Depository Credit Intermediation,30.127266
2025-01-01,TX,Dallas / Houston,da843792-a329-46e7-ae82-6bee7011ba39,Woodforest National Bank,Depository Credit Intermediation,30.127266
2025-01-01,TX,Dallas / Houston,6b013869-8bdd-47e0-bce9-b823b7cfd81d,First United Bank,Depository Credit Intermediation,30.127266
2025-01-01,TX,Dallas / Houston,5e360f1b-77ff-4e39-94fd-83ecb50c1f6a,PlainsCapital Bank,Depository Credit Intermediation,30.127266
2025-01-01,TX,Dallas / Houston,4e040e77-bdf2-4a2f-a2f4-15be115ba82c,Randolph-Brooks Federal Credit Union (RBFCU),Depository Credit Intermediation,30.127266
2025-01-01,TX,Dallas / Houston,49ff31cf-d98d-4f3f-86d2-735c64bd4577,First United Bank,Depository Credit Intermediation,30.127266
2025-01-01,TX,Dallas / Houston,e394d8ae-632a-40c1-86f9-095a28c09edb,Amegy Bank,Depository Credit Intermediation,30.127266
2025-01-01,TX,Dallas / Houston,3dd60ef4-9613-4307-aeb4-8b1837162780,Hancock and Whitney Bank,Depository Credit Intermediation,30.127266
2025-01-01,TX,Dallas / Houston,834ba63a-a958-4979-abfc-cc7348fb0ac8,Advance Auto Parts,"Automotive Parts, Accessories, and Tire Stores",30.070366
2025-01-01,TX,Dallas / Houston,ea83b430-80a0-4db3-a0de-914aa05306ee,Advance Auto Parts,"Automotive Parts, Accessories, and Tire Stores",30.070366
2025-01-01,TX,Dallas / Houston,4c947ebf-ee35-4dd7-950f-d0f154114b33,Advance Auto Parts,"Automotive Parts, Accessories, and Tire Stores",30.070366
2025-01-01,NY,New York/New Jersey,6b1daa24-74e9-4a32-8df3-9034257dab5a,FedEx,Couriers and Express Delivery Services,30.058634
2025-01-01,GA,Atlanta,0be3dfc7-c0a8-4016-82c7-a5d2ef7d1f0b,Edible Arrangements,"Office Supplies, Stationery, and Gift Stores",30.05645
2025-01-01,CA,Los Angeles / SF Bay Area,a8d87940-2f9b-481e-bf53-497476813d96,Western Dental,Offices of Dentists,30.0346
2025-01-01,CA,Los Angeles / SF Bay Area,d57f8245-ea74-497a-93c6-947deb0fd54b,Gentle Dental,Offices of Dentists,30.0346
2025-01-01,CA,Los Angeles / SF Bay Area,0adbee46-4bdf-4851-bbe6-3ab03d5558ff,Bright Now Dental,Offices of Dentists,30.0346
2025-01-01,CA,Los Angeles / SF Bay Area,1d1fde10-b3e1-4338-bac6-912cc6fc1046,Bright Now Dental,Offices of Dentists,30.0346
2025-01-01,CA,Los Angeles / SF Bay Area,b43dfd13-6248-49ff-9dd1-82be35b08a03,Western Dental,Offices of Dentists,30.0346
2025-01-01,CA,Los Angeles / SF Bay Area,1f31b100-33d0-4a16-96da-0bdfa0f7b86b,Western Dental,Offices of Dentists,30.0346
2025-01-01,CA,Los Angeles / SF Bay Area,770be460-ec82-4c66-9e0d-5e5a1922b277,Western Dental,Offices of Dentists,30.0346
2025-01-01,CA,Los Angeles / SF Bay Area,7f55e666-39d9-4cc2-9e07-733692b086fb,Western Dental,Offices of Dentists,30.0346
2025-01-01,TX,Dallas / Houston,fbf76157-dbb0-4d77-9f3b-3b75ddf1146e,United States Postal Service (USPS),Postal Service,29.81229
2025-01-01,TX,Dallas / Houston,5f3f768e-486b-4d4b-be54-eebad800fddd,United States Postal Service (USPS),Postal Service,29.81229
2025-01-01,TX,Dallas / Houston,ed4573cf-1272-4156-a222-a14df9c645e7,United States Postal Service (USPS),Postal Service,29.81229
2025-01-01,TX,Dallas / Houston,7824e793-0077-40b3-a82e-1c77c6e51fc2,United States Postal Service (USPS),Postal Service,29.81229
2025-01-01,TX,Dallas / Houston,52d7cbf7-a03f-4d13-af47-a8ef4596d241,United States Postal Service (USPS),Postal Service,29.81229
2025-01-01,TX,Dallas / Houston,106e738b-b633-4a38-96ac-2ed1706a94f4,United States Postal Service (USPS),Postal Service,29.81229
2025-01-01,TX,Dallas / Houston,d6e80816-a470-41d9-80a3-75e89cb3d5af,United States Postal Service (USPS),Postal Service,29.81229
2025-01-01,TX,Dallas / Houston,e83b75f9-7d03-4e93-b404-429699cec55d,United States Postal Service (USPS),Postal Service,29.81229
2025-01-01,TX,Dallas / Houston,6835eea4-0b3f-4d82-8220-7d8e58254501,United States Postal Service (USPS),Postal Service,29.81229
2025-01-01,TX,Dallas / Houston,4019323e-6c2d-44a8-8f2f-a344c8600f97,United States Postal Service (USPS),Postal Service,29.81229
2025-01-01,TX,Dallas / Houston,d795b5c0-fd98-41ae-b03e-9a5bae1dc31e,United States Postal Service (USPS),Postal Service,29.81229
2025-01-01,TX,Dallas / Houston,f4de58d0-db74-4549-ad85-0f9b9efd9c33,United States Postal Service (USPS),Postal Service,29.81229
2025-01-01,TX,Dallas / Houston,15be6735-7c3e-417a-bee3-daac8be7d515,United States Postal Service (USPS),Postal Service,29.81229
2025-01-01,TX,Dallas / Houston,aa3ee059-53a6-45c3-88e6-53240f124124,United States Postal Service (USPS),Postal Service,29.81229
2025-01-01,TX,Dallas / Houston,cb58d916-c89d-4465-a834-ba047d22aac2,United States Postal Service (USPS),Postal Service,29.81229
2025-01-01,TX,Dallas / Houston,8d1ea742-a2ee-48fa-afb3-91278ed8ad60,United States Postal Service (USPS),Postal Service,29.81229
2025-01-01,CA,Los Angeles / SF Bay Area,86026627-c968-41a6-a9c1-7a734a3abd8a,FedEx,Couriers and Express Delivery Services,29.807833
2025-01-01,CA,Los Angeles / SF Bay Area,42cecf6e-72fb-406c-912b-fdfa37e35f21,FedEx,Couriers and Express Delivery Services,29.807833
2025-01-01,CA,Los Angeles / SF Bay Area,3f917741-9db1-4f31-b065-55dc83eeb0e5,FedEx,Couriers and Express Delivery Services,29.807833
2025-01-01,CA,Los Angeles / SF Bay Area,351018fa-f9bf-47ad-80af-e21516db5867,FedEx,Couriers and Express Delivery Services,29.807833
2025-01-01,PA,Philadelphia,6ec01e43-86f3-41ef-ae14-c2e442b8eafd,Blue Haven Pools & Spas,Miscellaneous Durable Goods Merchant Wholesalers,29.681293
2025-01-01,NY,New York/New Jersey,8a2e302f-c867-488d-bb57-dd660c1979a9,Mobil,Gasoline Stations,29.671135
2025-01-01,NY,New York/New Jersey,6546e4e9-4e17-488a-9f3f-17b68e392a3a,Mobil,Gasoline Stations,29.671135
2025-01-01,NY,New York/New Jersey,c5a00134-f5d6-47a7-a6b2-3ce9e4ae93b0,Mobil,Gasoline Stations,29.671135
2025-01-01,NY,New York/New Jersey,85d5819d-2e6f-4bdb-97a2-107763fdc840,Mobil,Gasoline Stations,29.671135
2025-01-01,NY,New York/New Jersey,71b2deab-bc81-4102-9b2d-fbc37b6aa593,Mobil,Gasoline Stations,29.671135
2025-01-01,NY,New York/New Jersey,631bde4d-07b2-4528-81e6-13cf51d26189,Mobil,Gasoline Stations,29.671135
2025-01-01,NY,New York/New Jersey,88e011a0-438b-40dc-a64f-c7b40dce8373,Mobil,Gasoline Stations,29.671135
2025-01-01,NY,New York/New Jersey,804a6572-85e7-4cdb-98f7-20da1a28c52a,Mobil,Gasoline Stations,29.671135
2025-01-01,NY,New York/New Jersey,480ba5c3-3eb3-4e4f-ac2b-89e0a21a2eaf,Mobil,Gasoline Stations,29.671135
2025-01-01,NY,New York/New Jersey,c69a1179-49d7-4bca-a4e1-aad36b1964e9,Mobil,Gasoline Stations,29.671135
2025-01-01,TX,Dallas / Houston,94983b7c-8e7a-414e-b0fe-38beb152c5fc,Caliber Collision,Automotive Repair and Maintenance,29.50313
2025-01-01,TX,Dallas / Houston,3a12c84e-0f3f-42a8-aa12-98096f10da83,Caliber Collision,Automotive Repair and Maintenance,29.50313
2025-01-01,PA,Philadelphia,348c51ef-a09f-4e30-9e4b-cf1256bab092,Fisher Auto Parts,"Automotive Parts, Accessories, and Tire Stores",29.404652
2025-01-01,PA,Philadelphia,7e1fb651-728c-4862-8d32-b72e15ee667b,Quick Lane,"Automotive Parts, Accessories, and Tire Stores",29.404652
2025-01-01,PA,Philadelphia,85d1e0d7-838a-45e1-b787-833c07628b42,Batteries Plus Bulbs,"Automotive Parts, Accessories, and Tire Stores",29.404652
2025-01-01,PA,Philadelphia,d42e6c89-447e-4cd2-969b-40ace57c29ca,Batteries Plus Bulbs,"Automotive Parts, Accessories, and Tire Stores",29.404652
2025-01-01,PA,Philadelphia,5cb54720-71f0-448e-93e0-8f82db32df9d,CARQUEST Auto Parts,"Automotive Parts, Accessories, and Tire Stores",29.404652
2025-01-01,PA,Philadelphia,469bf578-be72-4949-ae17-c33575635986,Fisher Auto Parts,"Automotive Parts, Accessories, and Tire Stores",29.404652
2025-01-01,CA,Los Angeles / SF Bay Area,332c015e-b09c-44b5-8ceb-a8edf7885e7e,Citibank,Depository Credit Intermediation,29.340073
2025-01-01,CA,Los Angeles / SF Bay Area,7c521f17-cd80-4388-8b12-19e79bae1ce9,Citibank,Depository Credit Intermediation,29.340073
2025-01-01,CA,Los Angeles / SF Bay Area,96fd5f55-3c6d-49e3-a3f5-e163e4108ed0,Citibank,Depository Credit Intermediation,29.340073
2025-01-01,MO,Kansas City,109d9a15-71bc-4a0d-8d99-804caae91d96,U.S. Bank,Depository Credit Intermediation,29.264143
2025-01-01,NY,New York/New Jersey,9f8e6740-7bbc-4bbb-989c-69ff9ba9c79b,Splash Car Wash,Automotive Repair and Maintenance,29.246593
2025-01-01,NY,New York/New Jersey,ac442ef2-72af-4fc4-8c88-eeaae69b87ce,Midas,Automotive Repair and Maintenance,29.246593
2025-01-01,NY,New York/New Jersey,d182673c-057e-41e1-8bbd-2ea35c75bd9f,Glass America,Automotive Repair and Maintenance,29.246593
2025-01-01,NY,New York/New Jersey,8e949016-3b03-46cd-a7e0-6561b73a448f,Monro,Automotive Repair and Maintenance,29.246593
2025-01-01,NY,New York/New Jersey,d319d3ac-8078-413a-8961-dc39664cfec2,AAMCO Transmissions,Automotive Repair and Maintenance,29.246593
2025-01-01,NY,New York/New Jersey,49cfb9c2-afb5-45e0-a12c-eb3846546a4b,FleetPride,Automotive Repair and Maintenance,29.246593
2025-01-01,NY,New York/New Jersey,19e38b0a-3e56-4661-aefc-19fa2b076d6e,Goodyear Auto Service Centers,Automotive Repair and Maintenance,29.246593
2025-01-01,PA,Philadelphia,9f7fa33d-9d83-44f7-8c8b-f14a0e7adfcf,United States Postal Service (USPS),Postal Service,29.158361
2025-01-01,PA,Philadelphia,3ca16055-83c7-49e8-b456-b21a472b27e6,United States Postal Service (USPS),Postal Service,29.158361
2025-01-01,PA,Philadelphia,a446c3fa-0c0f-45e1-8ff7-ba83de43f29b,United States Postal Service (USPS),Postal Service,29.158361
2025-01-01,PA,Philadelphia,3b412538-3a3d-4280-80c2-e4485ba34262,United States Postal Service (USPS),Postal Service,29.158361
2025-01-01,PA,Philadelphia,361e0e45-cb5e-4c4b-b489-e0e9e6e61b48,United States Postal Service (USPS),Postal Service,29.158361
2025-01-01,PA,Philadelphia,15ac092e-ee05-4a9c-9ef0-18add818c2cb,United States Postal Service (USPS),Postal Service,29.158361
2025-01-01,PA,Philadelphia,fb134127-a508-457b-bfc6-b8476ab03a6f,United States Postal Service (USPS),Postal Service,29.158361
2025-01-01,PA,Philadelphia,60332bca-ee73-4684-af56-cd18f1617788,United States Postal Service (USPS),Postal Service,29.158361
2025-01-01,PA,Philadelphia,1002baf2-c6ab-4427-b0cf-b62d3f1273b7,United States Postal Service (USPS),Postal Service,29.158361
2025-01-01,PA,Philadelphia,0fa530b4-a0e3-46ea-92de-b33b33b1e378,United States Postal Service (USPS),Postal Service,29.158361
2025-01-01,PA,Philadelphia,093d1247-6795-413d-8506-512e0ad22e8b,United States Postal Service (USPS),Postal Service,29.158361
2025-01-01,PA,Philadelphia,0478656b-c9bd-4a6d-8993-c5b636c8d674,United States Postal Service (USPS),Postal Service,29.158361
2025-01-01,PA,Philadelphia,e03f0827-52f1-4569-b97a-a35fa862b1f7,United States Postal Service (USPS),Postal Service,29.158361
2025-01-01,PA,Philadelphia,e5b4fe61-8562-4db9-9bc9-41dff21398e7,United States Postal Service (USPS),Postal Service,29.158361
2025-01-01,PA,Philadelphia,895c08c0-f3cd-473f-9d5d-b4fc6ed78401,United States Postal Service (USPS),Postal Service,29.158361
2025-01-01,PA,Philadelphia,6581d965-fb3d-4565-8852-32e9801b3919,United States Postal Service (USPS),Postal Service,29.158361
2025-01-01,PA,Philadelphia,d0407382-4522-4762-bf3c-73a1f215be8a,United States Postal Service (USPS),Postal Service,29.158361
2025-01-01,PA,Philadelphia,9937815a-505e-4053-984d-55a870dcd92c,United States Postal Service (USPS),Postal Service,29.158361
2025-01-01,PA,Philadelphia,71f0e601-7b1d-4ee8-ab68-89927d7781bc,United States Postal Service (USPS),Postal Service,29.158361
2025-01-01,PA,Philadelphia,6134216b-fb6e-458f-8431-dc06cbf8ea84,United States Postal Service (USPS),Postal Service,29.158361
2025-01-01,FL,Miami,d92c1a7a-fd6e-426f-b9e1-196be40cd0da,Truist,Depository Credit Intermediation,28.77889
2025-01-01,FL,Miami,39e9a02c-ab63-458f-afca-42e26b701c0e,Truist,Depository Credit Intermediation,28.77889
2025-01-01,FL,Miami,3299e18a-a54a-4511-be93-6d4f0fbe761a,Truist,Depository Credit Intermediation,28.77889
2025-01-01,NJ,New York/New Jersey,a7861d3f-3a0d-443b-bdb3-d662d43d30af,Mathnasium,Other Schools and Instruction,28.674982
2025-01-01,FL,Miami,a931225a-c2f4-43ea-a43c-5b527cba69b4,FedEx,Couriers and Express Delivery Services,28.660185
2025-01-01,PA,Philadelphia,ccb3ce98-4d6a-4bc5-b312-b775192edd8f,NAPA Auto Parts,"Automotive Parts, Accessories, and Tire Stores",28.637056
2025-01-01,PA,Philadelphia,f3b3cdf3-6626-4df8-aa1b-499c1de9a738,NAPA Auto Parts,"Automotive Parts, Accessories, and Tire Stores",28.637056
2025-01-01,PA,Philadelphia,8a615d18-7b3a-47f7-aa49-86510438d30f,NAPA Auto Parts,"Automotive Parts, Accessories, and Tire Stores",28.637056
2025-01-01,NY,New York/New Jersey,17968f05-f45b-4992-bf1b-367a2ee13a52,KeyBank,Depository Credit Intermediation,28.548227
2025-01-01,NY,New York/New Jersey,b20ac8bb-f4b2-459b-8844-958b5fbc0902,KeyBank,Depository Credit Intermediation,28.548227
2025-01-01,MA,Boston,16257553-a4b9-46f3-863b-410582ba562e,Penske Truck Rental,Automotive Equipment Rental and Leasing,28.457201
2025-01-01,PA,Philadelphia,99a22823-7f21-4aa7-b413-e0c682b495e2,Cricket Wireless,Wired and Wireless Telecommunications Carriers,28.444618
2025-01-01,PA,Philadelphia,c47422e7-b47c-40bd-a605-4b9d1fe26c3c,Cricket Wireless,Wired and Wireless Telecommunications Carriers,28.444618
2025-01-01,PA,Philadelphia,09969870-afe5-4c66-9526-45af7ea5eaf7,Holiday Inn Express,Traveler Accommodation,28.276678
2025-01-01,PA,Philadelphia,c46220d4-7c4f-4ab1-969e-47e156621ad3,Holiday Inn Express,Traveler Accommodation,28.276678
2025-01-01,TX,Dallas / Houston,c4c8c85e-da84-441b-94b3-f37810f05f76,Truist,Depository Credit Intermediation,28.195864
2025-01-01,TX,Dallas / Houston,4be4b98f-dbf5-4135-ab73-b94f6e6df2b3,America's Best Contacts & Eyeglasses,Offices of Other Health Practitioners,28.069527
2025-01-01,TX,Dallas / Houston,50ba2efd-b00e-4a7d-b668-d40381b2ade1,America's Best Contacts & Eyeglasses,Offices of Other Health Practitioners,28.069527
2025-01-01,TX,Dallas / Houston,b74c6b6c-4409-4284-8a10-3973ae5691f4,America's Best Contacts & Eyeglasses,Offices of Other Health Practitioners,28.069527
2025-01-01,TX,Dallas / Houston,f04cadc4-fca6-497e-8c33-471994a8669f,America's Best Contacts & Eyeglasses,Offices of Other Health Practitioners,28.069527
2025-01-01,NJ,New York/New Jersey,6cc591ef-80d9-44c9-8e45-d4821826aeca,AT&T,Wired and Wireless Telecommunications Carriers,27.910494
2025-01-01,MO,Kansas City,0798ae93-2c39-45f5-8519-32e5c120b200,Sherwin-Williams,Building Material and Supplies Dealers,27.85054
2025-01-01,MO,Kansas City,63f8d460-285e-43d0-a89e-a50a32339cf1,Progressive,"Agencies, Brokerages, and Other Insurance Related Activities",27.841455
2025-01-01,MO,Kansas City,b920386d-c749-4994-9fde-e16a1390f816,Progressive,"Agencies, Brokerages, and Other Insurance Related Activities",27.841455
2025-01-01,MO,Kansas City,4c10b9f5-11ac-4949-8c1a-ce703cf60a5f,Progressive,"Agencies, Brokerages, and Other Insurance Related Activities",27.841455
2025-01-01,FL,Miami,d814dab8-0b55-402a-bde0-81ef73d8fbf1,Lennar Homes,Residential Building Construction,27.69558
2025-01-01,FL,Miami,94df7a8a-4a52-443c-bf31-37f43c60f22d,UniVista Insurance,"Agencies, Brokerages, and Other Insurance Related Activities",27.654894
2025-01-01,FL,Miami,e5b47a33-47ca-4c02-a01d-971d28350cc0,AAA / CAA,"Agencies, Brokerages, and Other Insurance Related Activities",27.654894
2025-01-01,FL,Miami,20bbc75d-c4ed-44e4-8d49-348c54367efa,Acceptance Insurance,"Agencies, Brokerages, and Other Insurance Related Activities",27.654894
2025-01-01,MA,Boston,d54d896c-a9a6-4a59-94ae-17f4a57887b0,Extra Space Storage,Lessors of Real Estate,27.539232
2025-01-01,NY,New York/New Jersey,85765045-df69-454b-9175-7fc8fbada421,Auto Value,"Automotive Parts, Accessories, and Tire Stores",27.476784
2025-01-01,NY,New York/New Jersey,185ce6dc-3ed4-400e-8fd2-573f19a6ef45,Auto Value,"Automotive Parts, Accessories, and Tire Stores",27.476784
2025-01-01,MO,Kansas City,6b98efe5-b8e2-4bbd-9f84-ab9955c89dd3,Quick Lane,"Automotive Parts, Accessories, and Tire Stores",27.266705
2025-01-01,MA,Boston,13fe7292-f9e0-4c53-9b7e-5331a05cb478,United States Postal Service (USPS),Postal Service,27.223364
2025-01-01,MA,Boston,2dc14a66-297a-47fc-98cb-2cbe544685b7,United States Postal Service (USPS),Postal Service,27.223364
2025-01-01,MA,Boston,dc097291-7b4a-4d59-b959-6490242e4f15,United States Postal Service (USPS),Postal Service,27.223364
2025-01-01,MA,Boston,a4561c60-f95a-4742-8df9-64ab24d9a0aa,United States Postal Service (USPS),Postal Service,27.223364
2025-01-01,MA,Boston,22571c7c-74e3-45fc-819d-3060327e428c,United States Postal Service (USPS),Postal Service,27.223364
2025-01-01,MA,Boston,ec7638c5-65e5-4c7f-ba7c-d2748e203884,United States Postal Service (USPS),Postal Service,27.223364
2025-01-01,MA,Boston,41e2b74f-a7e8-4b88-851b-0893aa201316,AT&T,Wired and Wireless Telecommunications Carriers,27.162128
2025-01-01,CA,Los Angeles / SF Bay Area,c499c3f6-015d-462d-a9a0-ee2c5f39d43a,Freeway Insurance Services,"Agencies, Brokerages, and Other Insurance Related Activities",27.051325
2025-01-01,CA,Los Angeles / SF Bay Area,bff77c66-0d39-42a2-befb-babe67104a51,Freeway Insurance Services,"Agencies, Brokerages, and Other Insurance Related Activities",27.051325
2025-01-01,MA,Boston,ef688d22-5311-4236-b47b-f2d300395c8f,Goldfish Swim School,Other Schools and Instruction,27.033466
2025-01-01,WA,Seattle,49cb9079-5757-4cef-b328-b1ae5cf40634,Meineke Car Care Centers,Automotive Repair and Maintenance,27.00561
2025-01-01,WA,Seattle,80961fc6-9e2b-4ccd-8b51-f18b2e613498,Crash Champions,Automotive Repair and Maintenance,27.00561
2025-01-01,FL,Miami,07498c5d-f4c7-4898-a1f3-6fe59d19b4a1,Smile Design Dentistry,Offices of Dentists,26.929422
2025-01-01,FL,Miami,a2ef1ead-4776-48ba-a1dc-169283a62683,Coast Dental,Offices of Dentists,26.929422
2025-01-01,FL,Miami,e82ba5e8-0473-4f6b-9ab7-febbeaaa593d,Great Expressions,Offices of Dentists,26.929422
2025-01-01,CA,Los Angeles / SF Bay Area,26e84e9c-ada0-4fd8-809e-3a28a1022c3c,Ryder,Automotive Equipment Rental and Leasing,26.884277
2025-01-01,CA,Los Angeles / SF Bay Area,8fac3fb4-99eb-42b2-adad-f91da24cd091,Thrifty Car Rental International,Automotive Equipment Rental and Leasing,26.884277
2025-01-01,CA,Los Angeles / SF Bay Area,912bcd11-ca33-4e1a-bb90-bf1adb54f9f9,Avis Rent A Car,Automotive Equipment Rental and Leasing,26.884277
2025-01-01,CA,Los Angeles / SF Bay Area,6961642c-e277-4a2a-b670-bbfea603d627,Avis Rent A Car,Automotive Equipment Rental and Leasing,26.884277
2025-01-01,CA,Los Angeles / SF Bay Area,1538d263-3a17-4ea2-9547-34da60d607b1,Budget Rent A Car,Automotive Equipment Rental and Leasing,26.884277
2025-01-01,CA,Los Angeles / SF Bay Area,4a7fefa7-fcb6-407f-afd6-67d6c9f44981,Enterprise Truck Rental,Automotive Equipment Rental and Leasing,26.884277
2025-01-01,NY,New York/New Jersey,125b2ec4-4a69-4a1a-a3e1-720758af7735,Citibank,Depository Credit Intermediation,26.850307
2025-01-01,MO,Kansas City,51f45401-9547-49a2-a60e-413f0acb2e42,Mobil,Gasoline Stations,26.833128
2025-01-01,FL,Miami,07f89e05-0e4b-4f97-bd8e-fd22fdff0163,Charlotte Tilbury,Health and Personal Care Stores,26.82922
2025-01-01,TX,Dallas / Houston,84a0fa3c-d0d1-40f9-b366-46c0f3b8df1f,Lennar Homes,Residential Building Construction,26.692213
2025-01-01,NJ,New York/New Jersey,585e0bce-742a-4aad-a1ee-ea84568c2cb4,Boost Mobile,Wired and Wireless Telecommunications Carriers,26.684383
2025-01-01,CA,Los Angeles / SF Bay Area,d83a74e5-fee0-4a54-9fb8-d8a39e8d45cb,Ria Money Transfer,Activities Related to Credit Intermediation,26.678232
2025-01-01,CA,Los Angeles / SF Bay Area,d8079b9f-f1ce-4716-a4e4-e6f33fcd402f,Ria Money Transfer,Activities Related to Credit Intermediation,26.678232
2025-01-01,CA,Los Angeles / SF Bay Area,9e4fc581-75da-411c-9a19-acc65d8973b8,CMG Financial,Activities Related to Credit Intermediation,26.678232
2025-01-01,CA,Los Angeles / SF Bay Area,f5f8e46e-310b-4f3b-bd90-d0791488671e,CMG Financial,Activities Related to Credit Intermediation,26.678232
2025-01-01,MO,Kansas City,76364cb5-fd32-42a0-9094-4899282aeddf,Caterpillar,"Machinery, Equipment, and Supplies Merchant Wholesalers",26.60501
2025-01-01,MO,Kansas City,905a115a-ce50-4edc-afc6-9ea854d5c23a,Motion Industries,"Machinery, Equipment, and Supplies Merchant Wholesalers",26.60501
2025-01-01,NJ,New York/New Jersey,e68826d7-fccb-4316-b49b-3cbcd2961f26,Meineke Car Care Centers,Automotive Repair and Maintenance,26.506376
2025-01-01,NJ,New York/New Jersey,6b44a7c5-d2b9-4f66-8414-b22d9f472f07,Safelite,Automotive Repair and Maintenance,26.506376
2025-01-01,KS,Kansas City,91f20553-839d-4cf8-8a4c-2f15c3b89474,John Deere,"Machinery, Equipment, and Supplies Merchant Wholesalers",26.493217
2025-01-01,PA,Philadelphia,662c92ed-e85c-439e-8bb0-1be91a24c592,Case IH,"Machinery, Equipment, and Supplies Merchant Wholesalers",26.397017
2025-01-01,PA,Philadelphia,c1b0338b-6b1d-4ec7-a69f-7663a5e39a4c,Case IH,"Machinery, Equipment, and Supplies Merchant Wholesalers",26.397017
2025-01-01,PA,Philadelphia,ac92c6f7-f685-49de-a9d8-b56d47c906af,John Deere,"Machinery, Equipment, and Supplies Merchant Wholesalers",26.397017
2025-01-01,PA,Philadelphia,d7498a55-1c8f-4a27-9046-ccdcb23e2e12,SiteOne Landscape Supply,"Machinery, Equipment, and Supplies Merchant Wholesalers",26.397017
2025-01-01,PA,Philadelphia,958604c3-fa71-46fd-8516-7830fa7705fa,Caterpillar,"Machinery, Equipment, and Supplies Merchant Wholesalers",26.397017
2025-01-01,CA,Los Angeles / SF Bay Area,7ceb8bce-11b7-4b8b-b123-0d92a2f2206e,Charlotte Tilbury,Health and Personal Care Stores,26.222654
2025-01-01,CA,Los Angeles / SF Bay Area,18147a4d-28ae-477e-9727-1286ea2f95ad,Charlotte Tilbury,Health and Personal Care Stores,26.222654
2025-01-01,CA,Los Angeles / SF Bay Area,a27799ba-5d71-4739-9bf5-643fcfb6019a,Charlotte Tilbury,Health and Personal Care Stores,26.222654
2025-01-01,CA,Los Angeles / SF Bay Area,6ac79b95-57c8-48f1-8801-b59780419b2d,Charlotte Tilbury,Health and Personal Care Stores,26.222654
2025-01-01,PA,Philadelphia,9e6a85f1-e044-4f4f-a47b-09b2153789bb,Moove In Self Storage,Lessors of Real Estate,26.161064
2025-01-01,PA,Philadelphia,d1aca839-7b3d-4f03-a505-3d71ff97b76c,Prime Storage,Lessors of Real Estate,26.161064
2025-01-01,PA,Philadelphia,284c5a09-66c7-4a1d-899b-87a08367b958,Prime Storage,Lessors of Real Estate,26.161064
2025-01-01,PA,Philadelphia,7184f8ce-58d7-4034-84bd-d06a86581a89,Moove In Self Storage,Lessors of Real Estate,26.161064
2025-01-01,PA,Philadelphia,ec297fc9-ff65-4ccd-bad8-f036af8320d8,Moove In Self Storage,Lessors of Real Estate,26.161064
2025-01-01,PA,Philadelphia,00bd9a66-cb9d-44b1-8b97-2422b1804189,Prime Storage,Lessors of Real Estate,26.161064
2025-01-01,PA,Philadelphia,e0bf5d3a-ac5f-4f2f-a110-cff074a1337b,Regus,Lessors of Real Estate,26.161064
2025-01-01,FL,Miami,97335d88-100f-41f3-931f-8d7fe6a79d31,Citibank,Depository Credit Intermediation,26.093956
2025-01-01,NJ,New York/New Jersey,5d71197b-7c86-46db-bcf7-293d77a0a974,Aspen Dental,Offices of Dentists,26.03358
2025-01-01,KS,Kansas City,157d3bcf-2d94-4d8c-bf9e-0803646cfe99,United States Postal Service (USPS),Postal Service,26.028954
2025-01-01,KS,Kansas City,42d1179c-830e-4b6b-b8ed-e7f0616ec5dd,United States Postal Service (USPS),Postal Service,26.028954
2025-01-01,KS,Kansas City,84efcb78-258a-405a-8bab-21f9c7c52194,United States Postal Service (USPS),Postal Service,26.028954
2025-01-01,KS,Kansas City,4ed9b738-4029-4ba8-a350-4ba2718edd57,United States Postal Service (USPS),Postal Service,26.028954
2025-01-01,KS,Kansas City,2573fac2-5365-451d-adf6-33bd3044f55a,United States Postal Service (USPS),Postal Service,26.028954
2025-01-01,KS,Kansas City,e8a0e178-564d-43e5-8b11-72199850b33b,United States Postal Service (USPS),Postal Service,26.028954
2025-01-01,KS,Kansas City,213df02e-7914-40e9-ae20-2ff5de401254,United States Postal Service (USPS),Postal Service,26.028954
2025-01-01,NJ,New York/New Jersey,fea8374c-229f-43f9-a44b-5e5efb7f3fdc,Rent-A-Center,General Rental Centers,25.910261
2025-01-01,CA,Los Angeles / SF Bay Area,85040e45-7d51-4693-b863-8e3f805582a1,America's Best Contacts & Eyeglasses,Offices of Other Health Practitioners,25.680403
2025-01-01,FL,Miami,ccad67f1-958a-4a03-a983-3581a51d649a,BJ's Optical,Offices of Other Health Practitioners,25.677338
2025-01-01,FL,Miami,bceb48ca-2990-45a8-8b7f-b9180e859333,Clarkson Eyecare,Offices of Other Health Practitioners,25.677338
2025-01-01,FL,Miami,1602e760-c5d9-47d4-a014-1b17610d4104,MyEyeDr.,Offices of Other Health Practitioners,25.677338
2025-01-01,FL,Miami,607069d4-f49e-4825-87b7-e8f21041d896,Clarkson Eyecare,Offices of Other Health Practitioners,25.677338
2025-01-01,FL,Miami,2ee1f636-f236-4e49-88ca-c5688d27edb3,iStorage,Warehousing and Storage,25.598928
2025-01-01,FL,Miami,4be1c198-5bef-4f5f-9998-faa7ca1b480c,iStorage,Warehousing and Storage,25.598928
2025-01-01,GA,Atlanta,be01e68c-2a68-47b7-9522-f91fdfd42a1e,Progressive,"Agencies, Brokerages, and Other Insurance Related Activities",25.593836
2025-01-01,GA,Atlanta,a661ab89-7ff8-4727-bb49-ff4984e8a5d6,Progressive,"Agencies, Brokerages, and Other Insurance Related Activities",25.593836
2025-01-01,GA,Atlanta,7a35651f-882e-487b-92e7-f28467a328e1,Progressive,"Agencies, Brokerages, and Other Insurance Related Activities",25.593836
2025-01-01,FL,Miami,f4482023-43af-40e1-94f4-063a22d66545,Allstate Insurance,"Agencies, Brokerages, and Other Insurance Related Activities",25.399618
2025-01-01,FL,Miami,586f10ea-31c7-477b-91af-2b906f090190,Allstate Insurance,"Agencies, Brokerages, and Other Insurance Related Activities",25.399618
2025-01-01,FL,Miami,abba90d0-7894-46d0-bd31-fcb80624b493,Allstate Insurance,"Agencies, Brokerages, and Other Insurance Related Activities",25.399618
2025-01-01,GA,Atlanta,a1de495c-2f00-426b-b548-ee0abfe00fe2,TitleMax,Nondepository Credit Intermediation,25.221523
2025-01-01,NJ,New York/New Jersey,61d2a968-593d-4919-af69-c02d3b1e7969,NAPA Auto Parts,"Automotive Parts, Accessories, and Tire Stores",25.080473
2025-01-01,NJ,New York/New Jersey,8f009017-c297-4586-8120-2e1cb6688fc6,NAPA Auto Parts,"Automotive Parts, Accessories, and Tire Stores",25.080473
2025-01-01,TX,Dallas / Houston,e6c97826-eebb-4260-aee8-1bf89624df0e,Batteries Plus Bulbs,"Automotive Parts, Accessories, and Tire Stores",24.956778
2025-01-01,TX,Dallas / Houston,99c877c1-eda1-42be-97e8-b669cd140986,Quick Lane,"Automotive Parts, Accessories, and Tire Stores",24.956778
2025-01-01,TX,Dallas / Houston,c3b18eeb-ae42-4c67-b2f9-6762b6d95e21,Discount Tire,"Automotive Parts, Accessories, and Tire Stores",24.956778
2025-01-01,TX,Dallas / Houston,c47e55c5-ebb1-4ea1-b83e-5c9d50d9fb4e,Southern Tire Mart (STM),"Automotive Parts, Accessories, and Tire Stores",24.956778
2025-01-01,TX,Dallas / Houston,1710e759-5142-4859-adce-7b8488aa2e1a,Discount Tire,"Automotive Parts, Accessories, and Tire Stores",24.956778
2025-01-01,TX,Dallas / Houston,01438cc9-6f17-4fd7-95a8-4ca202e2a8d1,Parts Plus,"Automotive Parts, Accessories, and Tire Stores",24.956778
2025-01-01,TX,Dallas / Houston,3556c817-4d62-4b17-b965-b6a01259fc96,Discount Tire,"Automotive Parts, Accessories, and Tire Stores",24.956778
2025-01-01,TX,Dallas / Houston,39223c28-4aef-46fa-a2ce-bd869aa5146e,Pep Boys,"Automotive Parts, Accessories, and Tire Stores",24.956778
2025-01-01,TX,Dallas / Houston,0107aecc-adff-4728-afab-0a7581c74fc6,Discount Tire,"Automotive Parts, Accessories, and Tire Stores",24.956778
2025-01-01,TX,Dallas / Houston,daca55e9-258c-4a8c-ae56-ee67564f6d95,Discount Tire,"Automotive Parts, Accessories, and Tire Stores",24.956778
2025-01-01,TX,Dallas / Houston,79615ec2-992b-4960-b35b-13a2d72237cd,Batteries Plus Bulbs,"Automotive Parts, Accessories, and Tire Stores",24.956778
2025-01-01,TX,Dallas / Houston,b4430ead-2835-456e-9447-dd5a17c79d37,Smart Start,"Automotive Parts, Accessories, and Tire Stores",24.956778
2025-01-01,CA,Los Angeles / SF Bay Area,b98bdb5b-acf1-440f-9ed1-0cade4083b7d,State Farm,"Agencies, Brokerages, and Other Insurance Related Activities",24.946823
2025-01-01,CA,Los Angeles / SF Bay Area,fbe1a504-1890-4848-8214-bce20548631d,State Farm,"Agencies, Brokerages, and Other Insurance Related Activities",24.946823
2025-01-01,CA,Los Angeles / SF Bay Area,bfce2eec-71a0-4611-88bb-6f37a4bdbf1d,State Farm,"Agencies, Brokerages, and Other Insurance Related Activities",24.946823
2025-01-01,CA,Los Angeles / SF Bay Area,6d8c116c-8ea9-4f3c-a584-17907d1c0bdb,State Farm,"Agencies, Brokerages, and Other Insurance Related Activities",24.946823
2025-01-01,CA,Los Angeles / SF Bay Area,32df6040-db9c-44cc-9d76-d105b40c37f8,State Farm,"Agencies, Brokerages, and Other Insurance Related Activities",24.946823
2025-01-01,CA,Los Angeles / SF Bay Area,2caba5b8-b015-4e53-8c06-48c4142a9780,State Farm,"Agencies, Brokerages, and Other Insurance Related Activities",24.946823
2025-01-01,CA,Los Angeles / SF Bay Area,8c980017-29d5-4263-b15f-ed002c02ee93,State Farm,"Agencies, Brokerages, and Other Insurance Related Activities",24.946823
2025-01-01,CA,Los Angeles / SF Bay Area,05a222fe-d2ab-4a11-aeaf-9c0257d80ed6,State Farm,"Agencies, Brokerages, and Other Insurance Related Activities",24.946823
2025-01-01,CA,Los Angeles / SF Bay Area,6e0acbad-3a12-4dd1-bdfa-08d5aab9ea4e,State Farm,"Agencies, Brokerages, and Other Insurance Related Activities",24.946823
2025-01-01,CA,Los Angeles / SF Bay Area,a9ceb481-be02-45b4-a661-9cd4b741b0f6,State Farm,"Agencies, Brokerages, and Other Insurance Related Activities",24.946823
2025-01-01,CA,Los Angeles / SF Bay Area,206d721c-b88e-48d0-b768-d357e6d57449,State Farm,"Agencies, Brokerages, and Other Insurance Related Activities",24.946823
2025-01-01,CA,Los Angeles / SF Bay Area,1e0e054b-186b-4339-92ad-01361e8d8899,State Farm,"Agencies, Brokerages, and Other Insurance Related Activities",24.946823
2025-01-01,CA,Los Angeles / SF Bay Area,d02b0e59-2db7-4e6d-9dc9-3b0af2f58077,State Farm,"Agencies, Brokerages, and Other Insurance Related Activities",24.946823
2025-01-01,CA,Los Angeles / SF Bay Area,1e1935ef-adff-4ebe-a166-f23eb8975e28,State Farm,"Agencies, Brokerages, and Other Insurance Related Activities",24.946823
2025-01-01,TX,Dallas / Houston,c8836ef0-0ac6-4ce0-8bf1-d72137c64aaa,PNC Financial Services,Depository Credit Intermediation,24.899857
2025-01-01,TX,Dallas / Houston,9caf37dd-8670-47a6-8b87-c65b52ab7a84,PNC Financial Services,Depository Credit Intermediation,24.899857
2025-01-01,TX,Dallas / Houston,b5936c96-ddc2-4c18-b712-893fbd5a102e,PNC Financial Services,Depository Credit Intermediation,24.899857
2025-01-01,TX,Dallas / Houston,f4147b83-6703-4eed-8d3b-7949f438c778,PNC Financial Services,Depository Credit Intermediation,24.899857
2025-01-01,TX,Dallas / Houston,b349eb5b-a241-4b6d-9819-ce44263caac5,PNC Financial Services,Depository Credit Intermediation,24.899857
2025-01-01,MO,Kansas City,c2a8cb87-7640-412c-9b4e-b912259009c8,FedEx,Couriers and Express Delivery Services,24.882812
2025-01-01,MO,Kansas City,48aa8237-b862-4afa-86ab-58fb4233de19,FedEx,Couriers and Express Delivery Services,24.882812
2025-01-01,CA,Los Angeles / SF Bay Area,42903a41-b445-47b2-8691-f04de66ee53c,Jackson Hewitt Tax Service,"Accounting, Tax Preparation, Bookkeeping, and Payroll Services",24.74755
2025-01-01,NJ,New York/New Jersey,eb4aaa1a-6112-4f14-a6b9-37aec4ec616c,Big Frog Custom T-Shirts & More,Apparel Accessories and Other Apparel Manufacturing,24.731592
2025-01-01,NJ,New York/New Jersey,20814980-c59d-4df5-bcad-d7065687ba98,UNFI (United Natural Foods),Grocery and Related Product Merchant Wholesalers,24.731592
2025-01-01,NJ,New York/New Jersey,bdd5f3f7-794e-4908-a11f-4c84fd308744,Petro Home Services,Natural Gas Distribution,24.731592
2025-01-01,FL,Miami,9018152c-d455-4668-85fa-ecc9729997d9,City Electric Supply,Household Appliances and Electrical and Electronic Goods Merchant Wholesalers,24.683363
2025-01-01,FL,Miami,06e8f0a2-d445-4a56-8eda-9988f61da377,City Electric Supply,Household Appliances and Electrical and Electronic Goods Merchant Wholesalers,24.683363
2025-01-01,GA,Atlanta,20667a12-72de-473d-bc30-8b998dd5867c,WEL Cos.,Warehousing and Storage,24.637882
2025-01-01,NJ,New York/New Jersey,1215f8a5-d011-4f20-aa7f-4068022a34be,AAA / CAA,"Agencies, Brokerages, and Other Insurance Related Activities",24.605396
2025-01-01,PA,Philadelphia,1565a491-5ed9-488c-a412-34c25d6943e7,Metro by T-Mobile,Wired and Wireless Telecommunications Carriers,24.57817
2025-01-01,PA,Philadelphia,edf4e246-9fbb-46d8-a957-f5924fdbcffc,Metro by T-Mobile,Wired and Wireless Telecommunications Carriers,24.57817
2025-01-01,TX,Dallas / Houston,2dee7c2c-03af-4e6e-9b3f-5b515df7fe2c,NAPA Auto Parts,"Automotive Parts, Accessories, and Tire Stores",24.567842
2025-01-01,TX,Dallas / Houston,a94f4560-40d0-45d0-bc19-0242c77ad902,NAPA Auto Parts,"Automotive Parts, Accessories, and Tire Stores",24.567842
2025-01-01,NY,New York/New Jersey,5b2a10d3-dcb2-4a11-8f90-13fdac4f4f90,Pay-O-Matic,Activities Related to Credit Intermediation,24.559486
2025-01-01,NY,New York/New Jersey,9ae04652-73bf-4754-841d-95585fee1ae5,Ria Money Transfer,Activities Related to Credit Intermediation,24.559486
2025-01-01,GA,Atlanta,ea3d3867-8200-42d8-99ce-b6fb49f263bd,Rent-A-Center,General Rental Centers,24.289803
2025-01-01,FL,Miami,0a7e0778-20d6-460e-b7ce-88f2a1885897,Caliber Collision,Automotive Repair and Maintenance,24.279652
2025-01-01,WA,Seattle,eea02781-0589-4919-9fc7-f2bfffc505e5,Rent-A-Center,General Rental Centers,24.150274
2025-01-01,PA,Philadelphia,30d04023-7ae2-4acc-ab3b-96bd10c8eecf,XPO,Couriers and Express Delivery Services,24.007917
2025-01-01,NY,New York/New Jersey,e1f88034-9969-4c89-bba2-4c174c2776fc,BJ's Optical,Offices of Other Health Practitioners,23.900167
2025-01-01,CA,Los Angeles / SF Bay Area,b991dc46-8eb7-4d6b-be08-31da95f19c3c,Boost Mobile,Wired and Wireless Telecommunications Carriers,23.868805
2025-01-01,CA,Los Angeles / SF Bay Area,22fc792e-c795-4d84-81c5-3fe3576de2cb,Boost Mobile,Wired and Wireless Telecommunications Carriers,23.868805
2025-01-01,CA,Los Angeles / SF Bay Area,2a81095a-b1d2-4873-a339-2d6a4d243e1c,Boost Mobile,Wired and Wireless Telecommunications Carriers,23.868805
2025-01-01,NY,New York/New Jersey,f9b67f04-65fa-4b41-9a00-34c4da7c5d11,Healthfirst,Insurance Carriers,23.77324
2025-01-01,NY,New York/New Jersey,e4785241-759a-4a1d-802f-5d099a7a901a,Healthfirst,Insurance Carriers,23.77324
2025-01-01,NY,New York/New Jersey,defb02a4-736b-4c75-8ac0-3d4c15a10011,MassMututal,Insurance Carriers,23.77324
2025-01-01,FL,Miami,5abf8ac0-ffd9-46ab-b642-40b99d5a22c7,ModWash,Automotive Repair and Maintenance,23.75506
2025-01-01,FL,Miami,da6b09ea-b17a-4ae3-97f7-e7f7751132ec,ZIPS Car Wash,Automotive Repair and Maintenance,23.75506
2025-01-01,FL,Miami,3d41e34c-5b58-4d30-ab86-685ecd50b589,Interstate Batteries,Automotive Repair and Maintenance,23.75506
2025-01-01,FL,Miami,b456c04b-034a-4dc2-8486-207785039862,Crash Champions,Automotive Repair and Maintenance,23.75506
2025-01-01,FL,Miami,45a8b360-0ec7-42e1-9912-2092ad2d989a,Mister Car Wash,Automotive Repair and Maintenance,23.75506
2025-01-01,FL,Miami,703ce63d-6d5b-4798-a6d9-86a41a81b9be,Bosch Service,Automotive Repair and Maintenance,23.75506
2025-01-01,FL,Miami,301f4adf-838d-446a-ad52-4ab941740a5e,Mister Car Wash,Automotive Repair and Maintenance,23.75506
2025-01-01,CA,Los Angeles / SF Bay Area,faf4b42f-d99d-4285-a664-913183a35d5e,Indian Motorcycle,Other Motor Vehicle Dealers,23.73489
2025-01-01,CA,Los Angeles / SF Bay Area,8b45f3d9-2350-40ea-a853-674936b6d2e9,Polaris,Other Motor Vehicle Dealers,23.73489
2025-01-01,CA,Los Angeles / SF Bay Area,91b10de7-03f9-488f-a0b9-0c396d07096a,Kawasaki Motors,Other Motor Vehicle Dealers,23.73489
2025-01-01,CA,Los Angeles / SF Bay Area,b3646289-b5b6-4f90-a58c-9f0de3f63fcc,Husqvarna Motorcycles,Other Motor Vehicle Dealers,23.73489
2025-01-01,FL,Miami,6f3888bb-508d-415f-92ec-3cbf284f7c49,America's Best Contacts & Eyeglasses,Offices of Other Health Practitioners,23.66446
2025-01-01,FL,Miami,6ade7fa8-6dbd-4a60-9fe4-2229b944ada5,America's Best Contacts & Eyeglasses,Offices of Other Health Practitioners,23.66446
2025-01-01,GA,Atlanta,4e52023d-7f8e-4bf7-b484-45dbc55392d0,Express Oil Change,Automotive Repair and Maintenance,23.662365
2025-01-01,GA,Atlanta,65ede53c-c975-48d1-95a7-d847f22dc766,Crash Champions,Automotive Repair and Maintenance,23.662365
2025-01-01,GA,Atlanta,b35f35d1-4847-4610-9632-57458777f120,FinishMaster,Automotive Repair and Maintenance,23.662365
2025-01-01,GA,Atlanta,f629bb53-e1c9-4b62-accc-1ab1ce571704,Goo-Goo Express Wash,Automotive Repair and Maintenance,23.662365
2025-01-01,WA,Seattle,909007d6-2d65-40d3-aeaf-d5ce5b63b887,Allstate Insurance,"Agencies, Brokerages, and Other Insurance Related Activities",23.537802
2025-01-01,PA,Philadelphia,ac9d0d2d-562b-4c73-8707-43a1af8c12fb,Boscov's Optical,Offices of Other Health Practitioners,23.5268
2025-01-01,PA,Philadelphia,10eef05e-c5c2-4c40-9d41-4f1b92adea16,Target Optical,Offices of Other Health Practitioners,23.5268
2025-01-01,NY,New York/New Jersey,e73731ca-8a91-44a8-85b3-0e2fecdedae5,AAA / CAA,"Agencies, Brokerages, and Other Insurance Related Activities",23.49633
2025-01-01,NY,New York/New Jersey,0cc38d5a-bf04-48da-9dcd-c6b97c26c2ba,Northwestern Mutual,"Agencies, Brokerages, and Other Insurance Related Activities",23.49633
2025-01-01,WA,Seattle,2157ed59-c8ec-4c68-a537-3a52b790ed42,HUB International,"Agencies, Brokerages, and Other Insurance Related Activities",23.490927
2025-01-01,NY,New York/New Jersey,f74fc39b-eaef-44cc-a066-65e50db90c30,Aspen Dental,Offices of Dentists,23.407164
2025-01-01,FL,Miami,faea477a-6da9-48ea-8833-647a5d940e83,ACE Cash Express,Activities Related to Credit Intermediation,23.404627
2025-01-01,FL,Miami,8a3fc72b-6283-4858-bfba-0df630ddbe65,Amscot,Activities Related to Credit Intermediation,23.404627
2025-01-01,CA,Los Angeles / SF Bay Area,653d9f63-508d-4fd0-88a8-dbeeb2920140,Veterinary Emergency Group,"Other Professional, Scientific, and Technical Services",23.385689
2025-01-01,CA,Los Angeles / SF Bay Area,934825f1-ebe3-4f70-9898-c171ab9a388e,Eye Care for Animals,"Other Professional, Scientific, and Technical Services",23.385689
2025-01-01,CA,Los Angeles / SF Bay Area,be3752af-b7d3-4f95-bfd6-856b9517d6cb,Ferguson,"Hardware, and Plumbing and Heating Equipment and Supplies Merchant Wholesalers",23.377254
2025-01-01,CA,Los Angeles / SF Bay Area,795e4194-4cf8-4fd4-9666-c2626d7f644a,Gemaire,"Hardware, and Plumbing and Heating Equipment and Supplies Merchant Wholesalers",23.377254
2025-01-01,FL,Miami,5d2f316b-e2f0-43c3-b560-db60fda04f16,Avis Rent A Car,Automotive Equipment Rental and Leasing,23.307621
2025-01-01,FL,Miami,16ed2562-ff61-4f00-8470-071f77ed6740,Avis Rent A Car,Automotive Equipment Rental and Leasing,23.307621
2025-01-01,FL,Miami,67e3213c-b256-4e46-b2ce-d6abf1a69de6,Thrifty Car Rental International,Automotive Equipment Rental and Leasing,23.307621
2025-01-01,FL,Miami,7e9f8fdb-17fb-48fb-a80e-a4073e133e54,Thrifty Car Rental International,Automotive Equipment Rental and Leasing,23.307621
2025-01-01,FL,Miami,d00fa820-7fa8-4da1-80b4-446f081804d0,Dollar Rent A Car,Automotive Equipment Rental and Leasing,23.307621
2025-01-01,GA,Atlanta,7a4ca17c-447c-47b5-9dfd-86cc7a15f338,Aspen Dental,Offices of Dentists,23.271114
2025-01-01,CA,Los Angeles / SF Bay Area,68f2daf3-e3e7-46f4-9bb3-3cee4bd0e0a8,Watermill Express,Specialty Food Stores,23.081121
2025-01-01,CA,Los Angeles / SF Bay Area,4d2ad5e7-1e2a-4827-b220-c1da3d1e5c9e,Watermill Express,Specialty Food Stores,23.081121
2025-01-01,FL,Miami,1d529959-e7bf-428f-b883-90944f39a34b,Auto Value,"Automotive Parts, Accessories, and Tire Stores",23.039968
2025-01-01,FL,Miami,cb508e30-9c8b-4143-baec-47571aa295a9,Auto Value,"Automotive Parts, Accessories, and Tire Stores",23.039968
2025-01-01,FL,Miami,c3b11848-1346-42e1-b080-a44d1f0df4f2,Auto Value,"Automotive Parts, Accessories, and Tire Stores",23.039968
2025-01-01,FL,Miami,6bb520e8-4e97-472a-9f5e-aaf0395c25c4,Auto Value,"Automotive Parts, Accessories, and Tire Stores",23.039968
2025-01-01,FL,Miami,99b1cd4b-1e40-4990-9f9c-37053492c9a2,Auto Value,"Automotive Parts, Accessories, and Tire Stores",23.039968
2025-01-01,GA,Atlanta,13ba2cc4-b9aa-43d6-9708-59fb3d36ac8a,GoodVets,"Other Professional, Scientific, and Technical Services",23.028158
2025-01-01,GA,Atlanta,8e7fdca9-bc75-49a3-8650-18d6a4282bfe,BJ's Optical,Offices of Other Health Practitioners,23.01372
2025-01-01,TX,Dallas / Houston,e3c217e6-2508-459d-ba3b-0c7d9517fb06,Charlotte Tilbury,Health and Personal Care Stores,22.997826
2025-01-01,TX,Dallas / Houston,39eaea1c-8305-4697-8227-2f0cccc4952f,Charlotte Tilbury,Health and Personal Care Stores,22.997826
2025-01-01,TX,Dallas / Houston,9334a240-fd16-421a-9f21-24b808c13b6d,Charlotte Tilbury,Health and Personal Care Stores,22.997826
2025-01-01,PA,Philadelphia,e64392e8-683d-4d19-819c-38069dffb12f,Ford Motor Company,Automobile Dealers,22.853138
2025-01-01,PA,Philadelphia,650eb6c1-a662-4c95-91ab-1944376d7f87,Progressive,"Agencies, Brokerages, and Other Insurance Related Activities",22.83161
2025-01-01,PA,Philadelphia,442457ef-2beb-4b26-bebd-fc9782b7bfe7,Progressive,"Agencies, Brokerages, and Other Insurance Related Activities",22.83161
2025-01-01,PA,Philadelphia,62a37143-6ba9-4e00-8eff-81cf0639c174,Progressive,"Agencies, Brokerages, and Other Insurance Related Activities",22.83161
2025-01-01,PA,Philadelphia,13624667-80ed-4381-b7e3-cde255c2c403,Progressive,"Agencies, Brokerages, and Other Insurance Related Activities",22.83161
2025-01-01,PA,Philadelphia,496eeddc-ac32-419b-8df7-e0d549dea1ae,Progressive,"Agencies, Brokerages, and Other Insurance Related Activities",22.83161
2025-01-01,PA,Philadelphia,5b0ea433-bb18-424d-80bf-f9d98cb8744f,Progressive,"Agencies, Brokerages, and Other Insurance Related Activities",22.83161
2025-01-01,PA,Philadelphia,5a1f70f8-2fc5-45d1-bf9c-5cb8158fa0da,Progressive,"Agencies, Brokerages, and Other Insurance Related Activities",22.83161
2025-01-01,PA,Philadelphia,01a9b9ba-7474-49f5-9d3f-93a1470cbeb1,Progressive,"Agencies, Brokerages, and Other Insurance Related Activities",22.83161
2025-01-01,PA,Philadelphia,0fa4f29d-0e53-4b9a-b416-bbca1971012e,Progressive,"Agencies, Brokerages, and Other Insurance Related Activities",22.83161
2025-01-01,PA,Philadelphia,74a3ed37-11b7-4d01-84d5-c441bb6b35af,Progressive,"Agencies, Brokerages, and Other Insurance Related Activities",22.83161
2025-01-01,PA,Philadelphia,8678bbcb-bc27-405a-989c-e268393f298f,Progressive,"Agencies, Brokerages, and Other Insurance Related Activities",22.83161
2025-01-01,PA,Philadelphia,be995201-e356-40d9-b3d0-4e1728e4faf2,Progressive,"Agencies, Brokerages, and Other Insurance Related Activities",22.83161
2025-01-01,PA,Philadelphia,b539aafb-69df-4533-a052-4c139918e417,Progressive,"Agencies, Brokerages, and Other Insurance Related Activities",22.83161
2025-01-01,PA,Philadelphia,fad4ff9f-b716-4432-9772-efed15cd5d08,Progressive,"Agencies, Brokerages, and Other Insurance Related Activities",22.83161
2025-01-01,PA,Philadelphia,962b5f3c-2736-4b32-91a3-a681bd330e98,Progressive,"Agencies, Brokerages, and Other Insurance Related Activities",22.83161
2025-01-01,PA,Philadelphia,f9241101-ccf7-4101-84cf-f44d254e55ae,Progressive,"Agencies, Brokerages, and Other Insurance Related Activities",22.83161
2025-01-01,PA,Philadelphia,cc2825f2-ebae-4b17-8adb-02823f836a74,Progressive,"Agencies, Brokerages, and Other Insurance Related Activities",22.83161
2025-01-01,PA,Philadelphia,a69fc585-e67d-4958-ba0a-40c8cee99047,Progressive,"Agencies, Brokerages, and Other Insurance Related Activities",22.83161
2025-01-01,PA,Philadelphia,f8758b5e-85a1-4a9c-814a-d1ae542a8526,Progressive,"Agencies, Brokerages, and Other Insurance Related Activities",22.83161
2025-01-01,CA,Los Angeles / SF Bay Area,be907d7e-f723-49d1-8a16-ff47ee8c47f4,Meineke Car Care Centers,Automotive Repair and Maintenance,22.713833
2025-01-01,CA,Los Angeles / SF Bay Area,eca771dc-26b8-4e9d-bc71-eace92092cfc,Safelite,Automotive Repair and Maintenance,22.713833
2025-01-01,CA,Los Angeles / SF Bay Area,384aa6b9-37f4-424c-86d2-3899f5884493,CSN Corrossier ProColor,Automotive Repair and Maintenance,22.713833
2025-01-01,CA,Los Angeles / SF Bay Area,ec3f0362-de5c-4e23-815a-4894446d6c0f,Bosch Service,Automotive Repair and Maintenance,22.713833
2025-01-01,CA,Los Angeles / SF Bay Area,ea331fa4-4b3a-4120-ae34-147023fc3e71,Fix Auto Worldwide,Automotive Repair and Maintenance,22.713833
2025-01-01,CA,Los Angeles / SF Bay Area,cb1f500b-d949-40a5-be47-7177d0b7be88,Bosch Service,Automotive Repair and Maintenance,22.713833
2025-01-01,CA,Los Angeles / SF Bay Area,c60a29d4-07a0-4c8d-a62f-b77ec6443c1c,Rocket Car Wash,Automotive Repair and Maintenance,22.713833
2025-01-01,CA,Los Angeles / SF Bay Area,001e6ad1-59c9-4f3c-823c-8452551ac80a,Tint World,Automotive Repair and Maintenance,22.713833
2025-01-01,CA,Los Angeles / SF Bay Area,7ad01a96-bff5-4470-90ed-b1f925825bbf,Castrol Premium Lube Express,Automotive Repair and Maintenance,22.713833
2025-01-01,MO,Kansas City,71ea23b2-ca33-4e0c-bb58-5037611780ac,Ford Motor Company,Automobile Dealers,22.579777
2025-01-01,KS,Kansas City,f5c0262e-a9b4-475b-a033-a4a40ea96822,Progressive,"Agencies, Brokerages, and Other Insurance Related Activities",22.550022
2025-01-01,KS,Kansas City,5e6e9541-77f7-4315-b0b3-6d5a927dc64e,Progressive,"Agencies, Brokerages, and Other Insurance Related Activities",22.550022
2025-01-01,KS,Kansas City,523947c4-7d89-4d94-b110-2a775ec6ef16,Progressive,"Agencies, Brokerages, and Other Insurance Related Activities",22.550022
2025-01-01,GA,Atlanta,79212cdd-f3a9-4bc9-ae78-ae7960d1c07b,Georgia Farm Bureau Auto Insurance,"Agencies, Brokerages, and Other Insurance Related Activities",22.538958
2025-01-01,GA,Atlanta,5e329b60-04bc-47bf-9c56-10ce2fed5a6d,Georgia Farm Bureau Auto Insurance,"Agencies, Brokerages, and Other Insurance Related Activities",22.538958
2025-01-01,GA,Atlanta,bb7f42f3-c355-48c5-974a-a92087607460,Georgia Farm Bureau Auto Insurance,"Agencies, Brokerages, and Other Insurance Related Activities",22.538958
2025-01-01,GA,Atlanta,c84bca0e-bea1-435a-b619-d8c54c2ca0a2,Georgia Farm Bureau Auto Insurance,"Agencies, Brokerages, and Other Insurance Related Activities",22.538958
2025-01-01,TX,Dallas / Houston,0e4a4923-123d-4e51-bc42-e245c384c9e7,Prime Lending,Activities Related to Credit Intermediation,22.34614
2025-01-01,TX,Dallas / Houston,b1b4024c-3080-45df-b66d-644260697995,ACE Cash Express,Activities Related to Credit Intermediation,22.34614
2025-01-01,TX,Dallas / Houston,1de22c4d-a875-4dd0-a393-96c642b799b1,Security Finance,Activities Related to Credit Intermediation,22.34614
2025-01-01,TX,Dallas / Houston,149805e3-a910-487b-ae6b-af679678b53d,Security Finance,Activities Related to Credit Intermediation,22.34614
2025-01-01,TX,Dallas / Houston,ae74adc8-80f0-45d8-bc7a-6bce4c1770d8,Security Finance,Activities Related to Credit Intermediation,22.34614
2025-01-01,TX,Dallas / Houston,8adfa2de-8212-4427-95ea-666f9bc18625,Ria Money Transfer,Activities Related to Credit Intermediation,22.34614
2025-01-01,TX,Dallas / Houston,0a2361c4-be7e-432e-99cb-7c6619f6f817,ACE Cash Express,Activities Related to Credit Intermediation,22.34614
2025-01-01,TX,Dallas / Houston,3b730978-f63b-4989-9b86-faa9419bfffd,ACE Cash Express,Activities Related to Credit Intermediation,22.34614
2025-01-01,GA,Atlanta,3d833d87-9e87-4b70-b4d2-7f64ce812ca9,Boost Mobile,Wired and Wireless Telecommunications Carriers,22.321444
2025-01-01,GA,Atlanta,1184a0fa-a790-45b6-9272-b9fc6c185778,Boost Mobile,Wired and Wireless Telecommunications Carriers,22.321444
2025-01-01,CA,Los Angeles / SF Bay Area,5f0dcd0c-554a-4fbb-af13-2f0129c1fa6f,Anixter,Household Appliances and Electrical and Electronic Goods Merchant Wholesalers,22.289373
2025-01-01,NY,New York/New Jersey,5f4dea10-92fb-41d5-92e7-9162227543e3,Polaris,Other Motor Vehicle Dealers,22.28155
2025-01-01,CA,Los Angeles / SF Bay Area,af8ea2db-197c-45e9-8ba1-62741fd13967,Enterprise Rent-A-Car,Automotive Equipment Rental and Leasing,22.223679
2025-01-01,CA,Los Angeles / SF Bay Area,5deb2dd6-c020-45c3-ba30-f68916e95831,Enterprise Rent-A-Car,Automotive Equipment Rental and Leasing,22.223679
2025-01-01,CA,Los Angeles / SF Bay Area,10f565e0-aa35-4953-943c-53a2f82cb13f,Enterprise Rent-A-Car,Automotive Equipment Rental and Leasing,22.223679
2025-01-01,FL,Miami,6c1eceee-8cf3-4cda-8bcd-ccfc25317188,State Farm,"Agencies, Brokerages, and Other Insurance Related Activities",22.207792
2025-01-01,FL,Miami,538692da-5ebd-4be3-9619-d5feed43e058,State Farm,"Agencies, Brokerages, and Other Insurance Related Activities",22.207792
2025-01-01,FL,Miami,7896acfe-4191-4bce-9c1f-2d8f6a1be853,State Farm,"Agencies, Brokerages, and Other Insurance Related Activities",22.207792
2025-01-01,FL,Miami,d179f1ab-c44f-4fd8-bafa-7fded83875d0,State Farm,"Agencies, Brokerages, and Other Insurance Related Activities",22.207792
2025-01-01,FL,Miami,8665288a-a96f-493e-abad-1dba1a170e05,State Farm,"Agencies, Brokerages, and Other Insurance Related Activities",22.207792
2025-01-01,FL,Miami,a428aca4-4940-43ae-8e70-31d3d50b7527,State Farm,"Agencies, Brokerages, and Other Insurance Related Activities",22.207792
2025-01-01,FL,Miami,292a2061-c668-4661-b4b4-4cac2e9d11c0,State Farm,"Agencies, Brokerages, and Other Insurance Related Activities",22.207792
2025-01-01,FL,Miami,a8cabd1c-a72e-41d3-8f73-1180e1a1bfc2,State Farm,"Agencies, Brokerages, and Other Insurance Related Activities",22.207792
2025-01-01,MO,Kansas City,49472aba-cf86-4279-9c94-5126efa28f00,Gerber Collision,Automotive Repair and Maintenance,22.060026
2025-01-01,MO,Kansas City,82969096-e758-4c77-98a5-f1308e538718,Club Carwash,Automotive Repair and Maintenance,22.060026
2025-01-01,MO,Kansas City,46aff5d0-eb8a-4f2d-84ff-cebf468ca73c,Shelter Insurance,"Agencies, Brokerages, and Other Insurance Related Activities",22.050209
2025-01-01,MO,Kansas City,f6b81691-39c4-4276-940a-fcfde92c752e,Shelter Insurance,"Agencies, Brokerages, and Other Insurance Related Activities",22.050209
2025-01-01,CA,Los Angeles / SF Bay Area,ca5548b6-bc6a-43b1-8c51-ca566ae29335,Republic Services,Waste Treatment and Disposal,21.96549
2025-01-01,CA,Los Angeles / SF Bay Area,c1fbd229-353d-45aa-84ad-86dc957822ea,Amtrak,Rail Transportation,21.96549
2025-01-01,CA,Los Angeles / SF Bay Area,a5366acf-6c26-45ce-9858-049c0adcceb7,CPR Cell Phone Repair,Electronic and Precision Equipment Repair and Maintenance,21.96549
2025-01-01,CA,Los Angeles / SF Bay Area,abc259be-a611-41e5-a34a-b5a9ccf5452b,Airgas,Chemical and Allied Products Merchant Wholesalers,21.96549
2025-01-01,CA,Los Angeles / SF Bay Area,0ef8977d-c5fb-43b8-8b99-7c6cec1e2d67,Digital Realty,"Data Processing, Hosting, and Related Services",21.96549
2025-01-01,CA,Los Angeles / SF Bay Area,c8c8cf85-a271-4f3a-9c7f-0bcdfbafc896,Securitas,Investigation and Security Services,21.96549
2025-01-01,CA,Los Angeles / SF Bay Area,c902369c-1204-4f6d-b55d-8f280fc51180,Berluti,Other Leather and Allied Product Manufacturing,21.96549
2025-01-01,CA,Los Angeles / SF Bay Area,746f6c74-7790-46ea-aecb-d0522504933a,Amtrak,Rail Transportation,21.96549
2025-01-01,CA,Los Angeles / SF Bay Area,9407e01e-41a1-44f7-97e0-6255387d30ad,PostalAnnex+,"Advertising, Public Relations, and Related Services",21.96549
2025-01-01,CA,Los Angeles / SF Bay Area,2cc546ef-f83b-4ee4-9e98-a38ba03638e6,Pump It Up,Amusement Parks and Arcades,21.96549
2025-01-01,CA,Los Angeles / SF Bay Area,cbf17f5c-7c92-4c64-a6f3-d8d643e80e31,Amtrak,Rail Transportation,21.96549
2025-01-01,CA,Los Angeles / SF Bay Area,6a5a780f-82bd-4b00-b83e-99383959df19,Securitas,Investigation and Security Services,21.96549
2025-01-01,CA,Los Angeles / SF Bay Area,31a54e8c-7f20-4016-8493-77beb658c321,KOA (Kampgrounds of America),RV (Recreational Vehicle) Parks and Recreational Camps,21.96549
2025-01-01,CA,Los Angeles / SF Bay Area,30933b07-0631-4e50-bd63-5b184222683b,PostalAnnex+,"Advertising, Public Relations, and Related Services",21.96549
2025-01-01,CA,Los Angeles / SF Bay Area,5b7a0d57-ecc9-4420-a5f3-111dd2f29574,Accenture,"Management, Scientific, and Technical Consulting Services",21.96549
2025-01-01,CA,Los Angeles / SF Bay Area,e1564fc3-9d88-41ca-be66-b608796a0ae7,Republic Services,Waste Treatment and Disposal,21.96549
2025-01-01,CA,Los Angeles / SF Bay Area,521b635d-bbe8-40b4-9621-7d0b6686f26a,Golfland,Amusement Parks and Arcades,21.96549
2025-01-01,CA,Los Angeles / SF Bay Area,3a792015-b9b1-423d-827d-986a450a086a,ServiceMaster Restoration Services,Personal and Household Goods Repair and Maintenance,21.96549
2025-01-01,CA,Los Angeles / SF Bay Area,f729cd76-6145-43d0-ab46-d4c380fe48bf,Linde Gas & Equipment,Chemical and Allied Products Merchant Wholesalers,21.96549
2025-01-01,CA,Los Angeles / SF Bay Area,458ca2b4-a159-4625-b574-4e92ab688723,Two Men And A Truck,Specialized Freight Trucking,21.96549
2025-01-01,MA,Boston,276782e5-61ab-4b9a-a44f-e72a8f49f1f7,CMG Financial,Activities Related to Credit Intermediation,21.941137
2025-01-01,MA,Boston,c88ce661-6295-4e10-9190-4d301b0e85cc,Progressive,"Agencies, Brokerages, and Other Insurance Related Activities",21.917227
2025-01-01,MA,Boston,1ca9eaa5-c4b9-46b4-85e0-8c9c251de99e,Progressive,"Agencies, Brokerages, and Other Insurance Related Activities",21.917227
2025-01-01,MA,Boston,8cbf9396-6a95-45f8-b021-b4e68c6f249f,Mobil,Gasoline Stations,21.915648
2025-01-01,MA,Boston,1fe14b38-831d-4ca2-8a8b-e66b0710bbb2,Mobil,Gasoline Stations,21.915648
2025-01-01,MA,Boston,bf78c753-5444-4e55-b1f7-e9511c06921a,Mobil,Gasoline Stations,21.915648
2025-01-01,MA,Boston,4bb35ec4-0ca6-4e86-a70a-528d50eb572c,Mobil,Gasoline Stations,21.915648
2025-01-01,MA,Boston,53428dc2-7e4f-4d58-b824-786563851ae5,Mobil,Gasoline Stations,21.915648
2025-01-01,MA,Boston,303c281f-4892-404f-83db-21a62ebc9a2d,Mobil,Gasoline Stations,21.915648
2025-01-01,TX,Dallas / Houston,43054fdd-0380-4332-9c2d-dc30ffc01c3b,Allstate Insurance,"Agencies, Brokerages, and Other Insurance Related Activities",21.813017
2025-01-01,TX,Dallas / Houston,041beab3-f9c2-4094-bb6e-a97833aac677,Allstate Insurance,"Agencies, Brokerages, and Other Insurance Related Activities",21.813017
2025-01-01,TX,Dallas / Houston,cdedb206-6334-4a8f-bcb0-68bfd2043ab3,Allstate Insurance,"Agencies, Brokerages, and Other Insurance Related Activities",21.813017
2025-01-01,TX,Dallas / Houston,18317e3a-0971-492f-8780-0b56ac436621,Allstate Insurance,"Agencies, Brokerages, and Other Insurance Related Activities",21.813017
2025-01-01,TX,Dallas / Houston,8d2966a3-9f9d-4814-8607-77ad5f5d9efd,Allstate Insurance,"Agencies, Brokerages, and Other Insurance Related Activities",21.813017
2025-01-01,PA,Philadelphia,5f6f9c89-5298-41de-a427-bbe11d63326a,FedEx,Couriers and Express Delivery Services,21.756525
2025-01-01,TX,Dallas / Houston,037c1bb1-4bb1-4a8e-8c1d-9f58411a4e4e,Budget Truck Rental,Automotive Equipment Rental and Leasing,21.714624
2025-01-01,TX,Dallas / Houston,250cec11-a628-45af-9325-0fe6589c3a4c,Budget Truck Rental,Automotive Equipment Rental and Leasing,21.714624
2025-01-01,TX,Dallas / Houston,24f38300-5084-4efe-9294-75b1de9d540d,Budget Rent A Car,Automotive Equipment Rental and Leasing,21.714624
2025-01-01,TX,Dallas / Houston,f7718b1c-7932-4430-bf19-a1f67af940d0,Freeway Insurance Services,"Agencies, Brokerages, and Other Insurance Related Activities",21.400637
2025-01-01,TX,Dallas / Houston,244b3272-68d4-44ad-b2b0-f73158712856,A-MAX Auto Insurance,"Agencies, Brokerages, and Other Insurance Related Activities",21.400637
2025-01-01,TX,Dallas / Houston,5022f266-aad5-4735-bb63-1fefb4fadcb6,HUB International,"Agencies, Brokerages, and Other Insurance Related Activities",21.400637
2025-01-01,TX,Dallas / Houston,14b759f8-6a22-4003-a3d8-31679711db5c,Freeway Insurance Services,"Agencies, Brokerages, and Other Insurance Related Activities",21.400637
2025-01-01,TX,Dallas / Houston,ef3a4542-5bc2-46cb-987a-0cd0fb8ca69b,Pronto Insurance,"Agencies, Brokerages, and Other Insurance Related Activities",21.400637
2025-01-01,TX,Dallas / Houston,02202c6d-5158-4720-bbab-d3787b2f3a2c,A-MAX Auto Insurance,"Agencies, Brokerages, and Other Insurance Related Activities",21.400637
2025-01-01,TX,Dallas / Houston,44eeecc8-6877-49b9-9d15-62b2fe457c6a,Crawford & Company,"Agencies, Brokerages, and Other Insurance Related Activities",21.400637
2025-01-01,TX,Dallas / Houston,98339f54-9eed-439c-aacd-82a70cd0c29e,Freeway Insurance Services,"Agencies, Brokerages, and Other Insurance Related Activities",21.400637
2025-01-01,MA,Boston,63362293-2995-473d-bdc0-fc562187aadc,Golden Nozzle Car Wash,Automotive Repair and Maintenance,21.31762
2025-01-01,TX,Dallas / Houston,0b6dba73-9eb0-44d8-9664-6096feaec49c,City Electric Supply,Household Appliances and Electrical and Electronic Goods Merchant Wholesalers,21.233374
2025-01-01,PA,Philadelphia,5011e7fb-f677-43d3-8903-96983540b221,Mavis Discount Tire,Automotive Repair and Maintenance,21.197912
2025-01-01,PA,Philadelphia,77151095-604e-4734-988d-cefd9f7f5f9b,Mavis Discount Tire,Automotive Repair and Maintenance,21.197912
2025-01-01,PA,Philadelphia,0b77df78-b677-4dab-9671-80001d23ee6f,AMBEST,Automotive Repair and Maintenance,21.197912
2025-01-01,PA,Philadelphia,cf7bcd9f-b5d0-47c2-8850-77c4df347b6b,Mister Car Wash,Automotive Repair and Maintenance,21.197912
2025-01-01,PA,Philadelphia,49c71d73-58ce-48d6-bf71-346ffa7d5cfd,Bosch Service,Automotive Repair and Maintenance,21.197912
2025-01-01,NJ,New York/New Jersey,3ed8b9ad-f88e-4f9f-9737-956bf4cb570b,Ferguson,"Hardware, and Plumbing and Heating Equipment and Supplies Merchant Wholesalers",21.120197
2025-01-01,NJ,New York/New Jersey,43a0d3d5-bb6a-4def-afc0-1b53755eb952,Ferguson,"Hardware, and Plumbing and Heating Equipment and Supplies Merchant Wholesalers",21.120197
2025-01-01,CA,Los Angeles / SF Bay Area,baf01732-c934-4e09-a066-84ec88870670,Century 21 Real Estate,Offices of Real Estate Agents and Brokers,21.113543
2025-01-01,CA,Los Angeles / SF Bay Area,e308a434-b5a0-419d-94ff-c9c208634552,Century 21 Real Estate,Offices of Real Estate Agents and Brokers,21.113543
2025-01-01,KS,Kansas City,8b7a4646-ee75-4a44-bbb0-a07e8bdeb582,Advance America,Nondepository Credit Intermediation,21.1026
2025-01-01,KS,Kansas City,81d010c2-5860-418e-9d0a-0e82fb2615df,LoanMax,Nondepository Credit Intermediation,21.1026
2025-01-01,MA,Boston,6307e7f7-520a-4b48-a2f0-553be5b008a1,Banfield Pet Hospital,"Other Professional, Scientific, and Technical Services",21.075558
2025-01-01,MA,Boston,cfaa7f3b-c342-400a-9d93-90015689f29f,Banfield Pet Hospital,"Other Professional, Scientific, and Technical Services",21.075558
2025-01-01,CA,Los Angeles / SF Bay Area,6a2ad2eb-8a1b-4221-b39b-4faa8df8f7c5,PACK-RAT,Consumer Goods Rental,21.05739
2025-01-01,KS,Kansas City,0cd9cf4c-cd31-49c5-ad72-cbdf1f49889d,AT&T,Wired and Wireless Telecommunications Carriers,21.048668
2025-01-01,WA,Seattle,25f4dbdd-6217-46a2-9b4e-63d93659f144,BluePearl Veterinary Partners,"Other Professional, Scientific, and Technical Services",21.002241
2025-01-01,FL,Miami,05fa29f0-7ddd-45a4-b8e8-7a0bab5cab04,Jackson Hewitt Tax Service,"Accounting, Tax Preparation, Bookkeeping, and Payroll Services",20.995947
2025-01-01,FL,Miami,6a9c9662-b90b-4da4-b7f8-753fb11684f5,Jackson Hewitt Tax Service,"Accounting, Tax Preparation, Bookkeeping, and Payroll Services",20.995947
2025-01-01,FL,Miami,13605a6e-2919-4370-9d18-ab3f28f00ea4,Jackson Hewitt Tax Service,"Accounting, Tax Preparation, Bookkeeping, and Payroll Services",20.995947
2025-01-01,FL,Miami,2992794f-bb78-4d02-bd89-2936bf6b8caa,BluePearl Veterinary Partners,"Other Professional, Scientific, and Technical Services",20.950653
2025-01-01,NY,New York/New Jersey,a5db4ec9-7e88-4e0f-b08a-1851593d3cf7,Allstate Insurance,"Agencies, Brokerages, and Other Insurance Related Activities",20.926685
2025-01-01,NY,New York/New Jersey,e61bf247-62c0-4e3b-9a5e-f4904ce7cd44,Allstate Insurance,"Agencies, Brokerages, and Other Insurance Related Activities",20.926685
2025-01-01,NY,New York/New Jersey,ac3d78ed-b87a-4362-a06a-8c5616558476,Allstate Insurance,"Agencies, Brokerages, and Other Insurance Related Activities",20.926685
2025-01-01,NY,New York/New Jersey,baf979b7-15ad-40ba-bb36-f3560f0ef538,Allstate Insurance,"Agencies, Brokerages, and Other Insurance Related Activities",20.926685
2025-01-01,NY,New York/New Jersey,be35e85c-2781-423f-a6ea-5de5dd965bbe,Allstate Insurance,"Agencies, Brokerages, and Other Insurance Related Activities",20.926685
2025-01-01,TX,Dallas / Houston,622cc725-c29c-4b5a-b60a-def269bb97dd,Suzuki,Other Motor Vehicle Dealers,20.817053
2025-01-01,TX,Dallas / Houston,c63727d3-a2e6-4a44-90d2-9800b9733e55,Suzuki,Other Motor Vehicle Dealers,20.817053
2025-01-01,TX,Dallas / Houston,9265377c-47df-4bfa-a486-b0a0648d9291,Suzuki,Other Motor Vehicle Dealers,20.817053
2025-01-01,TX,Dallas / Houston,bf8f428d-9a73-4c78-a407-e7dfe8dc9a4e,Car Spa,Automotive Repair and Maintenance,20.770035
2025-01-01,TX,Dallas / Houston,1a8f57de-57b9-447c-8756-d202f00368a2,Christian Brothers Automotive,Automotive Repair and Maintenance,20.770035
2025-01-01,TX,Dallas / Houston,b1ecbf83-bd45-45ac-bef9-29d05444f4f0,FleetPride,Automotive Repair and Maintenance,20.770035
2025-01-01,TX,Dallas / Houston,0e701276-71b8-4ac1-8e50-f73d9ffb27e3,Take 5 Oil Change,Automotive Repair and Maintenance,20.770035
2025-01-01,TX,Dallas / Houston,da5d9e96-80db-47bf-bf26-2d22b16d5100,Take 5 Oil Change,Automotive Repair and Maintenance,20.770035
2025-01-01,TX,Dallas / Houston,92494aa2-cd4f-47e9-9ac7-e7f1b9c0945d,Brake Check,Automotive Repair and Maintenance,20.770035
2025-01-01,TX,Dallas / Houston,11f8f763-ec66-48f8-8171-771a394531ac,Black Optix Tint,Automotive Repair and Maintenance,20.770035
2025-01-01,TX,Dallas / Houston,fb44706d-d4e4-4d51-b62e-c86bb5dee805,Tommy's Express Car Wash,Automotive Repair and Maintenance,20.770035
2025-01-01,TX,Dallas / Houston,7082558a-18a0-4357-a95c-103d5b34bad8,Take 5 Oil Change,Automotive Repair and Maintenance,20.770035
2025-01-01,TX,Dallas / Houston,d5ffcdf9-53c3-44a4-8513-28d1a7bc1c9f,Crash Champions,Automotive Repair and Maintenance,20.770035
2025-01-01,TX,Dallas / Houston,35a614e8-8f94-4bde-81b2-6aff9a2a8125,Classic Collision Inc,Automotive Repair and Maintenance,20.770035
2025-01-01,TX,Dallas / Houston,6787e2ab-e519-48a5-845d-e74f428b51be,Take 5 Oil Change,Automotive Repair and Maintenance,20.770035
2025-01-01,TX,Dallas / Houston,bd01ccf4-e57c-4fb7-a3e2-c5459973f551,Christian Brothers Automotive,Automotive Repair and Maintenance,20.770035
2025-01-01,TX,Dallas / Houston,26fb3895-4f98-47d5-b148-3bae6d19fe7d,Grease Monkey Auto,Automotive Repair and Maintenance,20.770035
2025-01-01,TX,Dallas / Houston,98b429bd-c975-4c62-8340-f4aae37dd302,Bosselman Boss Shop,Automotive Repair and Maintenance,20.770035
2025-01-01,TX,Dallas / Houston,6f42ed5b-867d-4be5-9126-57b412e35214,Kwik Kar,Automotive Repair and Maintenance,20.770035
2025-01-01,TX,Dallas / Houston,55fe9fbf-8fb9-4aef-b669-29210417eaae,Take 5 Oil Change,Automotive Repair and Maintenance,20.770035
2025-01-01,TX,Dallas / Houston,29405ccf-58ca-4dc5-b6b3-8cb3fe4d0e1f,Christian Brothers Automotive,Automotive Repair and Maintenance,20.770035
2025-01-01,TX,Dallas / Houston,ea6b3210-7b93-4b62-ba41-1e7942cd6206,Express Oil Change,Automotive Repair and Maintenance,20.770035
2025-01-01,MA,Boston,7b1172aa-c985-4cd2-9d4d-87ff187afca6,SCP Distributors,Miscellaneous Durable Goods Merchant Wholesalers,20.756865
2025-01-01,GA,Atlanta,da7a20bb-4575-42f1-b555-d16a0ebf455f,Allstate Insurance,"Agencies, Brokerages, and Other Insurance Related Activities",20.736395
2025-01-01,GA,Atlanta,b5741ab0-5b63-4bd8-8e5f-533c51faa985,Allstate Insurance,"Agencies, Brokerages, and Other Insurance Related Activities",20.736395
2025-01-01,GA,Atlanta,037d4445-844e-4b6f-8adc-7686f114680e,Allstate Insurance,"Agencies, Brokerages, and Other Insurance Related Activities",20.736395
2025-01-01,GA,Atlanta,cc8df65d-33ab-41dd-a35a-999256e92d46,Allstate Insurance,"Agencies, Brokerages, and Other Insurance Related Activities",20.736395
2025-01-01,GA,Atlanta,a323e525-2616-40b6-932f-52621836817c,Allstate Insurance,"Agencies, Brokerages, and Other Insurance Related Activities",20.736395
2025-01-01,GA,Atlanta,ef6401f4-c725-430a-b5bb-43af875fc871,Allstate Insurance,"Agencies, Brokerages, and Other Insurance Related Activities",20.736395
2025-01-01,CA,Los Angeles / SF Bay Area,3ca4ff81-7137-499f-ae4d-1e8c4bd5bb20,Mattress Firm,Furniture Stores,20.602472
2025-01-01,CA,Los Angeles / SF Bay Area,0e61f9f6-f6ca-4c46-8c7a-411382073f90,Mattress Firm,Furniture Stores,20.602472
2025-01-01,CA,Los Angeles / SF Bay Area,72e7da0e-c73c-4a88-889b-6f48b258b48f,Mattress Firm,Furniture Stores,20.602472
2025-01-01,NY,New York/New Jersey,15d0b455-da60-4380-a0c8-c9b7f3622431,Geodis,Warehousing and Storage,20.208364
2025-01-01,NY,New York/New Jersey,b8429a21-0d77-4b9e-a105-629d8dffd05a,Storage Mart,Warehousing and Storage,20.208364
2025-01-01,NY,New York/New Jersey,480bf5de-58df-4f4f-bf50-5675de46b7dc,Lineage Logistics,Warehousing and Storage,20.208364
2025-01-01,FL,Miami,c9be8b0e-2e48-4c9c-9dae-44e218adb2e4,Freedom Boat Club,Other Motor Vehicle Dealers,20.089327
2025-01-01,FL,Miami,870e8784-e075-4f6a-bd38-ed3311debd0f,Freedom Boat Club,Other Motor Vehicle Dealers,20.089327
2025-01-01,FL,Miami,872ff513-e25b-4018-bc7c-7330136f0e1a,MarineMax,Other Motor Vehicle Dealers,20.089327
2025-01-01,WA,Seattle,c34080ea-af7c-4230-9c97-9f61347f4790,Sixt Rent-A-Car,Automotive Equipment Rental and Leasing,20.087296
2025-01-01,MO,Kansas City,1228b618-6e43-4ca8-8e77-33547c8f6c7a,MassMututal,Insurance Carriers,20.072645
2025-01-01,MO,Kansas City,87b54f7b-a3d2-4217-bcf1-a5535556b010,AT&T,Wired and Wireless Telecommunications Carriers,19.905188
2025-01-01,NY,New York/New Jersey,236a82c3-48c3-4c43-abdf-fc6f59bc776f,PetVet,"Other Professional, Scientific, and Technical Services",19.773533
2025-01-01,GA,Atlanta,b9ece6a8-56b4-4d77-96c8-975073d7c571,Charlotte Tilbury,Health and Personal Care Stores,19.73832
2025-01-01,TX,Dallas / Houston,c059aeae-c6ea-473c-81bb-cd92aab4abad,State Farm,"Agencies, Brokerages, and Other Insurance Related Activities",19.71101
2025-01-01,TX,Dallas / Houston,131c4a5d-4f6f-41d1-b591-278997f87bff,State Farm,"Agencies, Brokerages, and Other Insurance Related Activities",19.71101
2025-01-01,TX,Dallas / Houston,d1be5078-a43e-4975-a23e-a972853c25ee,State Farm,"Agencies, Brokerages, and Other Insurance Related Activities",19.71101
2025-01-01,TX,Dallas / Houston,1cc42653-7228-4585-9a59-810a8247576c,State Farm,"Agencies, Brokerages, and Other Insurance Related Activities",19.71101
2025-01-01,TX,Dallas / Houston,f7e46356-5c45-4d85-9fe7-49362214b2c8,State Farm,"Agencies, Brokerages, and Other Insurance Related Activities",19.71101
2025-01-01,TX,Dallas / Houston,b76f53d7-877d-424b-87e1-f7d35169412b,State Farm,"Agencies, Brokerages, and Other Insurance Related Activities",19.71101
2025-01-01,TX,Dallas / Houston,b5c0529f-5eab-469a-95eb-dfff7c24e9d4,State Farm,"Agencies, Brokerages, and Other Insurance Related Activities",19.71101
2025-01-01,TX,Dallas / Houston,93ffbe9b-9051-4cd9-9d6a-c7a0c101fd7b,State Farm,"Agencies, Brokerages, and Other Insurance Related Activities",19.71101
2025-01-01,TX,Dallas / Houston,0d7bdefa-80d7-4b31-9f3d-c1750447b86e,State Farm,"Agencies, Brokerages, and Other Insurance Related Activities",19.71101
2025-01-01,NY,New York/New Jersey,480a09c1-db71-4950-ac37-c88be1579493,Barcade,Drinking Places (Alcoholic Beverages),19.631588
2025-01-01,NY,New York/New Jersey,5369d616-72d2-4aff-9393-42d0ce6a04c6,Habitat for Humanity,Grantmaking and Giving Services,19.631588
2025-01-01,NY,New York/New Jersey,fd063f04-cfbb-47cf-b148-c141334d4e78,Charles Schwab,Securities and Commodity Contracts Intermediation and Brokerage,19.631588
2025-01-01,NY,New York/New Jersey,86d47d2f-4ed0-4e09-b226-b042e0aa76ea,Postal Connections,Business Support Services,19.631588
2025-01-01,NY,New York/New Jersey,4ae6c1ca-19a2-42c8-b4ab-9baf328e7580,Mirabito Energy Products,Natural Gas Distribution,19.631588
2025-01-01,NY,New York/New Jersey,50d9e86f-7864-4a11-a63e-81b30d9d1faf,1-800 Got Junk,Waste Collection,19.631588
2025-01-01,NY,New York/New Jersey,79528ce8-e8a5-493d-8740-1346fbb4e30f,Getaway House,RV (Recreational Vehicle) Parks and Recreational Camps,19.631588
2025-01-01,NY,New York/New Jersey,67170e51-d974-4418-adef-34fa38d8ff60,Amtrak,Rail Transportation,19.631588
2025-01-01,NY,New York/New Jersey,1922ebbd-ba0c-458c-bd56-97ad7b0e434d,ABC Supply,Lumber and Other Construction Materials Merchant Wholesalers,19.631588
2025-01-01,WA,Seattle,e6547992-3fa4-450c-ad71-abd714940198,State Farm,"Agencies, Brokerages, and Other Insurance Related Activities",19.519073
2025-01-01,WA,Seattle,5d5c41ce-1dfd-43cc-aad0-4b8b4f562e49,State Farm,"Agencies, Brokerages, and Other Insurance Related Activities",19.519073
2025-01-01,WA,Seattle,3aa606e7-b981-4c5f-8304-84942de6331d,State Farm,"Agencies, Brokerages, and Other Insurance Related Activities",19.519073
2025-01-01,WA,Seattle,35864bee-6db3-457c-bd44-3296ed6643b2,State Farm,"Agencies, Brokerages, and Other Insurance Related Activities",19.519073
2025-01-01,PA,Philadelphia,ceaaaa3b-bc7f-440a-be69-e69274c1a9cf,Auto Value,"Automotive Parts, Accessories, and Tire Stores",19.480282
2025-01-01,PA,Philadelphia,f54fba8d-0cdc-45ee-a3d6-fb286c361f65,Auto Value,"Automotive Parts, Accessories, and Tire Stores",19.480282
2025-01-01,PA,Philadelphia,40c4d6c1-08fb-4746-bf87-fda77133fa3d,Auto Value,"Automotive Parts, Accessories, and Tire Stores",19.480282
2025-01-01,PA,Philadelphia,2e6c87a2-1fad-4cad-a5f3-db5f37bf57c0,Auto Value,"Automotive Parts, Accessories, and Tire Stores",19.480282
2025-01-01,FL,Miami,cd340ea4-e2d8-43ee-859c-49884da1416e,The Home Depot Rental,Commercial and Industrial Machinery and Equipment Rental and Leasing,19.381588
2025-01-01,FL,Miami,85bd65b7-1be1-4a15-a2b1-2add71adab10,The Home Depot Rental,Commercial and Industrial Machinery and Equipment Rental and Leasing,19.381588
2025-01-01,CA,Los Angeles / SF Bay Area,0ce42bbb-8bea-4847-9253-d8d8613b6adc,REMAX,Offices of Real Estate Agents and Brokers,19.203758
2025-01-01,WA,Seattle,e65c64a9-2620-4e8a-8d26-84c5a2505788,Ferguson,"Hardware, and Plumbing and Heating Equipment and Supplies Merchant Wholesalers",18.914192
2025-01-01,KS,Kansas City,c08edb89-b80c-43fb-a732-eb8205910c08,Aspen Dental,Offices of Dentists,18.713322
2025-01-01,PA,Philadelphia,01018b1c-1374-4b08-9c46-aeac48067a3d,ACE Cash Express,Activities Related to Credit Intermediation,18.694395
2025-01-01,PA,Philadelphia,ad2ddf8c-82fa-46ae-83de-8465238a2aa0,R.E. Michel,"Hardware, and Plumbing and Heating Equipment and Supplies Merchant Wholesalers",18.663996
2025-01-01,PA,Philadelphia,88c8b416-c057-4252-b2ae-1c51fabe7241,United Refrigeration,"Hardware, and Plumbing and Heating Equipment and Supplies Merchant Wholesalers",18.663996
2025-01-01,TX,Dallas / Houston,2897fb1a-d4d2-44ae-af72-dd06354a9fbb,Winnebago Dealer,Other Motor Vehicle Dealers,18.382193
2025-01-01,TX,Dallas / Houston,79755b92-f7f4-4c19-8021-128675376c69,Polaris,Other Motor Vehicle Dealers,18.382193
2025-01-01,TX,Dallas / Houston,616ca834-947e-4c33-9e78-323d75b9e59e,Harley Davidson,Other Motor Vehicle Dealers,18.382193
2025-01-01,NY,New York/New Jersey,3edba31c-e7f8-4fbd-9ab7-9c5e01ac0c3a,Suzuki,Other Motor Vehicle Dealers,18.358612
2025-01-01,WA,Seattle,275c777e-e501-4da1-9ec8-738d0adb0ff4,Deloitte,"Management, Scientific, and Technical Consulting Services",18.351742
2025-01-01,WA,Seattle,e5267655-ff0d-497c-9699-04dac4e1ed25,Equinix,"Data Processing, Hosting, and Related Services",18.351742
2025-01-01,WA,Seattle,d6b194f0-d4f7-4ac4-9cbe-861d74123344,PakMail,Other Support Activities for Transportation,18.351742
2025-01-01,CA,Los Angeles / SF Bay Area,9b33d89b-07dc-4bc7-a7bc-1ae10e2c198b,The Home Depot Rental,Commercial and Industrial Machinery and Equipment Rental and Leasing,18.350763
2025-01-01,TX,Dallas / Houston,99e28c19-6352-4fd7-8dfc-060dfd75008b,Boost Mobile,Wired and Wireless Telecommunications Carriers,18.345541
2025-01-01,TX,Dallas / Houston,34fb5361-f800-4983-a481-037597a0f692,Boost Mobile,Wired and Wireless Telecommunications Carriers,18.345541
2025-01-01,GA,Atlanta,63334608-b75b-4ed0-8d44-a36f42baa151,State Farm,"Agencies, Brokerages, and Other Insurance Related Activities",18.27971
2025-01-01,GA,Atlanta,735652b3-e8c9-4944-ae5a-de54f1944aab,State Farm,"Agencies, Brokerages, and Other Insurance Related Activities",18.27971
2025-01-01,GA,Atlanta,2d04f129-642a-4218-b873-429ad64bc5f8,State Farm,"Agencies, Brokerages, and Other Insurance Related Activities",18.27971
2025-01-01,GA,Atlanta,d4499a98-85d5-4d0c-a1b9-cd6735252e5c,State Farm,"Agencies, Brokerages, and Other Insurance Related Activities",18.27971
2025-01-01,GA,Atlanta,262303e6-2957-4ae1-bda5-e64b53687d94,State Farm,"Agencies, Brokerages, and Other Insurance Related Activities",18.27971
2025-01-01,GA,Atlanta,e0ebdc06-a4d8-4986-8298-6aa4ef3e5003,State Farm,"Agencies, Brokerages, and Other Insurance Related Activities",18.27971
2025-01-01,GA,Atlanta,aac5fbb0-6ec6-42d7-a3e6-5c18608a02b4,State Farm,"Agencies, Brokerages, and Other Insurance Related Activities",18.27971
2025-01-01,GA,Atlanta,3c56751d-5447-47d2-aae5-68de9f5f249f,State Farm,"Agencies, Brokerages, and Other Insurance Related Activities",18.27971
2025-01-01,GA,Atlanta,3644fd95-9cdb-4d33-bcaf-78a495da5573,State Farm,"Agencies, Brokerages, and Other Insurance Related Activities",18.27971
2025-01-01,GA,Atlanta,64dbdacd-3458-4d81-ad15-b12690ae5145,State Farm,"Agencies, Brokerages, and Other Insurance Related Activities",18.27971
2025-01-01,NY,New York/New Jersey,4472a9fa-7a70-4609-9bbc-360f8ee864f4,Leslie's Swimming Pool Supplies,Other Miscellaneous Store Retailers,18.041044
2025-01-01,MA,Boston,b9971e97-95f4-4ba9-b96d-9d45848b96ec,FedEx,Couriers and Express Delivery Services,18.028627
2025-01-01,FL,Miami,4cc7b334-a339-4230-b529-ab9f6a2f4224,Rent King,Consumer Goods Rental,17.966837
2025-01-01,FL,Miami,56adbd10-c93b-419e-b6e6-48b0dd8292a9,PACK-RAT,Consumer Goods Rental,17.966837
2025-01-01,PA,Philadelphia,54c29f94-842b-42a8-834e-b3b1e49d0cde,MassMututal,Insurance Carriers,17.941002
2025-01-01,PA,Philadelphia,b0eda893-41b0-4843-a5fe-e0f0f3cdd268,Morgan Stanley,Insurance Carriers,17.941002
2025-01-01,PA,Philadelphia,c8fbfdf6-f942-41b5-9144-2101918deaed,Morgan Stanley,Insurance Carriers,17.941002
2025-01-01,MA,Boston,b756cf41-fa46-4405-845f-254d608c5580,Liberty Mutual Insurance,Insurance Carriers,17.91491
2025-01-01,PA,Philadelphia,a3d4a251-b987-4520-94a8-a92602a2219a,Rent-A-Center,General Rental Centers,17.70677
2025-01-01,PA,Philadelphia,924e73d3-9422-4538-9887-27ed60a9c3cb,Rent-A-Center,General Rental Centers,17.70677
2025-01-01,PA,Philadelphia,6d956ca3-5f50-4d6e-bcc3-25900b85a495,Rent-A-Center,General Rental Centers,17.70677
2025-01-01,FL,Miami,a655995d-2e35-40ae-b132-6fd211d2e57a,ServiceMaster Restoration Services,Personal and Household Goods Repair and Maintenance,17.699648
2025-01-01,FL,Miami,ada8af86-bc17-41c3-bd4c-80805f474617,Goin Postal,"Advertising, Public Relations, and Related Services",17.699648
2025-01-01,FL,Miami,dcc2d11e-3548-40f1-a922-23156dfb56bb,Thousand Trails,RV (Recreational Vehicle) Parks and Recreational Camps,17.699648
2025-01-01,FL,Miami,f37cc330-b66b-45e6-bf3c-a657601288cc,Bekins Van Lines,Specialized Freight Trucking,17.699648
2025-01-01,FL,Miami,06c9d04f-e4dc-47c0-a4cf-63759af7b988,Thousand Trails,RV (Recreational Vehicle) Parks and Recreational Camps,17.699648
2025-01-01,FL,Miami,47beb469-63b2-470a-855d-59d1c28a0c0a,Habitat for Humanity,Grantmaking and Giving Services,17.699648
2025-01-01,FL,Miami,8af605f7-e0ae-4b5f-9af8-8c56e069e39a,McKinsey & Company,"Management, Scientific, and Technical Consulting Services",17.699648
2025-01-01,FL,Miami,c3b5084e-afcc-49b4-99ee-e4972a4525e0,Habitat for Humanity,Grantmaking and Giving Services,17.699648
2025-01-01,FL,Miami,3cc9b4c0-3385-4648-a4e8-bcb886a98002,Aveda,Technical and Trade Schools,17.699648
2025-01-01,FL,Miami,b05e5f3a-80ee-4289-8f95-aa5f4f97ebc3,Shred-it,Business Support Services,17.699648
2025-01-01,FL,Miami,fbff5764-1e42-459a-88c1-c7b9223d69eb,ServiceMaster Restoration Services,Personal and Household Goods Repair and Maintenance,17.699648
2025-01-01,FL,Miami,57150055-6cdf-43f6-846f-2b7dc68fe107,Oppenheimer,"Management, Scientific, and Technical Consulting Services",17.699648
2025-01-01,FL,Miami,b2064532-34ff-443d-ad56-d98d2210d6aa,PostalAnnex+,"Advertising, Public Relations, and Related Services",17.699648
2025-01-01,GA,Atlanta,77d5f4d7-818c-4711-befc-5b61b4649805,Enterprise Rent-A-Car,Automotive Equipment Rental and Leasing,17.662422
2025-01-01,GA,Atlanta,63f2938c-8acf-452b-934a-b541d223d23c,Enterprise Rent-A-Car,Automotive Equipment Rental and Leasing,17.662422
2025-01-01,NY,New York/New Jersey,9578e026-4d6b-4dcf-8770-cb1984d8ccb9,State Farm,"Agencies, Brokerages, and Other Insurance Related Activities",17.653406
2025-01-01,NY,New York/New Jersey,374d83f0-6ca7-4414-819e-e64599bc0826,State Farm,"Agencies, Brokerages, and Other Insurance Related Activities",17.653406
2025-01-01,NY,New York/New Jersey,625a6a3a-fa6f-4549-a658-3bb716807f3b,State Farm,"Agencies, Brokerages, and Other Insurance Related Activities",17.653406
2025-01-01,KS,Kansas City,2553f80b-def8-4e57-8b2c-c9a34f6107f5,Tommy's Express Car Wash,Automotive Repair and Maintenance,17.629162
2025-01-01,GA,Atlanta,05ab40fc-0a01-4bc5-9ac1-342edec00fb8,MassMututal,Insurance Carriers,17.579203
2025-01-01,FL,Miami,9e0a1d5f-3da1-4e07-82f2-ae3aaaabb5ee,Baker Distributing,"Hardware, and Plumbing and Heating Equipment and Supplies Merchant Wholesalers",17.562143
2025-01-01,FL,Miami,25351d17-542a-467f-b78a-015ee9898194,R.E. Michel,"Hardware, and Plumbing and Heating Equipment and Supplies Merchant Wholesalers",17.562143
2025-01-01,TX,Dallas / Houston,e1bb105a-d767-4c13-aa7a-0e2d391a7ae8,Comet Cleaners,Drycleaning and Laundry Services,17.532822
2025-01-01,TX,Dallas / Houston,f136f8bb-30f9-4d7e-93ac-a84272542408,Westlake Chemical Corporation,Basic Chemical Manufacturing,17.532822
2025-01-01,TX,Dallas / Houston,111454bc-7bfe-45e6-a273-c1b549fb631e,Parcel Plus,Other Support Services,17.532822
2025-01-01,TX,Dallas / Houston,209c1b96-f53a-4989-a361-c55f914cce4d,ABC Supply,Lumber and Other Construction Materials Merchant Wholesalers,17.532822
2025-01-01,TX,Dallas / Houston,f9d3f828-32c3-496a-9d39-0179d81bd088,Unifirst,Drycleaning and Laundry Services,17.532822
2025-01-01,TX,Dallas / Houston,273e6d70-3b1c-4f23-8702-b60d5c10655e,Fully Promoted,Apparel Accessories and Other Apparel Manufacturing,17.532822
2025-01-01,TX,Dallas / Houston,1a37b867-0c98-4a1e-bfc5-1a0a12c4dbcf,1-800 Got Junk,Waste Collection,17.532822
2025-01-01,TX,Dallas / Houston,2bf6413c-4aef-4210-a197-b8034e1619b5,Two Men And A Truck,Specialized Freight Trucking,17.532822
2025-01-01,TX,Dallas / Houston,c2717670-2e0c-4f91-8ea6-a178ba6417f0,Deloitte,"Management, Scientific, and Technical Consulting Services",17.532822
2025-01-01,TX,Dallas / Houston,657e61f8-fa30-43f2-9dd9-7aa77557af51,Habitat for Humanity,Grantmaking and Giving Services,17.532822
2025-01-01,TX,Dallas / Houston,5021b43a-ccc8-4ff5-9996-68c5ecc36776,Republic Services,Waste Treatment and Disposal,17.532822
2025-01-01,TX,Dallas / Houston,ab229267-f485-4898-9300-04307b7ffa2a,Big Frog Custom T-Shirts & More,Apparel Accessories and Other Apparel Manufacturing,17.532822
2025-01-01,TX,Dallas / Houston,4306c341-276e-41e3-8751-fa63f94c7eba,Glass Doctor,"Foundation, Structure, and Building Exterior Contractors",17.532822
2025-01-01,TX,Dallas / Houston,3df80874-6fbd-4da3-8a7b-261c1e461c4c,Sun Outdoors,RV (Recreational Vehicle) Parks and Recreational Camps,17.532822
2025-01-01,TX,Dallas / Houston,133d1feb-4f91-48e3-883d-2cedb30cd484,Code Ninjas,Business Schools and Computer and Management Training,17.532822
2025-01-01,MA,Boston,c881925d-1596-4540-846f-18904a739c51,Gentle Dental of New England,Offices of Dentists,17.513716
2025-01-01,MA,Boston,628b93e2-97eb-47b4-8aab-b2a694a8d8bf,Dental Dreams,Offices of Dentists,17.513716
2025-01-01,NJ,New York/New Jersey,fc4b471a-7f05-4e7b-a80a-f298573652cd,Compass,Offices of Real Estate Agents and Brokers,17.487688
2025-01-01,NJ,New York/New Jersey,7d0fa92c-3b43-40e1-8199-d5f14f4d5af2,Sotheby’s International Realty,Offices of Real Estate Agents and Brokers,17.487688
2025-01-01,NJ,New York/New Jersey,0fac7cbc-e5ba-41bc-a582-7d962936f49e,Coldwell Banker,Offices of Real Estate Agents and Brokers,17.487688
2025-01-01,NJ,New York/New Jersey,81171092-3f5c-4d95-9399-0b1b352aba51,Thrifty Car Rental International,Automotive Equipment Rental and Leasing,17.476948
2025-01-01,MO,Kansas City,751c7a39-79de-4686-9df6-b39d031d30df,Avis Rent A Car,Automotive Equipment Rental and Leasing,17.465235
2025-01-01,MO,Kansas City,6f3bbea5-1aec-4f59-9132-c73904041b95,Budget Truck Rental,Automotive Equipment Rental and Leasing,17.465235
2025-01-01,GA,Atlanta,9d11e9c9-f546-4099-83a9-826706f410d6,Ferguson,"Hardware, and Plumbing and Heating Equipment and Supplies Merchant Wholesalers",17.415483
2025-01-01,GA,Atlanta,90e9b569-c11b-4389-8c19-4905050a979e,United Refrigeration,"Hardware, and Plumbing and Heating Equipment and Supplies Merchant Wholesalers",17.415483
2025-01-01,GA,Atlanta,6d60fda7-f914-4db9-873e-580d5d2d0b9c,Baker Distributing,"Hardware, and Plumbing and Heating Equipment and Supplies Merchant Wholesalers",17.415483
2025-01-01,GA,Atlanta,69d2073d-94d5-43ee-9cb6-2b1e79fed3f3,Ferguson,"Hardware, and Plumbing and Heating Equipment and Supplies Merchant Wholesalers",17.415483
2025-01-01,NY,New York/New Jersey,d0a9574e-5a56-48e1-a7cc-533cd2736015,Granite City Electric,Household Appliances and Electrical and Electronic Goods Merchant Wholesalers,17.26058
2025-01-01,PA,Philadelphia,f68e0eff-4fd6-4a53-b278-f3a2b271ea29,Seaonus,Warehousing and Storage,17.222065
2025-01-01,MO,Kansas City,d0465368-ddd6-4565-b670-2a20d4563844,Unifirst,Drycleaning and Laundry Services,17.138119
2025-01-01,MO,Kansas City,8bd97845-45a9-452e-944e-224d2c3c5ab4,Pride Cleaners,Drycleaning and Laundry Services,17.138119
2025-01-01,MO,Kansas City,f9347c34-d0af-4b5d-9943-49162fb33133,Iron Mountain,"Data Processing, Hosting, and Related Services",17.138119
2025-01-01,MO,Kansas City,5df9a35d-4536-478c-9c6a-89fbdf3683d8,Country Financial,Securities and Commodity Contracts Intermediation and Brokerage,17.138119
2025-01-01,MO,Kansas City,51ae26c9-e67b-43fc-aa3f-235d90924476,Country Financial,Securities and Commodity Contracts Intermediation and Brokerage,17.138119
2025-01-01,MO,Kansas City,256df51a-9404-47d7-8608-08ecec655f24,DOT Foods,Grocery and Related Product Merchant Wholesalers,17.138119
2025-01-01,TX,Dallas / Houston,28778e79-f308-459b-b6ce-5389b4c0dc77,Move It Self Storage,Warehousing and Storage,16.878159
2025-01-01,TX,Dallas / Houston,3b8190d6-4da8-417a-97f2-0cac0a771bb2,US Storage Centers,Warehousing and Storage,16.878159
2025-01-01,TX,Dallas / Houston,8a33572c-0aac-4daa-8712-585e73a56edb,FedEx Logistics,Warehousing and Storage,16.878159
2025-01-01,TX,Dallas / Houston,799afdb9-f198-4b3e-9858-ec11c14f096c,Advantage Storage,Warehousing and Storage,16.878159
2025-01-01,TX,Dallas / Houston,2c0074c8-0110-4282-b70a-5f013fab0983,Watco Supply Chain Services,Warehousing and Storage,16.878159
2025-01-01,TX,Dallas / Houston,670ca1a5-062a-4ee6-a92f-3c808b7c2bb5,Sam's Club Distribution,Warehousing and Storage,16.878159
2025-01-01,TX,Dallas / Houston,46f390f1-9829-4314-b11b-23de5f3a0a49,DHL Distribution,Warehousing and Storage,16.878159
2025-01-01,TX,Dallas / Houston,efc5c981-0cf0-4f0d-aa28-61988e6911e1,Mattress Firm,Furniture Stores,16.763275
2025-01-01,TX,Dallas / Houston,235edd16-509d-4274-a58a-f76d099b03a2,Mattress Firm,Furniture Stores,16.763275
2025-01-01,FL,Miami,67dd1864-22ba-4240-b30c-981209cad1c6,Suzuki,Other Motor Vehicle Dealers,16.744059
2025-01-01,CA,Los Angeles / SF Bay Area,c0dcd89b-4b71-4c2d-b262-f761f15fc87e,H&R Block,"Accounting, Tax Preparation, Bookkeeping, and Payroll Services",16.717417
2025-01-01,CA,Los Angeles / SF Bay Area,eb98804a-e8ac-48a7-bf65-dfc37db5cb29,H&R Block,"Accounting, Tax Preparation, Bookkeeping, and Payroll Services",16.717417
2025-01-01,CA,Los Angeles / SF Bay Area,a26316d9-01c9-4a7d-b6ee-8ab3c534a631,H&R Block,"Accounting, Tax Preparation, Bookkeeping, and Payroll Services",16.717417
2025-01-01,NJ,New York/New Jersey,d570c9d3-3750-4353-9e2f-8b1e62c1ab61,Ford Motor Company,Automobile Dealers,16.694355
2025-01-01,MO,Kansas City,4495e9c1-2214-49d4-b09b-e9c1ff595ec6,Auto Value,"Automotive Parts, Accessories, and Tire Stores",16.64983
2025-01-01,WA,Seattle,2f50808d-a4bc-4be4-b2d9-89a3af4a5867,Jackson Hewitt Tax Service,"Accounting, Tax Preparation, Bookkeeping, and Payroll Services",16.474928
2025-01-01,GA,Atlanta,55c0599a-1bc6-49f3-ac61-c7f2c577e02b,Caliber Collision,Automotive Repair and Maintenance,16.457275
2025-01-01,PA,Philadelphia,f20ca992-14db-4a98-a83d-e134864f7a21,Allstate Insurance,"Agencies, Brokerages, and Other Insurance Related Activities",16.42359
2025-01-01,PA,Philadelphia,fcfe70c8-865a-4fb9-a6b6-6170d94f710e,Allstate Insurance,"Agencies, Brokerages, and Other Insurance Related Activities",16.42359
2025-01-01,PA,Philadelphia,f4b4b1f4-220b-4f6c-b955-68484508dd2c,Allstate Insurance,"Agencies, Brokerages, and Other Insurance Related Activities",16.42359
2025-01-01,PA,Philadelphia,73967777-7660-42ab-8243-4a6e5d14dafc,Allstate Insurance,"Agencies, Brokerages, and Other Insurance Related Activities",16.42359
2025-01-01,PA,Philadelphia,c1a10c5d-e736-431c-80ce-fe741e1e8e12,Allstate Insurance,"Agencies, Brokerages, and Other Insurance Related Activities",16.42359
2025-01-01,NY,New York/New Jersey,ce0ef11a-f76e-4743-a179-a83d77917575,The Home Depot Rental,Commercial and Industrial Machinery and Equipment Rental and Leasing,16.38052
2025-01-01,FL,Miami,e6a89c7d-c901-40ea-99ac-92a4df72dad1,REMAX,Offices of Real Estate Agents and Brokers,16.356323
2025-01-01,TX,Dallas / Houston,a65c6fdc-252b-40de-bc9b-964ff99c40d9,Jackson Hewitt Tax Service,"Accounting, Tax Preparation, Bookkeeping, and Payroll Services",16.308744
2025-01-01,TX,Dallas / Houston,31d1a3a5-7fce-4d9e-af04-4edc9722379e,Jackson Hewitt Tax Service,"Accounting, Tax Preparation, Bookkeeping, and Payroll Services",16.308744
2025-01-01,TX,Dallas / Houston,2ec9adf9-f1e2-4a78-839a-76226907bf99,Jackson Hewitt Tax Service,"Accounting, Tax Preparation, Bookkeeping, and Payroll Services",16.308744
2025-01-01,TX,Dallas / Houston,5b8243db-ab7b-4e9c-a298-2c94d8d0c2e5,Jackson Hewitt Tax Service,"Accounting, Tax Preparation, Bookkeeping, and Payroll Services",16.308744
2025-01-01,TX,Dallas / Houston,8e00d4d7-efb7-46d3-a25d-bea609d5177b,Jackson Hewitt Tax Service,"Accounting, Tax Preparation, Bookkeeping, and Payroll Services",16.308744
2025-01-01,TX,Dallas / Houston,72760bf3-5ab0-48af-adad-1149d0a7aa2b,Jackson Hewitt Tax Service,"Accounting, Tax Preparation, Bookkeeping, and Payroll Services",16.308744
2025-01-01,TX,Dallas / Houston,7dd471fa-8e99-4488-b16a-6a66eab4a27e,Jackson Hewitt Tax Service,"Accounting, Tax Preparation, Bookkeeping, and Payroll Services",16.308744
2025-01-01,CA,Los Angeles / SF Bay Area,977c9db8-2e9d-44ca-9a2a-c0c936372c59,PMZ Real Estate,Offices of Real Estate Agents and Brokers,16.219622
2025-01-01,CA,Los Angeles / SF Bay Area,8023f772-dff7-42a7-9262-b4a3ecad2c80,Compass,Offices of Real Estate Agents and Brokers,16.219622
2025-01-01,CA,Los Angeles / SF Bay Area,ae898d7e-84b1-43d2-815d-54a7d34b9056,Sotheby’s International Realty,Offices of Real Estate Agents and Brokers,16.219622
2025-01-01,CA,Los Angeles / SF Bay Area,789d33fa-2129-4d25-a395-1529f53970a7,Compass,Offices of Real Estate Agents and Brokers,16.219622
2025-01-01,CA,Los Angeles / SF Bay Area,99e3bede-796b-4bbd-8631-86c107c35374,Coldwell Banker,Offices of Real Estate Agents and Brokers,16.219622
2025-01-01,CA,Los Angeles / SF Bay Area,a06f885c-9de0-4a17-af06-e4cbf7714c06,Sotheby’s International Realty,Offices of Real Estate Agents and Brokers,16.219622
2025-01-01,MO,Kansas City,da170dea-9640-46df-9617-d0aef90971b8,United Refrigeration,"Hardware, and Plumbing and Heating Equipment and Supplies Merchant Wholesalers",16.215406
2025-01-01,TX,Dallas / Houston,fd981ebb-6a3f-47d0-900a-e18000b2cf3e,Ferguson,"Hardware, and Plumbing and Heating Equipment and Supplies Merchant Wholesalers",16.155197
2025-01-01,GA,Atlanta,f45b568e-59c1-4f31-bf84-e3e1e1971230,Leslie's Swimming Pool Supplies,Other Miscellaneous Store Retailers,16.066702
2025-01-01,TX,Dallas / Houston,f5f08adf-6aa8-4d8a-81f1-8cb258f49efb,REMAX,Offices of Real Estate Agents and Brokers,15.98258
2025-01-01,TX,Dallas / Houston,e91062b7-b021-4959-b0a2-a9ae178c4e4f,REMAX,Offices of Real Estate Agents and Brokers,15.98258
2025-01-01,GA,Atlanta,e8ddc6e4-176c-4de9-b4e7-8a7674588541,Kawasaki Motors,Other Motor Vehicle Dealers,15.927676
2025-01-01,GA,Atlanta,bb237ab6-038b-4b39-a0ca-871b7fc9598b,Winnebago Dealer,Other Motor Vehicle Dealers,15.927676
2025-01-01,MA,Boston,c0148e09-5cdc-48d4-ab21-1ef82d4a7438,Mathnasium,Other Schools and Instruction,15.791768
2025-01-01,MA,Boston,7312d380-c251-4706-b781-9db6b1a5d483,Mathnasium,Other Schools and Instruction,15.791768
2025-01-01,MA,Boston,a9516004-ddb1-452b-9967-a9fe470fbb4b,Mathnasium,Other Schools and Instruction,15.791768
2025-01-01,NY,New York/New Jersey,86dbe941-3d66-4d7a-8ef0-01b74f100ad3,Caliber Collision,Automotive Repair and Maintenance,15.7646265
2025-01-01,TX,Dallas / Houston,f33352bf-b9a1-498f-b0be-545ac8fd1c7d,H&R Block,"Accounting, Tax Preparation, Bookkeeping, and Payroll Services",15.701501
2025-01-01,TX,Dallas / Houston,ad734fd3-004f-4a06-bb1c-8f4514de7a34,H&R Block,"Accounting, Tax Preparation, Bookkeeping, and Payroll Services",15.701501
2025-01-01,TX,Dallas / Houston,24bb045b-d7d0-4f39-b7ac-678fc9885c4e,H&R Block,"Accounting, Tax Preparation, Bookkeeping, and Payroll Services",15.701501
2025-01-01,TX,Dallas / Houston,9935ccfc-ac24-4772-a4d7-457e23643c4e,H&R Block,"Accounting, Tax Preparation, Bookkeeping, and Payroll Services",15.701501
2025-01-01,TX,Dallas / Houston,037fa82e-763c-48f7-b389-61d0171bc48b,H&R Block,"Accounting, Tax Preparation, Bookkeeping, and Payroll Services",15.701501
2025-01-01,TX,Dallas / Houston,f42cf209-2c14-45c7-8a6f-8db94a19875e,H&R Block,"Accounting, Tax Preparation, Bookkeeping, and Payroll Services",15.701501
2025-01-01,TX,Dallas / Houston,9e4fc4a1-61d9-4afd-af92-08254c03bb8d,H&R Block,"Accounting, Tax Preparation, Bookkeeping, and Payroll Services",15.701501
2025-01-01,TX,Dallas / Houston,28788c00-b939-4b89-8aa7-7a8347bd1817,H&R Block,"Accounting, Tax Preparation, Bookkeeping, and Payroll Services",15.701501
2025-01-01,TX,Dallas / Houston,b6a009a3-d8f4-4c04-b583-8fee88a8f6e7,H&R Block,"Accounting, Tax Preparation, Bookkeeping, and Payroll Services",15.701501
2025-01-01,FL,Miami,44a6e1ee-e119-4069-882f-2be67e6d2dc2,H&R Block,"Accounting, Tax Preparation, Bookkeeping, and Payroll Services",15.596641
2025-01-01,FL,Miami,6ff02e61-8a4f-4a98-b46e-a775b6c29cb7,H&R Block,"Accounting, Tax Preparation, Bookkeeping, and Payroll Services",15.596641
2025-01-01,FL,Miami,38a4495f-3371-4103-9a21-961686209b8d,H&R Block,"Accounting, Tax Preparation, Bookkeeping, and Payroll Services",15.596641
2025-01-01,FL,Miami,48651854-6800-41ea-b2d9-0bf76babfc21,H&R Block,"Accounting, Tax Preparation, Bookkeeping, and Payroll Services",15.596641
2025-01-01,FL,Miami,ddc4b110-c189-4a59-abfe-8c7fa84784ea,H&R Block,"Accounting, Tax Preparation, Bookkeeping, and Payroll Services",15.596641
2025-01-01,NY,New York/New Jersey,d58ac840-31e7-47ea-b1ea-c896884ca246,Ferrellgas,Direct Selling Establishments,15.592419
2025-01-01,NY,New York/New Jersey,6ab3a405-6a43-430f-8014-828f0da3629d,Suburban Propane,Direct Selling Establishments,15.592419
2025-01-01,TX,Dallas / Houston,6f784cbc-39b8-4b3a-aa21-2040fdcd4815,Century 21 Real Estate,Offices of Real Estate Agents and Brokers,15.556862
2025-01-01,KS,Kansas City,507d02a6-2ea3-4c8b-aa65-bad0c36041f4,Winnebago Dealer,Other Motor Vehicle Dealers,15.463323
2025-01-01,CA,Los Angeles / SF Bay Area,62f60f55-216c-4e04-adaa-2f5225495ce5,Amazon Distribution,Warehousing and Storage,15.236518
2025-01-01,MO,Kansas City,e9c3cf94-085a-4b00-a493-e7d756b8df65,Caliber Collision,Automotive Repair and Maintenance,15.21233
2025-01-01,KS,Kansas City,109c4275-140a-4703-a46f-33ceb7c2eb20,Budget Rent A Car,Automotive Equipment Rental and Leasing,15.19434
2025-01-01,WA,Seattle,737a3209-14c6-408d-87de-a91ea72e827e,Sotheby’s International Realty,Offices of Real Estate Agents and Brokers,15.158387
2025-01-01,WA,Seattle,8e15a895-33af-4002-96f3-948a591383e2,Windermere Real Estate,Offices of Real Estate Agents and Brokers,15.158387
2025-01-01,GA,Atlanta,ece6bc78-9860-4199-8db9-ac9bf1f2a549,Republic Services,Waste Treatment and Disposal,15.120473
2025-01-01,GA,Atlanta,4976742c-d1d9-456e-8d44-657044817b4b,iFixandRepair,Electronic and Precision Equipment Repair and Maintenance,15.120473
2025-01-01,GA,Atlanta,d341cf6d-798f-47af-b5d5-1b4e86e942f6,Goin Postal,"Advertising, Public Relations, and Related Services",15.120473
2025-01-01,GA,Atlanta,d1d1bcd7-739c-4b0b-adbb-cb29c6ff1005,Airgas,Chemical and Allied Products Merchant Wholesalers,15.120473
2025-01-01,FL,Miami,7faf2cab-13bf-48e3-867a-d44dbe657401,Ferrellgas,Direct Selling Establishments,14.8872175
2025-01-01,TX,Dallas / Houston,76d8611f-5c48-473e-b316-0aba0aac8850,Watermill Express,Specialty Food Stores,14.703507
2025-01-01,TX,Dallas / Houston,34ee5b6a-74bb-4ca7-8a11-1a64b78a87e4,Watermill Express,Specialty Food Stores,14.703507
2025-01-01,TX,Dallas / Houston,992dbc8f-f6ca-47f7-85ca-9bf4f5e792b3,Watermill Express,Specialty Food Stores,14.703507
2025-01-01,TX,Dallas / Houston,219623d8-9c45-4e50-87b2-335d98e8cc60,Watermill Express,Specialty Food Stores,14.703507
2025-01-01,TX,Dallas / Houston,186687cf-4ca5-4303-a10d-f7dfa164acee,Watermill Express,Specialty Food Stores,14.703507
2025-01-01,TX,Dallas / Houston,a300b90f-379c-4120-a996-d6616fb46da8,Watermill Express,Specialty Food Stores,14.703507
2025-01-01,TX,Dallas / Houston,b1ea7e06-4b53-49cd-b672-e0bd46ccb96b,Watermill Express,Specialty Food Stores,14.703507
2025-01-01,TX,Dallas / Houston,74948e85-cecf-47d2-b543-d2356ed6170c,Watermill Express,Specialty Food Stores,14.703507
2025-01-01,MA,Boston,735d3989-82b9-4be8-9879-a672eb2aea32,Roady's,Other Motor Vehicle Dealers,14.647813
2025-01-01,CA,Los Angeles / SF Bay Area,d019a466-b469-4ae9-94ee-b24ea4781c6b,Orkin,Services to Buildings and Dwellings,14.593997
2025-01-01,NY,New York/New Jersey,4b94c17a-b66e-4dd1-b0bc-c9f3f93328c7,Enterprise Rent-A-Car,Automotive Equipment Rental and Leasing,14.486539
2025-01-01,NY,New York/New Jersey,52017a6b-2fa9-4dbf-beae-0539465f3722,Enterprise Rent-A-Car,Automotive Equipment Rental and Leasing,14.486539
2025-01-01,TX,Dallas / Houston,a0aa7bcf-b1a2-47f4-bf89-e285bc91f31f,Enterprise Rent-A-Car,Automotive Equipment Rental and Leasing,14.245312
2025-01-01,TX,Dallas / Houston,321b722e-d54c-4ba4-8a48-0ef4ba7545f1,Enterprise Rent-A-Car,Automotive Equipment Rental and Leasing,14.245312
2025-01-01,CA,Los Angeles / SF Bay Area,012693c0-7f9a-4aea-9873-9e4703714a12,ARC Document Solutions,Printing and Related Support Activities,14.238785
2025-01-01,WA,Seattle,019db3ea-9ab9-499e-8040-93942d02fc3d,H&R Block,"Accounting, Tax Preparation, Bookkeeping, and Payroll Services",14.109381
2025-01-01,KS,Kansas City,9fa2bf67-33a8-42ee-a294-cce7b000bdd8,Aaron's,Consumer Goods Rental,14.035932
2025-01-01,MA,Boston,9cfa9e1c-88ea-4ad9-a8b0-ba59f6b52b6a,Leslie's Swimming Pool Supplies,Other Miscellaneous Store Retailers,14.032093
2025-01-01,MO,Kansas City,c9aad451-ee29-464d-ab18-b2b65d7c837e,Suzuki,Other Motor Vehicle Dealers,14.003914
2025-01-01,WA,Seattle,af1a5280-f303-4523-95b8-54fa048bf135,Liberty Tax Service,"Accounting, Tax Preparation, Bookkeeping, and Payroll Services",13.864982
2025-01-01,TX,Dallas / Houston,296e3a45-e1e6-49c2-8964-9038f753a4b4,Sotheby’s International Realty,Offices of Real Estate Agents and Brokers,13.751901
2025-01-01,FL,Miami,2a2962eb-2a1f-4ba6-ba8a-ae3f92256e9b,Mattress Firm,Furniture Stores,13.735362
2025-01-01,FL,Miami,a582123f-3af8-4681-b24f-828015e3271e,ERA Real Estate,Offices of Real Estate Agents and Brokers,13.654839
2025-01-01,FL,Miami,2620b084-e0b2-40b2-90a0-b88d2a7b58b5,Illustrated Properties,Offices of Real Estate Agents and Brokers,13.654839
2025-01-01,CA,Los Angeles / SF Bay Area,7fcce603-2213-4040-8d90-6f4dc1c2d470,Farmers Insurance Group,"Agencies, Brokerages, and Other Insurance Related Activities",13.6034
2025-01-01,CA,Los Angeles / SF Bay Area,08a0040e-8b24-45a4-867d-31753e7df0d1,Farmers Insurance Group,"Agencies, Brokerages, and Other Insurance Related Activities",13.6034
2025-01-01,CA,Los Angeles / SF Bay Area,0f13f0d9-c24f-4627-b6ca-5550cc7d413f,Farmers Insurance Group,"Agencies, Brokerages, and Other Insurance Related Activities",13.6034
2025-01-01,CA,Los Angeles / SF Bay Area,58950279-790d-4e12-8599-a92c9581ac55,Farmers Insurance Group,"Agencies, Brokerages, and Other Insurance Related Activities",13.6034
2025-01-01,CA,Los Angeles / SF Bay Area,ca312d7e-b289-4db7-ad1e-744b88304cdc,Farmers Insurance Group,"Agencies, Brokerages, and Other Insurance Related Activities",13.6034
2025-01-01,CA,Los Angeles / SF Bay Area,96765fdf-bc04-4229-b2fd-f6da13b5ae81,Farmers Insurance Group,"Agencies, Brokerages, and Other Insurance Related Activities",13.6034
2025-01-01,CA,Los Angeles / SF Bay Area,3462b200-d23b-4a79-827b-f3ca0d74235e,Farmers Insurance Group,"Agencies, Brokerages, and Other Insurance Related Activities",13.6034
2025-01-01,CA,Los Angeles / SF Bay Area,d84a5a91-0818-496c-b7e2-91669c0a0699,Farmers Insurance Group,"Agencies, Brokerages, and Other Insurance Related Activities",13.6034
2025-01-01,CA,Los Angeles / SF Bay Area,bf6eef08-e22f-4a5a-a529-09902909a9fd,Farmers Insurance Group,"Agencies, Brokerages, and Other Insurance Related Activities",13.6034
2025-01-01,CA,Los Angeles / SF Bay Area,b2f07f89-8edb-4fea-8ccf-c7d34a40e25b,Farmers Insurance Group,"Agencies, Brokerages, and Other Insurance Related Activities",13.6034
2025-01-01,CA,Los Angeles / SF Bay Area,fb795094-578e-4692-9a0f-0b19417eca51,Farmers Insurance Group,"Agencies, Brokerages, and Other Insurance Related Activities",13.6034
2025-01-01,CA,Los Angeles / SF Bay Area,a9b53f98-1d5d-4cec-81b8-a253d51920e1,Farmers Insurance Group,"Agencies, Brokerages, and Other Insurance Related Activities",13.6034
2025-01-01,CA,Los Angeles / SF Bay Area,fcd31c78-05c4-44b6-9875-358237c6e519,Farmers Insurance Group,"Agencies, Brokerages, and Other Insurance Related Activities",13.6034
2025-01-01,CA,Los Angeles / SF Bay Area,8218f755-0e06-4370-8122-887150e6b626,Farmers Insurance Group,"Agencies, Brokerages, and Other Insurance Related Activities",13.6034
2025-01-01,CA,Los Angeles / SF Bay Area,71492afa-9846-4760-b4b8-ed83f86d004a,Farmers Insurance Group,"Agencies, Brokerages, and Other Insurance Related Activities",13.6034
2025-01-01,CA,Los Angeles / SF Bay Area,fa3d7bb2-fe2d-41ff-961e-ad2460b4394c,Farmers Insurance Group,"Agencies, Brokerages, and Other Insurance Related Activities",13.6034
2025-01-01,PA,Philadelphia,b24f40f7-055f-437c-9080-49a36768431f,Kawasaki Motors,Other Motor Vehicle Dealers,13.5270405
2025-01-01,TX,Dallas / Houston,1eb019bb-f401-4d6a-a993-4b314db0ca88,Morgan Stanley,Insurance Carriers,13.490692
2025-01-01,TX,Dallas / Houston,53ee20c5-8285-4270-952f-6992cb8d449c,Loya Insurance Group,Insurance Carriers,13.490692
2025-01-01,TX,Dallas / Houston,9542ffc9-3105-4782-81e5-b9c5c75d0925,Loya Insurance Group,Insurance Carriers,13.490692
2025-01-01,TX,Dallas / Houston,54a94c1c-465d-4833-a0b0-0bc55994c594,MassMututal,Insurance Carriers,13.490692
2025-01-01,TX,Dallas / Houston,2dbd266d-356f-439f-870d-8ba6a2cc51eb,Loya Insurance Group,Insurance Carriers,13.490692
2025-01-01,CA,Los Angeles / SF Bay Area,7e877322-f7de-460f-8ac4-af14d0e353cc,IdentoGO,Employment Services,13.486363
2025-01-01,CA,Los Angeles / SF Bay Area,d2528cbd-57c6-44bd-97a0-9bb734fc79bc,IdentoGO,Employment Services,13.486363
2025-01-01,TX,Dallas / Houston,0500d2ce-9e9e-4258-adc0-9590906123ce,The Home Depot Rental,Commercial and Industrial Machinery and Equipment Rental and Leasing,13.39747
2025-01-01,TX,Dallas / Houston,0fa1c56a-68dd-4c49-9e69-84642e33f62e,The Home Depot Rental,Commercial and Industrial Machinery and Equipment Rental and Leasing,13.39747
2025-01-01,TX,Dallas / Houston,51903847-67fd-40df-9bfb-ad56fc6694c4,Aaron's,Consumer Goods Rental,13.395775
2025-01-01,TX,Dallas / Houston,26a4de59-e353-443d-8f49-6efd9c9de624,Premier Rental Purchase & Home Furnishing,Consumer Goods Rental,13.395775
2025-01-01,TX,Dallas / Houston,cd114c65-9218-4c7f-81d5-17455c82c1ad,Aaron's,Consumer Goods Rental,13.395775
2025-01-01,MA,Boston,5c260c89-ceef-472c-b833-a38584862e3d,Dollar Rent A Car,Automotive Equipment Rental and Leasing,13.322331
2025-01-01,MA,Boston,b0db4058-f1bf-488a-a3bb-1205e32d28ea,IdentoGO,Employment Services,13.168302
2025-01-01,CA,Los Angeles / SF Bay Area,0e949284-6105-4c55-9e63-2c4bddaa4a99,Edward Jones,Other Financial Investment Activities,13.037649
2025-01-01,CA,Los Angeles / SF Bay Area,c462de33-d0a4-4451-b97f-f1f26fd6d737,Edward Jones,Other Financial Investment Activities,13.037649
2025-01-01,CA,Los Angeles / SF Bay Area,2f8478a0-f901-4ad4-aabe-e863bf3dee6a,Edward Jones,Other Financial Investment Activities,13.037649
2025-01-01,GA,Atlanta,5a6806f3-54de-4324-b99b-ee26926ecf33,Mattress Firm,Furniture Stores,12.96058
2025-01-01,PA,Philadelphia,43af6cc0-86a2-4974-b5f2-12b7e7ff3f73,State Farm,"Agencies, Brokerages, and Other Insurance Related Activities",12.948921
2025-01-01,PA,Philadelphia,f37a4038-d0c1-48f0-91d1-f0228cdb05a8,State Farm,"Agencies, Brokerages, and Other Insurance Related Activities",12.948921
2025-01-01,PA,Philadelphia,16ed97a2-70de-4d77-87ba-b71d9f0d32d5,State Farm,"Agencies, Brokerages, and Other Insurance Related Activities",12.948921
2025-01-01,PA,Philadelphia,49c3de5e-dbdd-432f-90a2-6e9c47b5aae9,State Farm,"Agencies, Brokerages, and Other Insurance Related Activities",12.948921
2025-01-01,PA,Philadelphia,b0b52a47-f3ba-4451-b468-e7bc9818c366,State Farm,"Agencies, Brokerages, and Other Insurance Related Activities",12.948921
2025-01-01,FL,Miami,0f6479c3-0de7-4fb3-8cdc-b10ad3ed10d1,BrightView,Services to Buildings and Dwellings,12.85379
2025-01-01,PA,Philadelphia,2633a908-eaaa-4a52-8c71-1b8686db4e4f,Charles Schwab,Securities and Commodity Contracts Intermediation and Brokerage,12.839954
2025-01-01,PA,Philadelphia,0ba25898-268c-41e2-b7ca-72ddc7ce234d,Amtrak,Rail Transportation,12.839954
2025-01-01,PA,Philadelphia,a3519d81-5973-47f3-8837-a43aafdfc195,Westlake Chemical Corporation,Basic Chemical Manufacturing,12.839954
2025-01-01,PA,Philadelphia,668fca33-8f27-444c-87e1-344b3c3c766f,IAA,Motor Vehicle and Motor Vehicle Parts and Supplies Merchant Wholesalers,12.839954
2025-01-01,PA,Philadelphia,e241e123-e200-4a17-a7e2-1dd42bc55121,Amtrak,Rail Transportation,12.839954
2025-01-01,PA,Philadelphia,7172cf2d-e5ca-4cc7-881a-f2a317577eef,Thousand Trails,RV (Recreational Vehicle) Parks and Recreational Camps,12.839954
2025-01-01,FL,Miami,f5bb588b-1967-41ff-8b37-e28672c3101b,Liberty Tax Service,"Accounting, Tax Preparation, Bookkeeping, and Payroll Services",12.794451
2025-01-01,NY,New York/New Jersey,8749c666-e237-4f26-b1bf-eeacbc604c60,IdentoGO,Employment Services,12.555531
2025-01-01,FL,Miami,75abc1fa-0a13-45c8-ba0c-f64f06d87720,Enterprise Rent-A-Car,Automotive Equipment Rental and Leasing,12.550186
2025-01-01,FL,Miami,86fb2a17-aa7a-4cab-8abc-18b2e0043d36,Enterprise Rent-A-Car,Automotive Equipment Rental and Leasing,12.550186
2025-01-01,GA,Atlanta,ed7389af-5bea-488e-a0fe-1489ee1f58ac,Aaron's,Consumer Goods Rental,12.542331
2025-01-01,TX,Dallas / Houston,e7d2c1c5-9776-4d21-aa5f-d5dd6c72f384,HomeTeam Pest Defense,Services to Buildings and Dwellings,12.4894285
2025-01-01,TX,Dallas / Houston,6e72bf4f-4684-4fd9-947d-3ae1aa543785,Presto-X,Services to Buildings and Dwellings,12.4894285
2025-01-01,TX,Dallas / Houston,2173490f-a07f-45c0-a506-9a5c049e70a3,Bartlett Tree Experts,Services to Buildings and Dwellings,12.4894285
2025-01-01,TX,Dallas / Houston,1f5d66a2-b1ca-46e4-ad9b-d615fb10ab8d,Aramark Uniform & Career Apparel,Services to Buildings and Dwellings,12.4894285
2025-01-01,WA,Seattle,e7fabdb9-6c1d-4ed3-ab2c-4b9da93fa330,REMAX,Offices of Real Estate Agents and Brokers,12.427413
2025-01-01,MA,Boston,29a280d8-7ca7-4535-98fd-06b118dbb94f,Habitat for Humanity,Grantmaking and Giving Services,12.344133
2025-01-01,MA,Boston,0c1142b7-01cb-49a3-a0e8-21f5c00f854b,Smokey Bones,Drinking Places (Alcoholic Beverages),12.344133
2025-01-01,MA,Boston,f2a8b2d5-b350-4db3-935a-9f34a4b4917a,Habitat for Humanity,Grantmaking and Giving Services,12.344133
2025-01-01,PA,Philadelphia,9f55d55b-60c6-485e-8265-1c18f354104f,ERA Real Estate,Offices of Real Estate Agents and Brokers,12.32247
2025-01-01,GA,Atlanta,c3e5d63b-ed80-418c-9d8b-99f693b329e7,Hertz,Automotive Equipment Rental and Leasing,12.24085
2025-01-01,NJ,New York/New Jersey,1b0f3048-fea0-429b-8635-c8b64494633f,Leslie's Swimming Pool Supplies,Other Miscellaneous Store Retailers,12.22851
2025-01-01,CA,Los Angeles / SF Bay Area,4d0bac37-ec65-4241-b705-913df6a9b936,Assurant,Other Financial Investment Activities,12.082778
2025-01-01,CA,Los Angeles / SF Bay Area,64fe607b-a4dc-40c9-9bd3-4b76eacf323f,OneMain Financial,Other Financial Investment Activities,12.082778
2025-01-01,CA,Los Angeles / SF Bay Area,b7935968-8f3b-47ab-b230-0f4e814e8483,Alliant Insurance Services,Other Financial Investment Activities,12.082778
2025-01-01,CA,Los Angeles / SF Bay Area,d4c08cfa-cc05-4478-9876-55b187c0a900,OneMain Financial,Other Financial Investment Activities,12.082778
2025-01-01,PA,Philadelphia,0962087a-998a-4572-b29e-d672df0ee32d,Aaron's,Consumer Goods Rental,11.9896755
2025-01-01,TX,Dallas / Houston,6dc6b5c1-4cfc-4d9d-8bd6-eac221196a33,IdentoGO,Employment Services,11.988214
2025-01-01,KS,Kansas City,03ec4140-fa23-44eb-9ed5-3e868e3bf03b,Ferrellgas,Direct Selling Establishments,11.759418
2025-01-01,NY,New York/New Jersey,e2e56af5-5e33-4172-8baa-7a98e1789601,Ehrlich Pest Control,Services to Buildings and Dwellings,11.696296
2025-01-01,NY,New York/New Jersey,ab0c2274-9626-4777-a489-7a56d1a8f6b5,Farmers Insurance Group,"Agencies, Brokerages, and Other Insurance Related Activities",11.683613
2025-01-01,CA,Los Angeles / SF Bay Area,58bdcdf1-52a9-4c1c-b93e-b4cf84d643b3,Liberty Tax Service,"Accounting, Tax Preparation, Bookkeeping, and Payroll Services",11.669671
2025-01-01,FL,Miami,a44b389f-5552-4123-91fc-20082ed97fd2,Farmers Insurance Group,"Agencies, Brokerages, and Other Insurance Related Activities",11.572694
2025-01-01,NJ,New York/New Jersey,9d9ce2db-a297-4b1a-99d2-e43587c10bde,Sir Speedy,Printing and Related Support Activities,11.546728
2025-01-01,MO,Kansas City,37aef70b-f90e-4f54-a38b-7041d1d06062,Hertz,Automotive Equipment Rental and Leasing,11.524704
2025-01-01,NJ,New York/New Jersey,e4f82af5-ad84-4349-8ef1-1cc677e37ffa,Farmers Insurance Group,"Agencies, Brokerages, and Other Insurance Related Activities",11.393913
2025-01-01,TX,Dallas / Houston,78cbb7e0-942e-48ed-8121-dfbdb84fec3a,Liberty Tax Service,"Accounting, Tax Preparation, Bookkeeping, and Payroll Services",11.290557
2025-01-01,TX,Dallas / Houston,b183f4f2-66a0-4215-b422-ef0635076cbc,Liberty Tax Service,"Accounting, Tax Preparation, Bookkeeping, and Payroll Services",11.290557
2025-01-01,TX,Dallas / Houston,5804b5f6-0b80-4834-aa10-6b6a5732502f,Liberty Tax Service,"Accounting, Tax Preparation, Bookkeeping, and Payroll Services",11.290557
2025-01-01,CA,Los Angeles / SF Bay Area,9a4cf5b8-98f4-4039-8f70-c931d09efc3c,VCA Animal Hospitals,"Other Professional, Scientific, and Technical Services",11.278227
2025-01-01,NY,New York/New Jersey,d7e30878-ac9f-40c8-bc1b-1de80c0ba9de,PLS Financial Services,Other Financial Investment Activities,11.220527
2025-01-01,WA,Seattle,85ac9bfc-982e-4098-a2c9-60871e0a7cf0,Farmers Insurance Group,"Agencies, Brokerages, and Other Insurance Related Activities",11.111038
2025-01-01,MA,Boston,cf15bb93-83bf-4462-b7d5-d89f93c374bd,C&S Wholesale Grocers Distribution,Warehousing and Storage,11.106021
2025-01-01,MA,Boston,2de8e561-e9f1-49ac-947f-ed1bf41632f7,Sysco Distribution,Warehousing and Storage,11.106021
2025-01-01,MA,Boston,5f5efae6-b5f1-4542-a0ba-6d107f507663,iStorage,Warehousing and Storage,11.106021
2025-01-01,NY,New York/New Jersey,06546d05-2e54-4356-9777-11ee34baa2a9,Keller Williams,Offices of Real Estate Agents and Brokers,11.104506
2025-01-01,FL,Miami,e45ef8d1-0793-4da8-b27f-66d64114b95f,IdentoGO,Employment Services,11.020783
2025-01-01,FL,Miami,dad2e49e-2d5d-49bd-9db2-461f2706060c,Edward Jones,Other Financial Investment Activities,11.019546
2025-01-01,FL,Miami,6ef61589-8803-4c14-a36c-408a2e721131,Edward Jones,Other Financial Investment Activities,11.019546
2025-01-01,TX,Dallas / Houston,883c0548-d1b9-44df-85e5-26d2d8c61489,Edward Jones,Other Financial Investment Activities,10.973594
2025-01-01,TX,Dallas / Houston,97322f7d-e24e-49fc-a289-f1ba086d121f,Edward Jones,Other Financial Investment Activities,10.973594
2025-01-01,TX,Dallas / Houston,c97c03fb-5b5e-44eb-ac02-dd4154e3294d,Edward Jones,Other Financial Investment Activities,10.973594
2025-01-01,TX,Dallas / Houston,75836788-055e-4e1e-94f2-1c26cf26bfe8,Edward Jones,Other Financial Investment Activities,10.973594
2025-01-01,TX,Dallas / Houston,576efd08-cd6b-476d-8345-81354ffef92d,Edward Jones,Other Financial Investment Activities,10.973594
2025-01-01,TX,Dallas / Houston,72807458-5b65-47a7-b5f4-6ebff99114ce,Edward Jones,Other Financial Investment Activities,10.973594
2025-01-01,TX,Dallas / Houston,dd3528a0-02a7-4ce3-91ec-6cd0c0d5b97d,Edward Jones,Other Financial Investment Activities,10.973594
2025-01-01,TX,Dallas / Houston,8c076666-0f8d-4ec2-9f65-3fe446a784b0,Edward Jones,Other Financial Investment Activities,10.973594
2025-01-01,TX,Dallas / Houston,b17e02da-2e9d-4701-b835-be42d4267117,Edward Jones,Other Financial Investment Activities,10.973594
2025-01-01,TX,Dallas / Houston,ed58e9fc-482f-4047-98fa-63eb7d89132f,Edward Jones,Other Financial Investment Activities,10.973594
2025-01-01,TX,Dallas / Houston,c4cf478d-bbba-4db6-997f-39d12c661a72,Farmers Insurance Group,"Agencies, Brokerages, and Other Insurance Related Activities",10.934004
2025-01-01,TX,Dallas / Houston,8f295c56-d22f-4eb1-84ba-7d0b8a86b639,Farmers Insurance Group,"Agencies, Brokerages, and Other Insurance Related Activities",10.934004
2025-01-01,TX,Dallas / Houston,04a8d450-41b8-4aec-ade4-f66b79c0d010,Farmers Insurance Group,"Agencies, Brokerages, and Other Insurance Related Activities",10.934004
2025-01-01,TX,Dallas / Houston,d8b84900-2996-44c1-963d-0c9d48cb0a59,Farmers Insurance Group,"Agencies, Brokerages, and Other Insurance Related Activities",10.934004
2025-01-01,TX,Dallas / Houston,5e879d5c-1b50-4a99-a9d6-fc7e64619062,Farmers Insurance Group,"Agencies, Brokerages, and Other Insurance Related Activities",10.934004
2025-01-01,TX,Dallas / Houston,61167f9e-256e-4b53-a48f-b74b63873633,Farmers Insurance Group,"Agencies, Brokerages, and Other Insurance Related Activities",10.934004
2025-01-01,NJ,New York/New Jersey,550e3019-dade-4c32-b08c-e5658a19e43c,Keller Williams,Offices of Real Estate Agents and Brokers,10.889476
2025-01-01,NJ,New York/New Jersey,9e6c8424-6de8-411b-8770-d922f1304028,Keller Williams,Offices of Real Estate Agents and Brokers,10.889476
2025-01-01,TX,Dallas / Houston,144eb350-edbd-4856-9aac-16ee569a731a,Thrivent,Other Financial Investment Activities,10.816192
2025-01-01,TX,Dallas / Houston,0a6e152d-43fe-4f7c-ba5c-9a82cc93ed88,Thrivent,Other Financial Investment Activities,10.816192
2025-01-01,MO,Kansas City,78ed9eea-7ae0-40e4-872f-3d4c7e5cec44,IdentoGO,Employment Services,10.6801605
2025-01-01,WA,Seattle,ccaf37a6-96ad-4448-a171-5b513eaabc6a,Merrill Lynch,Other Financial Investment Activities,10.673643
2025-01-01,MA,Boston,9321ebab-cbc2-4b41-8ce7-c5a97d44f3a6,Coldwell Banker,Offices of Real Estate Agents and Brokers,10.615233
2025-01-01,GA,Atlanta,6a240d85-7e59-4a56-997c-151066b85ea2,Jackson Hewitt Tax Service,"Accounting, Tax Preparation, Bookkeeping, and Payroll Services",10.459283
2025-01-01,PA,Philadelphia,601336c6-c228-4de9-8dfc-643a5c6af2e1,IdentoGO,Employment Services,10.221761
2025-01-01,PA,Philadelphia,36ad9729-eb6a-41e5-b0f0-d93afdc7ee02,IdentoGO,Employment Services,10.221761
2025-01-01,CA,Los Angeles / SF Bay Area,6445abcd-5f35-4bc3-8456-405244110e74,Ferrellgas,Direct Selling Establishments,10.200206
2025-01-01,MA,Boston,0d09f8a6-b0b2-473b-8ce0-004214572a90,Merrill Lynch,Other Financial Investment Activities,10.153227
2025-01-01,MA,Boston,c20b7ce0-548b-4af6-af55-b29720780971,Fidelity,Other Financial Investment Activities,10.153227
2025-01-01,MO,Kansas City,efb4a439-6e59-4895-893e-faa8597f7651,Liberty Tax Service,"Accounting, Tax Preparation, Bookkeeping, and Payroll Services",10.151817
2025-01-01,TX,Dallas / Houston,56aa4c35-8c18-41aa-8704-f1ce9f72e9bb,Greyhound,Interurban and Rural Bus Transportation,10.052768
2025-01-01,FL,Miami,5fb63581-88ed-49bd-86bc-df885e4cac2c,Kwik Kopy,Printing and Related Support Activities,10.007957
2025-01-01,GA,Atlanta,7a30ab6d-a5b7-4c5e-b0f9-80e5b484febe,Minuteman Press,Printing and Related Support Activities,9.981454
2025-01-01,GA,Atlanta,ae168fa0-2c88-4e67-baab-4cb906556333,OneMain Financial,Other Financial Investment Activities,9.956685
2025-01-01,GA,Atlanta,e47d540b-2ffb-48f4-92a0-75c763410d67,OneMain Financial,Other Financial Investment Activities,9.956685
2025-01-01,MO,Kansas City,8e17f706-e931-436c-b285-6716af976a18,Keller Williams,Offices of Real Estate Agents and Brokers,9.921007
2025-01-01,GA,Atlanta,2de498a8-fb92-4800-991e-a8ce10e44d91,Manpower,Employment Services,9.798275
2025-01-01,CA,Los Angeles / SF Bay Area,875b5911-d846-4736-88cf-8e4eef5739c1,Primerica,Other Financial Investment Activities,9.797817
2025-01-01,CA,Los Angeles / SF Bay Area,2810ed71-c975-4c6b-b453-1b1cfc89b853,Primerica,Other Financial Investment Activities,9.797817
2025-01-01,CA,Los Angeles / SF Bay Area,eccc440a-020f-4970-adb1-5f02a03d3ffe,Primerica,Other Financial Investment Activities,9.797817
2025-01-01,PA,Philadelphia,fbe1e568-8aaf-4800-b5b4-4426efe2f199,Hertz,Automotive Equipment Rental and Leasing,9.659114
2025-01-01,TX,Dallas / Houston,147659a7-6d34-4688-9195-1e2f81e20705,Minuteman Press,Printing and Related Support Activities,9.622069
2025-01-01,NJ,New York/New Jersey,20e2a533-e077-46ba-962c-eeff523b9f05,Jackson Hewitt Tax Service,"Accounting, Tax Preparation, Bookkeeping, and Payroll Services",9.60641
2025-01-01,NJ,New York/New Jersey,b58a3dd0-e1f6-4ca1-84bb-c3fec4fbee1c,Jackson Hewitt Tax Service,"Accounting, Tax Preparation, Bookkeeping, and Payroll Services",9.60641
2025-01-01,WA,Seattle,bf3d6515-7e01-4870-8653-a1e48b11b273,Express Employment Professionals,Employment Services,9.544591
2025-01-01,NY,New York/New Jersey,b7ebf189-8659-4653-8e48-e2cd6556b436,H&R Block,"Accounting, Tax Preparation, Bookkeeping, and Payroll Services",9.533487
2025-01-01,NY,New York/New Jersey,b745d44a-7931-41d0-9a85-63279a617385,H&R Block,"Accounting, Tax Preparation, Bookkeeping, and Payroll Services",9.533487
2025-01-01,NY,New York/New Jersey,06caba6a-dd82-4a10-9b67-98aa276a1b2d,H&R Block,"Accounting, Tax Preparation, Bookkeeping, and Payroll Services",9.533487
2025-01-01,GA,Atlanta,5b3f931c-97ef-4cdf-99e4-a8a56e974d64,Farmers Insurance Group,"Agencies, Brokerages, and Other Insurance Related Activities",9.503699
2025-01-01,GA,Atlanta,63a96968-9a97-4a21-9fd4-32ed010d0ac2,Farmers Insurance Group,"Agencies, Brokerages, and Other Insurance Related Activities",9.503699
2025-01-01,GA,Atlanta,cdb0648b-d751-4448-96b0-d661987de446,Farmers Insurance Group,"Agencies, Brokerages, and Other Insurance Related Activities",9.503699
2025-01-01,GA,Atlanta,e0bb3150-ad65-42db-9f34-e8a0030c9455,Farmers Insurance Group,"Agencies, Brokerages, and Other Insurance Related Activities",9.503699
2025-01-01,MO,Kansas City,dd582dbe-76cb-447f-960f-984d56efb071,Farmers Insurance Group,"Agencies, Brokerages, and Other Insurance Related Activities",9.500126
2025-01-01,NJ,New York/New Jersey,f6c96f4e-79a1-42f0-92af-c48071e9f053,VCA Animal Hospitals,"Other Professional, Scientific, and Technical Services",9.318726
2025-01-01,NJ,New York/New Jersey,7b0de112-e6a3-43ff-850e-c97641d42af3,VCA Animal Hospitals,"Other Professional, Scientific, and Technical Services",9.318726
2025-01-01,GA,Atlanta,c1008844-0374-476f-b500-9a88d09c3d44,Edward Jones,Other Financial Investment Activities,9.303295
2025-01-01,GA,Atlanta,5c61303e-8e08-4245-8d63-d6e3e6b1627f,Edward Jones,Other Financial Investment Activities,9.303295
2025-01-01,GA,Atlanta,2ea9fc3c-fde3-4117-a4ca-b2045028b5a9,Edward Jones,Other Financial Investment Activities,9.303295
2025-01-01,GA,Atlanta,f91dc627-097a-4286-964a-3016a2b2fb8d,Edward Jones,Other Financial Investment Activities,9.303295
2025-01-01,PA,Philadelphia,8a66b89f-ebc6-481a-9ab5-cad386bf8763,Thrivent,Other Financial Investment Activities,9.255817
2025-01-01,PA,Philadelphia,8644b1e0-c3a7-445b-be67-88f0f49eda91,Fidelity,Other Financial Investment Activities,9.255817
2025-01-01,NY,New York/New Jersey,50f7f95c-ba77-48a5-b1ef-36fe172c6c62,Jackson Hewitt Tax Service,"Accounting, Tax Preparation, Bookkeeping, and Payroll Services",9.18766
2025-01-01,NY,New York/New Jersey,c7d86fba-3608-4063-a63e-0fda3074f195,Jackson Hewitt Tax Service,"Accounting, Tax Preparation, Bookkeeping, and Payroll Services",9.18766
2025-01-01,NY,New York/New Jersey,cd79a4e2-7d4e-460f-98bc-150926037ce0,Jackson Hewitt Tax Service,"Accounting, Tax Preparation, Bookkeeping, and Payroll Services",9.18766
2025-01-01,FL,Miami,284550c3-f177-4933-98a0-38197bf77d76,The Cat Rental Store,Commercial and Industrial Machinery and Equipment Rental and Leasing,9.171019
2025-01-01,FL,Miami,200486e8-9e27-4119-a94d-dddbf220770e,Bobcat,Commercial and Industrial Machinery and Equipment Rental and Leasing,9.171019
2025-01-01,FL,Miami,1b7411ff-8760-45ee-bc12-8ae267f971a4,United Rentals,Commercial and Industrial Machinery and Equipment Rental and Leasing,9.171019
2025-01-01,PA,Philadelphia,8b79c4f0-7bba-4bc8-a73c-dcc333e239eb,ServiceMaster,Services to Buildings and Dwellings,9.150447
2025-01-01,PA,Philadelphia,8d4e343e-edcd-4991-9c6c-f2540f16f1de,ServiceMaster,Services to Buildings and Dwellings,9.150447
2025-01-01,MO,Kansas City,e42bbeb2-eb59-4e56-9337-b348e7301b9c,Edward Jones,Other Financial Investment Activities,8.909976
2025-01-01,MO,Kansas City,34d2b1c1-417d-40a4-aa13-a5f3918d711a,Edward Jones,Other Financial Investment Activities,8.909976
2025-01-01,MO,Kansas City,5acba78c-0e64-4ee2-b20d-c8643af728a3,Edward Jones,Other Financial Investment Activities,8.909976
2025-01-01,MO,Kansas City,d4e96beb-13dc-4a4c-aade-836f1f211e7d,Edward Jones,Other Financial Investment Activities,8.909976
2025-01-01,MO,Kansas City,12f92d54-a3bd-4dda-b9b8-bac67406518d,Edward Jones,Other Financial Investment Activities,8.909976
2025-01-01,MA,Boston,612819a0-3a1c-43af-91c1-48b47a0a34de,H&R Block,"Accounting, Tax Preparation, Bookkeeping, and Payroll Services",8.806571
2025-01-01,MA,Boston,01cbc638-8842-465c-8e59-ef57d53788a1,H&R Block,"Accounting, Tax Preparation, Bookkeeping, and Payroll Services",8.806571
2025-01-01,MA,Boston,fa0a9258-d5b0-4ac4-b0f3-c894ac081b3c,American Job Centers,Employment Services,8.788038
2025-01-01,MO,Kansas City,798ccc59-31e4-42b3-bb59-18647faf9ce3,H&R Block,"Accounting, Tax Preparation, Bookkeeping, and Payroll Services",8.787525
2025-01-01,MO,Kansas City,77b2fdf7-2b36-466c-9c37-88c97a1f6b73,H&R Block,"Accounting, Tax Preparation, Bookkeeping, and Payroll Services",8.787525
2025-01-01,MO,Kansas City,6f2be27b-12e8-4dbe-9bb8-f05c438e473d,H&R Block,"Accounting, Tax Preparation, Bookkeeping, and Payroll Services",8.787525
2025-01-01,MA,Boston,096c24d7-14bf-470a-ac95-6a5f63e942bc,Edward Jones,Other Financial Investment Activities,8.747426
2025-01-01,MA,Boston,e802c48c-680c-44d1-ba94-cfae644e0455,Edward Jones,Other Financial Investment Activities,8.747426
2025-01-01,MA,Boston,2199399e-76b3-4c28-87c7-de1b306bbca1,Edward Jones,Other Financial Investment Activities,8.747426
2025-01-01,NY,New York/New Jersey,d50d5444-5390-44f6-b7ff-e443de1702ee,Edward Jones,Other Financial Investment Activities,8.696225
2025-01-01,MA,Boston,8bc2c2c7-5026-4551-b1ff-1253d063d936,Liberty Tax Service,"Accounting, Tax Preparation, Bookkeeping, and Payroll Services",8.651639
2025-01-01,KS,Kansas City,5cb56511-83cc-4e07-865e-2e42bedf8767,Edward Jones,Other Financial Investment Activities,8.563257
2025-01-01,KS,Kansas City,c81d5c12-feb5-4ee3-a46b-85470f1e1b25,Edward Jones,Other Financial Investment Activities,8.563257
2025-01-01,CA,Los Angeles / SF Bay Area,4e557799-59fc-4340-9a8f-017de8594f50,United Rentals,Commercial and Industrial Machinery and Equipment Rental and Leasing,8.418551
2025-01-01,TX,Dallas / Houston,2d7ffe2a-a8bc-4fcf-afff-3fb51c9a3a56,Express Employment Professionals,Employment Services,8.337981
2025-01-01,MO,Kansas City,3148d778-d417-4c7a-89ff-181315ea7488,Experis,Employment Services,8.324177
2025-01-01,PA,Philadelphia,55ee1236-305b-411a-a76e-18f075782987,H&R Block,"Accounting, Tax Preparation, Bookkeeping, and Payroll Services",8.248502
2025-01-01,PA,Philadelphia,0d496603-6571-4f6b-a5d4-900886514f4f,H&R Block,"Accounting, Tax Preparation, Bookkeeping, and Payroll Services",8.248502
2025-01-01,PA,Philadelphia,30074248-08ac-488b-b672-3d4fc76e6eb1,H&R Block,"Accounting, Tax Preparation, Bookkeeping, and Payroll Services",8.248502
2025-01-01,PA,Philadelphia,55550a3c-f775-4f81-9c4d-828124638962,Manpower,Employment Services,8.142157
2025-01-01,CA,Los Angeles / SF Bay Area,0f10be4e-8a37-4ede-a2f5-06952866c115,Raymond James Financial,Other Financial Investment Activities,7.9993114
2025-01-01,CA,Los Angeles / SF Bay Area,8ac9d03c-e566-402d-a37f-e09f73a2a11f,Raymond James Financial,Other Financial Investment Activities,7.9993114
2025-01-01,CA,Los Angeles / SF Bay Area,43aa317d-0e6c-4eb3-85f5-f182f950c64f,Raymond James Financial,Other Financial Investment Activities,7.9993114
2025-01-01,WA,Seattle,65e962ed-f3e3-4d58-8f10-4a17d51103ae,Greyhound,Interurban and Rural Bus Transportation,7.9494724
2025-01-01,TX,Dallas / Houston,d6dd6eeb-4797-4d7e-8834-1faf26e4ca31,United Rentals,Commercial and Industrial Machinery and Equipment Rental and Leasing,7.7828693
2025-01-01,TX,Dallas / Houston,288f3551-d72e-43e7-ae78-603c094acfa0,Equipment Share,Commercial and Industrial Machinery and Equipment Rental and Leasing,7.7828693
2025-01-01,TX,Dallas / Houston,b43e63c6-c1ff-4416-91ae-6892cbbd54b5,Sunbelt Rentals,Commercial and Industrial Machinery and Equipment Rental and Leasing,7.7828693
2025-01-01,TX,Dallas / Houston,1abbc74d-2f90-4cf9-8912-a0abaffe64c5,Sunbelt Rentals,Commercial and Industrial Machinery and Equipment Rental and Leasing,7.7828693
2025-01-01,GA,Atlanta,29b9d1d9-d9cd-423d-a93a-456f70832e9b,H&R Block,"Accounting, Tax Preparation, Bookkeeping, and Payroll Services",7.7579007
2025-01-01,GA,Atlanta,318213f0-349a-435d-b05e-770d64fd8e80,H&R Block,"Accounting, Tax Preparation, Bookkeeping, and Payroll Services",7.7579007
2025-01-01,GA,Atlanta,07949a81-3c35-4772-a143-d32a780be349,H&R Block,"Accounting, Tax Preparation, Bookkeeping, and Payroll Services",7.7579007
2025-01-01,FL,Miami,122b6b83-8fb4-4d0d-b015-f8a09328881c,Primerica,Other Financial Investment Activities,7.746818
2025-01-01,TX,Dallas / Houston,e7957495-ff4e-470a-ac6b-5a1a24b73255,Raymond James Financial,Other Financial Investment Activities,7.636048
2025-01-01,TX,Dallas / Houston,5d25b4ba-b5da-4a93-a14f-658f514dc095,Raymond James Financial,Other Financial Investment Activities,7.636048
2025-01-01,TX,Dallas / Houston,1d882cb6-609c-464c-b6ec-a07e70245e80,Raymond James Financial,Other Financial Investment Activities,7.636048
2025-01-01,PA,Philadelphia,491ab4ae-8660-4985-a63e-a9cb95d4875f,Edward Jones,Other Financial Investment Activities,7.595581
2025-01-01,PA,Philadelphia,f5f85819-ab85-4f84-a6de-a45961729bf4,Edward Jones,Other Financial Investment Activities,7.595581
2025-01-01,TX,Dallas / Houston,c2964d09-d931-4443-8927-e3c31680b40b,American Job Centers,Employment Services,7.551488
2025-01-01,TX,Dallas / Houston,59f1c8ba-a479-4409-bee7-7fc6b4201f1d,American Job Centers,Employment Services,7.551488
2025-01-01,TX,Dallas / Houston,424db8f6-d99e-49fe-9c3e-c8c330a48340,American Job Centers,Employment Services,7.551488
2025-01-01,FL,Miami,491e1e80-5ae8-4581-8471-bd6419651e81,AppleOne Employment Services,Employment Services,7.522051
2025-01-01,FL,Miami,9bf9dd6a-da37-4bc3-a740-d10763607ae4,Labor Finders,Employment Services,7.522051
2025-01-01,NY,New York/New Jersey,3601ef7d-bc0d-498b-870a-aae4c67d6918,VCA Animal Hospitals,"Other Professional, Scientific, and Technical Services",7.501662
2025-01-01,NY,New York/New Jersey,6035a383-e2db-40b7-99b3-0e3ad1d172ac,VCA Animal Hospitals,"Other Professional, Scientific, and Technical Services",7.501662
2025-01-01,FL,Miami,c639537e-89a9-453c-9a85-5c6414561d0c,American Job Centers,Employment Services,7.430282
2025-01-01,NJ,New York/New Jersey,7eb4331b-0d89-4914-a405-7b38db880331,Century 21 Real Estate,Offices of Real Estate Agents and Brokers,7.33772
2025-01-01,NJ,New York/New Jersey,a016fdfa-70ce-45c3-8d43-62c958fadc48,H&R Block,"Accounting, Tax Preparation, Bookkeeping, and Payroll Services",7.336553
2025-01-01,PA,Philadelphia,aefbeb60-6517-4d85-89a9-ba5d8cb26b8e,Farmers Insurance Group,"Agencies, Brokerages, and Other Insurance Related Activities",7.189236
2025-01-01,PA,Philadelphia,897976c4-3504-4e6c-b873-efb25a3efc6d,Farmers Insurance Group,"Agencies, Brokerages, and Other Insurance Related Activities",7.189236
2025-01-01,PA,Philadelphia,a101ffdf-07b1-49a0-a121-49d5c2723f60,Bobcat,Commercial and Industrial Machinery and Equipment Rental and Leasing,7.1841674
2025-01-01,NY,New York/New Jersey,044ed829-4329-4059-82d7-12f90c128699,Primerica,Other Financial Investment Activities,7.086468
2025-01-01,PA,Philadelphia,1e7baf13-1285-4e58-aa85-821ea7ca0efa,Century 21 Real Estate,Offices of Real Estate Agents and Brokers,6.916072
2025-01-01,PA,Philadelphia,e6f03a6c-2094-434a-b21b-34517c47ffac,Century 21 Real Estate,Offices of Real Estate Agents and Brokers,6.916072
2025-01-01,NY,New York/New Jersey,6221d682-b73b-496b-a6b8-bfe78654a8e4,Greyhound,Interurban and Rural Bus Transportation,6.758389
2025-01-01,NJ,New York/New Jersey,c1e301ec-7be2-4d3a-8434-3e43b76d2666,American Job Centers,Employment Services,6.6535172
2025-01-01,MA,Boston,b7d51830-1cbd-4241-a87b-e846193c4eae,California Closets,Residential Building Construction,6.6249514
2025-01-01,PA,Philadelphia,7c6961e9-ea13-498c-b55f-ca3ab26d4a79,First Onsite,Printing and Related Support Activities,6.6015415
2025-01-01,PA,Philadelphia,7a277342-6b17-488b-8dcc-0384c99a30e5,Minuteman Press,Printing and Related Support Activities,6.6015415
2025-01-01,PA,Philadelphia,922c9c83-25ce-4dec-809c-eada821b7f8a,Allegra Network,Printing and Related Support Activities,6.6015415
2025-01-01,GA,Atlanta,92baf6e8-1a17-41c0-b172-03e8bfbf944f,Primerica,Other Financial Investment Activities,6.3871055
2025-01-01,GA,Atlanta,3f005047-d745-4229-80d2-2e69fa7a5999,Primerica,Other Financial Investment Activities,6.3871055
2025-01-01,FL,Miami,dd2ce935-32ab-42ae-b0fa-517a98987d72,Raymond James Financial,Other Financial Investment Activities,6.378073
2025-01-01,FL,Miami,ab224e2b-f724-4f48-a325-36d45a5ed9e7,Raymond James Financial,Other Financial Investment Activities,6.378073
2025-01-01,TX,Dallas / Houston,c2211ae3-a513-4ac9-abef-ef4d12be816b,Primerica,Other Financial Investment Activities,6.3013816
2025-01-01,TX,Dallas / Houston,102aed27-66a2-49ef-9efc-f1cef3a82575,Primerica,Other Financial Investment Activities,6.3013816
2025-01-01,NY,New York/New Jersey,eb9d5174-a692-44e9-b66f-4da987bda102,Kumon Institute of Education,Other Schools and Instruction,6.286346
2025-01-01,WA,Seattle,577e151a-f9b1-4d04-9d0e-d9e735637359,Raymond James Financial,Other Financial Investment Activities,6.236877
2025-01-01,WA,Seattle,fa691912-0aeb-434b-855e-89994240cc1d,Raymond James Financial,Other Financial Investment Activities,6.236877
2025-01-01,MA,Boston,9abd2acf-95c2-4d0d-bade-1c2d8f0f4c72,VCA Animal Hospitals,"Other Professional, Scientific, and Technical Services",6.069372
2025-01-01,GA,Atlanta,1a44f327-f2c7-428b-b39f-4e7f910b4803,Raymond James Financial,Other Financial Investment Activities,5.826609
2025-01-01,NY,New York/New Jersey,084f5041-e9de-4395-a2ad-af9362230322,Amazon Distribution,Warehousing and Storage,5.6163707
2025-01-01,PA,Philadelphia,6f8f1e0b-4376-4e03-b826-b80bc4d78ea5,Amazon Distribution,Warehousing and Storage,5.2860994
2025-01-01,CA,Los Angeles / SF Bay Area,e61f9910-bda8-46a9-8248-fa78ab048e72,Kumon Institute of Education,Other Schools and Instruction,4.913978
2025-01-01,CA,Los Angeles / SF Bay Area,8c81c349-35ef-4db6-ae6d-6b175a056cb6,Kumon Institute of Education,Other Schools and Instruction,4.913978
2025-01-01,CA,Los Angeles / SF Bay Area,0d052cbd-fe58-4bf1-9043-21380ba51f8f,Kumon Institute of Education,Other Schools and Instruction,4.913978
2025-01-01,CA,Los Angeles / SF Bay Area,f69c45cd-125e-47d8-90a7-d3a0071e85d8,Kumon Institute of Education,Other Schools and Instruction,4.913978
2025-01-01,CA,Los Angeles / SF Bay Area,4d68888a-91f3-4bb7-9daf-85fdbc818b1f,Kumon Institute of Education,Other Schools and Instruction,4.913978
2025-01-01,PA,Philadelphia,7e61898d-d31f-433b-a908-6608b7c90ca0,Primerica,Other Financial Investment Activities,4.5385222
2025-01-01,PA,Philadelphia,f9eed219-2fef-4e43-8a53-9004868cad21,Greyhound,Interurban and Rural Bus Transportation,3.0779517
2025-01-01,PA,Philadelphia,a89f9e17-1da6-41af-a5c0-c6c3d4ba4fce,Greyhound,Interurban and Rural Bus Transportation,3.0779517
2025-01-01,KS,Kansas City,55b08525-cd60-4b51-970d-1c3538f797b1,Jackson Hewitt Tax Service,"Accounting, Tax Preparation, Bookkeeping, and Payroll Services",2.7366812
2025-01-01,KS,Kansas City,1932c301-d959-4e9d-b4d9-8de7863d80f3,Greyhound,Interurban and Rural Bus Transportation,1.3575487
